,pred_latitude,pred_longitude,true_latitude,true_longitude,address,country_iso_alpha2
0,47.61491,65.31366,37.5597493,126.9403781,"74-23 Sinchon-dong, Seodaemun-gu, Seoul, South Korea",KR
1,57.823612,12.500967,58.3508411,15.5622115,"702, 585 97 Linköping, Sweden",SE
2,45.02624,7.5542717,42.1954997,-7.7289602,"OU-0110, 32678 Quintela, Province of Ourense, Spain",ES
3,16.361317,47.871155,-24.6014188,25.9259483,"Airport Road, Gaborone, Botswana",BW
4,53.530365,18.913162,57.2391479,26.4941226,"P34, Lejasciema pagasts, LV-4412, Latvia",LV
5,56.046947,11.252174,58.7849192,15.3712338,"1107, 590 34 Tjällmo, Sweden",SE
6,53.76447,14.173989,51.73074,4.9328767,,AD
7,37.357407,29.280613,48.1254122,11.5517498,"Schmellerstraße 19, 80337 Munich, Germany",DE
8,48.63596,11.494008,48.9909342,14.6170272,"1468, 373 72 Hvozdec, Czech Republic",CZ
9,32.758423,61.478752,25.139532,55.253798,11 11 B St - Dubai - United Arab Emirates,AE
10,41.746662,45.609108,24.9859577,55.0199025,Unnamed Road - Dubai - United Arab Emirates,AE
11,32.8311,67.356575,-33.6351237,-70.7125954,"Caletera Ruta Cinco Sur Oriente, San Bernardo, Santiago Metropolitan Region, Chile",CL
12,34.639496,31.316532,-40.9637829,175.9923751,"42-50 Blairlogie-Langdale Road, Blairlogie 5872, New Zealand",NZ
13,37.143654,13.437223,-33.433982,-70.740905,"Tte Cruz 1100-1188, Cerro Navia, Santiago Metropolitan Region, Chile",CL
14,38.813038,67.53875,1.4158156,103.7174365,"Neo Tiew Lane 1, Singapore",SG
15,23.635769,67.81718,22.2390797,114.120964,"Unnamed Road, Lamma Island, Hong Kong",HK
16,45.020535,15.557965,-21.9701423,-47.42703,"Avenida América do Sul, 342-430 - Vila Esperança, Pirassununga - São Paulo, 13635-101, Brazil",BR
17,41.518963,30.557896,37.25425,140.4300686,"Japon, Préfecture de FukushimaSukagawaOguri, Ikenokubo 県道138号線",JP
18,40.748966,22.68739,47.7417491,26.6700809,"Strada Războieni, Botoșani, Romania",RO
19,47.00444,14.495517,45.6180684,25.6686543,"Centura Săcele, Săcele, Romania",RO
20,-19.189999,20.139538,-24.2260168,26.1718687,"A1, Botswana",BW
21,53.543102,11.842049,56.0254055,10.2142222,"Starupvej 135, 8340 Malling, Danemark",DK
22,46.680965,21.021732,52.9784983,-113.3851307,"5530-5534 Centennial Drive, Wetaskiwin, Алберта T9A, Канада",CA
23,53.052914,29.335289,49.1061827,18.9177622,"Francúzskych partizánov, 036 01 Martin, Slovakia",SK
24,44.045536,1.2634754,42.5533327,1.5074136,"CG-4, 15, AD400 La Massana, Andorra",AD
25,61.063908,-22.76944,52.8506349,-110.387075,"Alberta 14, Edgerton, AB T0B 1K0, Canada",CA
26,23.85099,73.87218,-6.874493,109.2748527,"Jl. Raya Surodadi No.50, Suradadi, Tegal, Jawa Tengah 52182, Indonesia",ID
27,17.30246,47.282516,-26.0988995,27.8700383,"0A Van Bergen Road, Roodepoort, South Africa",ZA
28,47.723545,-5.6467466,-24.2544424,-65.2482133,"Unnamed Road, San Salvador de Jujuy, Jujuy, Argentina",AR
29,29.32471,81.225624,63.6699538,23.9842167,"Ullavavägen 9-45, 68380 Kokkola, Finland",FI
30,48.37469,14.336064,47.4945123,19.3665016,"2119 Pécel, Isaszegi Way, Hungary",HU
31,18.304876,-19.23478,66.0308991,-16.4538317,"Norðausturvegur, Iceland",IS
32,37.074097,8.300976,-40.7558925,175.135088,"14 Matai Street, Otaki 5512, New Zealand",NZ
33,46.644466,17.718616,58.5441024,22.8496793,"Tagavere-Randküla, 94660 Saaremaa, Estonia",BT
34,21.875557,96.5613,22.295401,113.955206,"N Lantau Hwy, Tung Chung, Hongkong",HK
35,26.668644,64.51822,24.9040998,54.9472457,Sheikh Zayed Rd - Dubai - United Arab Emirates,AE
36,41.718525,9.736324,-26.2648616,28.0297304,"37 Erica Street, Johannesburg South 2091, South Africa",ZA
37,41.292194,86.13409,23.706068,120.2482467,"Ānnán Road, Dongshi Township, Yunlin, Tajwan 635",TW
38,50.69993,8.630976,24.9354531,121.0904791,"Xīnfù 7th Street, Yangmei City, Taoyuan County, Taiwan 326",TW
39,-28.056557,-66.94207,-39.9015189,-69.3269732,"Ruta Provincial 73, Río Negro, Argentina",AR
40,27.626545,54.416832,37.5251107,127.2871681,"산67-3 Neungnae-ri, Joan-myeon, Namyangju-si, Gyeonggi-do, Südkorea",KR
41,38.51417,22.507591,48.0874371,11.5326933,"Noestraße 7-11, 81479 Munich, Germany",DE
42,18.20791,40.23008,-5.1698882,-80.6520252,"Calle F, Piura, Peru",PE
43,52.768364,42.333458,50.7450876,2.890447,"Rue de Messines 190-194, 7784 Comines-Warneton, Belgium",BE
44,63.53629,26.554165,64.9976208,25.5230892,"Kainuuntie 246, 90250 Oulu, Finland",FI
45,36.12944,112.795525,19.2870387,-99.1444977,"Mexico-Xochimilco 4900, Guadalupe Tlalpan, Tlalpan, 14370 Cidade do México, Distrito Federal, Estados Unidos Mexicanos",MX
46,42.459938,26.130878,63.2436473,10.2199631,"Kregnesvegen 20, 7224 Melhus, Norwegia",NO
47,60.35312,14.330447,-33.4713214,150.172195,"1 Saywell Street, Lithgow Nowa Południowa Walia 2790, Australia",AU
48,43.120205,-7.609556,-30.9518418,24.3036323,"N10, Zuid-Afrika",ZA
49,21.8485,86.446175,28.7885596,-17.7725438,"Camino Bermúdez, 35, 38729, Santa Cruz de Tenerife, Spain",BW
50,51.259098,3.0224962,65.9483462,-18.4992938,"Ólafsfjarðarvegur, Iceland",IS
51,48.23286,10.673264,49.1255312,6.1999555,"32 Rue du Moulin, 57070 Saint-Julien-lès-Metz, France",FR
52,47.17967,9.07846,28.7114166,-100.5256336,"De Los Maestros, Guadalupe, Seccion 1, Piedras Negras, Coahuila, Mexico",MX
53,41.181774,49.289017,2.3902859,112.0288406,"Lorong Bahagia 9, 96000 Sibu, Sarawak, Malaysia",MY
54,24.143959,51.700092,22.7467117,120.3813783,"Jiāchéng Road, Dashe District, Kaohsiung, Tajwan 815",TW
55,31.49741,44.538704,34.5084213,-92.5182552,"6701 Bullock Road, Bauxite, AR 72011, USA",US
56,37.778076,25.03622,-33.1270612,-71.5699715,"Cardenal Samoré, Valparaíso, Valparaíso Region, Chile",CL
57,60.644054,22.681976,57.1971436,15.2570358,"976, 360 70 Åseda, Sweden",SE
58,46.05284,44.983902,53.9684328,-6.5750786,"L1143, Co. Louth, Ireland",IE
59,26.94804,53.346214,14.1157479,105.3406945,"Unnamed Road, Cambodia",KH
60,30.72892,56.89386,-36.4076956,140.8627042,"LOT 258 Olive Grove Road, Pooginagoric SA 5268, Australia",AU
61,58.49608,11.461263,57.6229483,13.3858774,"1695, 523 60 Gällstad, Sweden",SE
62,42.848545,18.739891,43.5093055,23.0468837,"1, 3482 Vinište, Bulgaria",BG
63,47.650234,24.294373,23.7351028,89.7636505,"Dhaka - Faridpur Hwy, Bangladeche",BD
64,40.190144,15.353707,19.4324188,99.2300114,"Unnamed Road, Tambon Pa Nai, Amphoe Phrao, Chang Wat Chiang Mai 50190, Thailand",TH
65,29.102352,1.1165242,-26.1596049,-62.0051201,"RN16, Santiago del Estero, Argentina",AR
66,28.915024,102.75674,26.6318148,128.1550861,"Japan, 〒905-1204 Okinawa-ken, Kunigami-gun, Higashi-son, Taira 県道70号線",JP
67,28.883896,76.942154,35.1977104,129.2144645,"산3-1 Dangsa-ri, Gijang-eup, Gijang-gun, Pusan, Corée du Sud",KR
68,22.97699,96.20637,1.4570388,104.0447674,"30 Kranji Way, Singapore 739440",SG
69,57.82611,21.329746,68.4869221,16.7129711,"Fylkesveg 722 210, 8534 Liland, Norway",NO
70,58.920925,5.879885,51.9160171,5.4148775,"Terweistraat 1, 4011 EX Zoelen, The Netherlands",NL
71,45.07081,8.8399515,45.8860809,16.0101537,"Gradečak lijevi, 10000, Zagreb, Croatia",HR
72,52.16646,14.271672,45.7860268,14.7663997,"Kolenča vas 6, 1313 Struge, Slowenien",MX
73,-19.765118,6.5826178,34.7540373,-106.0883964,"835-891 New Mexico 55, Estancia, NM 87016, USA",US
74,54.45522,25.242355,48.8456109,17.8278363,"061024, 913 07 Zemianske Podhradie, Slovakia",SK
75,43.74001,20.157139,25.2833333,55.4666667,Unnamed Road - Sharjah - United Arab Emirates,AE
76,52.686626,19.753521,46.9444027,6.8307934,"Route Cantonale 1, 2017 Boudry, Szwajcaria",CH
77,47.23254,11.205056,1.3975528,103.7767158,"Unnamed Road, Singapur",SG
78,47.510963,13.857852,55.8526163,9.7642928,"Kirkevænget 35, 8700 Horsens, Denemarken",DK
79,-2.734806,29.673634,-21.147429,27.4638621,"A3, Botswana",BW
80,39.945286,42.81579,52.1900612,4.4220228,"Molenplein 1, 2223 GZ Katwijk, Nederländerna",NL
81,42.466137,-0.28046894,42.4985577,1.530433,"Urbanització Comella Parc, AD500 Andorra la Vella, Andorra",AD
82,23.129745,87.20633,22.3631651,120.6260799,"Chūngǔ Communication Road, Chunri Township, Pingtung County, Taiwan 942",TW
83,45.027348,18.423737,44.1773517,143.5802252,"82 Kitaheison Ikku, Yūbetsu-chō, Monbetsu-gun, Hokkaidō 099-6325, Japan",JP
84,16.662525,82.26989,25.407771,55.5086372,Sheikh Ammar Bin Humaid St - Ajmān - United Arab Emirates,AE
85,55.6964,4.6461077,52.306179,4.6687844,"Lindholm 34, 2133 CV Hoofddorp, The Netherlands",NL
86,25.621922,86.82214,42.5733525,1.466586,"Estació d'Esquí d'Arinsal, AD400 La Massana, Andorra",AD
87,41.961422,14.48664,-19.7971771,-43.9930602,"Rua Ismar F Silva, 16 - Tony (Justinópolis), Ribeirão das Neves - Minas Gerais, Brazil",BR
88,14.0148535,56.436714,4.6141586,-74.11262,"Carrera 41B # 3BISA-1 a 3BISA-100, Bogotá, Cundinamarca, Colombia",CO
89,12.431651,55.033722,38.9596138,140.516449,"Akilliq, Iqaluit, NU, Canada",CA
90,49.86172,19.236504,-27.1061851,30.7654148,"R543, South Africa",ZA
91,33.45185,70.13987,48.3092991,18.0893943,"Wilsonovo nábrežie 66, 949 01 Nitra, Slovaquie",SK
92,23.412903,89.919685,1.3241708,103.8283658,"38 Malcolm Rd, Singapore 308274",SG
93,43.084415,1.8289881,-27.3647279,-70.3375097,"Yumbel 320-390, Copiapó, Región de Atacama, Chile",CL
94,39.405098,36.72194,18.0765059,103.9202223,"Unnamed Road, Tambon Ban Tong, Amphoe Seka, Chang Wat Bueng Kan 38220, Thailand",TH
95,49.36941,4.247256,58.3233586,25.6409477,"Viljandi-Rõngu, 70109 Viljandi County, Estonia",EE
96,36.99379,72.22851,62.6332575,24.0496324,"68 844-884, 63700 Ähtäri, Finland",FI
97,41.573147,16.646076,50.4056456,4.3426145,"N54, 6140 Fontaine-l'Evêque, Belgique",BE
98,73.18952,22.496834,54.7605482,24.8630866,"E85, Skirmantiškės 21367, Lithuania",LT
99,47.932823,8.494943,51.2264973,1.2542424,"3 St Albans Downs, Coldblow, Nonington, Dover, Kent CT15 4HN, UK",GB
100,49.14501,16.024567,58.2656535,26.468025,"Observatooriumi 7, Tõravere, 61602 Tartu County, Estonia",EE
101,48.59251,5.7949505,53.2135756,50.1816754,"Moskovskoye shosse, 35, Samara, Samara Oblast, Russia, 445240",RU
102,47.535076,60.448627,1.275063,103.8148188,"59 Telok Blangah Heights, Singapore 100059",SG
103,46.630882,6.480541,52.4917555,-7.3262842,"R697, Co. Kilkenny, Irlande",IE
104,49.420574,39.319347,51.9024641,4.3077819,"James Wattweg 68, De Vergulde Hand, 3133 KK Vlaardingen, The Netherlands",NL
105,7.896963,125.359184,3.0999128,101.7724608,"Ah Pek Hill Trail, Taman Cheras Awana, 43200 Cheras, Selangor, Malaysia",MY
106,39.20165,88.59294,37.5595728,127.1686785,"215 Godeok-dong, Gangdong-gu, Séoul, Corée du Sud",KR
107,42.834618,28.180382,48.083702,22.3063066,"4826 Vásárosnamény, 4117, Węgry",HU
108,29.588196,55.50007,-26.3105222,31.1198009,"MR3, Mbabane, Swaziland",SZ
109,53.8678,6.1315293,58.3396287,25.7570153,"Jänese-Pirmastu, 69619 Viljandi County, Estonia",EE
110,61.644745,11.692151,34.7551425,-80.7051928,"2728 Camp Creek Road, Lancaster, Caroline du Sud 29720, États-Unis",US
111,40.405754,46.595222,46.0546541,13.6016218,"Ložice 86, 5210 Deskle, Slovenia",SI
112,46.191704,12.384726,25.2248802,55.42556,47th St - Dubai - Förenade Arabemiraten,AE
113,17.80231,161.33221,22.4514209,114.1651508,"7 Ting Kok Rd, Tai Po, Hong Kong",HK
114,58.939472,2.7983322,46.7906502,-0.5171665,"D38, 79300 Bressuire, France",KR
115,62.796597,-15.303538,65.7691833,-20.0592271,"Þverárfjallsvegur, Islande",IS
116,44.810253,51.10459,23.8229606,89.2622314,"চরপাড়া Dhaka - Kushtia Hwy, Khoksha, Bangladesh",BD
117,40.25172,42.47643,64.9522098,25.6722742,"Mikkolantie 45, 90310 Oulu, Finland",FI
118,51.11469,4.074992,-43.3919464,172.6514019,"9 Isaac Wilson Road, Kaiapoi 7630, New Zealand",NZ
119,34.37099,17.390385,41.6133982,26.3860891,"Epar.Od. Kastanion-Filakiou, Orestiada 680 14, Greece",GR
120,36.800953,46.441914,47.6319902,19.1493282,"2120 Dunakeszi, Szent Imre tér 4, Hungary",HU
121,49.168026,26.243263,49.4622157,11.1481309,"Rehhofstraße 18, 90482 Nuremberg, Germany",DE
122,48.429554,17.570202,51.146204,17.1558229,"Leśna, Kiełczów, Poland",PL
123,54.850754,10.346912,52.8302181,-6.9358341,"Kilkenny Road, Carlow, Ireland",IE
124,36.409626,59.540688,-23.593789,-46.6682255,"Rua Lourenço de Almeida, 763 - Vila Nova Conceicao, São Paulo - État de São Paulo, Brésil",BR
125,26.889389,73.76888,12.8453889,105.9932538,"Unnamed Road, Cambodia",KH
126,46.097836,37.70552,44.4723817,22.8000327,"DN56A, Rogova, Romania",RO
127,46.42632,19.769722,52.2593504,6.1524628,"Korte Davostraat 2, 7412 VH Deventer, The Netherlands",NL
128,43.026817,30.687176,46.5297228,30.6361175,"Ob'izna road, Odessa, Obwód odeski, Ukraina",UA
129,57.807606,6.0113173,49.9758994,5.4933063,"Rue du Centre, 6800 Libramont-Chevigny, Belgium",NL
130,53.90439,17.240036,46.091911,12.0850332,"Via Cal da Prà, 7, 32036 Sedico, Belluno, Italy",IT
131,40.642582,61.589443,35.17702,128.97807,"396-15 Samnak-dong, Sasang-gu, Busan, South Korea",KR
132,60.970608,5.354653,52.8877418,-8.5804553,"R352, Co. Clare, Ireland",IE
133,33.04199,11.3006315,49.5293837,0.6449253,"Route de la Cavée, 76490 Anquetierville, France",FR
134,45.730396,31.697647,8.1538735,-76.0397602,"Unnamed Road, Tierralta, Córdoba, Colombia",BW
135,30.556568,48.48597,12.5192968,107.5612695,"Ao Nav Rd, Cambodja",KH
136,63.590385,15.734142,60.3271964,24.3469319,"Lusilantie 75, 03100 Vihti, Finland",FI
137,34.444733,-17.059082,-22.9220605,-49.6227739,"Rua França, 245 - Parque das Nações, São Paulo, 18900-000, Brazil",BR
138,20.643097,23.3261,24.9502086,55.255306,D57 - Dubai - アラブ首長国連邦,AE
139,50.101086,9.887825,57.6179294,-3.7057602,"Unnamed Road, Forres, Moray IV36 2TL, UK",GB
140,21.887955,-0.52936554,-62.5954571,-59.9024777,"日本〒100-2211 Tōkyō-to, Ogasawara-mura, Hahajima 都道241号線",JP
141,47.48733,16.025236,32.2978307,34.8567524,"Shmu'el 25, Netanya, Israel",IL
142,45.24753,-16.590294,-7.1688689,-79.4403788,"La Libertad 528, Pacanguilla, Perú",PE
143,47.964306,14.432728,31.9349682,34.8052127,"Etsel 4, Ness Ziona, Israel",IL
144,46.360695,13.235303,55.249294,9.2898704,"Odinsvej 471, 6500 Vojens Municipality, Danemark",DK
145,42.250328,28.941593,56.9699316,24.1601377,"Brīvības iela 214A, Vidzemes priekšpilsēta, Rīga, LV-1039, Latvia",LV
146,49.958073,10.758067,-30.0146331,30.9265225,"737 Kingsway, Amanzimtoti 4126, Afrique du Sud",ZA
147,11.958605,117.23323,1.2643728,103.802915,"12 Port Rd, Σιγκαπούρη 117630",SG
148,58.26379,2.035719,54.2201325,-10.026544,"R313, Co. Mayo, Ireland",IE
149,38.443813,45.92896,51.0362934,4.2030369,"Kuitegemstraat 67, 2890 Sint-Amands, Belgium",BE
150,43.165806,44.28672,2.6443224,101.6611644,"5, Kampung Bukit Bangkong, 43950 Sungai Pelek, Selangor, Malaysia",MY
151,46.632725,32.966354,43.2420011,0.1673718,"21 Route de Tarbes, 65350 Souyeaux, France",FR
152,40.99897,32.808224,16.7841709,103.1821024,"Unnamed Road, Tambon Nong Yai, Amphoe Nong Kung Si, Chang Wat Kalasin 46220, Таиланд",TH
153,30.742702,14.095088,38.8392593,-94.415134,"1706-1730 Southwest County Line Road, Lee's Summit, MO 64082, USA",US
154,28.472149,71.26553,25.1312889,55.2285761,5 22 St - Dubai - United Arab Emirates,AE
155,45.308422,9.2349825,49.1717732,21.6618364,"15, 091 01 Stropkov, Slovakia",SK
156,32.73053,49.815445,27.5419696,89.827128,"Unnamed Road, Bhutan",BT
157,27.785526,67.40556,-8.8313951,115.2160716,"Unnamed Road, Kuta Sel., Kabupaten Badung, Bali, Indonesia",ID
158,42.325726,43.985126,51.8163057,36.1272469,"avtodoroga Krym, Kursk Oblast, Russia",RU
159,51.104313,36.626175,56.9129369,23.8825813,"Viestura iela 6, Dzilnuciems, Babīte parish, LV-2107, Latvia",LV
160,54.73074,45.350475,2.9459873,101.8645882,"Jalan TTS 1, Taman Tasik Semenyih, 43500 Semenyih, Selangor, Malaysia",MY
161,38.759117,28.467491,42.361032,0.0908119,"A-2205, 22330, Huesca, Spain",ES
162,50.3194,26.818672,43.8632161,12.981152,"Località San Biagio, 36B, 61032 Fano Pesaro and Urbino, Italy",IT
163,49.872173,18.825432,46.3467908,20.8347872,"5820 Mezőhegyes, 4434, Hungary",HU
164,40.96861,17.963055,53.9126907,14.2395823,"72-600, Poland",RU
165,39.64123,72.77533,22.4461865,114.0047327,"15 Ping Ha Rd, Ping Shan, Hongkong",HK
166,48.72991,10.042892,48.7658828,21.1712496,"547, 040 01 Sever, Slovakia",SK
167,40.619946,24.77647,50.8810774,4.6908401,"Brusselsestraat 204, 3000 Leuven, Belgium",BE
168,46.88379,9.816912,-26.1438159,27.8386227,"761-773 Vermooten Road, Roodepoort 1724, South Africa",ZA
169,51.51912,14.987342,49.9520936,5.0535073,"Rue de Gedinne, 5555 Bièvre, Belgium",BE
170,46.978565,16.599924,42.6152936,22.9740431,"605, 2341 Pernik, Bulgarie",BG
171,49.4793,45.727207,59.1817874,24.7405163,"Jõe 23, Kohila, 79801 Rapla County, Estonia",EE
172,44.330425,9.999872,54.9585601,-1.7222735,"A47, Oakham, Rutland LE15 9ET, UK",GB
173,39.801598,7.199053,-37.0696697,-70.4004053,"RP41, Neuquén, Argentina",AR
174,36.76307,50.636444,43.2184605,27.2878132,"2082, 9234 Nenovo, Bulgaria",BG
175,30.081692,105.74723,46.4763636,30.7090059,"Kolontaivs'ka street, 56, Odesa, Odessa, Ukraine",UA
176,55.84086,14.304547,56.5787307,21.1389811,"P111, Medze parish, LV-3461, Latvia",LV
177,45.687817,16.894085,41.7435887,14.238843,"SS86, Forlì del Sannio, Isernia, Italy",IT
178,33.708183,46.720345,1.7661193,109.8438198,"Jalan Kg Belungei, 94500 Lundu, Sarawak, Malaysia",MY
179,47.39573,30.184525,2.8646115,111.8261314,"Unnamed Road, Dalat, Sarawak, Maleisië",MY
180,43.57201,11.942239,51.407122,0.90443,"50 Emerald View, Warden, Kent ME12, UK",GB
181,32.254864,45.917522,27.4168909,89.2199443,"Unnamed Road, Bhutan",BT
182,44.915607,43.732807,1.410545,103.9904566,"840W Pulau Ubin, Singapore 508381",SG
183,51.140476,14.723361,52.3853997,-6.4569117,"1 Saint Ibar's Villas, Castlebridge, Co. Wexford, Ireland",IE
184,30.719711,17.391617,50.4056456,4.3426145,"N54, 6140 Fontaine-l'Evêque, Belgique",BE
185,49.550472,32.09733,54.1062925,-6.9931615,"R193, Co. Monaghan, Irlande",IE
186,20.506615,66.76693,-8.6965226,115.5434238,"Jl. Buyuk Limo, Nusapenida, Klungkung, Bali 80771, Indonesien",ID
187,23.044548,60.21573,-8.7082336,115.4379205,"Sunset Rd, Nusapenida, Klungkung Regency, Bali 80771, Indonesia",ID
188,31.753174,6.509272,50.1359911,5.0492155,"Rue de Rochefort 595, 5572 Beauraing, Belgium",US
189,11.883701,76.31008,25.8462236,88.7422746,"Shaha Para Rd, Bangladesh",BD
190,35.766773,53.155148,24.3836876,120.6136721,"Dōngxi 3rd Road, Daan District, Taichung City, Taiwan 439",TW
191,43.278503,4.836425,46.0117191,2.0080225,"D17, 23480 Saint-Sulpice-les-Champs, France",FR
192,49.31517,15.025571,22.9156268,89.5155873,"Barakpur Bazar Rd, Bangladesh",BD
193,-86.49593,-110.22713,-39.9015189,-69.3269732,"Ruta Provincial 73, Río Negro, Argentina",AR
194,49.926598,16.225225,32.1011912,34.8070912,"Israel National Trail, Tel Aviv, Israel",IL
195,51.95432,12.998782,52.3609592,-0.3275011,"4 Woolley Road, Barham, Huntingdon, Cambridgeshire PE28 5AA, UK",GB
196,41.953255,29.511768,-38.8549372,176.0424489,"State Highway, Hatepe 3382, New Zealand",NZ
197,40.139675,-12.020106,42.6188325,1.5393376,"Av. de Sant Pere, AD300 Ordino, Andorre",AD
198,-71.903915,-81.48972,-11.7294589,-77.1506192,"Panamericana Norte, Ancon, Pérou",PE
199,44.796246,15.983146,59.2942007,18.0687145,"Tjurhornsgränd 7, 121 63 Johanneshov, Sweden",SE
200,-14.632075,-19.515068,38.7348481,-5.4590881,"Calle Motor, 06420 Castuera, Badajoz, Spain",ES
201,51.120968,6.476039,51.73074,4.9328767,,AD
202,33.128437,57.853374,12.335059,107.3145589,"Unnamed Road, Cambodia",KH
203,46.101177,13.183661,44.5272064,15.3777919,"Jasikovačka ulica 76, 53000, Žabica, Croatia",HR
204,44.71555,63.938927,52.0606003,5.2141451,"Schoudermantel, 3981 Bunnik, The Netherlands",NL
205,15.217906,145.45897,43.6376499,-79.3916218,"437 Queens Quay West, Toronto, ON M5V 2Y2, Canada",CA
206,53.45337,-19.605186,65.3576509,-14.9053764,"Þjóðvegur, Iceland",IS
207,30.714584,41.170723,31.895462,34.8022211,"Amiel Rozanski 15, Rehovot, Israel",IL
208,27.70095,78.47715,-29.6211774,31.0440045,"39 New Glasgow Road, Verulam 4344, Südafrika",ZA
209,11.984696,75.8645,50.9301405,2.8745603,"Broekweg 1, 8920 Langemark-Poelkapelle, Belgium",BE
210,56.401836,16.763004,59.3549549,13.7876572,"ARNÖN 210, 660 57 Väse, Sweden",CL
211,45.565865,11.673324,37.5963925,23.3364388,"Unnamed Road, Trizinia 180 30, Greece",GR
212,56.303715,-1.8065825,42.6398328,26.1374992,"6, 8862 Seliminovo, Bulgaria",BG
213,45.87598,-2.1674814,51.8265267,4.4697196,"Dorpsstraat 128, 3274 Heinenoord, The Netherlands",NL
214,44.667492,47.07288,-6.9697934,109.8685189,"Raya Subah, Subah, Batang, Jawa Tengah 51262, Indonesia",ID
215,31.179123,46.700188,4.0368727,114.8290493,"Marudi, Sarawak, Malaysia",MY
216,43.422886,52.081467,50.937246,4.0625128,"Bergekouter 34, 9300 Aalst, Belgium",BE
217,49.196583,15.645558,59.3549549,13.7876572,"ARNÖN 210, 660 57 Väse, Sweden",CL
218,50.063328,36.607243,-39.4287636,175.4523578,"28 Piwari Street, Rangataua 4691, New Zealand",NZ
219,39.940525,69.091064,22.8233102,120.4224628,"823, Kínai Köztársaság, Kaohsiung, Tianliao District, 福爾摩沙高速公路",TW
220,24.068699,19.373726,-20.5701332,26.4919334,"A3, Dukwi, Botswana",BW
221,33.76465,124.00404,-7.6609919,110.40937,"Jl. Raya Turi No.23, Pakem, Sleman, Daerah Istimewa Yogyakarta 55582, Indonesia",ID
222,40.84143,22.734955,27.3473713,89.5719234,"Phuntsholing - Thimphu Hwy, Bhutan",BT
223,48.245007,19.193424,59.5237993,18.2533572,"Sjöbergsvägen 76, 186 91 Vallentuna, Sweden",SE
224,31.990646,-4.992957,-32.3889989,-62.2068096,"Ruta Provincial 2, Córdoba, Argentina",AR
225,24.947586,19.402641,-33.8344916,18.9538561,"R45, South Africa",ZA
226,33.667393,16.136875,-40.5015,-71.1746936,"Ruta Provincial 63, Neuquén, Argentina",AR
227,44.39809,13.92002,41.3532174,-6.8513558,"R. do Meio, 5350, Portugal",PT
228,58.624752,40.005646,46.1787292,14.5931107,"Bolkova ulica 51, 1235 Radomlje, Slovenia",SI
229,36.259842,103.90449,22.6797572,120.5203654,"No. 13, Xinmin St, Changzhi Township, Pingtung County, Taiwan 908",TW
230,0.46879387,-53.534515,41.1639078,-7.0711383,"Rua da Romanzeira, 5160, Portogallo",PT
231,25.711086,66.02187,8.8545989,-75.2790003,"Calle 12, La Union, Sucre, Kolumbia",CO
232,42.814846,9.051994,39.5817649,-0.3530091,"CV-32, 46130 Massamagrell, Provinz Valencia, Spanien",ES
233,34.440586,43.217026,32.0762276,34.8662739,"Levi Eshkol 37-43, Petah Tikva, Israel",IL
234,5.5715084,52.270535,24.9564673,55.295003,E 77 - Dubai - Các tiểu Vương quốc Ả rập Thống nhất,AE
235,38.283813,64.167336,22.332772,114.028554,"Hong Kong, Lantau Island, 欣澳道",HK
236,41.038784,26.66455,23.9761573,120.5868193,"No. 266-282, Lane 332, Section 1, Fuzhen Rd, Yuanlin City, Changhua County, Taiwan 510",US
237,48.534924,18.501343,-22.0420907,-53.3373573,"MS-134, Mato Grosso do Sul, 79750-000, Brazil",BR
238,18.087208,-5.778735,-22.7452618,-43.3143922,"Avenida Gomes Freire, 141-147 - Vila Santo Antonio, Duque de Caxias - Rio de Janeiro, 25040-165, Brazil",BR
239,42.237514,13.639675,59.9187773,10.5931882,"Bærumsveien 194, 1357 Bekkestua, Norway",NO
240,41.99195,15.2561655,43.0522647,17.6337675,"Splitska ulica, 20350, Metković, Croatia",HR
241,-35.201527,-69.29421,-10.1980313,-78.0534894,"Panamericana Norte 51, Perù",PE
242,45.351505,35.896503,51.1440193,3.0407871,"Bekegemstraat 2-6, 8480 Ichtegem, Belgium",AE
243,-36.76056,-27.957142,24.9498958,55.3687806,E 77 - Dubai - United Arab Emirates,AE
244,49.107616,19.502262,36.0755235,-80.2627606,"1772-1798 Camden Road, Winston-Salem, NC 27103, USA",US
245,-15.476541,-52.667103,-48.7754542,-71.2419339,"RP29, Santa Cruz, Argentine",AR
246,46.67558,11.139001,53.3444121,-7.3384378,"Unnamed Road, Co. Offaly, Irlandia",IE
247,37.831062,-7.0971622,-22.9220605,-49.6227739,"Rua França, 245 - Parque das Nações, São Paulo, 18900-000, Brazil",BR
248,51.69945,6.6369295,65.594161,-19.35235,"Siglufjarðarvegur, Islande",IS
249,42.45355,32.046513,39.2872875,21.0408045,"Unnamed Road, Kentrika Tzoumerka 471 00, Greece",GR
250,43.44315,61.82533,36.3289042,136.5664261,"Japan, 〒920-2357 Ishikawa-ken, Hakusan-shi, Gojūdanimachi, I−１１２甲",JP
251,32.58694,32.069187,5.8164161,100.9358884,"K702, Kampung Keda Ulu Legong, 09100 Baling, Kedah, Malaysia",MY
252,36.13964,107.492,32.0646528,34.8106392,"Hahistadrut 2-6, Givatayim, Israel",IL
253,46.127132,11.466628,-35.7595692,174.505432,"195 Pataua South Road, Pataua 0192, New Zealand",NZ
254,23.729534,41.088215,-26.3728241,30.9299223,"MR19, Swaziland",SZ
255,45.36701,6.183902,49.2854577,19.8450317,"Droga Wojewódzka 958, Poland",PL
256,37.443577,35.360947,52.5079853,13.476313,"Tasdorfer Straße 36-37, 10365 Berlin, Niemcy",HU
257,53.8573,4.609816,52.026677,4.3533028,"Zwaluwsingel 13, 2289 EP Rijswijk, The Netherlands",RU
258,16.956509,26.919754,24.972379,55.4141158,E 77 - Dubai - United Arab Emirates,AE
259,38.076973,4.846726,43.9523349,8.1422518,"Via Risorgimento, 17, 17051 Marina di Andora Savona, Italy",IT
260,42.189247,9.889585,51.3326356,3.2969982,"Kragendijk 124-134, 8300 Knokke-Heist, Belgium",BE
261,47.068985,20.454418,48.1028114,19.5622149,"3170 Szécsény, Fő Way 41, Hungary",HU
262,19.257935,99.77006,23.6568306,90.6065528,"Unnamed Road, Sonargaon, Bangladesh",BD
263,51.72147,16.619781,26.4346171,-80.187526,"Делрей-Бич, Флорида 33446, Соединенные Штаты Америки",US
264,47.051033,11.053712,44.3117249,9.7175148,"Strada Provinciale 3, 19020 Sesta Godano, La Spezia, Italy",IT
265,43.18182,13.256059,48.2832179,18.2791319,"051044, Veľké Chyndice, Slovakia",SK
266,37.790676,38.944992,23.1755062,89.9483715,"Tekerhat - Gopalganj Rd, Bangladesh",BD
267,45.302357,0.060971975,59.5589381,15.591389,"859, 710 41 Fellingsbro, Sweden",BW
268,51.828598,18.060818,41.54896,25.3244119,"508, 6850 Plazishte, Bulgaria",BG
269,25.792526,89.75835,25.2034438,55.238767,1 23 A St - Dubai - United Arab Emirates,AE
270,49.85235,8.253784,51.9967499,8.5555786,"Osningstraße 97, 33605 Bielefeld, Germany",DE
271,22.259449,99.923676,1.4543389,103.810271,"209 Woodlands Ave 9, Singapore 738959",SG
272,32.071644,60.655,45.153055,24.0552985,"DJ646, Văratici, Romania",HU
273,53.276836,21.187489,48.5087482,18.0979966,"1706, 956 11 Ludanice, Slovakia",NO
274,45.69577,17.571293,19.2148861,-99.661533,"Del Charcón, 50290 San Juan Tilapa, État de Mexico, Mexique",MX
275,49.087296,29.569916,47.4035664,8.4924821,"Imbisbühlstrasse 25, 8049 Zürich District, Suisse",CH
276,42.97713,24.102444,46.1397316,21.5284784,"DN7, Sâmbăteni, Romania",RO
277,39.036285,14.14454,-26.5219703,31.2902129,"King Mswati III Avenue West, Matsapha, Swaziland",SZ
278,49.719204,12.784375,51.2355807,58.4793803,"ulitsa Stanislavskogo, Orsk, Orenburg Oblast, Russia",RU
279,48.461605,12.187597,66.4347615,23.6939604,"Tengeliöntie 748-750, 95630 Ylitornio, Finlandia",FI
280,52.486603,25.97808,55.3056437,24.9966962,"4805, Žemaitkiemis 20368, Lithuania",LT
281,24.387001,102.13116,25.2712332,55.2911454,Al Khaleej Rd - Dubai - United Arab Emirates,AE
282,46.79104,12.925003,45.802834,27.1030884,"DN2D, Romania",RO
283,44.84764,44.772964,37.6389722,127.1331291,"490 Sano-dong, Guri-si, Gyeonggi-do, South Korea",KR
284,52.951546,23.053535,55.5684025,39.6655589,"Р106, Krivandino, Moskovskaya oblast, Russia",RU
285,32.83182,26.199768,25.0615959,55.1529014,Unnamed Road - Dubai - United Arab Emirates,AE
286,21.937557,2.47053,-8.72977,115.1649208,"Jl. Kartika No.88, Kuta, Kabupaten Badung, Bali 80361, Indonesia",ID
287,42.988956,19.578884,56.9564789,23.6736205,"Dzelzceļa iela 36, Jūrmala, LV-2008, Latvia",LV
288,60.133068,25.69711,56.3732606,24.2247121,"Musa, Mūsa, Ceraukste parish, LV-3901, Latvia",LV
289,38.591347,21.254822,44.0534964,-88.7338523,"4442 Wisconsin 116, Omro, WI 54963, USA",US
290,48.791924,11.064113,35.1686717,129.0951874,"1816-94 Yeonsan 3(sam)-dong, Yeonje-gu, Busan, South Korea",KR
291,46.291935,35.3677,27.4389148,89.4314246,"Unnamed Road, Paro, Bhutan",BT
292,48.804714,31.62954,5.6051983,-75.8136872,"Jardín - Tamesis, Jardín, Antioquia, Colombia",NL
293,26.012924,37.616394,-6.0156004,106.5395668,"Jl. Naval Radar Station Tj. Kait, Mauk, Tangerang, Banten 15330, Indonesia",ID
294,45.407585,33.99897,24.3823228,123.9075055,"Япония, 〒907-1431 Okinawa-ken, Yaeyama-gun, Taketomi-chō, Takana 県道215号線",JP
295,22.501175,66.24883,4.5721255,-75.6336637,"40QN, Salento, Quindío, Kolumbia",IS
296,40.056156,47.767387,55.0253369,-1.4742758,"66 Barnstaple Road, North Shields, Tyne and Wear NE29 8QG, UK",GB
297,53.27848,4.4249845,52.4917555,-7.3262842,"R697, Co. Kilkenny, Irlande",IE
298,-53.18246,74.382484,-23.2198836,20.2631505,"Unnamed Road, Botswana",EE
299,19.634914,103.058846,1.3501903,103.6766604,"Nanyang Cres, Singapore",SG
300,47.730335,49.541412,40.3025107,-111.66641,"310-318 North Palisades Drive, Orem, Utah 84097, États-Unis",US
301,42.05907,24.40276,46.3795338,30.7368558,"Sadovs'koho street, 9, Odesa, Odessa Oblast, Ukraine",UA
302,42.886005,-11.365371,42.5534489,1.5886525,"CG-2, AD100 Canillo, Andorra",AD
303,59.44367,14.638426,54.7605482,24.8630866,"E85, Skirmantiškės 21367, Lithuania",LT
304,42.5833,33.54422,55.9073161,26.4943663,"Cēsu iela 42, Daugavpils, LV-5401, Latvia",LV
305,57.181282,13.778772,-37.9118589,145.2003075,"4 Bramley Crescent, Wheelers Hill Victoria 3150, Australie",AU
306,38.968967,-0.08930302,46.0224438,7.8074598,"Aegerta, 3929 Täsch, Zwitserland",CH
307,34.133644,66.10366,-12.3891743,-76.7684081,"Antigua Panamericana Sur, San Bartolo District, Peru",PE
308,50.753445,27.457722,45.0426792,7.4122133,"Strada Avigliana, 4, 10090 Trana, Turin, Italy",IT
309,57.16679,12.253299,52.909645,-6.8512062,"11-311 Coill Diarmada, Co. Kildare, Ireland",IE
310,42.367046,20.911419,-6.0731591,107.0906374,"Jl. Jaya Bakti, Cabangbungin, Bekasi, Jawa Barat 17720, Indonesia",ID
311,50.580948,13.576787,49.2903145,4.6888772,"D306, 08400 Marvaux-Vieux, Francija",FR
312,45.62277,12.419189,60.774201,10.20785,"Vestsidevegen 162, 2860 Hov, Norway",NO
313,46.829464,11.054413,51.2590105,7.072752,"Wiedener Straße 65, 42327 Wuppertal, Germany",DE
314,35.15675,21.245506,-6.8710516,-49.621709,"BR-155, 4451, Sapucaia - PA, 68548-000, Brazil",AU
315,52.819736,2.0564175,52.5512054,-6.2825601,"Unnamed Road, Co. Wexford, Irlandia",IE
316,45.1404,13.069518,44.8924049,23.7231006,"Gorj, Romania",RO
317,-8.092769,24.621387,-26.6994805,31.0513838,"MR4, Mankayane, Swaziland",SZ
318,-7.4010477,-38.719105,-39.3383689,-68.5033921,"Ruta Provincial 68, Río Negro, Argentina",AR
319,47.071667,15.93897,51.0309511,20.5256603,"26-080 Borki, Poland",PL
320,24.41586,-26.796837,45.4557621,18.4677996,"Slavonika, 31403, Beketinci, Croatia",HR
321,30.259422,173.35857,37.5359281,127.0944816,"546-3 Gueui-dong, Gwangjin-gu, Séoul, Corée du Sud",KR
322,55.647068,11.478585,45.0460698,23.9163494,"DJ676D, Pojogi-Cerna, Romania",RO
323,34.274117,37.385124,38.3186687,-7.9826197,"N257, Portugal",PT
324,56.67463,23.243793,46.7709221,17.2928336,"8315 Gyenesdiás, Kossuth Lajos Street 54-56, Hungary",HU
325,61.40113,2.1983867,62.2233022,25.7109477,"Välikuja 4, 40600 Jyväskylä sub-region, Finland",FI
326,21.783394,-61.649418,65.5762488,-23.1710419,"Vestfjarðarvegur, Iceland",IS
327,62.894047,22.29874,62.4921225,25.9848221,"Hietasyrjäntie 148-150, 41370 Laukaa, Finland",FI
328,-31.779572,-68.79958,-34.9019496,-60.7143992,"RP46, Buenos Aires, Argentinien",AR
329,22.392338,-25.551327,53.2806013,-9.5272034,"Unnamed Road, Co. Galway, Ireland",IE
330,46.914112,43.635685,26.9945948,89.5889918,"Phuntsholing - Thimphu Hwy, Bhutan",BT
331,62.157898,13.433961,47.4604181,8.4407857,"Alter Bahnhof 2, 8107 Buchs, Switzerland",CH
332,38.95008,8.258604,41.7880057,23.6396797,"19, 2776 Obidim, Bulgarie",BG
333,41.234695,16.131954,49.0180082,18.2548995,"E75, Košeca, Slovakia",SK
334,46.794415,79.619484,23.7602801,89.5053133,"01 Dhaka - Kushtia Hwy, Ramdia 7722, Bangladesh",BD
335,-8.464103,-100.8159,-47.7939291,-70.8289331,"RN40, Santa Cruz, Argentinien",AR
336,59.071503,10.55103,51.3734093,6.9609181,"Ruhrtalstraße, 45219 Essen, Germany",DE
337,27.86266,65.74971,-6.9215538,110.2042077,"Jl. Soekarno-Hatta No.193, Kendal, Kendal, Jawa Tengah 51313, Indonesia",ID
338,33.01306,91.837204,45.667792,22.1608736,"DJ681, Roemenië",RO
339,36.55013,63.566284,45.5604284,11.5359223,"Via Francesco Guicciardini, 26, 36100 Vicence, Italie",IT
340,45.979973,12.422111,48.2601156,21.8995833,"3973 Cigánd, Hajnal Street 6, Hungary",HU
341,37.79985,25.982342,48.3527234,17.6132715,"R1, 917 05 Trnawa, Słowacja",SK
342,50.623993,14.22273,-39.4227425,174.1114962,"691 Rowan Road, Kaponga 4679, New Zealand",NZ
343,44.526943,12.237096,40.9307904,24.9446547,"Unnamed Road, Avdira 670 61, Greece",GR
344,44.67383,-0.20841885,-29.6211774,31.0440045,"39 New Glasgow Road, Verulam 4344, Südafrika",ZA
345,41.474857,32.159885,14.2486701,104.5227602,"2625, Cambodia",KH
346,63.706257,23.73235,56.3732606,24.2247121,"Musa, Mūsa, Ceraukste parish, LV-3901, Latvia",LV
347,50.5533,22.141907,24.6213614,121.7303041,"Zhōngshān Road, Condado de Yilan, Taiwán",TW
348,-38.939552,244.20985,8.8867186,99.2203309,"44, Tambon Chapthawi, Amphoe Ban Na Doem, Chang Wat Surat Thani 84240, Thailand",TH
349,51.353367,13.245399,56.092575,26.0041956,"Loka iela, Ancene, Asare parish, LV-5210, Latvia",LV
350,41.53439,24.604656,27.3106661,91.0641247,"Bumthang - Ura Hwy, Bhutan",BT
351,46.432987,48.336945,52.5394396,39.5803905,"Lenigradskaya ulitsa, Lipetsk, Oblast Lipetsk, Rusland, 398006",RU
352,43.181057,9.281731,43.5640484,-7.5979739,"CP-3801, 27865 Ourol, Lugo, Spain",ES
353,56.58205,23.809914,57.9818347,27.5675063,"Tartu-Räpina-Värska, 64307 Põlva County, Estonia",EE
354,37.306107,16.975346,1.2651185,103.6254423,"Unnamed Road, Singapore",SG
355,34.161938,13.503178,-37.3544186,-59.0043137,"RP74, Buenos Aires, Argentina",AR
356,44.822037,7.4046116,-26.5084509,30.0016206,"80 Pet Street, Ermelo 2351, South Africa",ZA
357,30.61116,79.56887,40.4784062,25.644481,"Epar.Od. Kamariotissas - Pigon Samothrakis, Samothraki 680 02, Grekland",GR
358,47.011845,12.122687,40.9505705,24.2149269,"Epar.Od. Kavalas - Serron, Paggeo 641 00, Griechenland",GR
359,43.229534,44.28969,40.7429249,139.9996225,"Omagoe Hwy, Kasose, Fukaura-machi, Nishitsugaru-gun, Aomori-ken 038-2411, Japon",JP
360,42.6461,22.273746,35.2122059,128.911354,"425 Singman-dong, Gangseo-gu, Busan, South Korea",KR
361,33.954185,-29.8298,37.7858251,24.8718706,"Unnamed Road, Andros 845 00, Greece",GR
362,29.396667,50.715572,23.66689,88.8236656,"Chuadanga - Meherpur Hwy, Alukdia, Bangladesh",BD
363,40.10049,14.324986,37.199275,138.3622489,"Japan, Niigata Prefecture, Joetsu, Kubikiku Nakamasuda 県道30号線",JP
364,-36.914043,49.53486,-26.4461683,31.3148641,"MR3, Swaziland",SZ
365,59.62074,19.567348,65.5536061,-19.4502161,"Norðurbrún, Varmahlíð, Iceland",IS
366,56.05029,30.969875,60.2428633,25.0168136,"Gamla Helsingevägen 2, 00700 Helsinki, Finland",SG
367,45.33304,16.948437,1.4386067,103.7425097,"30 Kranji Way, Singapore 739440",SG
368,46.23483,18.340855,37.25425,140.4300686,"Japon, Préfecture de FukushimaSukagawaOguri, Ikenokubo 県道138号線",JP
369,25.707241,85.993416,23.1684887,121.0274094,"Wulucun Communication Rd, Haiduan Township, Taitung County, Тайвань 957",TW
370,41.12688,14.202091,11.2034296,103.5155459,"AH123, ឃុំ កណ្ដោល, Kambodža",KH
371,45.363686,24.510952,50.4056456,4.3426145,"N54, 6140 Fontaine-l'Evêque, Belgique",BE
372,54.525288,13.309194,63.3795985,29.926706,"Yläviekintie 59, 81700 Lieksa, Finland",FI
373,51.92939,82.793564,-36.9013182,174.811551,"5 Cawley Street, Ellerslie, Auckland 1051, New Zealand",NZ
374,68.62226,13.665112,55.8491757,8.7413855,"Nørholmvej 1, 6880 Tarm, Denemarken",DK
375,69.83982,14.312229,65.7817321,20.9262178,"666, 942 92 Älvsbyn, Sweden",SE
376,38.863106,63.979115,17.826764,-97.7825998,"13, Fovissste, 69005 Heroica Ciudad de Huajuapan de Leon, Oaxaca, Mexico",MX
377,55.23386,16.490479,48.7479153,19.1363754,"E77, 974 01 Banská Bystrica, Slovaquie",SK
378,33.093025,3.001392,45.2349252,17.1985085,"E70, 35430, Bodegraj, Croatia",HR
379,44.628605,28.722778,44.1773517,143.5802252,"82 Kitaheison Ikku, Yūbetsu-chō, Monbetsu-gun, Hokkaidō 099-6325, Japan",JP
380,31.22483,26.724003,-36.7805135,149.9134696,"1479 Sapphire Coast Drive, Wallagoot NSW 2550, Australia",AU
381,34.174114,36.252487,33.0158929,35.1354577,"89, Israel",IL
382,51.88227,28.531357,49.1174957,19.0279585,"E50, Malá Fatra-OP, 038 53 Turany, Slovakia",SK
383,11.419185,16.49183,-32.7263501,-66.1601985,"RP9, San Luis, Argentina",AR
384,52.59612,29.482079,56.6183462,25.8239825,"P37, Aiviekstes pagasts, LV-5120, Łotwa",LT
385,58.560917,17.684793,55.3322118,8.9025485,"Ribevej 99, 6510 Gram, Denmark",DK
386,37.072506,39.565342,-6.8911554,108.7339833,"Jl. Tol Kanci-Pejagan, Pabuaran, Cirebon, Jawa Barat 45188, Indonesia",ID
387,19.638977,89.71128,22.7242657,121.0433885,"Lane 428, Section 4, Qīnghǎi Road, Taitung City, Taitung County, Taiwan 950",TW
388,29.505985,45.6853,46.2052643,6.1617236,"Rue Sillem 3, 1207 Geneva, Switzerland",NZ
389,38.769314,81.12638,22.3660898,113.9953566,"2 Yu Chui St, Tuen Mun, Hong Kong",HK
390,53.957554,20.513546,50.3717645,30.5160413,"Yahidna Street, 27, Kyyiv, Kyiv city, Ukraine",UA
391,52.718327,23.624454,-46.1810219,168.8801574,"22 Selbourne Street, Mataura 9772, New Zealand",NZ
392,40.5453,8.3542595,45.3870105,27.9159381,"Brăila, Romania",RO
393,53.515095,12.037127,-34.840703,-71.1025397,"Panamericana Sur, Teno, Maule Region, Chile",CL
394,40.50126,38.966625,48.6520515,2.2740467,"31 Rue du Pont aux Pins, 91310 Montlhéry, France",FR
395,53.372807,19.277287,51.4485999,4.4942575,"Nieuwmoersesteenweg 121, 2910 Essen, Belgique",BE
396,40.497074,30.175068,22.295401,113.955206,"N Lantau Hwy, Tung Chung, Hongkong",HK
397,51.473125,28.52211,47.1016559,17.5541234,"8400 Ajka, Babits Mihály Street 1, Hungary",HU
398,65.7629,31.689651,55.7780402,12.1832912,"Ring Syd, 3650 Ølstykke, Danemark",DK
399,39.815273,23.07949,-26.2103654,31.0303871,"MR3, Ngwenya, Swaziland",SZ
400,49.234745,13.935765,44.9301802,25.3040223,"DJ702A, Drăgăieşti Pământeni, Romania",RO
401,64.34346,22.306725,-27.0306169,30.7556522,"R543, South Africa",ZA
402,53.72031,11.301597,45.8618628,14.8287407,"Malo Globoko 3a, 1303 Zagradec, Slovenia",SI
403,46.434795,19.104328,-26.4543522,31.0796247,"MR19, Swaziland",ID
404,47.94528,38.05894,27.5419696,89.827128,"Unnamed Road, Bhutan",BT
405,41.844585,12.791484,-22.7848018,-51.4191123,"Rodovia Issa Jabour, Paraná, 86160-000, Brasilien",BR
406,63.19071,19.633553,62.138724,26.9693726,"Porsaskoskentie 2223-2225, 51670 Mikkeli, Finland",FI
407,54.978725,7.150198,55.6817345,35.6555312,"Р90, Moskovskaya oblast, Russia",RU
408,34.49395,39.691372,-38.0574869,175.9493031,"Leslie Road, Ngatira 3485, New Zealand",NZ
409,50.259853,16.935034,52.2997067,6.785587,"Deurningerweg 51, 7623 AG Borne, The Netherlands",NL
410,5.051409,25.850853,-24.624214,25.9396205,"Ramotswa, Gaborone, Botswana",BW
411,32.99004,15.932147,51.2151578,58.6631122,"pereulok Ogneupornyy, Orsk, Orenburg Oblast, Russia",RU
412,41.07579,72.436516,-37.7043543,145.0910497,"522 Greensborough Road, Greensborough VIC 3088, Australia",AU
413,49.688328,12.135093,54.9585601,-1.7222735,"A47, Oakham, Rutland LE15 9ET, UK",GB
414,9.79055,112.09641,-6.9561407,110.4613662,"Jl. Kaligawe, Genuk, Kota Semarang, Jawa Tengah 50112, Indonesia",ID
415,46.38253,20.858185,46.8956788,19.6752853,"6000 Kecskemét, Wéber Ede Street 18, Hungary",HU
416,38.552082,68.4088,36.8294787,140.7811493,"292-7 Sekinamichō Kamiokashimo, Kitaibaraki-shi, Ibaraki-ken 319-1715, Japan",JP
417,32.70072,155.41476,22.71547,120.2811155,"No. 433, Jiǔchāng Street, Nanzi District, Kaohsiung City, Taiwan 811",TW
418,49.581425,8.967915,52.412372,13.1403109,"Schäferstraße 10-14, 14109 Berlijn, Duitsland",DE
419,50.044273,16.898783,52.5625662,5.6433015,"Rozentuin 31, 8255 JG Swifterbant, The Netherlands",NL
420,50.87226,23.97395,44.7547725,10.7363532,"Via Fossa Ronchi, 2, 42015 Correggio Reggio Emilia, Italy",IT
421,56.80746,7.084914,39.8413413,16.473805,"Contrada Ponticello, 10, 87076 Villapiana, Cosenza, República Italiana",IT
422,50.393154,15.014052,51.5302666,-114.0724216,"Alberta 2A, Carstairs, Alberta T0M 0N0, Canadá",CA
423,37.10269,55.88697,47.9457228,20.0226087,"3243 Bodony, Ballai Street 5, Hungary",HU
424,0.36115837,1.8053708,-24.1398152,26.2509563,"A1, Botswana",BW
425,47.14616,14.129066,10.8155867,-74.9741702,"Juan De Acosta - Baranoa # 2 a 100, Baranoa, Atlantico, Colombia",CO
426,52.89592,20.437283,47.392892,8.5392095,"Schaffhauserstrasse 74, 8057 Zürich District, 스위스",CH
427,24.025875,62.382217,4.9771511,-73.7459905,"Unnamed Road, Sesquilé, Cundinamarca, Colombia",NO
428,41.168465,59.297638,12.5931476,102.8485738,"Unnamed Road, Cambodia",KH
429,52.959522,23.833508,54.2201325,-10.026544,"R313, Co. Mayo, Ireland",IE
430,23.157635,63.841892,43.4074585,-86.296695,"8121-8129 Lorenson Road, Whitehall, MI 49461, USA",US
431,25.043346,38.496723,37.8230795,-1.4360286,"N-340, 30840 Alhama de Murcia, Murcia, Španělsko",ES
432,30.884338,19.944176,47.0168463,19.9698923,"2755 Kocsér, 46122, Hungary",HU
433,32.14017,47.942257,37.6062329,140.7686135,"Japan, 〒960-1723 Fukushima-ken, Sōma-gun, Iitate-mura, Nagadoro 県道62号線",JP
434,19.735058,83.15666,16.8187838,100.7855946,"Unnamed Road, Tambon Wang Nok Aen, Amphoe Wang Thong, Chang Wat Phitsanulok 65130, Tailandia",TH
435,46.03429,13.321743,60.4082109,29.8102409,"Р34, Oblast de Léningrad, Russie",RU
436,51.95316,9.022625,50.7292262,-3.5995477,"2 Centre Cottages, Whitestone, Exeter, Devon EX4 2LA, Royaume-Uni",GB
437,5.02363,106.5042,1.317946,103.6284538,"53 Tuas South Ave 1, Singapore 637606",SG
438,52.165646,13.424367,55.9276757,23.2954611,"Žemaitės gatvė 2B, Šiauliai 78101, Lithuania",LT
439,57.13695,8.980858,-35.4769933,-63.1648236,"Ruta Provincial 70, Buenos Aires, Argentinien",AR
440,53.34743,5.7007375,51.1763359,6.8616084,"Peter-Krahe-Straße 32, 40599 Düsseldorf, Allemagne",DE
441,42.81552,15.792855,43.6017609,23.6472732,"101, 3357 Hayredin, Bulgarie",BG
442,47.624065,14.967962,54.8426883,21.0632298,"A190, Oblast de Kaliningrad, Russie",RU
443,-3.509841,153.89876,27.3265131,90.5837093,"Unnamed Road, Bhutan",BT
444,53.568985,49.21515,45.9834698,18.4486252,"7751 Szederkény, M60, Hungary",GB
445,48.175175,20.448608,56.0656954,-3.4144787,"2 Norway Gardens, Dunfermline, Fife KY11 8JW, UK",GB
446,33.448875,1.7843935,44.1906443,15.6850322,"D27, 23450, Obrovac, Croatia",HR
447,52.60714,9.913669,50.8961555,3.3083888,"Oostrozebeeksestraat 13-19, 8531 Harelbeke, Belgium",BE
448,62.005123,24.496578,57.5061741,21.6889373,"P124, Tārgale parish, LV-3601, Latvia",LV
449,53.885876,18.35194,22.9457794,121.1264158,"Yǒnglè Road, Luye Township, Taitung County, Taiwan 955",TW
450,26.346588,11.997153,39.5207432,-8.7276864,"Tv. Henrique Frazão, 2380, Portugal",PT
451,46.814716,21.678581,46.0231315,23.1183659,"DJ705, Balşa, Rumunia",HU
452,30.727451,75.70126,-35.9372781,174.4093379,"50 Applecross Road, Waipu 0582, New Zealand",NZ
453,46.983772,13.90963,54.5907697,24.2172293,"3308, 59429, Lithuania",LT
454,22.28913,157.6597,22.2944919,113.9521533,"Man Tung Rd, Tung Chung, Hong Kong",HK
455,27.966354,-41.93763,-5.8206588,-81.0397158,"Unnamed Road, Peru",PE
456,42.772633,19.727642,43.9203297,-79.270598,"10226-10388 Ontario 48, Markham, ON L3P 3J3, Canada",CA
457,44.84001,35.07939,43.4434607,-5.7855194,"AS-241, 33192, Asturias, Spain",ES
458,39.64767,12.993989,48.0577095,19.4222444,"2673 Csitár, Ságvári Way 3-5, Hungary",HU
459,44.625423,19.385197,44.114801,26.5864327,"Strada Pietruită, Chirnogi, Romania",RO
460,42.344143,38.03749,14.2486701,104.5227602,"2625, Cambodia",KH
461,36.20971,25.178066,25.0615959,55.1529014,Unnamed Road - Dubai - United Arab Emirates,AE
462,21.578453,47.19005,-40.5015,-71.1746936,"Ruta Provincial 63, Neuquén, Argentina",AR
463,48.12133,10.573394,46.5039378,3.096972,"La Poule, 03210 Meillers, France",FR
464,43.51763,4.2796965,40.1007255,15.5734989,"Strada Provinciale 210, 84079 Vibonati, Salerno, Italy",IT
465,15.482764,24.052189,-21.147429,27.4638621,"A3, Botswana",BW
466,55.328083,21.07663,55.8526163,9.7642928,"Kirkevænget 35, 8700 Horsens, Denemarken",DK
467,-2.4265308,-48.96839,41.6154266,-5.6482623,"CL-612, 16, 49123 Benegiles, Zamora, España",ES
468,43.17376,20.118256,23.2266177,90.0198932,"Dhaka - Barisal Hwy, Takerhat, Bangladesh",BD
469,46.645203,33.638596,35.0886647,129.0604976,"147-42 Cheonghak 2(i)-dong, Yeongdo-gu, Busan, Zuid-Korea",KR
470,-17.261158,22.41397,-22.5362925,27.1111464,"Yarona Road, Palapye, Botswana",BW
471,48.65933,19.681667,-41.2650043,173.2863941,"9 Dundas Street, The Wood, Nelson 7010, New Zealand",NZ
472,43.002617,11.470906,46.2122548,7.0091165,"Galerie de St-Maurice, 1890 Saint-Maurice, Switzerland",CH
473,53.331585,8.901585,-43.6463469,171.9093831,"826 Rakaia Terrace Road, Bankside 7783, New Zealand",NZ
474,46.428806,20.21857,59.1537822,26.0966258,"Betooni 3, Tamsalu, 46107 Lääne-Viru County, Estonia",EE
475,49.896355,12.526179,32.1955002,-101.6224389,"Interstate 20 Frontage Road, Big Spring, Texas 79720, États-Unis",US
476,24.16446,68.92992,-7.3213335,-79.3645094,"PE 08 16, Peru",PE
477,-3.2957954,9.455005,-22.1408571,28.0707343,"A15, Botswana",BW
478,55.325275,1.3970623,31.7771157,130.9987196,"Japan, 〒885-0113 Miyazaki Prefecture, Miyakonojo, Shonaicho 県道31号線",JP
479,-12.659785,60.256268,-30.8369782,-59.0393909,"Unnamed Road, Entre Ríos, Argentina",AR
480,36.767517,39.186737,52.108108,5.029727,"Jan Vogellaan, 3451 Vleuten, The Netherlands",NL
481,34.653313,24.99577,31.4232478,34.5771075,"Yuval 42, Netivot, Israel",IL
482,55.211742,1.765378,41.4616926,-78.6059774,"Johnsonburg-Saint Marys Road, St. Marys, PA 15857, USA",US
483,35.096947,46.97959,24.0124933,120.9901739,"Fúzhǎng Road, Puli Township, Nantou County, Ταϊβάν 545",TW
484,34.714302,52.531975,23.5812791,88.9463633,"Jhenaidah - Chuadanga Rd, Bangladesh",BD
485,41.767876,17.568125,48.0106542,21.6303181,"4461 Nyírtelek, Tokaji Way 16-18, Hungary",HU
486,34.71285,23.20567,-34.6933613,173.0222616,"5824-6092 Far North Road, Ngataki 0484, New Zealand",NZ
487,39.75493,24.916393,40.6938611,-6.9357687,"N340, 6350, Portugal",PT
488,40.092503,15.318658,31.7882183,35.2232866,"Hasidei Karlin 3-7, Jerusalem, Israel",IL
489,51.761265,21.151516,46.945793,9.5456058,"A13, 7205 Zizers, Switzerland",CH
490,-122.49583,-141.35709,-40.2439772,-70.3398808,"RN237, Neuquén, Argentina",AR
491,41.614017,42.0037,47.260031,1.5903649,"9 Rue Basse, 41130 Selles-sur-Cher, Francja",FR
492,34.286983,59.31567,23.2389003,91.3131096,"Dhaka - Chittagong Hwy, Chauddagram, Bangladesh",BD
493,33.24777,-12.576583,-7.3160115,112.4264607,"Jl. Raya Dawarblandong, Dawar Blandong, Mojokerto, Jawa Timur 61354, Indonesia",ID
494,51.189236,27.751709,4.2597766,-74.5992037,"I-40 # 1 a 56, Melgar, Tolima, Colombia",CO
495,10.45851,85.55073,23.7131769,88.7661701,"Chuadanga - Meherpur Hwy, Bangladesh",BD
496,45.476852,25.843254,35.1978487,129.0055506,"1262-12 Gupo 2(i)-dong, Buk-gu, Pusan, Corée du Sud",KR
497,46.525524,9.555347,-40.231998,175.7331886,"720 Watershed Road, Bunnythorpe 4470, New Zealand",IS
498,5.2904778,68.14498,-33.3079833,-70.8563415,"Irene Frei, Lampa, Santiago Metropolitan Region, Chile",CL
499,46.314938,47.918095,53.0371181,19.7401193,"Droga Wojewódzka 563, Poland",PL
500,38.926895,21.118637,-7.603961,109.5093196,"Gg. Nanas Gombong, Gombong, Kebumen, Jawa Tengah 54414, Indonesia",ID
501,47.461338,22.554665,49.8255838,24.1360538,"Ivasyuka Street, 31, Vynnyky, Lviv Oblast, Ukraine",UA
502,35.257225,57.73647,31.4152848,34.5885637,"Ahat Esre Hanekudot, Netivot, Israel",IL
503,51.062267,14.667299,31.6856485,130.2931671,"3753 Ozato, Ichikikushikino, Kagoshima Prefecture, Japan",JP
504,33.8657,57.894417,60.9521089,26.0918385,"Rantakuja 92, 16100 Iitti, Finland",FI
505,51.902386,14.169707,22.247952,114.292815,"Unnamed Road, Tung Lung Chau, Hong Kong",HK
506,61.830906,16.493517,70.0016971,29.2121019,"E6 110, 9840 Varangerbotn, Norway",PE
507,50.169918,17.715794,50.8521455,3.7258577,"Boekelbaan 69-113, 9630 Zwalm, Belgique",BE
508,30.433735,74.7464,25.1326098,55.3540214,E66 - Dubai - United Arab Emirates,AE
509,26.518673,74.87508,22.7669678,89.1407698,"Khulna - Satkhira Rd, Bangladesh",BD
510,42.61235,23.29728,49.9741088,36.3092672,"50-richchya SRSR avenue, 60Б, Kharkiv, Kharkiv Oblast, Ukraine",UA
511,52.348225,11.138259,45.6288293,4.9823708,"12 Chemin de Chaponnay, 69780 Saint-Pierre-de-Chandieu, France",FR
512,24.5439,94.5756,22.9254413,89.0065359,"Jessore - Satkhira Hwy, Bangladesh",BD
513,42.22606,10.033298,43.9925523,27.1887838,"218, 7572 Profesor Ishirkovo, Bulgaria",BG
514,46.62155,18.130554,48.0004801,37.7796199,"Torets'ka street, 10-12, Donetsk, Donetsk Oblast, Ukraine",UA
515,58.954067,21.46957,59.1243238,11.3919039,"Riksveg 22, 1772 Halden, Norway",NO
516,45.774025,18.468292,53.5181234,-9.605655,"Unnamed Road, Co. Galway, Ireland",IE
517,50.118206,15.725886,56.9564789,23.6736205,"Dzelzceļa iela 36, Jūrmala, LV-2008, Latvia",LV
518,37.961475,25.621048,-8.829275,115.084607,"Jl. Pedestrian Walk, Kuta Sel., Kabupaten Badung, Bali, Indonesia",ID
519,42.735138,23.713501,45.6045819,14.2363,"Šembije 33, 6253 Knežak, Słowenia",SI
520,52.207993,14.160909,65.9623627,24.1744528,"Kourilehdontie 337-339, 95500 Tornio, Finland",FI
521,57.92257,3.1065078,-38.2104996,175.2246101,"172 Mangawhero Road, Otorohanga 3975, New Zealand",NZ
522,53.995106,6.898841,53.6294404,10.1308204,"Pferdekoppel 4-9, 22159 Hamburg, Germany",DE
523,43.68354,39.474396,-33.9271703,18.4386055,"Invery Place, Kapsztad 8001, Republika Południowej Afryki",ZA
524,49.39539,24.572392,36.4155672,-90.389351,"4969 State Highway 141, Corning, AR 72422, USA",US
525,49.26601,6.7665205,62.6305363,22.3941525,"Lehtotie 8-10, 61300 Kurikka, Finland",FI
526,11.168001,-30.546154,36.7518471,22.7994004,"Epar.Od. Molaon-Elaias, Elea 230 52, Griechenland",GR
527,44.998302,18.194984,50.6871246,17.7325988,"Droga Krajowa 46, Poland",PL
528,57.373985,6.887466,57.9145041,27.4142587,"Ilumetsa-Rõssa, 64111 Põlva County, Estonia",EE
529,42.565624,9.459391,43.4588624,10.9153004,"SP62, Volterra, Pisa, Italy",IT
530,48.984783,19.351334,51.8073961,19.5363787,"Opolska 75, Łódź, Polonia",HK
531,37.74891,40.428436,-7.1683248,112.5699191,"Jl. Ambeng-Ambeng No.12, Duduksampeyan, Gresik, Jawa Timur 61162, Indonesia",ID
532,6.53375,111.93295,13.7012997,105.3304667,"Unnamed Road, Cambodia",UA
533,38.246895,19.799496,45.1338956,-66.8238994,"New Brunswick 1, Saint George, Nowy Brunszwik E5C, Kanada",CA
534,46.04748,-4.8200274,42.4929584,1.4994714,"CG-1, AD500 Andorra la Vella, Andorra",AD
535,50.952415,11.575271,54.3755305,23.3008071,"2642, 69228, Lithuania",LT
536,46.80061,12.152894,-40.5951068,-73.1203969,"Isla Quinchao, Osorno, Los Lagos Region, Chile",CL
537,48.68858,21.001465,31.7771157,130.9987196,"Japan, 〒885-0113 Miyazaki Prefecture, Miyakonojo, Shonaicho 県道31号線",JP
538,50.39789,22.622608,60.1512862,11.1066738,"Kjosvegen 12B, 2050 Jessheim, Norway",NO
539,52.70113,24.01596,53.9126907,14.2395823,"72-600, Poland",RU
540,9.035652,94.426834,-6.647152,106.945037,"Jl. Ke Tegal Luhur, Bogor, Jawa Barat, Indonesia",ID
541,65.44967,-25.579327,64.8212047,-22.269815,"Snæfellsnesvegur, Islandia",IS
542,26.331688,85.48993,13.5879512,107.5144746,"Unnamed Road, Cambodia",KH
543,52.124897,13.794461,50.6871246,17.7325988,"Droga Krajowa 46, Poland",PL
544,31.067032,93.76861,50.0243394,36.3355781,"Heroiv Pratsi street, 13, Kharkiv, Kharkiv Oblast, Ukraine",UA
545,26.73162,68.983116,11.016457,-74.8444981,"Carrera 51B # 1 a 99, Puerto Colombia, Atlántico, Kolumbia",CO
546,29.68312,47.54619,22.3236445,114.2713231,"11 Silverstrand Beach Rd, Clear Water Bay, Hong Kong",HK
547,43.850014,20.782284,23.0735425,89.2346331,"Jessore - Rajarhat - Monirampur - Keshabpur - Chuknagar Rd, Бангладеш",BD
548,52.921486,14.721326,55.9344363,26.1675861,"Alejas iela 1, Šēdere, Šēderes pagasts, LV-5474, Letland",LV
549,52.709164,25.314102,57.5969801,28.3201708,"Leningradskoye shosse, Pskov Oblast, Russia",RU
550,44.413204,18.351227,37.4788701,13.7129227,"Strada Provinciale 24, 93010 Milena, Caltanissetta, Italie",IT
551,29.411385,18.7854,-37.9352172,143.6455444,"760 Mill Road, Werneth Victoria 3352, Australie",AU
552,51.130806,27.894619,56.8906964,25.177123,"Akas iela 11, Ķeipene, Ķeipenes pagasts, LV-5062, Latvia",LV
553,30.527775,66.6341,24.6691419,121.7782009,"Luózhuāng 1st Street, Luodong Township, Yilan County, Taiwan 265",TW
554,42.177525,30.551205,26.9499764,-82.2434772,"5400-5408 White Avenue, Port Charlotte, Floride 33981, États-Unis",US
555,48.814293,30.485813,32.3260894,34.8563177,"Meirovich 2-8, Netanya, Israel",IL
556,46.52653,13.299705,42.424795,26.5419796,"5304, Kukorevo, Bulgaria",BG
557,49.12562,36.4405,41.9856312,140.3432862,"Unnamed Road, Shimizu, Assabu-chō, Hiyama-gun, Hokkaidō 043-1101, Japan",JP
558,31.302666,62.276066,24.9630045,55.188531,D57 - Dubai - United Arab Emirates,AE
559,-11.511561,117.48908,-34.4679268,148.6598,"Boorowa Harden Road, Boorowa Nowa Południowa Walia 2586, Australia",NO
560,19.665314,12.847913,-7.339623,-79.5886231,"Unnamed Road, Boca del Rio, Peru",PE
561,17.203918,27.213615,37.553674,-8.487249,"N266, 7665, Portugal",PT
562,33.118473,-4.120694,-5.853909,-81.0138797,"Unnamed Road, Peru",PE
563,5.767726,48.568237,-26.7135347,153.0882628,"Sunshine Motorway, Sippy Downs QLD 4556, Australia",AU
564,57.150227,18.42583,32.5429041,-92.2688643,"575 J T Griggs Road, Calhoun, LA 71225, USA",US
565,37.477943,20.37767,43.7170964,16.2033441,"22323, Nevest, Croatie",HR
566,40.779045,19.804508,16.7841709,103.1821024,"Unnamed Road, Tambon Nong Yai, Amphoe Nong Kung Si, Chang Wat Kalasin 46220, Таиланд",TH
567,34.27016,65.43996,0.9927469,110.5260609,"Unnamed Road, Serian, Sarawak, Malaysia",MY
568,57.039364,14.477048,41.5416775,24.9100723,"86, 4955 Ravnishta, Bulgaria",BG
569,28.822243,18.590942,27.3265131,90.5837093,"Unnamed Road, Bhutan",BT
570,28.377792,1.1708689,-35.5969357,-71.734968,"Miraflores, San Javier, Maule Region, Chile",CL
571,44.54754,25.713177,43.9384919,26.2245382,"2102, 7063 Borisovo, Bulgaria",BG
572,50.094658,117.98907,35.1836934,129.1980367,"산53-43 Songjeong-dong, Haeundae-gu, Busan, South Korea",KR
573,57.129208,18.917225,55.5703022,8.206978,"Blåvandvej 66, 6857 Blåvand, Denmark",RU
574,31.730968,111.8647,23.9049684,120.8586438,"544, Taiwan, Nantou County, Guoxing Township, 三合產道",TW
575,21.580275,79.6515,-7.4773463,110.218221,"Jl. Mayjen Sutoyo, Magelang Tengah, Kota Magelang, Jawa Tengah 56122, Indonesia",ID
576,38.601368,37.3411,-21.1674696,27.4951849,"Maun Road, Francistown, Botswana",BW
577,49.804966,15.821564,57.5576049,13.3778915,"1680, 514 50 Limmared, Sweden",SE
578,53.37808,7.2193785,50.3702735,4.1111734,"Rue Charles Gantois 2-24, 7120 Estinnes, Belgique",BE
579,24.391739,45.027077,22.3902408,114.3328815,"Maclehose Trail Sec. 1, Hong Kong",HK
580,42.848213,37.792606,26.8977588,89.5277486,"Phuntsholing - Thimphu Hwy, Bhutan",BT
581,19.697966,25.239372,-37.1957236,145.7614797,"267 Ut Creek Road, Alexandra VIC 3714, Australia",AU
582,51.365,24.118896,50.4437893,30.4553192,"Zaliznychna Street, 14, Kiev, Kyiv city, Oekraïne",UA
583,52.855247,25.797073,47.4604181,8.4407857,"Alter Bahnhof 2, 8107 Buchs, Switzerland",CH
584,54.416748,-1.1350901,63.9668678,-20.2732872,"Landvegur, Iceland",IS
585,41.453205,18.404716,52.1202074,4.7898166,"Meije 132-188, 2411 Bodegraven, Netherlands",BT
586,34.633995,64.67889,1.2684765,110.6558073,"Kampung Gumpey, 94700 Simunjan, Sarawak, Malaysia",MY
587,48.45886,18.993488,56.092575,26.0041956,"Loka iela, Ancene, Asare parish, LV-5210, Latvia",LV
588,60.34556,24.012589,56.3841469,23.7408113,"Saulstaru iela 14, Bērvircava, Sesavas pagasts, LV-3034, Latvia",LV
589,47.077297,14.997584,47.0660044,6.7038539,"Grand-Rue 27, 2416 Les Brenets, Switzerland",CH
590,47.20284,13.116218,54.9347235,21.7056366,"A216, Kaliningrad Oblast, Russia",RU
591,68.87713,22.710648,59.9114121,71.1658738,"R404, Khanty-Mansiyskiy avtonomnyy okrug, Russia, 628327",LT
592,37.458744,5.953747,39.3262047,-6.0539877,"Carretera de a Salvatierra, 10185 Benquerencia, Cáceres, Spain",ES
593,35.367477,39.134403,20.1699293,-102.3823969,"Calle Rubio, Michoacán, Mexikó",MX
594,45.8371,26.198853,45.5576019,5.966848,"411-437 Rue de l'Église, 73490 La Ravoire, France",LT
595,53.874798,7.4192934,43.242746,-7.8546832,"LU-P-2301, 27307 Guitiriz, Lugo, Spain",ES
596,60.424175,26.506279,56.9358534,21.9280371,"P112, Upīškalns, Kurmāle parish, LV-3301, Latvia",LV
597,-27.92022,-56.47066,-34.3765681,-67.4217392,"RN146, Mendoza, Argentina",AR
598,50.090046,8.388357,46.7009461,20.1747753,"6640 Csongrád, Levendula Street 9, Hungary",HU
599,35.176567,21.51212,46.444178,6.9113727,스위스 1822 몽트뢰 팡 듀 크호 도로 18-20,CH
600,48.884846,28.161942,46.399793,15.8583983,"Zidanškova ulica 17, 2250 Ptuj, Slovenia",SI
601,42.929516,27.539295,32.2567802,34.9209225,"Harimon, Tel Mond, Israel",IL
602,45.651836,29.467972,42.5120341,27.1656544,"539, 8108 Troyanovo, Bulgarije",BG
603,26.894669,77.316536,37.4209027,-8.5504363,"Unnamed Road, 7665, Portugal",PT
604,-20.97636,-77.45507,-28.7798239,-70.7823332,"Panamericana Norte, Vallenar, Atacama Region, Chile",CL
605,45.440117,44.416996,2.9610699,101.6967412,"Persiaran Persekutuan, Presint 13, 62300 Putrajaya, Wilayah Persekutuan Putrajaya, Malaysia",MY
606,49.11327,25.254951,50.5460821,30.3479318,"10-a line, 13, Kyyiv, Kyiv city, Ukraine",UA
607,57.587925,32.628384,56.1007085,26.5446052,"Krasta iela 9-11, Kalupe, Kalupe parish, LV-5450, Latvia",LV
608,46.32062,33.01094,-7.0563853,112.5965705,"Unnamed Road, Bungah, Gresik, Jawa Timur 61152, Indonesia",ID
609,36.793278,26.962978,39.4350337,-7.3637625,"N359 4, 7330, Portugal",PT
610,41.50668,14.557926,48.9749583,1.2272544,"D671, 27930 Saint-Luc, France",FR
611,43.619488,38.546375,40.8165902,8.4758114,"SP81, 07037 Sorso, Sassari, Italie",IT
612,48.12261,20.715702,23.2362502,120.2278521,"Zhōngshān Road, Xiaying District, Tainan City, Taiwan 735",TW
613,34.747795,31.3918,-26.4592587,27.8385788,"N1, 1805, Afrique du Sud",ZA
614,46.527985,20.541306,-32.7742434,115.8669766,"245-249 Coolup Valley Road, Coolup WA 6214, Australia",AU
615,51.616364,14.9959,47.4808691,8.0972356,"E60, 5078 Effingen, Suisse",CH
616,49.870564,24.281105,56.092575,26.0041956,"Loka iela, Ancene, Asare parish, LV-5210, Latvia",LV
617,43.970036,33.73469,38.3569132,23.6412979,"Unnamed Road, Chalkida 341 00, Greece",GR
618,50.219074,28.458199,62.9644872,22.4732781,"17629 199-205, 61430 Seinäjoki, Finland",FI
619,69.50791,19.311916,60.9521089,26.0918385,"Rantakuja 92, 16100 Iitti, Finland",FI
620,45.370945,79.927376,37.4817615,127.0488939,"1268-1 Gaepo 4(sa)-dong, Gangnam-gu, Séoul, Corée du Sud",KR
621,6.5177317,21.127232,-26.3174069,31.0826387,"MR3, Mbabane, Swaziland",SZ
622,9.649349,103.82943,3.0260518,101.4426659,"Persiaran Tengku Ampuan Rahimah, 41200 Klang, Selangor, Malaysia",MY
623,43.107044,44.172855,11.1876604,103.3893324,"NR48, ឃុំ អណ្ដូងទឹក, Cambogia",KH
624,47.791344,25.399914,46.4236541,16.1283041,"Strmec pri Ormožu 1, 2274 Velika Nedelja, Slovenia",SI
625,41.660007,16.406075,52.1655612,-100.1615897,"West Elbow Bay, Duck Bay, MB R0L 0N0, Canada",CA
626,43.879257,23.700222,23.1586984,120.5919512,"Guānshān Industry Road, Nanhua District, Tainan City, Taiwan 716",TW
627,49.585087,24.438725,54.840045,-8.4733695,"4, Portnoo, Co. Baie de Donegal, Irlande",LT
628,43.14194,61.6939,21.4026542,92.1118713,"Ramu-Maricha Rd, Bangladesh",BD
629,16.702438,129.6627,3.9892332,-73.6819086,"Calle 16 # 4-2, Acacias, Meta, Colombia",CO
630,52.44995,11.980929,58.2267178,26.6088028,"Tatra-Otepää-Sangaste, 62009 Tartu County, Estonia",EE
631,55.21368,21.137718,54.0902497,-124.1111506,"Stuart Lake Hwy, Vanderhoof, BC V0J 3A2, Canada",CA
632,-5.2775803,110.47564,14.0833571,105.3406695,"Unnamed Road, Cambodia",KH
633,53.55247,7.150264,55.4568286,9.6044814,"Varmarkvej 24-26, 6092 Sønder Stenderup, Denmark",DK
634,51.294437,13.064574,48.360202,18.2813277,"065002, 951 72 Neverice, Slovakia",SK
635,33.052715,63.034775,24.6691419,121.7782009,"Luózhuāng 1st Street, Luodong Township, Yilan County, Taiwan 265",TW
636,32.842003,41.868156,22.2735452,113.9915795,"Islands Nature Heritage Trail - Mui Wo Section, Mui Wo, Hong Kong",HK
637,42.813103,34.174885,46.3658758,30.7254374,"Dacha Kovalevs'koho street, 119А, Odesa, Odessa, Ukraine",UA
638,40.630535,53.47429,25.271139,55.307485,130 Al Khaleej Rd - Dubai - United Arab Emirates,AE
639,44.4378,7.1488276,-33.4762229,25.5522792,"R336, Afrique du Sud",ZA
640,49.78211,1.9930078,52.6569535,-6.6639592,"N80, Co. Carlow, Irlande",IE
641,40.648785,39.31949,32.4595667,35.0363839,"Yitzhak Rabin Highway, Israel",IL
642,65.44525,20.670406,63.360023,14.8484796,"751, 836 93 Lit, Sweden",SE
643,45.033047,-2.8248558,42.1600442,12.5542154,"Via del Laghetto, 95, 00065 Rome, Italy",IT
644,49.8346,23.817818,-32.0595624,151.9020732,"375-441 Faulkland Road, Faulkland NSW 2422, Australia",AU
645,57.840378,30.552364,52.2902668,16.4951204,"64-330 Dakowy Suche, Poland",PL
646,-2.1032696,16.613544,-22.2470618,26.7552455,"A14, Botswana",BW
647,50.021267,13.092733,51.9556228,4.6443733,"Groenendijk 123, 2911 BB Nieuwerkerk aan den IJssel, Pays-Bas",NL
648,-0.8245802,-33.181076,-11.9488201,-76.5050735,"Unnamed Road, Chaute, Перу",PE
649,54.82,11.304564,56.0004882,22.6008667,"E272, Pabalvė 88200, Lituanie",LT
650,37.03945,52.518925,22.310926,114.25254,"Po Lam Rd S, Hong Kong",HK
651,46.61016,8.865054,48.4301899,-1.4730224,"D175, 35460 Tremblay, France",FR
652,44.84481,6.780036,60.2740101,6.3827185,"Fylkesveg 105 20, 5627 Jondal, Norway",NO
653,37.203053,37.9114,32.2657004,34.8634485,"5611, Beit Yehoshua, Israel",IL
654,47.09719,4.922467,42.9841897,25.40373,"4041, 5386 Karaivantsa, Bulgaria",BG
655,43.093685,52.507797,57.3494997,12.9765307,"1546, 512 63 Östra Frölunda, Sweden",SE
656,40.573673,21.012787,42.4869621,1.4947572,"CG-1, AD500 Andorra la Vella, Andorra",AD
657,35.022903,41.66874,42.9582315,25.6067922,"55, 5055 Golemanite, Bulgaria",BG
658,41.00647,11.04456,42.9219778,25.8751267,"662, 5070 Elena, Bulgaria",BG
659,27.171177,22.602516,-33.9413845,25.3839602,"N2, Port Elizabeth 6018, South Africa",ZA
660,34.505035,0.24435139,37.451782,127.0009988,"451-9 Gwacheon-dong, Gwacheon-si, Gyeonggi-do, South Korea",KR
661,44.558582,16.710712,45.8161261,13.8330609,"Hruševica 1c, 6222 Štanjel, Słowenia",SI
662,59.319824,17.053236,45.6514254,15.2912759,"Bočka 5, 8330 Metlika, Slovenia",SI
663,57.06031,12.069227,61.5043353,24.7820453,"14229 12-144, 36880 Kangasala, Finland",LT
664,36.886806,48.721214,1.4167652,103.9167684,"Punggol Promenade Nature Walk, Singapore",SG
665,41.195274,21.602169,42.576472,1.6248929,"CG-2, AD100 Canillo, Andorra",AD
666,50.579693,13.879415,46.5386283,6.5175373,"Route de Bremblens, 1027 Lonay, Switzerland",CH
667,58.077984,22.291164,57.7555135,24.8911586,"P15, Alojas lauku teritorija, LV-4064, Latvia",LV
668,58.360218,28.970364,43.474454,144.3017001,"Akan-Odan Rd, Okushunbetsu, Teshikaga-chō, Kawakami-gun, Hokkaidō 088-3228, Japan",JP
669,57.75465,23.71154,56.9341177,27.159507,"Vītolu iela 2, Skujetnieki, Lazdukalna pagasts, LV-4577, Lettonie",LV
670,38.390762,10.172793,36.5088333,22.3596103,"Unnamed Road, Kipoula 230 71, Greece",GR
671,23.111494,27.89164,-7.8381801,112.6945343,"Gg. Argo Dua, Lawang, Malang, Jawa Timur 65211, Indonesia",ID
672,55.7704,14.816611,48.0689559,18.1099166,"580, 942 01 Šurany, Slovakia",SK
673,42.549778,37.028667,23.42986,120.1949581,"614, Tajwan, Jiayi, Dongshi Township, 170縣道",TW
674,23.198738,7.324253,36.5088333,22.3596103,"Unnamed Road, Kipoula 230 71, Greece",GR
675,41.365063,48.083557,49.9834783,36.3064358,"Dons'kyi lane, 3, Kharkiv, Oblast de Kharkiv, Ukraine",UA
676,30.266907,63.423622,50.0922194,20.0136974,"Samorządowa, 31-812 Kraków, Polska",PL
677,57.13756,-17.372578,64.9385675,-23.091517,"Kolgrafavegur, Islandia",IS
678,49.505672,14.474686,46.5208009,6.5380785,"Chemin du Chaney 6, 1026 Denges, Switzerland",CH
679,50.91747,5.184719,52.306179,4.6687844,"Lindholm 34, 2133 CV Hoofddorp, The Netherlands",NL
680,31.409187,20.015617,4.6231647,-74.1869381,"Transversal 87B # 58S-1 a 58S-99, Bogota, Cundinamarca, Kolumbia",CO
681,22.548817,64.72916,22.3107687,91.8570272,"N1, Bangladesh",BD
682,44.420288,-19.65501,32.7128813,35.4823485,"767, Yavne'el, Israel",IL
683,21.167439,75.01212,-6.4574324,110.8552797,"Unnamed Road, Keling, Jepara, Jawa Tengah 59454, Indonesien",ID
684,45.325222,25.943905,40.8761064,-3.5893572,"Calle de las Esperillas, 28192 El Berrueco, Madrid, Spain",ES
685,42.308094,13.982672,46.6354386,16.2442538,"Gančani 162, 9231 Beltinci, Slovenia",SI
686,57.91576,14.027252,55.9682367,14.1145382,"Mosslundavägen 318, 291 91 Kristianstad, Sweden",SE
687,54.7654,26.595146,62.4724881,14.2152916,"315, 840 32 Klövsjö, Sweden",NZ
688,58.606598,0.5971427,4.9261488,-74.428179,"I-50 # 76, Sasaima, Cundinamarca, Colombia",CO
689,37.464,-7.7103395,-26.1892086,-50.3995687,"Rua Deodato de Lima, 490-588 - Alto do Palma, Canoinhas - Santa Catarina, 89460-000, Brazil",BR
690,52.05274,23.160519,-23.6501651,146.8974379,"40717 Capricorn Highway, Port Wine QLD 4724, Australia",AU
691,30.793194,37.93944,20.9439112,-87.3239713,"Carretera Federal 180, Leona Vicario, Quintana Roo, Mehhiko",MX
692,47.893612,36.755245,45.5579814,1.8533648,"D157, 19260 Lestards, France",FR
693,14.727495,92.308075,11.5826405,105.4781551,"NR8, Kambodscha",KH
694,52.647778,30.757915,23.7887981,89.3376333,"Dhaka - Kushtia Hwy, Bangladesh",BD
695,36.83318,21.904293,48.360202,18.2813277,"065002, 951 72 Neverice, Slovakia",SK
696,49.456104,50.24002,51.8361525,-9.4166316,"Unnamed Road, Co. Kerry, Ireland",IE
697,46.289913,12.538393,45.9477931,13.7190478,"Šmihel 18b, 5261 Šempas, Slovenia",SI
698,33.44406,-25.611801,46.0880594,-118.9102614,"US-12, Burbank, WA 99323, USA",HU
699,45.229332,22.20206,26.8963948,89.4353561,"Unnamed Road, Bhutan",BT
700,57.599888,13.928698,51.8064368,4.8818081,"Bandijk, 4251 Werkendam, The Netherlands",NL
701,23.907795,-14.157775,-26.5994848,31.1517241,"MR4, Swaziland",SZ
702,46.093147,20.986984,-40.550504,175.4217367,"5-9 East Road, Shannon 4821, New Zealand",NZ
703,59.93633,9.983944,47.2902073,26.8209199,"DJ281C, Romania",GR
704,28.456379,79.678246,22.4575375,91.7308375,"Dhaka - Chittagong Hwy, Bhatiari, Bangladesh",BD
705,48.714607,25.210785,45.9606244,15.6856872,"Bizeljsko- Čatež, 8258 Kapele, Slovenija",SI
706,54.666946,31.51892,46.3766927,16.5309722,"Glavna ulica 34-36, 40321, Mala Subotica, Croatia",HR
707,40.13367,18.629059,35.1501918,128.8861434,"342-29 Beombang-dong, Gangseo-gu, Busan, South Korea",KR
708,53.907696,20.834358,52.0284393,16.3191708,"Zaborowska, 64-234, Poland",PL
709,31.391235,18.938747,-24.9234181,25.4087804,"B105, Botswana",BW
710,52.535748,58.88115,22.7423596,120.2782185,"Jiǎdiǎn Street, Qiaotou District, Kaohsiung City, Taiwan 825",TW
711,-10.760333,5.333232,26.9192259,-98.9750176,"Farm to Market 2687, Hebbronville, Texas 78361, États-Unis",US
712,17.595158,40.730553,24.9493248,55.2331966,E 611 - Dubai - United Arab Emirates,AE
713,33.839146,83.64284,59.3922357,9.3227482,"Valebøvegen 236, 3820 Nordagutu, Norway",NO
714,58.948086,47.0573,58.3394227,26.7251962,"Jalaka 64, 50105 Tartu, Estonia",SI
715,10.751313,64.095634,-6.4574324,110.8552797,"Unnamed Road, Keling, Jepara, Jawa Tengah 59454, Indonesien",ID
716,52.768917,12.047127,47.8662738,19.6247768,"3052 Csécse, Rákóczi Way 41, Hungary",HU
717,55.795017,-8.087209,51.712452,-8.8877594,"Unnamed Road, Co. Cork, Irlandia",IE
718,29.994656,98.8968,37.4801747,126.4782739,"2091-95 Unseo-dong, Jung-gu, Incheon, Corée du Sud",KR
719,52.908028,21.286968,52.0376974,8.4885073,"Morgenbreede 41, Bielefeld University, 33615 Bielefeld, Germany",DE
720,46.462727,25.33088,42.5933474,22.9218666,"6032, 2342 Leskovets, Bulgaria",BG
721,56.072926,63.812088,35.0295204,138.9491236,"Shimoda Hwy, Sōkōji, Izunokuni-shi, Shizuoka-ken 410-2302, Japan",JP
722,51.40169,11.974994,50.4430329,15.9635208,"3073, 552 05 Brzice, Czech Republic",CZ
723,31.398827,47.366024,54.2489439,15.9549018,"Nadmorska 83, 76-034 Sarbinowo, Poland",PL
724,54.022335,12.101386,60.0956032,22.4207743,"Verkviksvägen 161, 25870 Kimitoön, Finland",AU
725,21.300175,77.696045,22.4489763,114.1620439,"12-40 Kam Shan Rd, Tai Po, Hong Kong",HK
726,52.053093,14.577855,-38.4717165,176.3557036,"171 Strathmore Road, Reporoa 3081, New Zealand",NZ
727,47.749516,56.64373,37.5210173,126.8431166,"15 Sinwol-ro 19-gil, Yangcheon-gu, Seoul, South Korea",KR
728,44.420322,27.667656,57.6882267,-2.0197858,"23 Hillcrest, Fraserburgh, Aberdeenshire AB43, UK",GB
729,41.493652,19.189564,45.2908913,16.0711935,"D6, 44403, Dolnjaki, Croatia",HR
730,53.824017,9.400165,54.3582555,-8.1248524,"Unnamed Road, Co. Leitrim, Ireland",IE
731,42.531506,21.126919,42.5235367,1.6831886,"Ctra. de Grau Roig, AD200 Encamp, Andorra",AD
732,53.880196,22.740238,59.2981805,25.4020745,"Kose-Jägala, 74409 Harju County, Estonia",EE
733,43.994434,29.505394,27.0756616,91.5154883,"Unnamed Road, Bhutan",BT
734,52.249115,16.0978,18.6338209,100.9660784,"1243, Tambon Nam Pai, Amphoe Mae Charim, Chang Wat Nan 55170, Thailand",TH
735,44.120358,3.617845,9.2970747,-75.4091398,"Calle 24A # 9-2 a 9-100, Sincelejo, Sucre, Colombia",CO
736,25.570477,123.196236,1.3031701,103.8641979,"17 Beach Rd, Singapore",SG
737,22.28695,27.365543,37.065568,22.724805,"Epar.Od. Leonidiou - Kosma, Notia Kinouria 230 58, Greece",GR
738,50.62325,16.327538,-35.4121651,-71.6566941,"Seis Oriente 2199-2291, Talca, Maule, Chili",CL
739,53.57251,20.296581,56.4448605,22.1346583,"Krasta iela 1, Kalni, Nīgrande parish, LV-3898, Latvia",LV
740,38.233574,56.005108,22.2753197,113.9443117,"Wong Lung Hang Rd, Lantau Island, Hong Kong",HK
741,-2.3659258,168.83336,15.5981651,105.2315445,"Unnamed Road, Tambon Tabai, Amphoe Si Mueang Mai, Chang Wat Ubon Ratchathani 34250, Thailand",TH
742,61.84627,15.091733,53.235195,6.618029,"Dek 13, 9732 HW Groningen, Nederländerna",NL
743,15.754516,69.609436,22.3557708,114.1654801,"Kowloon Hills Fitness Trail, Lion Rock, Hong Kong",HK
744,38.263203,35.71861,4.5431515,101.3115495,"185, 31300 Ipoh, Perak, Malaysia",MY
745,58.599632,18.463108,64.6634989,20.8944604,"GÄRDSMARK 271, 931 95 Skellefteå, Sweden",SE
746,52.17838,25.212452,46.4343637,30.7563812,"Tinysta street, 8, Odesa, Odessa Oblast, Ukraine",UA
747,53.376194,26.393333,49.3177094,14.0307998,"4, 397 01 Drhovle, Czech Republic",CZ
748,27.536133,95.28379,1.3068416,103.6846255,"57 Shipyard Rd, Singapore 628142",SG
749,36.02448,18.798931,-8.4656126,114.9141305,"Jl. Raya Denpasar Gilimanuk, Selemadeg Bar., Tabanan, Bali, Indonesia",ID
750,45.854156,7.7320356,49.9716302,36.2203708,"Kotlyarevs'koho street, 16-18, Kharkiv, Oblast de Kharkiv, Ukraine",UA
751,23.999401,28.405796,-33.3510147,-66.3639927,"Autopista de las Serranías Puntanas, San Luis, Argentina",AR
752,37.42822,72.961555,10.2540997,-75.3430907,"Carrera 40 # 1 a 99, Arjona, Bolivar, Colombia",CO
753,25.217659,43.06681,25.1403695,55.1322195,Crescent Rd - Dubai - United Arab Emirates,AE
754,55.055904,15.5335,44.4613818,24.6220656,"DJ546B, Romania",RO
755,38.230312,31.160385,-25.3319361,28.3943053,"De Wagendrift, South Africa",ZA
756,55.918232,20.30774,48.399294,20.2688545,"50, 982 51 Stránska, Slovakia",SK
757,37.690495,2.0662746,42.6043344,1.6389165,"Ctra. de Ransol, AD100 Canillo, Andorra",AD
758,50.92677,23.274624,47.6737164,19.1110651,"2015 Szigetmonostor, Horánygyöngye Street 61, Hungary",HU
759,42.867733,14.338033,-13.6496882,132.130589,"Kakadu Highway, Burrundie NT 0822, Australia",AU
760,51.045795,18.207947,52.0071331,8.5921423,"Reichenberger Straße 39, 33605 Bielefeld, Tyskland",DE
761,32.99815,116.22169,37.6719704,21.242918,"Epar.Od. Pirgou-Katakolon, Pirgos 270 67, Grækenland",GR
762,20.680252,-10.659648,-27.3077097,-70.433543,"C-386, Copiapó, Atacama Region, Chile",CL
763,51.427753,13.247232,54.6731682,11.7149473,"Sakskøbingvej, 4880 Nysted, Denemarken",DK
764,52.079983,2.2905297,56.2296196,-3.4518129,"A91, Kinross, Perth and Kinross KY13 0RH, UK",GB
765,35.10552,52.35408,24.4482544,124.210927,"Japan, 〒907-0451 Okinawa-ken, Ishigaki-shi, Fukai 県道87号線",JP
766,46.196266,9.317003,49.6719465,14.8271042,"1256, 257 06 Veliš, Czech Republic",CZ
767,-14.201554,41.26776,-25.6200228,27.9932365,"6118 Pilane Street, Ga-Rankuwa 0208, Afrique du Sud",ZA
768,46.361473,45.594437,2.9018825,101.8678174,"Jalan Semenyih, 43000 Beranang, Selangor, Malaysia",MY
769,44.799915,13.091374,48.6925744,18.3545008,"E572, 958 54 Hradište, Slovakia",SK
770,54.589085,16.564823,60.0304759,30.2852531,"ulitsa Repishcheva, 20, Saint Petersburg, Russia, 190000",RU
771,51.221947,17.600193,57.6483832,25.0363497,"Skolas iela 26, Matīši, Matīši parish, LV-4210, Latvia",LV
772,49.34627,30.498737,27.5451262,90.1132348,"Wangdue Phodrang - Nobding Hwy, Bhutan",BT
773,47.719173,11.978516,46.3880665,6.1530764,"Chemin du Vivier, 1278 La Rippe, Switzerland",CH
774,42.665646,57.020275,22.404547,113.9669865,"Ming Kum Rd, Tuen Mun, Hong Kong",HK
775,54.248913,8.145545,50.6871246,17.7325988,"Droga Krajowa 46, Poland",PL
776,49.63253,40.508694,49.7912298,24.0667847,"Kos-Anatol's'koho street, 18, Lviv, Lviv Oblast, Ukraine",UA
777,31.461903,53.48424,24.9883384,55.0212371,D53 - Dubai - United Arab Emirates,AE
778,42.434036,11.786283,50.9092251,7.0808557,"Theodor-Heuss-Straße, 51149 Köln, Tyskland",DE
779,37.063942,14.130572,-28.558924,-58.7178825,"RN12, Corrientes, Argentina",AR
780,34.778526,50.421284,23.4940625,120.79398,"605, Kínai Köztársaság, Chiayi County, Alishan Township, 阿里山公路",TW
781,41.00637,89.9153,50.8810774,4.6908401,"Brusselsestraat 204, 3000 Leuven, Belgium",BE
782,74.59066,17.955795,58.7130908,-123.6627944,"Alaska Hwy, Northern Rockies A, BC V0C, Kanada",CA
783,51.050137,21.816406,49.4791398,15.5122777,"Větrný Jeníkov 67, 588 42 Větrný Jeníkov, Czech Republic",CZ
784,49.691887,7.827033,45.8655705,14.9706752,"Zagorica pri Dobrniču, 8211 Dobrnič, Slovenia",SI
785,45.933914,15.79505,37.4166671,126.9789881,"394-1 Galhyeon-dong, 果川市京畿道韩国",KR
786,41.141857,13.845045,47.1703036,7.4336323,"Solothurnstrasse 23, 3296 Arch, Switzerland",CH
787,49.773308,11.2568655,63.4320243,10.5962625,"Fylkesveg 874 670, 7560 Vikhammer, Norwegen",NO
788,45.56091,1.96527,42.483912,1.457449,"Ctra. de Canòlich, AD600 Sant Julià de Lòria, Andorra",AD
789,51.515926,-6.630499,54.655313,-8.1997999,"Unnamed Road, Co. Donegal, Ireland",IE
790,54.499863,13.669244,58.6921679,11.8847164,"945, 450 54 Hedekas, Sweden",SE
791,48.789318,20.924862,50.9574798,18.2095391,"Nowodworska 4, Kluczbork, Poland",PL
792,59.890995,-14.909509,64.5188188,-22.0874949,"Alftaneshreppsvegur, Iceland",IS
793,45.76515,6.914139,51.1847416,19.4152902,"Gmina Kamieńsk, Poland",PL
794,39.962635,-21.56205,4.57868,-74.2431538,"Calle 5, Soacha, Cundinamarca, Colombia",CO
795,41.768627,12.286967,46.7009461,20.1747753,"6640 Csongrád, Levendula Street 9, Hungary",HU
796,29.654877,126.223404,3.0588855,101.6920637,"Jalan Merah Cagar, Bukit Jalil, 57000 Kuala Lumpur, Wilayah Persekutuan Kuala Lumpur, Malaysia",MY
797,47.405285,18.459095,45.9745408,-70.7501836,"366-452 4e Rang N, Saint-Honoré-de-Shenley, QC G0M 1V0, Canada",CA
798,45.25398,15.738788,52.5671361,-9.0873055,"Unnamed Road, Co. Limerick, Ireland",IE
799,48.906403,11.524741,43.3951111,-5.2106298,"AS-260, 33548 Parrés (Santa María Magdalena), Asturias, Spain",ES
800,46.462784,20.641388,51.6497215,20.9744784,"26-800 Szczyty, Poland",PL
801,55.42345,5.5967164,56.2713291,14.753231,"Hemsjövägen 1533, 376 36 Svängsta, Suède",CH
802,31.457012,104.125786,50.4375398,30.5285846,"Mechnykova street, 3А, Kyyiv, Kyiv city, Ukraine",UA
803,50.227505,11.3785715,52.108108,5.029727,"Jan Vogellaan, 3451 Vleuten, The Netherlands",NL
804,55.990612,20.765629,59.3741886,24.3116328,"Keila-Keila-Joa, 76715 Harju County, Estonia",EE
805,49.85998,-12.105115,46.945793,9.5456058,"A13, 7205 Zizers, Switzerland",CH
806,47.57381,22.276772,27.065196,142.2123071,"Japan, 〒100-2101 Tōkyō-to, Ogasawara-mura, Chichijima 都道240号線",JP
807,54.90671,12.81062,42.8639573,-79.0764126,"4318-4384 Erie Road, Fort Erie, ON L0S 1N0, Canada",CA
808,56.77541,13.165543,45.9436198,2.3200178,"D9, 23260 Saint-Silvain-Bellegarde, France",FR
809,49.32916,2.2574062,47.3427773,8.6017569,"8125, Szwajcaria",HK
810,58.96536,7.121764,64.0343611,-20.3371822,"Þjórsárdalsvegur, Islande",IS
811,34.55789,3.583057,-46.1696478,168.4474917,"1200 Winton-Hedgehope Highway, Browns 9781, New Zealand",NZ
812,27.802197,72.57098,-22.8095928,-43.6485027,"Rua Vicente Celestino, 463-739 - Campo Lindo, Seropédica - Rio de Janeiro, 23890-000, Brazylia",BR
813,50.836887,24.371613,43.2885584,-6.434628,"AS-15, 33876 Tineo, Asturias, Spain",ES
814,57.854046,34.996063,60.3343464,11.288016,"Østsidavegen 470, 2080 Eidsvoll, Norway",NO
815,30.6278,39.47041,-26.0860172,28.2661655,"23-25 Witstinkhout Avenue, Kempton Park 1619, South Africa",ZA
816,57.523224,-27.150814,63.4868879,-18.537007,"Þjóðvegur, Iceland",US
817,41.664177,22.836414,43.2852184,27.0198126,"2, Sjoemen, Bulgarije",BG
818,50.8827,12.349944,27.0981117,142.2124805,"Japon, 〒100-2101 Tōkyō-to, Ogasawara-mura, Chichijima 都道240号線",JP
819,25.486164,22.560242,42.1557752,-1.675573,"Camino Cementerio, 31590 Castejón, Navarre, Spain",ES
820,40.53537,45.484077,22.287626,113.955909,"Unnamed Road, Hongkong",HK
821,30.859688,54.468178,42.1984633,142.6597739,"871 Ogifushichō, Urakawa-chō, Urakawa-gun, Hokkaidō 059-3451, Japan",JP
822,56.814217,27.838127,-29.0996224,-59.6467948,"RN11, Santa Fe, Argentina",AR
823,48.997746,6.174512,56.4187708,24.0604731,"P103, Rundāles pagasts, LV-3921, Latvia",LV
824,46.945644,-2.9696279,64.5451331,-21.3400042,"Lundarreykjadalsvegur, Iceland",IS
825,46.486217,8.3492,46.558345,20.3155025,"6635 Szegvár, 45, 헝가리",HU
826,52.90811,12.192165,48.0643267,7.1369913,"9-11 Route du Linge, 68140 Hohrod, France",FR
827,21.065718,56.937622,-29.7286067,31.0806513,"M4, Umhlanga 4320, South Africa",ZA
828,46.237617,13.735532,46.5973768,18.8169301,"7030 Paks, 6233, Hongrie",FI
829,39.62418,25.338886,1.5420999,103.6138908,"Jalan Pulai 65, Taman Pulai Utama, 81300 Skudai, Johor, Malaysia",MY
830,48.276287,11.866294,52.2429156,-6.3271366,"Waddingsland, Co. Wexford, Ireland",IE
831,49.41014,26.216984,49.6487079,14.7401604,"150, 257 03 Jankov, Czech Republic",CZ
832,49.761864,8.649775,51.6363662,5.5982421,"Duifhuizerweg 12, 5406 TB Uden, Нидерланды",NL
833,21.44962,63.65588,22.2539768,113.9053381,"Ngong Ping Fun Walk, Lantau Island, Hong Kong",HK
834,50.45438,5.4454083,41.3549455,15.7802657,"A14, 71045 Orta Nova, Foggia, Italie",IT
835,53.18929,1.0547069,52.8389019,-8.3069255,"Unnamed Road, Co. Tipperary, Ireland",IE
836,46.981487,21.76223,45.4821717,13.7662449,"Župančiči 10, 6274 Šmarje, Slovenia",SI
837,57.37667,10.580103,43.431749,145.1304098,"67 Mihara, Betsukai-chō, Notsuke-gun, Hokkaidō 086-0656, Japon",JP
838,46.62609,6.4973392,42.424795,26.5419796,"5304, Kukorevo, Bulgaria",BG
839,37.305847,31.824284,-17.1340704,-71.772909,"Costanera Norte, Peru",PE
840,40.166668,25.844341,22.4161102,114.1483633,"Maclehose Trail Sec. 8, Tai Mo Shan, Hong Kong",HK
841,13.92769,153.69954,22.4078651,113.9672464,"99 Ming Kum Rd, Tuen Mun, Hong Kong",HK
842,43.812748,-8.952864,61.9031855,9.0075924,"Fylkesveg 453 10, 2680 Vågå, Norway",NO
843,32.96196,19.751629,37.6059591,-1.6592968,"Carretera de Aguilas, 30813, Murcia, Spain",ES
844,54.305573,-3.283948,53.8078739,-8.766311,"N83, Co. Mayo, Ireland",IE
845,38.915836,8.526223,-20.3316628,-70.1438871,"A-626, Iquique, Tarapacá Region, Chile",CL
846,51.964336,11.689984,52.5807823,6.2532038,"Korenweg 1, 7711 GB Nieuwleusen, The Netherlands",NL
847,19.792316,61.402718,-42.6723271,147.1511142,"1160 Church Road, Broadmarsh Tasmanie 7030, Australie",AU
848,32.36573,16.613955,-33.011541,27.6747533,"R346, Republika Południowej Afryki",LT
849,43.884083,15.083089,23.3747214,120.3558376,"Taiwan, Tainan City, 中山高速公路",TW
850,39.573822,8.515732,54.650288,23.1121544,"5110 40, Gudeliai 70199, Lithuania",LT
851,23.913597,78.19648,-25.833471,28.2009306,"148 Selborne Avenue, Centurion 0157, South Africa",ZA
852,48.96648,16.014256,-38.0973101,145.2767166,"70 Camms Road, Cranbourne VIC 3977, Australia",AU
853,41.984722,33.484425,-11.2517782,-75.6718261,"Carretera a Huasahuasi, Huasahuasi, Перу",PE
854,30.743866,75.87963,3.395274,101.7696205,"Jln Institut Aminuddin Baki, 69000 Genting Highlands, Pahang, Malaisia",MY
855,44.722267,3.2291503,50.7503289,3.5944308,"Spinstersstraat 28, 9600 Ronse, Belgium",BE
856,46.12053,-13.747109,-33.4488556,151.3213415,"10 Jacaranda Crescent, Tascott NSW 2250, Australia",AU
857,50.055653,34.450916,52.1090174,5.7129458,"Kanaaldijk Noord, Heeswijk-Dinther, The Netherlands",NL
858,29.71717,19.25441,38.8963481,20.9490753,"Unnamed Road, Aktio Vonitsa 300 02, Greece",GR
859,51.80422,16.276669,60.774201,10.20785,"Vestsidevegen 162, 2860 Hov, Norway",NO
860,58.145653,22.025322,54.997071,-114.0404881,"Alberta 44, Chisholm, AB T0G 0N0, Canada",CA
861,39.711807,10.167014,47.2743952,17.1731857,"9500 Celldömölk, 843, Hungary",HU
862,49.049313,16.576553,-45.875302,168.6914977,"Lumsden-Riversdale Highway, Waimea 9776, New Zealand",NZ
863,40.205875,31.123886,11.2331998,-74.1921175,"Carrera 19E # 28B-1 a 28B-99, Santa Marta, Magdalena, Colombia",CO
864,50.430016,56.55502,44.0390677,24.6101991,"DC120B, Romania",RO
865,26.738697,88.566345,27.5494586,89.6515598,"Dechenchholing-Dodena Lam, Bhutan",BT
866,46.89466,32.576313,46.0353405,14.4888711,"Pod bukvami 22, 1000 Ljubljana, Słowenia",SI
867,62.089764,0.7058773,65.5910898,-22.4992466,"Vestfjarðavegur, Iceland",IS
868,34.89889,74.06182,14.8322273,104.3047067,"Unnamed Road, Tambon Non Pun, Amphoe Phrai Bueng, Chang Wat Si Sa Ket 33180, Thaïlande",BW
869,66.11481,21.664822,60.0894487,24.2086634,"Ingå Kustvägen 167-185, 10160 Ingå, Finland",FI
870,49.99588,12.004801,55.941555,21.6912038,"E272, 90391, Lithuania",LT
871,46.50038,8.460111,51.6482068,4.8572791,"Van Dubbelmondestraat 21, 4901 VH Oosterhout, The Netherlands",NL
872,37.954662,27.469086,47.7417491,26.6700809,"Strada Războieni, Botoșani, Romania",RO
873,43.396374,18.19357,20.6049273,-103.3751432,"Calle Santa Monica, Nueva Santa María, 45530 JAL, Mexico",MX
874,45.314148,20.618614,45.4987139,15.5351628,"Splitska ulica 33-35, 47000, Karlovac, Croatia",HR
875,28.793308,-9.2548685,41.2846679,-0.8557017,"CV-303, 50133 Almonacid de la Cuba, Provinz Saragossa, Spanien",ES
876,26.888908,-0.8139124,48.2878569,18.1344725,"Dolná 4-6, 949 07 Nitra-Janíkovce, Slovakia",SK
877,36.354317,27.071774,-23.6762321,-46.7126569,"Avenida Antônio Veríssimo Alves, 2-158 - Jardim Guarapiranga, São Paulo, 04770-010, Brazilië",BR
878,38.268715,40.59246,36.594343,-6.2419423,"Calle Escritor José Navarret, 1, 11500 El Puerto de Santa María, Cádiz, Spain",ES
879,44.242344,17.409822,45.160302,42.0594167,"ulitsa Ishkova, Mikhaylovsk, Krai de Stávropol, Rusia, 356236",RU
880,52.932034,11.75081,51.1763359,6.8616084,"Peter-Krahe-Straße 32, 40599 Düsseldorf, Allemagne",DE
881,38.406555,-5.1354613,43.0147002,23.474167,"161, 2152 Rashkovo, Bulgaria",US
882,45.462936,19.571678,-26.9000355,30.9810859,"MR13, Sicunusa, Swaziland",SZ
883,35.4257,40.353363,25.1322887,55.1167478,Crescent Rd - Dubai - United Arab Emirates,AE
884,43.857,-18.62553,-34.0367271,18.4647749,"1 Marston Road, Cape Town 7800, South Africa",ZA
885,46.156525,1.5987077,42.5151073,1.5483343,"Camí de Coll de Jou, AD700 Escaldes-Engordany, Andorra",AD
886,45.97754,17.332518,53.651544,23.4309359,"Droga Wojewódzka 670, Pologne",PL
887,8.885781,9.234905,41.7002311,-8.8563218,"Marginal, 4900 Viana do Castelo, Portugal",PT
888,47.799145,4.471196,-33.9180682,18.8902779,"Tydemanhof Road, Stellenbosch 7600, South Africa",ZA
889,30.53933,61.33143,1.2425373,103.8268903,"120 Tanjong Beach Walk, Singapore 098942",SG
890,33.95355,-1.565057,32.4293409,34.9098038,"HaDror 1-13, Hadera, Israel",IL
891,41.113884,15.236228,42.9219778,25.8751267,"662, 5070 Elena, Bulgaria",BG
892,54.10002,7.7130003,47.4604181,8.4407857,"Alter Bahnhof 2, 8107 Buchs, Switzerland",CH
893,46.5631,-5.645487,47.985487,4.190266,"D125, 10210 Balnot-la-Grange, France",FR
894,36.572273,47.678482,36.2265067,23.0829215,"μονοπ. Φάρου Αβλέμονα, Avlémonas 802 00, Greece",GR
895,61.032677,15.745519,51.1212069,13.8486081,"Ullersdorf-Langebrücker Straße, 01099 Dresden, Germany",DE
896,46.136456,32.03483,53.201038,50.1000423,"Volzhskiy prospekt, 1, Samara, Samara Oblast, Russia, 443010",RU
897,33.81147,83.65296,1.3152822,103.6908375,"26 Benoi Sector, Singapore 629858",SG
898,58.21112,-5.5922112,52.4363984,15.58603,"Konstytucji 3 Maja 61, 66-300 Międzyrzecz, Poland",AU
899,46.312397,12.073957,53.0353793,-1.2872484,"B600, Nottingham, Nottinghamshire NG16 3QX, UK",GB
900,48.02718,47.08454,55.4289106,11.7881968,"Ahorn Alle 1, 4100 Ringsted, Denmark",DK
901,34.78073,45.21856,37.6223517,126.8374742,"985 Haengsin 1(il)-dong, Deokyang-gu, Goyang-si, Gyeonggi-do, South Korea",KR
902,13.552163,-21.201336,-15.836903,-71.0895441,"Salinas and Aguada Blanca National Reservation, 34A, Peru",PE
903,39.01294,-10.78838,39.7183281,-8.4571886,"R. Profa. Dona Maria José Marques, 2435, Portugal",PT
904,45.940655,13.604428,36.733052,-3.4375369,"GR-5209, Motril, Provincie Granada, Španělsko",ES
905,38.80481,21.962845,58.5226035,23.8134173,"Risti-Hallivanni, 88202 Pärnu County, Estonia",EE
906,46.74923,19.083733,40.2582176,-86.0692307,"3116 South 300 West, Tipton, IN 46072, USA",US
907,42.45592,-17.911144,50.8810774,4.6908401,"Brusselsestraat 204, 3000 Leuven, Belgium",BE
908,48.412106,11.525016,52.3953338,9.7692239,"Holbeinstraße 4, 30177 Hanover, Germany",DE
909,-28.187195,-24.46553,-23.681213,26.5105063,"A1, Botswana",BW
910,41.783596,17.56996,-42.6723271,147.1511142,"1160 Church Road, Broadmarsh Tasmanie 7030, Australie",AU
911,55.53312,11.739045,46.7157509,6.4130155,"9, 1337 Vallorbe, Szwajcaria",GR
912,39.744106,25.861267,31.5414116,34.6191585,"232, Israel",IL
913,12.961897,-59.380104,-30.7320547,-70.9595955,"D-55, Monte Patria, Coquimbo Region, Chile",CL
914,46.738216,22.346348,43.5885166,26.6791093,"205, Yasenovets, Bulgaristan",BG
915,46.48664,14.619466,54.1118377,15.7287992,"78-113 Świelubie, Polska",MY
916,21.577702,-37.56581,43.7150622,-102.3927927,"18300-18338 South Dakota 44, Buffalo Gap National Grassland, Scenic, SD 57780, USA",US
917,37.73965,48.14135,42.5534489,1.5886525,"CG-2, AD100 Canillo, Andorra",AD
918,48.121376,26.397518,37.9367396,21.1458227,"Riga Fereou, Killíni 270 68, Greece",GR
919,41.47907,43.691093,1.3239031,103.6333921,"61 Tuas Cres, Singapore 638737",SG
920,23.84055,78.56194,9.4224658,97.8695219,"Ko Phra Thong, Khura Buri District, Phang-nga, Thailand",TH
921,54.009266,-2.2596893,52.1473641,6.7014308,"Eibergsestraat 191, 7481 HJ Haaksbergen, Pays-Bas",LT
922,34.742294,39.560616,40.4201942,-7.9417453,"N230, 3405, Portugalia",PT
923,41.746902,11.835715,-27.0254956,31.9309194,"MR14, Nsoko, Swaziland",SZ
924,4.661022,32.961624,-24.1931506,30.4097104,"R36, South Africa",ZA
925,23.95739,38.9425,24.8821834,55.0452475,Sheikh Mohammed Bin Zayed Rd - Dubai - United Arab Emirates,AE
926,47.59739,12.95657,52.2593504,6.1524628,"Korte Davostraat 2, 7412 VH Deventer, The Netherlands",NL
927,44.82893,19.599815,43.3730489,11.7693861,"Strada Provinciale 73 bis, 52041 Civitella in Val di Chiana, Arezzo, Italy",IT
928,57.1666,7.7305365,55.6700232,12.3674337,"Stensmosevej, 2620 Albertslund, Denmark",DK
929,46.38087,33.241142,32.4057996,-117.055465,"Avenida Los Cuñados, Plan Libertador, Baja California, Mexico",MX
930,41.733,-8.918555,53.8309646,22.9797964,"Konwaliowa 18-20, Augustow, Poland",PL
931,18.12395,-35.58042,-37.0696697,-70.4004053,"RP41, Neuquén, Argentina",AR
932,45.601067,54.34814,38.1244593,-85.6755919,"4611-4701 Miles Lane, Louisville, Κεντάκι 40219, Ηνωμένες Πολιτείες",US
933,14.762862,1.9102852,-7.339623,-79.5886231,"Unnamed Road, Boca del Rio, Peru",PE
934,53.524498,14.443496,23.5388422,89.6490877,"Mawa - Bhanga Hwy, Bangladesh",BD
935,38.10099,14.630618,42.9582315,25.6067922,"55, 5055 Golemanite, Bulgaria",BG
936,38.776093,8.477068,46.0626084,16.2384412,"Vrbovo, 49283, Vrbovo, Croatia",HR
937,50.094013,-10.387787,-30.528768,29.9057469,"R56, South Africa",ZA
938,22.21655,72.72856,20.7615518,-101.3420783,"Carretera Federal 45, Lo de Juárez, État de Guanajuato, Mexique",MX
939,-22.923847,-48.747627,66.0308991,-16.4538317,"Norðausturvegur, Iceland",IS
940,41.298878,18.061684,48.1225061,22.0129833,"4522 Nyírtass, 41103, Maďarsko",HU
941,41.875973,40.602165,42.1001276,12.5043795,"Strada Provinciale 16a, 101-121, 00060 Riano Rome, Italy",IT
942,50.638283,12.719988,47.859988,20.7586119,"3441 Mezőkeresztes, M3, Hungary",HU
943,48.78253,15.216376,46.2832857,-73.7641883,"180-224 Rue Jean Baptiste Lepage, Saint-Damien, QC J0K, Canada",CA
944,43.459484,49.313843,53.190307,-1.2820908,"39 Park Avenue, Glapwell, Chesterfield, Derbyshire S44 5PZ, UK",PE
945,45.98179,-9.615285,42.5452988,1.4829278,"CG-4, AD400 La Massana, Andorra",AD
946,46.507153,6.267734,35.2778119,129.1099154,"611-2 Seon-dong, Geumjeong-gu, Pusan, Corée du Sud",KR
947,54.15891,5.3953137,56.2400473,26.836042,"P62, Rušonas pagasts, LV-5318, Latvia",LV
948,30.226837,46.547947,24.9040998,54.9472457,Sheikh Zayed Rd - Dubai - United Arab Emirates,AE
949,42.66072,16.756897,1.4476892,103.8124889,"Sembawang Way, Singapore",SG
950,19.673592,139.61745,37.5373581,126.881823,"37 Mokdongseo-ro, Yangcheon-gu, Seoul, South Korea",KR
951,46.9536,22.250233,51.7073165,17.9080312,"Gmina Nowe Skalmierzyce, Poland",PL
952,46.793365,19.269669,-33.5915569,-70.8611318,"Los Pajaritos, Peñaflor, Region Metropolitalny, Chile",CL
953,48.545452,12.077077,40.2329001,15.537854,"Contrada Petraro, 7, Cilento and Vallo di Diano National Park, 84030 Sanza, Salerno, Italy",IT
954,52.592007,13.658368,27.6627839,90.7482937,"Unnamed Road, Bhutan",KR
955,47.08244,-20.599205,64.9377738,-23.3593183,"Snæfellsnesvegur, Islandia",IS
956,9.470791,93.61178,38.8501457,22.3876548,"Unnamed Road, Frantzis 351 00, Greece",GR
957,0.4098568,96.3561,-37.474097,140.3967875,"221 Walkers Scrub Road, Sebastopol SA 5280, Australia",AU
958,41.779232,19.162209,47.6978495,17.2882246,"9165 Cakóháza, Fő Street 3-4, Hungary",HU
959,34.236008,11.927733,-35.7595692,174.505432,"195 Pataua South Road, Pataua 0192, New Zealand",NZ
960,45.94449,11.039994,7.9467281,-75.4410501,"Montelíbano - Puerto Libertador, Montelíbano, Cordoba, Colombia",CO
961,46.522526,22.085106,60.4082109,29.8102409,"Р34, Oblast de Léningrad, Russie",RU
962,48.09994,16.973648,55.1532497,10.2110235,"Stenbækvej 35-39, 5642 Millinge, Danemark",DK
963,-9.109782,35.407196,-24.624214,25.9396205,"Ramotswa, Gaborone, Botswana",BW
964,41.777905,10.460882,43.3586699,3.2534768,"D612, 34500 Béziers, France",FR
965,42.851593,43.110413,-36.7192611,174.7446587,"9 Philson Terrace, Browns Bay, Auckland 0630, New Zealand",NZ
966,43.87838,89.49152,23.2888783,120.3252432,"736, Taiwán, Tainan, Liuying District, 柳營奇美醫院",TW
967,31.918194,64.70888,22.4454343,114.1320011,"Lam Kam Rd, Lam Tsuen, Hongkong",HK
968,44.212994,24.848858,23.3792056,91.2393568,"Dhaka - Chittagong Hwy, Bangladesch",BD
969,47.606884,6.420972,-34.4148676,-61.443557,"Ruta Provincial 50, Buenos Aires, Argentina",AR
970,50.738827,6.226774,64.0054052,-22.3285922,"Vatnsleysustrandarvegur, Iceland",IS
971,46.39948,-5.6882715,40.0978711,-2.2226587,"Calle Olmo, 5, 16190 Chillarón de Cuenca, Cuenca, Spain",PE
972,48.994,4.221979,60.9212374,10.0493124,"Vest-torpvegen 1007-1079, 2870 Dokka, Norway",NO
973,46.071503,10.341103,42.9304622,25.1910786,"44, 5332 Draganovtsi, Bulgaria",BG
974,16.317451,33.543114,11.4873374,104.1794338,"Unnamed Road, Cambodia",KH
975,45.242233,9.4289665,52.0522158,21.4563581,"6A, 05-340 Człekówka, Poland",PL
976,34.970196,32.72317,38.4239807,23.9874282,"Unnamed Road, Kimi Aliveri 345 00, Greece",GR
977,47.71451,50.201923,56.2713291,14.753231,"Hemsjövägen 1533, 376 36 Svängsta, Suède",CH
978,27.344471,77.29104,1.2954494,103.6219743,"98 Tuas South Ave 3, Singapore 637821",SG
979,62.279613,13.89764,61.4147403,12.4971403,"Korsbergsvegen, 2420 Trysil, Norvège",NO
980,52.458015,18.068016,56.5982199,15.0773765,"805, 360 24 Linneryd, Sweden",SE
981,28.521168,28.08654,-18.8240281,-42.8943654,"Rua Bruno Glória, 1498, Minas Gerais, 39740-000, Brazil",BR
982,3.3798532,87.21718,23.6498713,88.8405692,"Chuadanga - Meherpur Hwy, Alukdia, Bangladesh",BD
983,42.001717,30.38696,40.9865223,24.6878974,"Nikopoleos, Chrisoupoli 642 00, Griekenland",GR
984,63.14919,16.004585,46.8561236,27.0300961,"DJ207C, Izvoru, Roumanie",RO
985,30.737537,58.4707,57.8185182,18.6169742,"684, 624 54 Lärbro, Sweden",SE
986,47.912346,20.988953,53.9841629,-6.5033003,"R178, Co. Louth, Ireland",IE
987,48.669643,5.410591,49.3821881,17.4458719,"Říkovice 138, 751 18 Říkovice, Czech Republic",NZ
988,57.596596,5.530101,51.8265267,4.4697196,"Dorpsstraat 128, 3274 Heinenoord, The Netherlands",NL
989,50.773766,14.307565,-39.4303165,173.8914028,"349-529 Ihaia Road, Opunake 4681, New Zealand",NZ
990,45.04331,10.308085,50.4586964,4.3826184,"Rue Nestor Falise 15, 6180 Courcelles, Belgium",BE
991,49.73611,22.674683,59.837495,30.2701267,"prospekt Narodnogo opolcheniya, 115, Saint Petersburg, Russia, 190000",RU
992,47.88392,57.69053,51.8997232,5.7760665,"Valburgsestraat 22, 6677 PC Slijk-Ewijk, The Netherlands",NL
993,43.494946,17.749422,35.1872743,129.0643532,"784-1 Geoje 2(i)-dong, Yeonje-gu, Busan, South Korea",KR
994,49.766933,16.624573,55.4107239,11.7566409,"Englerupvej 46, 4100 Ringsted, Danemark",DK
995,52.95548,23.489483,57.2085092,22.2865407,"A10, Ģibuļu pagasts, LV-3298, Latvia",LV
996,47.760113,12.5716,43.203431,25.2274496,"403, 5234 Dimcha, Bulgaria",BG
997,48.499577,28.471836,23.9180964,90.1092353,"Dhaka - Aricha Hwy, Bangladesh",BD
998,34.614857,51.220436,-34.7500848,19.6872348,"R317, Agulhas National Park, South Africa",ZA
999,-51.99991,-42.673927,-34.090406,-65.8580254,"RP27, San Luis, Argentina",AR
0,45.87884,13.629179,44.0785485,5.3848045,"Unnamed Road, 84390 Sault, France",FR
1,-24.113419,22.494354,-20.2088825,26.1988535,"A3, Nata, Botswana",BW
2,34.42263,26.561237,50.6943775,17.2162612,"Strużyna - Rożnów, 57-130, Poland",PL
3,53.016716,8.628729,63.1554764,23.8636271,"Koskelantie 157, 62800 Vimpeli, Finlandia",FI
4,33.44537,57.805103,37.4801747,126.4782739,"2091-95 Unseo-dong, Jung-gu, Incheon, Corée du Sud",KR
5,46.319736,50.12745,44.6707128,24.7422051,"DN65, Romania",RO
6,39.46641,15.881358,52.9301505,36.0356742,"Avtovokzalnaya ulitsa, 48, Oryol, Oryol Oblast, Federação Russa, 302010",RU
7,52.501965,27.965172,50.154454,16.6657932,"Lipowa, 57-530 Międzylesie, Pologne",PL
8,41.644848,12.295712,38.7404707,22.619195,"Epar.Od. Thivas - Thermopilon, Molos Agios Konstantinos 350 09, Grekland",LT
9,36.57456,33.986816,49.5250176,16.8626424,"37358, 798 45 Lipová, Czech Republic",CZ
10,34.32363,10.356348,52.636277,-9.3920056,"Unnamed Road, Co. Клэр, Ирландия",IE
11,55.68204,27.251163,-35.7475628,174.211896,"6 Kokopu Block Road, Maungatapere 0179, New Zealand",NZ
12,32.324436,19.641972,25.0354847,55.5917997,Dubai-Hatta Rd - Dubai - United Arab Emirates,AE
13,62.366695,17.87118,54.2978387,23.9618252,"2512, 64238, Lithuania",LT
14,47.350193,31.332592,50.363736,30.5526987,"Novopyrohivska Street, 17, Kyyiv, Kyiv city, Ukraine",UA
15,51.346294,8.352109,49.9719838,16.3409096,"315, 562 01 Hrádek, Czech Republic",CZ
16,29.998692,-15.701076,-7.3985084,-79.5714597,"Avenida 28 de Julio 40, Pacasmayo, 페루",PE
17,54.27233,11.173516,46.9789193,7.3673739,"Uettligenstrasse 63-69, 3033 Wohlen, Switzerland",CH
18,50.355846,18.965527,55.9572568,26.1239551,"P70, Eglaines pagasts, LV-5444, Latvia",LV
19,36.436375,24.280022,47.0694933,21.9392,"Strada Paltinului 1-11, Oradea, Roumanie",RO
20,49.28507,14.53954,46.7331634,22.270524,"DC214, Săucani, Romania",RO
21,47.90035,9.1984825,46.091911,12.0850332,"Via Cal da Prà, 7, 32036 Sedico, Belluno, Italy",IT
22,40.088444,32.791584,32.250317,-91.5505451,"LA-577, Winnsboro, LA 71295, USA",US
23,-7.044688,22.904217,-22.3815092,26.7566804,"A14, Serowe, Botswana",BW
24,35.943436,22.412506,25.0151696,55.4577543,E66 - Dubai - Förenade Arabemiraten,AE
25,35.3859,-2.1174116,-41.4778622,-72.9878204,"Pto Avellano 1158-1160, Puerto Montt, Los Lagos Region, Chile",CL
26,44.158615,29.177525,59.3791319,13.5120452,"Pråmvägen 13, 652 24 Karlstad, Szwecja",SE
27,40.216145,15.944337,52.4572764,13.1897289,"Havelchaussee 1, 14193 Berlin, Germany",DE
28,42.2471,28.372978,-33.7042739,19.2429559,"N1, South Africa",ZA
29,47.647236,21.712437,53.050551,19.9560884,"Olszewska, 09-300 Żuromin, Polen",PL
30,74.99976,-25.234081,65.5762488,-23.1710419,"Vestfjarðarvegur, Iceland",IS
31,17.342243,70.43756,-26.4123161,31.7837114,"MR3, Mpaka, Swaziland",SZ
32,18.914085,82.110054,24.151074,120.5986021,"Jīngkē North Road, Nantun District, Taichung City, Taiwan 408",TW
33,37.554764,5.654525,21.5205985,-104.8857392,"Churubusco Oriente 82, San José, 63030 Tepic, Nayarit, Mexico",MX
34,-16.055084,29.401943,-24.1398152,26.2509563,"A1, Botswana",BW
35,46.03285,28.952503,43.3830141,0.3270477,"D567, 32170 Sarraguzan, France",NZ
36,39.079308,37.35293,26.9461955,90.2274012,"Tsirang - Sarpang Hwy, Bhutan",BT
37,45.661747,35.711227,46.4356229,14.0607344,"Trg Toneta Čufarja 1, 4270 Jesenice, Slovenia",NL
38,52.108883,9.216866,53.6399232,21.6982487,"Droga Krajowa 58, Pologne",PL
39,58.507122,21.524326,54.272291,-7.9138146,"R206, Co. Cavan, Ireland",IE
40,17.074608,52.394592,23.8251282,90.4434085,"Bashundhara-Purbachal Link Rd, Dhaka, Bangladesh",BD
41,50.175785,26.81467,44.1012698,11.0322629,"Via Scopicciaia, 11, 40030 Castel di Casio, Bologna, Italy",IT
42,49.46034,0.60374355,40.2329001,15.537854,"Contrada Petraro, 7, Cilento and Vallo di Diano National Park, 84030 Sanza, Salerno, Italy",IT
43,50.204296,11.489106,47.1127421,21.2675859,"5525 Füzesgyarmat, 4225, Hungary",HU
44,48.68243,12.689651,52.9866983,5.5395018,"De Band 12, 8614 JE Oudega Gem Wymbritserad, The Netherlands",EE
45,43.39722,-7.229203,55.3930755,10.247982,"Ubberudvej 76, 5491 Blommenslyst, Denemarken",DK
46,-50.307682,-134.01628,-11.0032501,-77.0750939,"PE 18, Перу",PE
47,53.8262,10.121015,59.4516713,16.815981,"966, 645 92 Strängnäs, Sweden",SE
48,46.46088,11.364511,50.6975373,-113.9033156,"Alberta 7, Aldersyde, Alberta T0L 0A0, Kanada",CA
49,26.39273,61.87585,-33.9144374,18.4755467,"49 Section Street, PAARDENEILAND 7425, Afrique du Sud",ZA
50,48.682323,13.5866375,54.3965911,20.6579193,"Sadovaya ulitsa, 52, Bagrationovsk, Kaliningrad Oblast, Russia",RU
51,38.159405,45.940086,50.7923002,17.0674771,"Władysława Łokietka, 57-100 Strzelin, Polska",PL
52,27.684517,57.38288,53.3384022,-8.9494577,"N17, Co. Galway, Ireland",IE
53,36.1716,11.1982,-33.1276243,-71.555354,"Novena Avenida, Valparaíso, Valparaíso Region, Chile",CL
54,40.309193,34.064545,39.9663361,-8.5027955,"CM1074, 3240, Portugal",PT
55,48.78576,12.449904,42.511272,1.560387,"Ctra. d'Engolasters, 1, AD700 Escaldes-Engordany, Andorra",AD
56,44.278965,37.69603,46.0937662,15.1539386,"Podkraj 13, 1433 Radeče, Słowenia",SI
57,54.630497,17.770752,52.3953338,9.7692239,"Holbeinstraße 4, 30177 Hanover, Germany",DE
58,41.297794,8.437349,54.4466076,23.7691946,"1105, 64355, Lithuania",LT
59,24.070496,9.103203,-11.4344554,-77.2717517,"1NE, Peru",PE
60,46.772854,11.363634,57.0105907,9.9046077,"Mariendals Mølle Motorvejen, 9200 Aalborg, Denmark",DK
61,-3.3790789,117.48449,-33.2930631,146.3789927,"10 Bogan Street, Lake Cargelligo NSW 2672, Australia",AU
62,55.114925,29.990398,46.0393302,19.0154962,"6522 Gara, 5505, Hungary",HU
63,28.29646,59.49274,1.37324,103.953666,"98 Pasir Ris Central, Singapore 519639",SG
64,46.143124,43.44909,-6.8926084,109.4363386,"Jl. Perintis Kemerde, Taman, Pemalang, Jawa Tengah, Indonesia",ID
65,28.458996,-11.905984,-46.3163517,-67.5860817,"RN3, Santa Cruz, Argentina",AR
66,39.792553,11.160356,47.2617705,18.2648472,"8044 Kincsesbánya, Kincsesi Street 2, Hungary",HU
67,-5.93871,-53.044716,-15.9376289,-71.195905,"Salinas and Aguada Blanca National Reservation, 34A 10, Peru",PE
68,49.914394,12.782168,45.3517365,25.5430032,"Strada Gheorghe Doja, Sinaia, Romania",RO
69,41.626263,7.984043,-12.1134616,-77.0380318,"Calle General Iglesias, Miraflores 15074, Peru",PE
70,48.61486,10.504611,47.693597,20.4399604,"3373 Besenyőtelek, Chemin Fő 163-165, Hongrie",HU
71,50.345165,16.022228,46.9283718,4.7989349,"2 Impasse Saint-Éloi, 71150 Chaudenay, France",FR
72,-6.9480524,160.39755,-36.4076956,140.8627042,"LOT 258 Olive Grove Road, Pooginagoric SA 5268, Australia",AU
73,43.771973,4.2911415,57.2916487,23.0533074,"Ezera iela 40, Mērsrags, Mērsraga pagasts, LV-3284, Latvia",LV
74,32.574585,36.98325,14.0215436,99.6742977,"Liap Khlong Chonlaprathan, Tambon Don Chedi, Amphoe Phanom Thuan, Chang Wat Kanchanaburi 71140, Thailand",TH
75,36.133495,11.748162,49.8494573,-93.8485562,"Trans-Canada Hwy, Kenora, Unorganized, ON P0V, Канада",CA
76,54.503475,10.395924,55.8526163,9.7642928,"Kirkevænget 35, 8700 Horsens, Denemarken",DK
77,52.642666,16.262117,56.3468864,27.5105967,"P55, Rāzna National Park, Kaunatas pagasts, LV-4622, Latvia",LV
78,-12.580203,48.91938,24.8910439,55.0591307,Sheikh Mohammed Bin Zayed Rd - Dubai - Các tiểu Vương quốc Ả rập Thống nhất,AE
79,33.61867,23.775387,2.8672673,101.5510871,"Unnamed Road, Olak Lempit, 42700 Banting, Selangor, Malaysia",MY
80,52.78024,1.410594,50.4680681,13.7923479,"257, 440 01 Kozly, Czech Republic",CZ
81,27.565727,67.017006,48.0874371,11.5326933,"Noestraße 7-11, 81479 Munich, Germany",DE
82,49.864815,30.797749,53.234609,-2.7707349,"Norton's Lane, Chester, Cheshire West and Chester CH3, UK",GB
83,33.195435,31.197212,40.8632462,16.7503775,"SP236, 70020 Santeramo in Colle, Bari, Italy",IT
84,42.20473,18.150566,-26.2072836,31.9191327,"MR3, Simunye, Swaziland",SZ
85,44.457977,0.020632744,43.1660554,16.5652956,"D116, 21460, Selca kod Starog Grada, Croatia",HR
86,40.513836,19.164715,44.8361985,24.0434417,"DJ643B, Cermegești, Romania",RO
87,29.219627,6.1489105,-9.5657956,-77.594982,"14A 320, Peru",PE
88,-23.33051,138.78127,10.5353982,103.7857333,"Unnamed Road, Cambodia",KH
89,37.855827,68.97243,54.7259093,38.3841688,"Р114, Moskovská, Rusko",RU
90,27.854286,57.89895,-25.0761996,31.0267098,"Kiepersol Road, South Africa",ZA
91,45.662727,16.912155,58.9086222,22.388638,"Puski-Kõpu-Ristna, Hiiumaa, Estland",EE
92,35.288574,-31.568447,-11.7326019,-49.0998733,"Rua Antônio de Almeida Veras, 1065-1277 - Alto da Boa Vista, Tocantins, 77425-340, Brésil",BR
93,41.01026,16.20226,46.5342271,14.9949498,"Brdinje 18c, 2390 Ravne na Koroškem, Slovénie",SI
94,50.452843,18.884304,50.021722,36.2271567,"Novhorods'ka street, 11, Járkov, Óblast de Járkov, Ucrania",UA
95,41.99396,37.57758,9.5988008,-75.184678,"I-25 # 1, Ovejas, Sucre, Kolumbia",CO
96,25.297623,52.821392,45.8517466,10.9481522,"SS240, 38065 Mori, Trentino, Italy",IT
97,-4.9729223,-20.390793,29.2785157,-13.4884991,"Unnamed Road, 35540 Teguise, Las Palmas, Spain",HU
98,48.48924,19.119759,55.6817303,9.5669727,"Fredericiavej, 7100 Vejle County, Denmark",DK
99,46.272694,42.83855,48.7098333,44.516705,"ulitsa Mira, 16, Volgograd, Volgograd Oblast, Russia, 400131",RU
100,45.558437,20.019558,46.9748956,7.2573254,"Rewag 1, 3203 Mühleberg, Switzerland",CH
101,51.165485,21.618721,65.6879019,-18.1147907,"Höfðahlíð, Akureyri, Iceland",IS
102,49.552013,11.832573,46.7203206,-65.4929096,"982 Chemin Pleasant Ridge, Rogersville, NB E4Y, Canada",CA
103,22.177723,61.498962,-26.3105222,31.1198009,"MR3, Mbabane, Swaziland",SZ
104,57.860043,12.221518,50.9158229,3.3480016,"Sparrestraat 4-6, 8710 Wielsbeke, Belgium",BE
105,49.23805,9.870807,57.227914,9.6867521,"Omfartsvejen 120, 9490 Pandrup, Danska",DK
106,44.990646,5.1209755,47.5018506,18.6116517,"2060 Bicske, 1, Węgry",NZ
107,26.326622,-5.950118,42.5576688,1.6884895,"CG-2, AD100 Canillo, Andorra",AD
108,42.712746,-1.8834057,40.0978711,-2.2226587,"Calle Olmo, 5, 16190 Chillarón de Cuenca, Cuenca, Spain",PE
109,55.28127,-7.733282,52.9109897,-2.8042567,"Knowles Lane, Whitchurch SY13, UK",GB
110,26.815243,58.72477,27.6113378,91.4944228,"Mongar - Trashigang - Trashiyangtse Rd, Trashiyangtse, Bhutan",BT
111,22.107239,74.710396,22.9229756,120.3582175,"719, Taiwan, Tainan City, Longqi District, 南163鄉道",TW
112,20.665947,78.59065,24.9266758,55.6418178,Dubai-Hatta Rd - Sharjah - Các tiểu Vương quốc Ả rập Thống nhất,AE
113,47.81259,7.4936137,55.8537055,-4.8887575,"A78, Skelmorlie, North Ayrshire PA17, UK",GB
114,-24.49477,-37.808174,-31.8080917,25.7669784,"R390, South Africa",ZA
115,51.40289,18.37394,47.113421,9.1910996,"Gewerbezone Tiefenwinkel 515, 8874 Mühlehorn, Switzerland",CH
116,16.54021,70.045235,-27.1922694,31.3473493,"MR11, Swaziland",SZ
117,48.82837,23.581902,-8.5457802,115.0122722,"Unnamed Road, Selemadeg Tim., Tabanan, Bali, Indonesië",ID
118,48.05383,23.568336,43.0935594,-80.9243146,"315064-315308 31st Line, Embro, ON N0J 1J0, Canada",CA
119,44.982616,37.70382,11.2331998,-74.1921175,"Carrera 19E # 28B-1 a 28B-99, Santa Marta, Magdalena, Colombia",CO
120,34.325,144.51765,35.1912269,129.0756643,"23 Beobwonnam-ro 10beon-gil, Yeonje-gu, Busan, South Korea",KR
121,11.519135,135.61505,1.2952282,103.8729369,"500 ECP, Singapore 439173",SG
122,36.77777,13.024956,-27.7675462,30.0061533,"Airport Industrial, Newcastle, South Africa",ZA
123,48.250336,13.424989,55.6765242,21.3455021,"227, Dovilai 96221, Lithuania",LT
124,-17.071983,74.69317,-28.2865407,-54.22981,"Rua Armindo Utzig, 2-74, Rio Grande do Sul, Brazil",BR
125,41.541656,-2.2778502,19.2968429,-98.2721335,"Independencia 11, Xilotzinco, 90110 Tlaxcala, Mexico",MX
126,49.441418,5.9227552,-29.597485,30.3471312,"38-40 Dan Pienaar Road, Pietermaritzburg 3201, South Africa",ZA
127,48.247017,17.248371,52.0537598,4.5465352,"Olof Palmelaan, 2721 Zoetermeer, The Netherlands",NL
128,44.41684,38.913246,50.0010622,36.2809446,"Bezkrainya street, 36, Kharkiv, Kharkiv Oblast, Ukraine",UA
129,53.5071,30.49308,47.1951899,7.4118179,"Flurstrasse 31, 2540 Grenchen, Switzerland",CH
130,31.319698,99.94587,23.5862704,120.4309458,"Tajwan, Jiayi, 中山高速公路",TW
131,56.023167,14.007078,46.369384,14.9246587,"Radegunda 38, 3330 Mozirje, Slovenia",SI
132,25.278595,74.021034,47.5473098,21.6462336,"4028 Debrecen, Jósika Street 3-5, Hungary",HU
133,-11.913484,-47.3647,-23.4931289,-67.9840567,"Ruta 23, San Pedro de Atacama, Antofagasta Region, Chile",CL
134,50.731705,-11.425069,64.0054052,-22.3285922,"Vatnsleysustrandarvegur, Iceland",IS
135,63.893093,21.163189,61.3181992,9.8114445,"Vestringsvegen, 2657 Svatsum, Norway",NO
136,40.713272,23.926472,32.8165321,34.9980443,"Ibn Rushd, Haifa, Israel",IL
137,39.232906,55.496273,58.5441024,22.8496793,"Tagavere-Randküla, 94660 Saaremaa, Estonia",KH
138,49.018795,9.648095,55.6515549,21.557932,"2213, Brožiai 96274, Lithuania",LT
139,49.972385,17.742743,54.2448908,19.4560094,"Strumykowa 39-45, Elbląg, Polonia",EE
140,33.57529,7.0282936,52.1719937,4.523959,"Provincialeweg, 2353 Leiderdorp, The Netherlands",NL
141,58.75977,12.526494,67.6016027,26.740429,"Rovaniementie 2257-2339, 99600 Sodankylä, Finland",FI
142,58.674488,13.235054,54.328047,23.1273696,"2615, Salaperaugis 69285, Lituanie",LT
143,48.3123,-4.660176,32.8340094,-16.911633,"219-221 W Homan St, Baytown, TX 77520, USA",HU
144,43.729946,16.046898,47.4175885,7.1022801,"E27, 2900 Pruntrut, Schweiz",US
145,49.53247,26.082058,38.1709116,22.3394773,"Unnamed Road, Krathi 250 06, Greece",GR
146,54.36822,18.223358,56.16943,8.6855281,"Videbækvej 35A, 7480 Vildbjerg, Denmark",DK
147,32.771763,39.793953,25.271139,55.307485,130 Al Khaleej Rd - Dubai - United Arab Emirates,AE
148,37.142323,36.968872,-33.470978,-70.6199394,"Guillermo Mann 1030-1048, Ñuñoa, Region Metropolitalny, Chile",CL
149,48.266228,3.6758971,50.4586964,4.3826184,"Rue Nestor Falise 15, 6180 Courcelles, Belgium",BE
150,66.4008,19.428902,58.766458,24.5950929,"Valgu-Libatse, 78207 Rapla County, Estonia",EE
151,31.6273,88.9157,32.8356307,35.0546059,"Sderot HaNassi Truman, Hajfa, Izrael",US
152,44.159428,-1.8440981,42.145441,27.2299904,"Unnamed Road, Kirovo, Bulgaria",KH
153,52.63682,21.167362,28.4030389,129.6565163,"Япония, 〒894-0508 Kagoshima-ken, Amami-shi, Kasarichō Ōaza Yōan 県道82号線",JP
154,30.475765,32.856968,-6.6326908,111.5149105,"Jl. Sunan Bonang, Sluke, Rembang, Jawa Tengah 59272, Indonesia",ID
155,52.647175,35.20948,52.7296752,-0.9502769,"Gaddesby Lane, Melton Mowbray, Leicestershire LE14 2TQ, UK",GB
156,63.413803,11.35147,60.9628289,6.4806092,"Riksveg 13, 6893 Vik i Sogn, Norvège",NO
157,40.771183,10.616349,54.455695,13.3109217,"Pansevitz 4, 18569 Kluis, Germany",NZ
158,54.048977,8.936445,-45.4102099,167.728663,"Te Anau-Milford Highway, Te Anau 9600, New Zealand",NZ
159,45.429935,20.589245,46.2122548,7.0091165,"Galerie de St-Maurice, 1890 Saint-Maurice, Switzerland",CH
160,47.6235,10.358699,39.1280253,-8.9920379,"N1, 2580 Abrigada, Portugal",PT
161,54.150906,13.560632,53.0107103,16.9899105,"191, Polónia",PL
162,39.19608,60.014256,31.2537851,34.7991027,"Yitskhak Rager, Beersheba, Israel",IL
163,47.763466,40.074944,41.9213466,-7.5111574,"Viaducto de Vilaza, 32618 Monterrei, Ourense, Spanje",ES
164,37.669575,54.572098,53.8897402,-8.6518305,"R325, Co. Mayo, Ireland",IE
165,55.770306,18.080936,57.0778009,21.4229735,"P111, Užava parish, LV-3627, Latvia",LV
166,49.8093,-11.282938,46.7330469,7.6257835,"Hännisweg 6, 3645 Thun, Switzerland",CH
167,43.297573,8.801177,48.2936744,19.6613047,"585, 985 32 Panické Dravce, Slovakia",SK
168,49.84906,16.33413,46.0368502,15.4912252,"Mali Kamen 52, 8281 Senovo, Slovenia",SI
169,57.252274,17.945896,62.138724,26.9693726,"Porsaskoskentie 2223-2225, 51670 Mikkeli, Finland",FI
170,67.619286,18.994164,52.4086514,-114.9598425,"7327-7407 David Thompson Highway, Alhambra, Alberta T0M 0C0, Kanada",CA
171,39.82439,11.532873,36.4825464,22.3857515,"Unnamed Road, Anatoliki Mani 230 71, Greece",GR
172,18.233135,80.84144,-5.8827062,110.4489651,Indonesia,ID
173,51.104946,18.41013,49.8078805,17.7714707,"44337, 747 84 Radkov, Czech Republic",CZ
174,32.542583,8.303869,33.294471,-112.167634,"325-361 West Lewis Drive, Laveen, AZ 85339, USA",US
175,22.433939,29.039623,24.8821834,55.0452475,Sheikh Mohammed Bin Zayed Rd - Dubai - United Arab Emirates,AE
176,47.04781,22.54839,24.6139414,-101.3736105,"Saltillo - Zacatecas, Pozo Colorado, Zacatecas, Mexico",BW
177,35.82627,69.20813,27.1375391,91.5774189,"Unnamed Road, Wamrong, Bhutan",BT
178,53.406467,20.07843,56.8303942,60.6186244,"Krasnoarmeyskaya ulitsa, 74, Yekaterinburg, Sverdlovsk Oblast, Russia, 620000",RU
179,52.699837,9.64184,54.840045,-8.4733695,"4, Portnoo, Co. Baie de Donegal, Irlande",CH
180,58.62709,18.525234,54.9844629,25.2255339,"5254, Glitiškės 14292, Lithuania",LT
181,41.655975,22.100525,43.0467017,24.6007304,"4, 5573 Golets, Bulgaria",BG
182,56.79723,2.5619678,45.8007664,15.6675261,"Draganje Selo 5F, 10430, Samobor, Croatia",HR
183,48.92179,4.807851,53.3072425,6.9533859,"Oosterwierum 5, 9936 HJ Farmsum, Nizozemsko",NL
184,55.54116,7.8442793,48.5439191,4.3627818,"D48, 10240 Dampierre, Francija",FR
185,53.14096,0.417099,53.4324733,-6.4543576,"3 Tetrarch Grove, Clonee, Co. Meath, Ireland",IE
186,35.947117,33.08293,32.009299,34.7804928,"HaAluf Aharon Yariv 8, Holon, Israel",IL
187,16.83805,35.176563,-7.390343,111.4547,"Jl. Untung Suropati, Kec. Ngawi, Ngawi, Jawa Timur 63212, Indonesia",ID
188,53.22514,36.553883,49.9276251,36.2652699,"Haharina Avenue, 316, Kharkiv, Kharkiv Oblast, Ukraine",UA
189,31.476448,76.21664,26.8623894,89.3727485,"Raj Marg, Jaigaon, Bhutan",BT
190,47.52444,17.106934,47.5833231,5.0559742,"D120, 21120 Marey-sur-Tille, France",NL
191,27.452328,53.758503,39.1373138,-9.3814955,"R. Dr. João de Barros 1, 2560-487 Silveira, ポルトガル",PT
192,36.89254,40.606834,43.3014559,144.3110341,"35 Setsurigenya Kita 27 Sen, Tsurui-mura, Akan-gun, Hokkaidō 085-1200, Japan",JP
193,44.590076,32.201626,13.5431503,104.8660881,"Unnamed Road, Cambodia",KH
194,43.42915,22.50055,49.3628852,17.5653511,"Bořenovice 50, 769 01 Bořenovice, Czech Republic",CZ
195,44.747044,8.5799465,-38.1037657,175.7259255,"743 Old Taupo Road, Waotu 3481, New Zealand",NZ
196,24.303123,115.11182,23.636505,90.5944565,"N1, Sonargaon, Bangladesh",BD
197,31.475986,50.395813,32.9809735,35.0884035,"Derech HaYam, Shavei Tzion, Israel",IL
198,54.22533,6.6263547,52.1130501,6.7575212,"Niekerkerweg 2, 7157 CB Rekken, The Netherlands",NL
199,-37.424213,24.690685,-24.2260168,26.1718687,"A1, Botswana",BW
200,52.222336,16.05065,-28.0037751,152.0037265,"112 Jonel Park Road, Allora QLD 4362, Australia",AU
201,35.668488,0.9174565,-32.4920902,-68.1584242,"RN142, Mendoza, Argentina",AR
202,60.391792,16.61953,60.7814836,27.4513409,"Purhontie 662-664, 49660 Miehikkälä, Finland",FI
203,23.810333,97.56388,1.4476892,103.8124889,"Sembawang Way, Singapore",SG
204,36.844685,50.455097,22.39606,114.045921,"Yuen Tsuen Ancient Trail, Tai Lam, Hong Kong",HK
205,19.532776,15.468419,-27.88143,29.3358357,"R722, South Africa",HU
206,36.311214,-12.562472,42.5245908,1.5628475,"Av. de la Bartra, AD200 Encamp, Andorra",AD
207,12.212193,-39.119686,-6.2140721,-80.4130462,"Panamericana Norte, Перу",PE
208,17.899525,121.454796,22.254943,113.913803,"Ngong Ping Fun Walk, Lantau Island, Hong Kong",HK
209,12.032671,26.674469,32.4219668,35.4903898,"90, Israel",IL
210,55.306824,14.4121,50.961256,-119.283451,"6252 Line 17 Road, Magna Bay, BC V0E 1M7, Canada",CA
211,44.405846,32.298374,57.0675851,27.2958045,"P47, Balvi parish, LV-4561, Latvia",LV
212,48.68797,17.926632,-26.0832193,27.9273582,"47 Blueberry Street, Randburg 2169, South Africa",ZA
213,42.221966,16.273125,-36.8316044,-73.0513283,"Lincoyán 118-194, Concepción, Biobío Region, Chile",CL
214,34.967007,65.970924,27.2285719,90.6692169,"Unnamed Road, Bhutan",KR
215,30.078949,49.995255,-24.855926,25.8710126,"Lesetlhana Road, Ramotswa, Botswana",BW
216,31.16214,44.479774,35.2394669,129.2409153,"514-1 Jukseong-ri, Gijang-eup, Gijang-gun, Busan, South Korea",KR
217,30.771774,56.32692,48.8050654,9.1841532,"Heilbronner Straße, 70191 Stuttgart, Germany",DE
218,43.116566,12.385869,40.5090201,16.5654971,"Via A. Moneta, 1, 75016 Pomarico Matera, Italien",IT
219,47.709377,18.9025,60.5740906,15.8587114,"E16, Sweden",SE
220,18.644503,48.502193,-34.195854,-70.6271432,"H-25, Machalí, O'Higgins Region, Chile",CL
221,52.17304,14.89251,62.7302721,15.4044357,"546, 840 60 Bräcke, Sweden",SE
222,41.570774,16.167633,-7.4776626,109.6041946,"Pucungbedug, Purwanegara, Banjarnegara, Jawa Tengah 53472, Indonesien",ID
223,53.742878,12.197164,51.9467945,8.5078539,"Postheide 61, 33659 Bielefeld, Allemagne",DE
224,30.260292,28.633331,42.1485719,24.4215468,"8004, 4417 Ognyanovo, Bulgaria",BG
225,41.8201,25.812176,27.4982594,90.5336919,"Trongsa - Yotongla Hwy, Bhutan",BT
226,44.820175,7.7371626,44.6750892,23.7225284,"Unnamed Road, Văluța, Romania",US
227,45.1784,16.317984,37.3692573,13.4821898,"Strada Provinciale 17, 92100 Agrigento, Italy",IT
228,37.36073,5.9960213,-29.51914,-58.1803637,"Ruta Nacional 119, Corrientes, Argentina",AR
229,45.693516,33.215042,27.3648009,89.9123973,"Wangdue - Tsirang Hwy, Bhutan",MY
230,34.60205,-14.450816,-16.4490678,-71.8222112,"112, Vitor District, Peru",PE
231,46.650757,10.784347,-26.9413575,-51.8225213,"BR-153, Santa Catarina, 89675-000, Brazil",BR
232,46.18858,21.500694,42.9404815,23.2655811,"8102, Svidnya, Bulgaria",BG
233,43.511143,15.717841,-38.1773062,175.2124595,"18 Trapski Drive, Otorohanga 3900, New Zealand",NZ
234,20.206387,93.50236,24.9496279,55.3505468,E 77 - Dubai - United Arab Emirates,AE
235,44.25143,-12.317521,4.5483146,-74.1130557,"Carrera 5C # 49AS-1 a 49AS-99, Bogotá, Cundinamarca, Colombie",CO
236,47.7857,19.907795,46.8134704,1.0601752,"58-72 D18A, 36220 Martizay, France",FR
237,42.005405,25.984673,46.444178,6.9113727,스위스 1822 몽트뢰 팡 듀 크호 도로 18-20,CH
238,56.10189,15.675407,50.7505055,7.0938072,"Arminiusstraße 24-26, 53117 Bonn, Germany",DE
239,42.82612,12.542577,52.7632886,-6.8397421,"Unnamed Road, Co. Carlow, Ireland",IE
240,37.307247,14.792004,32.4276747,35.5278697,"6678, Israel",IL
241,36.519985,60.45955,47.9282936,22.1715064,"4335 Kántorjánosi, 4917, Hungary",HU
242,31.988743,20.031826,53.4161675,-122.6233525,"Unnamed Road, Fraser-Fort George E, BC V0J, Canada",CA
243,53.86367,8.704902,52.1461523,4.6765025,"Rigolettohof 36-38, 2402 EX Alphen aan den Rijn, The Netherlands",NL
244,43.00221,42.308075,45.0142326,26.0409716,"Strada Pădurii, Boldeşti-Scăeni, Rumunia",PT
245,14.99685,63.6434,3.0122224,101.4514473,"11-17, Jalan Sri Mersing 23, Taman Sri Andalas, 41200 Klang, Selangor, Malaysia",ID
246,11.277323,87.72247,1.3717535,103.819387,"Oncospermum Trail, Singapur",SG
247,45.69244,14.851476,57.3637299,23.125392,"Bākas iela 37-41, Mērsrags, Mērsraga pagasts, LV-3284, Latvia",LV
248,37.45063,35.174038,43.1116858,-7.8460617,"LU-232, 14, Friol, Lugo, Spain",ES
249,47.326954,34.74517,45.9140891,16.5143392,"Cugovec, 10345, Cugovec, Croatia",HR
250,57.488873,-12.075713,54.298736,-6.3276794,"30 Greenan Road, Banbridge, UK",GB
251,50.480675,18.31086,56.85349,25.2554606,"P4, Ķeipenes pagasts, LV-5062, Latvia",LV
252,44.68219,17.460133,46.4587539,18.490951,"7176 Murga, Fő-Straße 2-3, Ungarn",HU
253,55.785545,18.696644,70.0102323,22.0488744,"E6 100, 9161 Burfjord, Norway",NO
254,33.44787,1.9586673,-6.5544708,110.6522128,"Unnamed Road, Kec. Jepara, Jepara, Jawa Tengah 59432, Indonesia",ID
255,24.135796,126.7853,22.9738175,89.4751091,"Dhaka-Khulna Highway, Phultala, Bangladesh",BD
256,61.653824,12.848776,61.9808602,25.0784281,"16543 10-70, 42100 Jämsä, Finland",FI
257,59.888653,3.8268456,51.8343449,-4.6963654,"1 Dandderwen, Llanfallteg, Whitland, Carmarthenshire SA34 0UW, UK",GB
258,47.76804,15.880145,53.1285498,-7.8823754,"Unnamed Road, Co. Offaly, Ireland",IE
259,22.05951,15.075124,46.2752741,17.9067491,"7473 Hajmás, Fő Street 15-16, Hungary",HU
260,53.135586,14.584209,54.1463969,36.1561223,"Р92, Tula Oblast, Russia",RU
261,-9.678184,-101.54794,-18.2626112,-69.5592403,"Ruta 11, Putre, Arica and Parinacota Region, Chile",CL
262,49.72343,13.275628,58.032616,38.8043901,"Р104, Rybinsk, Oblast de Iaroslavl, Russie, 152900",RU
263,37.120148,5.961952,49.9547493,20.5232308,"Kiebło, Poland",PL
264,40.483852,29.947826,-23.8855181,-50.6031138,"Rodovia Engenheiro Ângelo Lopes, Parana, Brazil",BR
265,25.652039,93.7208,22.2974267,113.9307629,"Chun Wan Rd, Chek Lap Kok, Hong Kong",HK
266,31.844353,23.400013,64.3258841,-22.0748384,"Esjubraut, Akranes, Iceland",IS
267,45.778652,27.342407,42.2399286,12.9306907,"Via Turanense, 17, 02026 Posticciola RI, Italy",MY
268,48.32899,6.8652368,52.9109897,-2.8042567,"Knowles Lane, Whitchurch SY13, UK",GB
269,39.31361,23.164722,10.9622098,103.2494186,"Unnamed Road, ឃុំ តានួន, Cambodia",KH
270,60.83013,17.411407,62.7579294,8.3607896,"Riksveg 62 20, 6610 Øksendal, Norway",NO
271,35.340343,53.38013,22.4430822,114.0720994,"Kong Tai Rd, Kam Tin, Hong Kong",HK
272,22.553253,68.56043,1.2716089,103.620717,"150 Tuas South Ave 5, Singapore 637363",UA
273,53.169807,8.3602085,45.7010729,1.2027472,"Mazerieux, 87800 Nexon, France",FR
274,32.835987,32.712402,15.1946635,104.8353197,"Sisaket Rd, Tambon Warin Chamrap, Amphoe Warin Chamrap, Chang Wat Ubon Ratchathani 34190, Thailand",TH
275,40.33667,40.903244,49.9799178,36.3324971,"Krasnodars'ka street, 113, Kharkiv, Kharkiv Oblast, Ukraine",UA
276,38.50225,12.407028,50.6296716,3.9955459,"Rue de Thoricourt 23, 7830 Silly, Belgium",BE
277,47.115887,1.0294979,49.0865406,14.8440074,"Novosedly nad Nežárkou 205, 378 17 Novosedly nad Nežárkou, Czech Republic",AU
278,30.223972,55.134933,41.9351364,25.1412741,"5802, 4261 Lenovo, Bulgarie",BG
279,41.19027,12.022452,-37.4315745,-72.3228458,"Q-15, Los Angeles, Biobío Region, Chile",CL
280,52.85477,15.48445,45.5888467,-84.5729209,"4155-4285 Riggsville Rd, Cheboygan, MI 49721, Stany Zjednoczone",UA
281,70.24588,-22.022919,64.8918855,-22.2201578,"Heydalsvegur, Iceland",IS
282,40.78605,42.311092,36.1486131,-79.2524279,"8107 High Rock Road, Efland, NC 27243, EUA",US
283,77.52035,-24.835129,65.2158117,-21.0696741,"Þjóðvegur, Iceland",IS
284,42.515728,54.153618,23.9893771,120.9199888,"No. 128, Xiàngshàn Road, Puli Township, Nantou County, Taiwan 545",TW
285,48.520294,6.0475974,51.4567013,7.0530921,"Bückerheide 8-10, 45139 Essen, Germany",DE
286,41.87319,19.96487,42.2857333,23.2760325,"6206, 2650 Sapareva Banya, Bulgaristan",BG
287,47.65531,16.226082,45.629209,-61.1070665,"Nova Scotia Trunk 4, Louisdale, NS B0E 1V0, Canada",CA
288,48.139217,13.559438,49.4484731,15.3385594,"347, 393 01 Zachotín, Czech Republic",CZ
289,36.262787,41.417355,27.6672564,91.1836199,"Unnamed Road, Lhuntse, Bhutan",BT
290,52.174267,9.087198,46.304984,14.4951695,"210 15, 4205 Preddvor, Slovenia",SI
291,47.87955,18.60086,44.0855095,-77.2391418,"86 Prince Edward County Rd 14, Demorestville, ON K0K 1W0, Kanada",CA
292,24.794518,66.83181,24.8808177,55.0431132,Sheikh Mohammed Bin Zayed Rd - Dubai - United Arab Emirates,AE
293,40.595814,28.242973,-24.2544424,-65.2482133,"Unnamed Road, San Salvador de Jujuy, Jujuy, Argentina",AR
294,37.53393,50.095863,52.5313907,13.5182696,"Rhinstraße 147, 10315 Berlin, Germany",DE
295,36.65851,52.508324,40.3897981,-3.6702635,"Calle de Pablo Rica, 8, 28053 Madrid, Spain",ES
296,49.48618,19.691795,47.6397803,21.6124546,"4224 Hajdúböszörmény, Vincellér Street 2, Hungary",HU
297,40.460472,17.11715,22.244495,114.288631,"Unnamed Road, Tung Lung Chau, ฮองกง",HK
298,62.49917,15.825814,53.9875878,24.2974349,"5003, Dzūkijos nacionalinis parkas 65285, Lithuania",LT
299,45.99378,15.926561,51.9160171,5.4148775,"Terweistraat 1, 4011 EX Zoelen, The Netherlands",NL
300,35.522167,44.613827,-33.3918391,-71.4816484,"F-90, Valparaíso Region, Chile",CL
301,18.663784,109.28207,22.4856941,89.0120064,"Satkhira-Kaliganj Highway, Bangladesh",BD
302,45.129112,12.431681,45.598798,5.8767331,"175-265 Rue de Leya, 73290 La Motte-Servolex, France",FR
303,44.37437,28.940441,35.1688071,129.1657896,"1363-9 Jwa 3(sam)-dong, Haeundae-gu, Busan, South Korea",KR
304,-30.512127,-90.74351,-51.3677941,-70.2512353,"Ruta Provincial 5, Santa Cruz, Argentinien",AR
305,-32.211624,-67.94108,-30.5192721,-71.1315651,"D-595, Ovalle, Coquimbo Region, Chile",CL
306,32.430725,75.72737,-7.7066264,108.6559457,"Jl. Pantai Timur, Pangandaran, Pangandaran, Jawa Barat 46396, Indonesia",ID
307,55.375526,7.2837696,43.6980396,2.5377508,"Esperausses, 81260 Espérausses, France",FR
308,45.635387,-13.749106,56.0656954,-3.4144787,"2 Norway Gardens, Dunfermline, Fife KY11 8JW, UK",GB
309,51.50742,14.47433,50.1005216,15.880352,"298, 533 04 Rokytno, Czech Republic",CZ
310,58.81787,21.232712,54.2415599,-9.862037,"L1202, Co. Mayo, Irlandia",IE
311,41.09637,5.9659834,24.335077,124.158885,"1 Chome-5 Yashimachō, Ishigaki-shi, Okinawa-ken 907-0011, Japan",JP
312,34.247726,57.089066,58.2842022,38.8636373,"Р104, Oblast de Iaroslavl, Russie",RU
313,39.275185,60.642532,-13.7238985,-70.4542186,"Carretera Interoceanica 96, Peru",PE
314,29.491089,40.12654,24.9040998,54.9472457,Sheikh Zayed Rd - Dubai - United Arab Emirates,AE
315,43.026665,16.848625,50.1305973,20.0896906,"71, 32-010 Sulechów, Poland",PL
316,22.049911,90.41355,22.664001,120.5231108,"No. 242, Héxìng Road, Changzhi Township, Pingtung County, Taiwan 908",TW
317,37.170532,16.653688,38.0809143,-6.5154675,"EX-201, 06270 Segura de León, Prowincja Badajoz, Hiszpania",ES
318,16.698904,58.532337,2.706633,101.4926416,"B324, Ladang Bedford, 42700 Banting, Selangor, Malaysia",MY
319,33.92105,79.105515,21.9257629,120.8318541,"946, Taiwan, Pingtung County, Hengchun Township, 香蕉灣[屏客]",TW
320,52.905506,-2.2136555,39.8616717,25.0574825,"Unnamed Road, Limnos 814 00, Greece",US
321,42.78059,16.259804,23.1942247,120.1923896,"722, Tajwan, Tainan, Jiali District, 260-1",TW
322,53.097218,37.136173,59.1734957,26.127122,"Järva-Jaani-Tamsalu-Kullenga, Uudeküla, 46026 Lääne-Viru County, Estonia",EE
323,49.14729,20.591583,56.85349,25.2554606,"P4, Ķeipenes pagasts, LV-5062, Latvia",LV
324,44.48259,15.846989,38.910636,-0.8399728,"CV-589, 3, 46640 Mogente, Valencia, Spain",ES
325,43.49326,7.758246,56.9079063,-6.1610274,"Unnamed Road, Isle of Eigg, Highland PH42 4RL, UK",KH
326,7.171733,-12.297935,-32.3592851,18.4574141,"R366, South Africa",ZA
327,38.30859,57.78552,58.5381356,31.3112132,"Khutynskaya ulitsa, 49, Nowogród Wielki, Obwód nowogrodzki, Rosja, 173020",RU
328,47.03613,53.4459,51.7557943,19.3077326,"Rszewska 29, 95-050 Konstantynów Łódzki, Poland",PL
329,28.34325,64.5764,32.6314324,35.123777,"66, Israel",IL
330,52.503796,22.342285,46.0093362,14.2741785,"Vrzdenec 57, 1354 Horjul, Slovénie",SI
331,45.53055,18.296661,46.5232931,-1.0190949,"50-54 Route de Saint-Aubin, 85210 Saint-Étienne-de-Brillouet, France",FR
332,39.97671,36.99708,42.239313,25.945045,"554, 6262 Beli bryag, Bulgarije",BG
333,34.4983,40.302708,36.3076161,-82.911982,"4990 Gap Mountain Road, Greeneville, Tennessee 37745, EE. UU.",US
334,43.745693,38.54493,32.562503,34.9406214,"Bareket 26-30, Zikhron Ya'akov, Israel",IL
335,22.479301,131.0405,22.3450096,114.0566147,"Kap Shui Mun Bridge, Hong Kong",HK
336,47.029537,57.160408,46.5275944,15.6977477,"E59, 2000 Maribor, Słowenia",UA
337,54.085953,17.31263,62.2400862,25.9693755,"Leppälahdentie 54, 41450 Jyväskylä sub-region, Finland",FI
338,21.415955,110.22921,23.4864155,89.4275018,"Dauladia - Faridpur - Magura - Jhenaidah - Jessore - Khulna - Mongla Rd, Magura, Bangladesh",BD
339,42.163506,28.46579,46.3185177,13.5400098,"Čezsoča 123, 5230 Bovec, Słowenia",SI
340,50.948643,12.584731,53.8078739,-8.766311,"N83, Co. Mayo, Ireland",IE
341,48.468616,15.579592,1.5307615,103.7157633,"Jalan Lurah 3, Kawasan Kempas Lurah, 81200 Johor Bahru, Johor, Malaisie",MY
342,-12.4106455,35.413147,-25.7325791,27.5660847,"N4, South Africa",ZA
343,44.849304,10.946472,40.9562059,-7.5774806,"N226, 3620, Portugal",PT
344,16.558414,70.68413,40.2279506,23.7683488,"Epar.Od. Nikitis-Sartis, Sithonia 630 88, Greece",GR
345,51.13521,22.419357,25.155773,55.2998538,Muscat St - Dubai - United Arab Emirates,AE
346,18.379673,-53.905006,46.2424122,-119.1184859,"1936 West Ruby Street, Pasco, État de Washington 99301, États-Unis",US
347,50.927288,24.900772,52.9893184,7.005884,"Vledderweg 14, 9585 PA Vledderveen, The Netherlands",NL
348,33.78342,66.43952,32.7983987,34.9573307,"David Elazar, Haifa, Israel",IL
349,63.313656,14.866258,-22.0420907,-53.3373573,"MS-134, Mato Grosso do Sul, 79750-000, Brazil",BR
350,43.55657,10.582066,42.5557524,1.6160455,"Unnamed Road, AD100 Canillo, Andorra",AD
351,45.528233,17.612915,46.064868,14.5757935,"Jarše, Slovenia",US
352,53.118713,20.800205,56.0866657,25.5842936,"3625, Juodupė 42442, Lithuania",LT
353,47.072205,13.400056,55.4165008,25.0615687,"1201, Kurkle 29234, Litwa",LT
354,39.404907,36.468807,1.6539995,111.2194501,"Jalan Batang Saribas - Krian, Pusa, Sarawak, Malaysia",MY
355,51.130177,16.528227,36.0362239,136.2614025,"4 Goshimacho, Fukui, Fukui Prefecture, Japan",JP
356,25.59056,48.05477,23.0416564,89.2001278,"Monirampur-Jhikorgacha Road, Bangladesh",BD
357,46.99194,14.659595,53.7081451,-1.814261,"10 Church Lane, Halifax, West Yorkshire HX3 9TD, UK",GB
358,41.230816,41.421062,20.4339707,-101.7345095,"López Mateos 41, Los Presidentes, 36900 Pénjamo, Guanajuato, Mexico",MX
359,54.417027,24.309673,56.3163281,8.6850235,"Herningvej, 7500 Holstebro, Denmark",DK
360,0.72419167,176.43,8.8867186,99.2203309,"44, Tambon Chapthawi, Amphoe Ban Na Doem, Chang Wat Surat Thani 84240, Thailand",TH
361,52.19047,20.422771,54.6873962,25.2780825,"Gediminas Avenue 15-17, Vilnius 01103, Lithuania",LT
362,9.129242,28.221775,33.0375544,35.2032504,"45, Manot, Israel",IL
363,53.994587,15.698474,48.5398506,19.8637364,"531007, 980 53 Lehota nad Rimavicou, Slovakia",SK
364,53.258446,26.433308,49.8163154,24.0774946,"Pasichna street, 98, Lwów, Obwód lwowski, Ukraina",UA
365,40.144253,19.686424,18.5667056,-97.1018664,"Unnamed Road, Veracruz-Llave, Mexikó",MX
366,54.73888,8.270331,41.4437127,13.7086188,"Strada Provinciale 45, 03037 Pontecorvo, Frosinone, Italy",IT
367,56.340366,24.954689,58.5920977,25.4408938,"Võhmasaare-Jälevere, 71407 Viljandi County, Estonia",EE
368,44.243572,21.188183,55.9477812,25.5786204,"Vilties gatvė 26, Rokiškis 42154, Lithuania",LT
369,40.673046,29.00142,22.4401016,113.9465561,"Nim Wan Rd, Lau Fau Shan, Hong Kong",HK
370,34.449093,11.689535,50.645069,5.1353972,"Chaussée de Tirlemont, 4280 Hannut, Belgium",BE
371,51.745853,11.517256,44.1651777,25.9580274,"Strada Sfântul Nicolae, Uzunu, Romania",RO
372,26.945702,98.99472,22.3734189,114.1177184,"100 Sai Lau Kok Rd, Tsuen Wan, Hong Kong",HK
373,49.78806,33.152958,47.4249025,8.3793866,"E60, 8957 Spreitenbach, Switzerland",SI
374,43.85533,24.187817,44.5797481,15.9411869,"D218, 53250, Birovača, Croatie",HR
375,27.279892,82.34574,25.2504254,55.3455341,D70 - Dubai - United Arab Emirates,AE
376,47.33318,6.3829365,42.5533327,1.5074136,"CG-4, 15, AD400 La Massana, Andorra",AD
377,51.79588,23.337135,48.5083341,-4.0744946,"Boulevard Thierry d'Argenlieu, 29400 Landivisiau, France",FR
378,16.191109,106.80706,46.2752741,17.9067491,"7473 Hajmás, Fő Street 15-16, Hungary",HU
379,68.74642,41.448227,62.3935751,13.7548497,"84, 840 93 Hede, Sweden",SE
380,33.635708,5.7014,-33.6131459,-71.6038444,"Card José María Caro 503-543, San Antonio, Valparaíso Region, Chile",CL
381,37.493526,93.81197,54.4167798,18.5905229,"80-351 Gdańsk, Polska",PL
382,37.6533,46.356583,35.1915426,128.9012485,"299-1 Bongnim-dong, Gangseo-gu, Busan, South Korea",KR
383,36.166218,10.884848,39.5817649,-0.3530091,"CV-32, 46130 Massamagrell, Provinz Valencia, Spanien",ES
384,37.331295,4.2695146,-34.9019496,-60.7143992,"RP46, Buenos Aires, Argentinien",AR
385,51.01664,5.4429584,48.399294,20.2688545,"50, 982 51 Stránska, Slovakia",SK
386,39.801907,46.477028,22.6660017,120.3179798,"No. 33, Lane 794, Mínzúyī Road, Sanmin District, Kaohsiung City, Taiwan 807",TW
387,48.219036,18.824677,43.4922122,-0.8382195,"592-826 Chemin Larrue, 64300 Salles-Mongiscard, France",FR
388,48.657734,14.892259,45.1915716,13.6548736,"D302, 52440, Kadumi, Kroatien",HR
389,39.802532,11.331576,40.978843,16.4391405,"Contrada Modesti, 70037 Ruvo di Puglia, Bari, Italy",IT
390,47.573242,18.01847,50.4495641,4.6493063,"Rue Trieu des Dames 11-17, 5190 Jemeppe-sur-Sambre, Belgium",BE
391,32.85586,25.46101,-41.0204385,-73.1180898,"Panamericana Sur, Frutillar, Los Lagos Region, Chile",CL
392,55.41095,17.575172,-37.5555287,175.9212569,"14-16 Tui Place, Katikati 3129, New Zealand",NZ
393,46.23098,6.338461,62.298094,17.4066018,"Päronvägen 2-3, 862 34 Kvissleby, Sweden",SE
394,31.496552,73.25524,37.5402739,126.7615153,"248-4 Byeongbang-dong, Gyeyang-gu, Incheon, Coreea de Sud",KR
395,55.452816,18.213238,47.5833231,5.0559742,"D120, 21120 Marey-sur-Tille, France",NL
396,9.165733,46.028656,-28.7304485,31.8257905,"R34, Afrique du Sud",ZA
397,64.56026,-5.1676245,64.8354177,-22.4481728,"Snæfellsnesvegur, Iceland",IS
398,-5.9195204,28.526745,62.477481,6.1823553,"Riksveg 658 480, 6002 Ålesund, Norvège",NO
399,38.385983,23.619984,10.2620217,-75.343314,"Calle 58 # 30-1 a 30-99, Arjona, Bolivar, Colombia",CO
400,48.56632,20.415531,47.0455484,-79.2664733,"1958 QC-101, Laniel, QC J0Z 2K0, Canada",CA
401,30.381702,34.61273,-29.2944865,-71.294056,"D-110, La Higuera, 코킴보 주 칠레",CL
402,-11.430724,37.87767,-15.783379,-48.127564,"BR-070, Dystrykt Federalny, Brazylia",BR
403,47.21774,11.006368,48.7787395,1.1843908,"Route de Damville, 27320 Nonancourt, Frankrijk",FR
404,29.28484,40.609173,11.2448209,104.5255129,"Unnamed Road, Cambodia",KH
405,48.646557,12.7463045,45.9741177,13.5298084,"Vipolže 62a, 5212 Dobrovo v Brdih, Słowenia",SI
406,55.832726,24.985958,57.8185182,18.6169742,"684, 624 54 Lärbro, Sweden",SE
407,45.132652,12.087763,49.0244283,20.5860765,"Nová 71-72, 054 01 Levoča, Słowacja",HU
408,57.01697,9.186999,48.2276102,19.6169321,"3138 Ipolytarnóc, 2205, Hongarije",HU
409,12.804857,42.019524,-7.1688689,-79.4403788,"La Libertad 528, Pacanguilla, Perú",PE
410,42.484844,12.593938,40.2448133,16.0781505,"Strada Statale 598, 85010 Gallicchio, Potenza, Italy",IT
411,-14.098168,-46.828163,-52.659876,-68.6063219,"Ruta Nacional 3, Tierra del Fuego, Argentina",AR
412,53.48323,10.499653,64.9652321,13.5806925,"Fylkesveg 361 730, 7898 Limingen, Norwegen",NO
413,67.123436,15.977553,64.6550192,17.0882292,"360, 912 94 Latikberg, Sweden",SE
414,55.88545,23.947495,56.6222614,23.6827072,"Baložu iela 12, Atpūta, Svētes pagasts, LV-3008, Latvia",LV
415,56.754,16.27305,56.5253611,23.5047768,"P95, Zaļenieki parish, LV-3011, Latvia",LV
416,35.743885,21.768253,35.3390362,137.1757827,"1299-4 Tokitsucho Tokiguchi, Toki, Gifu Prefecture, Japan",JP
417,7.129402,24.137798,-21.6705651,-47.3060572,"SP-332, São Paulo, 13710-000, Brazil",BR
418,48.325726,14.714581,40.8495179,15.4174433,"SS401, 85020 Pescopagano, Potenza, Italië",IT
419,42.033356,53.151352,27.5870202,91.4915538,"Mongar - Trashigang - Trashiyangtse Rd, Trashiyangtse, Bhutan",BT
420,42.234753,-18.885723,-11.9662328,-77.0666029,"Jr.Helio, Los Olivos 15311, Peru",PE
421,57.32806,20.008896,37.925306,139.2811963,"Unnamed Road, Shibata-shi, Niigata-ken, Japan",JP
422,33.30459,24.135696,46.191582,7.2475311,"E62, 1957 Chamoson, Switzerland",CH
423,51.661247,33.689312,49.7912298,24.0667847,"Kos-Anatol's'koho street, 18, Lviv, Lviv Oblast, Ukraine",UA
424,48.02323,42.75776,55.3890122,23.8758698,"144, Vainotiškiai 58352, Lithuania",LT
425,20.16907,-3.4686537,-25.8965665,-70.4768286,"Panamericana Norte, Taltal, Antofagasta Region, Chile",CL
426,44.652058,22.34166,59.5242985,11.9872786,"627, Årjäng NV, Sweden",SE
427,48.35283,13.78957,60.6762632,15.0822104,"Granmovägen 9, 793 40 Insjön, Sweden",SE
428,43.068394,19.17035,42.9404815,23.2655811,"8102, Svidnya, Bulgaria",BG
429,44.427097,19.50764,62.4627012,17.4552018,"615, 865 91 Alnö, Sweden",SE
430,48.287533,23.535545,60.9890453,25.7427961,"Ohitustie, 15300 Lahti, Finland",FI
431,-17.394287,34.85728,-24.5232165,26.0369093,"A1, Botswana",BW
432,31.184246,32.66808,-29.7363533,30.5862225,"1 Drew Lane, Cato Ridge 3680, South Africa",ZA
433,54.26633,16.469402,58.1922771,26.6755536,"E263, Raanitsa, 62020 Tartu County, Estonia",EE
434,40.898746,23.25864,42.8164427,11.1313249,"SS223, 58100 Grosseto, Italy",IT
435,45.173386,16.74115,47.2902073,26.8209199,"DJ281C, Romania",GR
436,50.194168,7.1639156,57.227914,9.6867521,"Omfartsvejen 120, 9490 Pandrup, Danska",DK
437,47.70034,36.87959,49.1061827,18.9177622,"Francúzskych partizánov, 036 01 Martin, Slovakia",SK
438,50.926647,13.963523,54.6165609,39.7383581,"Sportivnaya ulitsa, 10, Rjazaň, Rjazaňská oblast, Rusko, 390000",RU
439,57.267353,22.629585,57.0778009,21.4229735,"P111, Užava parish, LV-3627, Latvia",LV
440,42.63253,1.2116385,43.4425742,-8.1363108,"Carretera Fonfría, 15611 Cabanas, A Coruña, Spain",ES
441,44.26663,17.17495,46.042002,17.9715139,"7940 Csonkamindszent, 6, Hungary",HU
442,58.229206,5.6310477,49.9982359,15.7399254,"32226, 530 02 Třebosice, Czech Republic",CL
443,38.83544,18.60923,-26.8385242,26.6581659,"3 Kirstein Road, Klerksdorp 2571, Republika Południowej Afryki",ZA
444,57.90485,23.43568,60.9705994,26.1230807,"Kaunistontie 269, 16100 Iitti, Finlande",FI
445,45.53561,14.925151,32.0880775,34.7736983,"Vilna 2, Tel Aviv, Israel",IL
446,49.140293,41.13967,47.4920249,8.7449565,"Tösstalstrasse 106, 8400 Winterthour, Suisse",CH
447,41.215054,17.663475,49.9592963,16.1478638,"Hradecká, Karosa, 566 01 Vysoke Myto, Czech Republic",CZ
448,47.52323,21.226383,27.3834509,90.5135841,"Sarpang - Gelephu - Trongsa Hwy, Bhutan",BT
449,20.819382,-21.084152,37.7128646,-3.9627146,"Calle Manuel Bueno Sanchez, 23600 Martos, Jaén, Spain",ES
450,52.579334,21.225681,58.0757141,26.7352259,"E263, 63418 Põlva County, Estonia",EE
451,51.42751,18.755722,51.4302402,24.6007254,"М19, Butsyn, Volyns'ka oblast, Ukraine",NO
452,6.107111,112.40176,1.3720142,103.8257891,"Oncospermum Trail, Singapore",SG
453,50.648735,2.7037182,51.5750068,-9.3710405,"Unnamed Road, Co. Cork, Ireland",IE
454,51.040264,36.342964,50.5114018,2.8096414,"1-9 Rue de Pâques, 62138 Douvrin, France",FR
455,48.944073,20.736435,55.044173,61.3643215,"ulitsa Lesnaya (Novosineglazovskiy), 25, Chelyabinsk, Chelyabinsk Oblast, Russia",RU
456,32.773537,6.1398926,19.3458174,-96.5352437,"Xalapa - Veracruz, Veracruz, Mexico",MX
457,45.263065,32.841805,52.430705,-8.9610243,"Unnamed Road, Co. Limerick, Ireland",IE
458,36.43307,54.390884,20.7430819,-105.3139887,"Boulevard Central, Nayarit, Mexico",MX
459,51.412643,14.011692,44.6287316,-123.0886967,"1097-1199 14th Avenue Southeast, Albany, OR 97322, USA",US
460,43.17416,7.8754253,46.1114264,14.5772562,"Dragomelj, 1230 Domžale, Slovenia",SI
461,43.94833,22.523945,-32.2595535,150.8391362,"685-750 Wybong Road, Muswellbrook NSW 2333, Australia",AU
462,50.719357,7.1211853,51.7680525,5.4969463,"Ussenstraat 100, 5345 HW Oss, The Netherlands",NL
463,42.38316,23.817852,43.2499173,13.3221451,"Strada Provinciale 12, 62010 Pollenza, Macerata, Italy",IT
464,28.243633,64.289566,1.4080688,103.9925566,"Unnamed Road, Singapore",SG
465,76.49709,13.839547,36.4743468,-86.7106432,"7640-7722 Tennessee 76, White House, TN 37188, USA",US
466,55.28762,16.656172,51.7073165,17.9080312,"Gmina Nowe Skalmierzyce, Poland",PL
467,47.69798,26.27232,47.5605213,-79.4381896,"Québec 101, Saint-Bruno-de-Guigues, QC J0Z 2G0, Canada",CA
468,26.950905,99.05139,1.4145382,103.8051795,"124 Mandai Rd, Singapore 779389",SG
469,30.58868,74.62854,23.7064914,88.6089116,"Mujibnagar Road, Bangladesh",BD
470,44.48777,38.0604,-36.8910397,174.8127356,"114 Ladies Mile, Ellerslie, Auckland 1051, New Zealand",NZ
471,55.035812,5.2108855,50.4005738,3.8815195,"Rue des Cèdres 42, 7080 Frameries, Belgium",BE
472,51.44019,21.873512,46.6075718,5.4154564,"D97, 39190 Beaufort, France",FR
473,42.062347,23.126137,45.6469871,17.2651885,"Donja Vrijeska 40, 43508, Donja Vrijeska, Croatia",HR
474,50.853218,23.108265,47.8655216,18.7510283,"564, 943 65 Bajtava, Slovakia",SK
475,33.10495,14.93387,47.0101176,18.3765592,"8123 Soponya, 6301, Hungary",IS
476,61.249123,13.6459255,63.0768984,14.4447609,"592, 832 94 Orrviken, Szwecja",SE
477,42.337044,31.677593,53.8892742,18.6314985,"E75, Poland",PL
478,50.848454,28.48518,45.3517365,25.5430032,"Strada Gheorghe Doja, Sinaia, Romania",RO
479,48.420197,11.238853,22.8437649,89.2899842,"Jessore-Satkhira Road, Bangladesh",BD
480,27.03006,43.079395,45.1450838,11.3735778,"Via Bastianelli, 9, 37049 Spinimbecco Verona, Italy",IT
481,33.855343,25.973373,-26.0420286,28.0534777,"10 Elizabeth Avenue, Sandton 2128, South Africa",ZA
482,51.464397,31.065426,37.7911219,-77.1508819,"186-222 Vessels Ln, Aylett, VA 23009, USA",AU
483,43.74048,13.49997,45.5865491,27.7720032,"DJ255, Slobozia Conachi, Rumunia",RO
484,12.6592455,2.1910615,-21.1447225,24.5798129,"Boteti, Botsuana",BW
485,47.477036,23.176254,50.1305973,20.0896906,"71, 32-010 Sulechów, Poland",PL
486,50.03893,9.85296,49.8375924,23.9702379,"Nyzynna Street, 75А, Lviv, Lviv Oblast, Ukraine",UA
487,63.48771,25.176987,58.4360329,26.4625821,"E263, 60603 Tartu County, Estonia",EE
488,52.776684,10.115069,44.3117249,9.7175148,"Strada Provinciale 3, 19020 Sesta Godano, La Spezia, Italy",IT
489,36.145763,14.6623,25.2248802,55.42556,47th St - Dubai - Förenade Arabemiraten,AE
490,53.35245,19.061066,48.7201137,9.1443058,"Hechinger Straße 73, 70567 Stuttgart, Germany",DE
491,54.799385,23.224026,53.2965893,34.8072247,"E101, Bryansk Oblast, Russia",RU
492,44.16779,5.1437626,-34.2491253,21.3771175,"R305, South Africa",NL
493,51.87669,13.506494,54.5419813,17.724283,"Komuny Paryskiej 35, Lebork, Poland",PL
494,44.86595,10.293597,46.1809728,16.3327488,"Remetinec, 42220, Remetinec, Croatie",HR
495,33.689114,63.247505,1.410545,103.9904566,"840W Pulau Ubin, Singapore 508381",SG
496,49.12774,24.20256,56.555744,24.6446991,"P73, Vecumnieki parish, LV-3930, Letonia",LV
497,44.461624,9.950702,53.5181234,-9.605655,"Unnamed Road, Co. Galway, Ireland",IE
498,54.759315,7.971173,46.0007437,-65.9061549,"9154 NB-10, Waterborough, NB E4A, Canada",CA
499,36.754566,-3.0346308,56.4217327,-3.4259351,"A93, Perth, Perth and Kinross PH2 6BB, UK",GB
500,26.46547,15.235206,-18.5247272,-42.7355766,"BR-120, Minas Gerais, Brazil",BR
501,38.14021,-48.010555,-12.4636737,-76.7460056,"Panamericana Sur, Pucusana District, Peru",PE
502,48.09155,15.697108,42.5170877,1.5296674,"Ctra. dels Vilars, 38-54, AD700 Escaldes-Engordany, Andorra",AD
503,48.103462,77.59524,35.1912269,129.0756643,"23 Beobwonnam-ro 10beon-gil, Yeonje-gu, Busan, South Korea",KR
504,32.244602,44.387802,-34.9552345,147.277455,"552 Locks Road, The Gap Nouvelle Galles du Sud 2650, Australie",AU
505,30.161274,160.29149,22.4468202,114.0028465,"15 Ping Ha Rd, Ping Shan, Hong Kong",HK
506,35.422344,61.586662,25.1837776,55.2520429,Al Hadiqa St - Dubai - Vereinigte Arabische Emirate,AE
507,51.18789,77.81753,37.5600579,127.0150007,"294-123 Sindang 6(yuk)-dong, Jung-gu, Seoul, South Korea",KR
508,45.27579,44.719955,27.0309296,89.5883963,"Phuntsholing - Thimphu Hwy, Bhutan",BT
509,35.086792,73.02095,17.7599401,100.1206123,"Rural Rd Uttaradit 4013, Tambon Ban Dan Na Kham, Amphoe Mueang Uttaradit, Chang Wat Uttaradit 53000, Thailand",TH
510,47.892204,18.751953,56.8395847,22.5663313,"Krasta iela 2-5, Satiķi, Gaiķi parish, LV-3873, Latvia",LV
511,44.745197,8.015792,56.1697855,10.19969,"Niels Jensens Vej 8, Aarhus University, 8000 Aarhus, Denmark",DK
512,45.736835,14.516265,50.5501715,15.7739961,"Čermná 174, 543 77 Čermná, Czech Republic",CZ
513,33.029346,94.039024,45.4534126,14.8903115,"D3, 51311, Skrad, Croatia",US
514,53.797977,22.953232,55.767783,21.4340251,"2230, 96201, Lithuania",LT
515,34.500168,61.368202,37.4209027,-8.5504363,"Unnamed Road, 7665, Portugal",PT
516,40.47877,16.8656,40.4754897,15.0559969,"Via Pio X, 10, 84047 Capaccio, Salerno, Italy",IT
517,50.296635,15.485982,50.0040019,16.7493491,"Červená Voda 3, 561 69 Červená Voda, Czech Republic",CZ
518,31.016834,82.37716,1.3251059,103.9465978,"64-66 Bedok Terrace, Singapore",SG
519,36.969505,-15.080956,42.6194731,1.5385601,"Av. de Sant Pere, AD300 Ordino, Andorra",AD
520,37.384537,15.57256,-33.0541054,-71.5192105,"Ruta 60, Viña del Mar, Valparaíso Region, Chile",CL
521,41.79999,51.26358,24.9294235,55.1153922,Sheikh Mohammed Bin Zayed Rd - Dubai - Объединенные Арабские Эмираты,AE
522,48.394535,19.153046,55.9073161,26.4943663,"Cēsu iela 42, Daugavpils, LV-5401, Latvia",LV
523,32.643814,74.094734,26.9004311,91.5020939,"Unnamed Road, Bhutan",BT
524,65.74724,22.525726,55.3726991,11.7259536,"Sandbyvej 28, 4171 Glumsø, Denmark",DK
525,44.5037,32.246426,42.4435133,1.5015617,"Ctra. de la Rabassa, AD600 Sant Julià de Lòria, Andorra",AD
526,55.23695,9.690306,53.0497791,5.3897072,"Suderseewei, 8754 Makkum, The Netherlands",NL
527,36.042885,23.977669,41.6339458,24.3044622,"Змеица - Чала, 4834, Bulgaria",BG
528,22.76701,40.273026,-30.8018664,117.1946489,"LOT 19497 Koorda-Wongan Hills Road, Badgerin Rock WA 6475, Australia",AU
529,48.20307,24.849712,47.9067518,18.2112528,"64 8-26, 947 03 Hurbanovo-Pavlov Dvor, Słowacja",BW
530,14.54241,27.87939,-36.8809086,141.4674011,"201 Maryvale Road, Karnak VIC 3401, Australia",AU
531,53.38869,4.187702,50.8294109,4.4492923,"Avenue Alfred Madoux 89, 1150 Woluwe-Saint-Pierre, Belgium",BE
532,36.141296,71.53777,47.392892,8.5392095,"Schaffhauserstrasse 74, 8057 Zürich District, 스위스",CH
533,49.749138,19.283993,48.5398506,19.8637364,"531007, 980 53 Lehota nad Rimavicou, Slovakia",SK
534,47.62088,6.738307,62.16145,5.1735825,"Fylkesveg 633 80, 6750 Stadlandet, Norway",CL
535,51.539303,12.434851,53.1285498,-7.8823754,"Unnamed Road, Co. Offaly, Ireland",IE
536,44.451595,-21.772839,-22.4470283,-68.9198109,"Balmaceda 3442-3478, Calama, Antofagasta Region, Chile",CL
537,40.207912,57.189156,24.022365,120.5186833,"Xīnxīng Street, Xiushui Township, Changhua County, Taiwan 504",TW
538,7.0756044,-17.798618,-11.7294589,-77.1506192,"Panamericana Norte, Ancon, Pérou",PE
539,37.26091,59.644325,27.013297,90.614642,"Sarpang - Gelephu - Trongsa Hwy, Bhutan",BT
540,51.96078,25.511517,57.6012572,39.8765501,"Moskovskiy prospekt, 89, Yaroslavl, Yaroslavl Oblast, Russia, 150000",RU
541,50.247395,20.159386,19.5292548,-97.2688574,"Carretera Oriental Zacatepec, Veracruz, Mexico",MX
542,44.66659,17.031132,45.9140231,14.9903415,"Rožni Vrh 13, 8210 Trebnje, Slovenia",SI
543,26.777355,82.06119,24.7807133,125.3167427,"Japan, 〒906-0000 Okinawa-ken, Miyakojima-shi, Hirara 県道78号線",JP
544,52.789722,13.518885,47.7678794,18.1211575,"Selyeho 3543, 945 01 Komárno, Slovakia",SK
545,2.526349,99.876396,25.1406328,55.1346767,Crescent Rd - Dubai - United Arab Emirates,AE
546,9.123619,50.684418,-27.1922694,31.3473493,"MR11, Swaziland",SZ
547,54.705246,26.636852,54.6282385,24.3884875,"1812, Užuguostis 59367, Lithuania",LT
548,55.355747,18.431404,55.5304019,22.9855549,"2119, Gailiai 86224, Lithuania",LT
549,39.7785,26.71928,52.2958647,4.8913875,"Amsteldijk Zuid 50, 1184 VD Amstelveen, The Netherlands",NL
550,43.944603,0.30310297,24.2501304,121.1660252,"Zhongbu Cross-island Hwy, Heping District, Taichung City, Taiwan 424",TW
551,51.766216,17.328527,51.1583258,16.9342609,"Północna 4-6, 54-105 Wrocław, Polska",PL
552,39.62497,24.113625,53.2960903,14.8644266,"1355Z, Poland",PL
553,38.709236,9.102568,-27.9697472,26.8055598,"11813-11814 Fonya Crescent, Welkom 9478, South Africa",ZA
554,36.621162,37.209267,-32.807946,-71.2217817,"F-62, Calera, Valparaíso Region, Chile",CL
555,54.74909,18.850765,56.5369498,9.0367902,"Sdr Boulevard 224, 7800 Skive, Denmark",DK
556,44.757168,4.9947147,53.4324733,-6.4543576,"3 Tetrarch Grove, Clonee, Co. Meath, Ireland",IE
557,44.366596,10.554296,51.9160171,5.4148775,"Terweistraat 1, 4011 EX Zoelen, The Netherlands",NL
558,-41.996017,-93.70354,-16.099845,-71.6104882,"34A 1500, Perù",PE
559,53.118114,10.578852,46.1522757,18.0907423,"7678 Abaliget, 6604, Hungary",HU
560,48.09383,11.632459,62.5507246,29.0809193,"Korpivaarantie 38, 83330 Liperi, Finland",FI
561,51.43968,15.618411,52.1719937,4.523959,"Provincialeweg, 2353 Leiderdorp, The Netherlands",NL
562,66.13348,40.47238,57.3986604,22.0627978,"E22, Ugāle parish, LV-3615, Latvia",LV
563,33.888718,61.285557,-24.5750184,25.9809695,"21651-21652 Dirunya, Gaborone, Botswana",BW
564,50.006954,50.272892,41.7703948,-8.7790126,"N302, 4925, Portugal",PT
565,33.147846,11.382832,-37.646978,-72.5916616,"Ruta 180, Negrete, Biobío Region, Chile",CL
566,50.49166,13.264516,52.6681805,-0.5900387,"46 Willoughby Drive, Empingham, Rutland LE15, Royaume-Uni",GB
567,44.900513,29.104187,-43.4617362,172.0244982,"182 Deans Road, Darfield 7571, New Zealand",NZ
568,34.461052,23.202217,45.6951556,24.9242903,"DC73, Rumunia",RO
569,52.58048,18.654537,-35.3346561,-58.6279614,"RP215, Buenos Aires, Argentina",AR
570,33.82185,64.99503,24.5949746,121.6862078,"267, Taiwan, Yilan County, Datong Township, 寒溪巷1號",TW
571,4.2144804,-27.905743,63.8473024,-22.3792602,"427, Islandia",IS
572,37.718254,24.731548,44.4181204,27.769679,"Ialomița, Romania",RO
573,-15.4805975,85.09866,-20.2118969,26.1820028,"A3, Nata, Botswana",BW
574,42.50622,3.4653893,38.4716566,-4.6765484,"Calle Maria Tolo, 23, 14410 Torrecampo, Córdoba, Španija",ES
575,55.222942,18.110094,54.9128591,11.8109519,"Bjergvej 12, 4840 Norre Alslev, Denmark",DK
576,59.000233,20.84245,55.6894967,52.4437214,"proyezd Tizlek, 32, Naberezhnye Chelny, Republic of Tatarstan, Russia, 423800",RU
577,38.81939,58.818687,22.2466206,114.2492115,"10 Big Wave Bay Rd, Shek O, Hong Kong",HK
578,48.100353,23.168041,42.5042364,1.5510798,"Ctra. de la Comella i de la Plana, AD700 Escaldes-Engordany, Andorra",AD
579,46.047077,-11.653365,-29.5879594,-50.8033888,"Rua Olavo Bilac, 304-386, Rio Grande do Sul, 95650-000, Brazylia",BR
580,38.853695,-4.2569723,39.0732286,26.5877719,"Unnamed Road, Lesvos 811 00, Grækenland",GR
581,13.601362,109.38964,23.0990817,89.7601313,"Dhaka - Khulna Hwy, Bangladesh",BD
582,34.57462,25.306953,36.0316845,-115.2795809,"8635 West Cougar Avenue, Las Vegas, Nevada 89148, États-Unis",US
583,44.796635,2.3516164,15.9567,-97.3482181,"Salina Cruz - Santiago Pinotepa Nacional, Barranca Honda, Oaxaca, Mexico",MX
584,45.585857,8.841021,42.5306644,1.5009058,"Carretera de Sispony, AD400 La Massana, Andorra",AD
585,49.11069,27.700924,51.8749407,5.9695788,"Nijmeegsestraat 1, 6691 CJ Gendt, The Netherlands",NL
586,38.269394,40.960403,27.3498758,91.6312739,"Unnamed Road, Bhutan",BT
587,57.543575,25.234753,54.960538,23.2926608,"140, 71197, Lithuania",LT
588,40.923027,-2.6159983,-36.7777076,-73.0928769,"Aviación 6949-6981, Talcahuano, Biobío Region, Chile",CL
589,44.106155,13.303859,37.9061191,-88.3053347,"22301-22999 Illinois 1, Omaha, Illinois 62871, Stati Uniti",MY
590,-18.905243,1.013938,-32.9521353,17.9434465,"Main Road, West Coast Peninsula, Republika Południowej Afryki",ZA
591,28.819225,76.83269,11.1265707,103.9378204,"National Hwy 4, Cambodia",KH
592,43.876987,-10.13948,4.6009097,-74.1331338,"Carrera 53 # 39S-2 a 39S-100, Bogota, Cundinamarca, Kolumbia",CO
593,47.966084,33.45355,57.444408,24.7609001,"P9, Limbažu pagasts, LV-4001, Łotwa",LV
594,-75.5763,-86.0159,-39.709242,-69.5095133,"RN237, Neuquén, 아르헨티나",AR
595,22.911476,89.72284,24.2962254,120.7172239,"No. 170-188, Náncūn Road, Houli District, Taichung City, Taiwan 421",TW
596,61.99983,25.778591,54.0662342,24.0964532,"2519, Dzūkijos nacionalinis parkas 65319, Lithuania",LT
597,45.811245,15.3733425,50.4056456,4.3426145,"N54, 6140 Fontaine-l'Evêque, Belgique",BE
598,63.919666,2.4164667,60.7788706,24.8036418,"Karantie 117, 11120 Riihimäki, Finland",FI
599,46.179905,12.995595,40.9193019,15.5664871,"SS401, Avellino, Italy",IT
600,19.162064,107.83972,-6.1418685,106.8085379,"Jl. Perniagaan Raya No.41, Tambora, Kota Jakarta Barat, Daerah Khusus Ibukota Jakarta 11220, Indonesia",ID
601,56.514256,12.304843,49.0319259,21.7777303,"554, 094 06 Košarovce, Slovakia",SK
602,46.588028,30.510761,59.5757752,25.9585057,"Mere 46, Lahemaa rahvuspark, Võsu, 45501 Lääne-Viru County, Estonia",EE
603,49.010166,11.408976,43.8598346,27.7481216,"293, Bistrets, Bulgaria",BG
604,43.582317,59.650455,47.0020784,20.6114024,"5400 Mezőtúr, Földvári Way 12, Hungary",HU
605,43.33121,33.853344,50.4683009,30.4844532,"Polovetska Street, 16, Kiev, Kyiv city, Ukraine",UA
606,53.40158,11.659571,23.5445799,89.5183564,"Mawa - Bhanga Hwy, Bangladesh",BD
607,42.84835,21.427624,37.635082,23.3465238,"Unnamed Road, Trizinia 180 30, Greece",GR
608,52.526176,0.99330807,52.5512054,-6.2825601,"Unnamed Road, Co. Wexford, Irlandia",IE
609,36.8218,31.002312,45.6202769,10.2026341,"Via Europa, Villa Carcina, Brescia, Italy",IT
610,55.50152,27.07357,44.3121689,7.6834191,"Regione Gambarello, 37B, 12013 Chiusa di Pesio, Coni, Italie",IT
611,32.89663,43.91476,-36.7805135,149.9134696,"1479 Sapphire Coast Drive, Wallagoot NSW 2550, Australia",AU
612,-14.290265,126.60822,-30.7733931,117.4171465,"LOT 1 Koorda North West Road, Newcarlbeon WA 6475, Australia",AU
613,44.758312,26.76381,44.0653016,23.4344652,"DJ522A, Cioroiu Nou, Romania",RO
614,24.52612,66.54634,24.8999808,55.0468301,Unnamed Road - Dubai - United Arab Emirates,BR
615,40.27256,46.01775,24.0124933,120.9901739,"Fúzhǎng Road, Puli Township, Nantou County, Ταϊβάν 545",TW
616,44.14215,33.521927,31.2381967,34.7675417,"Herzl Rosenblum, Beersheba, Israel",IL
617,14.999868,36.906986,-32.2906393,116.6906271,"1336-1834 Beverley Westdale Road, Dale Australia Zachodnia 6304, Australia",AU
618,48.5042,10.585294,55.5942318,9.4935234,"Hovedvejen 8, 6052 Viuf, Denmark",DK
619,60.197895,20.554878,63.9699631,-22.5641978,"Virkisbraut, Iceland",IS
620,36.354675,55.13897,14.4075329,99.0708668,"Unnamed Road, Tambon Tha Kradan, Amphoe Si Sawat, Chang Wat Kanchanaburi 71250, Thailand",TH
621,30.118011,58.61217,23.3792056,91.2393568,"Dhaka - Chittagong Hwy, Bangladesch",BD
622,45.160038,20.58131,47.4975296,19.3710264,"2119 Pécel, Isaszegi Way, Hungary",HU
623,49.460003,21.03608,55.9010296,12.4854937,"Ådalsvej 52, 2970 Horsholm, Denmark",DK
624,50.01742,32.601326,41.1555728,14.2087781,"Via Lardino, 81041 Vitulazio Caserta, Italy",IT
625,53.777203,25.755169,59.4396539,10.6355366,"Per Sivles vei 19, 1511 Moss, Norway",CZ
626,37.02894,20.008984,37.9809436,-1.6298858,"MU-503, 30170 Mula, Murcia, Spanien",ES
627,51.238533,8.103283,1.4146841,103.8972831,"41 Punggol Way, Singapore 828862",SG
628,24.315228,28.304558,-27.9697472,26.8055598,"11813-11814 Fonya Crescent, Welkom 9478, South Africa",ZA
629,45.520176,17.757973,50.4547431,4.1881359,"Place Adolphe Caffet 12, 7100 La Louvière, Belgium",EE
630,58.020428,13.80835,62.5414648,27.7745173,"16353 517-533, 79100 Leppävirta, Finland",FI
631,4.4431496,119.0322,24.9885116,55.0212774,D53 - Dubai - United Arab Emirates,AE
632,38.84394,32.505524,-33.2930631,146.3789927,"10 Bogan Street, Lake Cargelligo NSW 2672, Australia",AU
633,49.985165,47.64228,22.247952,114.292815,"Unnamed Road, Tung Lung Chau, Hong Kong",HK
634,13.1453705,82.19373,52.8154736,-8.2257458,"Unnamed Road, Co. Tipperary, Ireland",IE
635,36.633232,22.571835,32.1442223,34.9559741,"5233, Izrael",IL
636,58.895767,37.15154,47.0660899,7.6068854,"Kirchbergstrasse 187, Burgdorf Zustellung, 3400 Burgdorf, Switzerland",CH
637,33.410213,48.85994,27.6252812,89.8008067,"Unnamed Road, Bhutan",BT
638,38.295166,63.99442,24.7190763,125.3384898,"Arazato-1405-226 Ueno, Miyakojima-shi, Okinawa-ken 906-0000, Japan",JP
639,48.28465,76.108696,24.3836876,120.6136721,"Dōngxi 3rd Road, Daan District, Taichung City, Taiwan 439",TW
640,58.94801,3.321782,43.3212345,0.935896,"66 Cagnan, 31230 Labastide-Paumès, France",FR
641,49.64301,5.7691708,50.4411236,5.7092565,"Hameau de Stoqueu, 4920 Aywaille, Belgium",ID
642,51.84231,22.566929,60.6178344,9.181626,"Vassfarvegen, 3540 Nesbyen, Reino da Noruega",NO
643,50.141422,35.05681,26.9004311,91.5020939,"Unnamed Road, Bhutan",BT
644,49.874348,13.680175,59.2942007,18.0687145,"Tjurhornsgränd 7, 121 63 Johanneshov, Sweden",SE
645,44.052013,33.09875,49.6821278,16.306682,"3621, 572 01 Policka, Czech Republic",CZ
646,27.025455,67.54357,5.2634462,100.8218682,"A115, 34140 Selama, Perak, Malaysia",MY
647,44.844463,42.237225,37.635146,126.789718,"1054-1 Baekseok-dong, Ilsandong-gu, Goyang-si, Gyeonggi-do, South Korea",KR
648,50.061363,20.856243,46.3284628,6.8910575,"Avenue du Valais, 1896 Vouvry, Switzerland",CH
649,45.282776,33.50422,49.8886616,17.8743298,"Cihelní 282, 747 41 Branka u Opavy, Czech Republic",CZ
650,13.366242,63.619106,-28.0621028,-55.6763726,"RP1, Misiónes, Argentinië",AR
651,48.76157,19.778202,1.2777489,103.8413266,"1B Cantonment Rd, Singapore 085201",SG
652,54.370476,14.825002,49.5927923,0.4864415,"Rue des Arbreaux, 76210 Bolbec, France",FR
653,48.408802,9.637756,47.2881574,23.102448,"DJ108D, Romania",RO
654,42.503883,54.090565,5.3073003,100.187685,"Unnamed Road, Kampung Bakar Kapur, 11000 Balik Pulau, Pulau Pinang, Malaisie",MY
655,27.551872,70.62096,8.5968583,98.6763452,"4118, Tambon Bang Riang, Amphoe Thap Put, Chang Wat Phang-nga 82180, Thailand",TH
656,48.228848,12.645398,51.0976036,3.4461703,"Venakker 40-52, 9880 Aalter, Belgium",BE
657,51.983795,10.395453,32.1011912,34.8070912,"Israel National Trail, Tel Aviv, Israel",IL
658,52.496723,21.265934,56.4448605,22.1346583,"Krasta iela 1, Kalni, Nīgrande parish, LV-3898, Latvia",LV
659,28.644302,72.78805,25.139532,55.253798,11 11 B St - Dubai - United Arab Emirates,AE
660,14.045502,69.946495,25.1307587,55.1168372,Crescent Rd - Dubai - United Arab Emirates,AE
661,44.79009,17.432693,44.8099749,25.9965621,"DJ101G, Romania",RO
662,53.52223,9.566399,57.3491149,-6.0672248,"1 Inverarish Terrace, Isle of Raasay, Kyle, Highland IV40 8NT, UK",GB
663,39.782944,9.983208,25.0615959,55.1529014,Unnamed Road - Dubai - United Arab Emirates,AE
664,56.129486,18.523338,50.9440565,3.3587704,"Grotstraat 9, 8780 Oostrozebeke, Belgium",BE
665,48.507107,16.660923,64.1397003,-21.7520366,"Lambhagavegur, Rejkiawik, Islandia",IS
666,53.046555,49.87846,27.1460933,91.6064461,"Unnamed Road, Bhutan",BT
667,53.241276,23.750107,50.1506168,4.589548,"Rue du Grand Ry, 5600 Philippeville, Belgium",BE
668,1.7431574,67.34981,-27.3544376,150.1374283,"LOT 80 Surat Developmental Road, Hannaford QLD 4406, Australia",AU
669,49.34155,24.561287,23.1684887,121.0274094,"Wulucun Communication Rd, Haiduan Township, Taitung County, Тайвань 957",TW
670,54.453697,16.899105,13.6475443,102.2325035,"3008, Tambon Tha Kwian, Amphoe Watthana Nakhon, Chang Wat Sa Kaeo 27160, Thailand",TH
671,49.939217,14.078496,54.620321,11.9131245,"Gl. Landevej 30, 4874 Gedser, Denmark",DK
672,48.581467,2.054504,48.0483339,19.4071506,"2673 Csitár, 2119, Унгария",HU
673,50.114933,28.786633,42.1782655,25.2158383,"66, 6257 Plodovitovo, Bulgaria",BG
674,28.9725,66.20873,27.4966786,89.3188715,"Unnamed Road, Bhutan",BT
675,55.9733,16.182568,57.2040707,18.5040845,"526, 623 47 Hemse, Suède",SE
676,45.80689,18.472672,48.2832179,18.2791319,"051044, Veľké Chyndice, Slovakia",SK
677,45.925274,25.695328,35.6427303,138.4393502,"4729 Iino, Minami Alps, Yamanashi Prefecture, Japan",JP
678,41.831253,8.1310425,41.3042363,23.403261,"Unnamed Road, Sintiki 623 00, Greece",GR
679,43.885826,31.829597,43.2592602,-5.1191395,"N-625, 33558, Asturias, Spain",ES
680,41.781162,38.74799,-37.5761941,174.8853757,"279 Dixon Road, Te Akau 3794, New Zealand",NZ
681,24.173252,75.411705,-8.1606777,115.0299548,"Jl. Singaraja-Seririt, Kec. Buleleng, Buleleng, Bali 81152, Indonesia",ID
682,55.117134,27.214916,53.7674447,-7.2232984,"Unnamed Road, Co. Meath, Ireland",IE
683,40.83758,41.468666,48.1225061,22.0129833,"4522 Nyírtass, 41103, Maďarsko",HU
684,-22.734749,47.750546,33.4251169,-111.7173018,"5249 East Casper Street, Mesa, AZ 85205, USA",US
685,47.674175,14.107896,58.3036114,26.6930851,"Lennu 44, Ulenurme Airport (TAY), 61707 Tartu County, Estonia",EE
686,33.30217,62.264095,38.3614798,22.6163476,"Unnamed Road, Ag. Isidoros 320 12, Greece",GR
687,51.931805,36.996742,50.4293575,2.5719036,"Heikant 2-20, 3910 Neerpelt, Belgique",BE
688,49.350018,14.878619,52.6854232,-6.76754,"Church Road, Co. Carlow, Ireland",IE
689,46.326748,28.60482,52.8607813,21.4477758,"Unnamed Road, Poland",PL
690,10.864443,87.54369,1.3140121,103.9608008,"1490 ECP, Singapore 468965",SG
691,32.035614,38.861683,-33.3256815,-64.6181365,"Ruta Nacional 8, Córdoba, Argentina",AR
692,-38.01255,-56.877304,-43.3991531,-66.8850882,"RP11, Chubut, Argentina",AR
693,51.593838,11.464426,-26.1967247,27.9359489,"190 Condenser Road, Randburg 1709, South Africa",ZA
694,34.270992,61.896023,27.3143143,91.3384094,"Mongar - Trashigang - Trashiyangtse Rd, Yadi, Bhutan",BT
695,42.54244,15.781798,43.2852184,27.0198126,"2, Sjoemen, Bulgarije",BG
696,59.378654,17.28048,58.2649517,22.4869946,"Pikk 62b, Kuressaare, 93815 Saaremaa, Estonia",EE
697,61.174152,16.012098,48.7787395,1.1843908,"Route de Damville, 27320 Nonancourt, Frankrijk",FR
698,40.8916,20.325947,50.068828,5.1872281,"E411, 6927 Tellin, Bélgica",BE
699,48.04204,9.641625,49.8546955,5.2161967,"La Géripont, 6880 Bertrix, Belgique",BE
700,56.3857,18.433208,62.7767445,22.8310575,"Huhtalantie 39, 60220 Seinäjoki, Finland",FI
701,41.95743,27.771908,45.3835196,36.8753792,"M25, Krasnodar Krai, Russia",RU
702,44.848446,7.3015404,47.0819878,7.1258675,"Chemin de la Roche-Au-Cros, 2514 La Neuveville, Elveţia",CH
703,50.493416,12.223449,52.3363545,-0.1045422,"1 Sawtry Way, Houghton, Huntingdon, Cambridgeshire PE28 2BY, UK",GB
704,54.73112,13.405023,-45.6694488,170.6376373,"824 Coast Road, Seacliff 9471, New Zealand",NZ
705,50.8309,39.55921,52.3365472,9.711251,"Am Finkenherd 6, 30459 Hanover, Germany",DE
706,53.037663,72.35218,-11.0702905,-77.5991932,"San Martin 285, Huaura, Peru",PE
707,39.955376,41.952293,22.4683115,113.995128,"Tin Ying Rd, Lau Fau Shan, Гонконг",HK
708,39.093365,79.06278,24.2197813,120.5806699,"No. 296, Jìnwén Road, Shalu District, Taizhong, Tajwan 433",TW
709,34.87208,56.797638,39.3586587,141.9083034,"12-22 Omachi, Otsuchi, Kamihei District, Iwate Prefecture, Japan",JP
710,47.27297,32.220757,27.5870202,91.4915538,"Mongar - Trashigang - Trashiyangtse Rd, Trashiyangtse, Bhutan",BT
711,-60.16374,54.325497,-26.3028982,31.876244,"MR3, Hlane National Park, Swaziland",SZ
712,22.853487,4.0260696,36.7462861,21.9053976,"Unnamed Road, Pilos Nestor 240 04, Greece",GR
713,50.581104,8.901978,45.9703313,1.4089386,"Rue Victor Hugo, 87240 Ambazac, France",AU
714,47.45212,19.157398,-6.8957829,108.8058263,"Jl. Tol Kanci-Pejagan, Brebes, Jawa Tengah, Indonesia",ID
715,26.9059,40.15894,25.3257606,55.3497709,130 Al Khaleej Rd - Dubai - United Arab Emirates,AE
716,60.333412,26.393139,47.8741713,17.2434651,"9200 Mosonmagyaróvár, Alkotmány Street 60, Hungary",HU
717,42.584522,30.74382,25.2248802,55.42556,47th St - Dubai - Förenade Arabemiraten,AE
718,44.671486,14.703769,41.702202,-6.1439601,"Calle Barceo Domez de Alba, Samir de los Caños, Zamora, España",ES
719,55.52317,16.7664,64.7992057,25.4182833,"Raahentie 33, 91900 Liminka, Finland",FI
720,54.19926,18.014446,58.3036114,26.6930851,"Lennu 44, Ulenurme Airport (TAY), 61707 Tartu County, Estonia",EE
721,48.890415,5.786439,46.3641386,23.0563891,"Câmpeni, Romania",RO
722,57.700596,19.461048,56.0347714,26.4718397,"Parka iela 3, Vabole, Vabole parish, LV-5477, Latvia",LV
723,52.855602,9.5935135,48.8699437,21.7948582,"18, Strážske, Slovakia",SK
724,44.49189,22.886509,37.335508,23.1347081,"Unnamed Road, Ververouda 213 00, Greece",PE
725,21.843979,66.00004,23.0725242,89.1558266,"Jhikorgacha - Monirampur Rd, Bangladesh",BD
726,43.17718,7.878628,31.7555604,35.1698257,"Costa Rica 11, Jerusalem, Israel",IL
727,-19.571995,56.412918,-26.9159344,31.3383031,"MR9, Nhlangano, Swaziland",SZ
728,37.921394,43.203293,55.4076067,10.3512792,"Østrupvej 16-18, 5210 Odense, Denmark",DK
729,41.64803,21.38303,49.0322588,15.0795304,"Nová Bystřice 1, 378 33 Nová Bystřice, Czech Republic",CZ
730,41.976856,29.56131,-26.6968938,27.8272698,"19-21 Becqueral Street, Vanderbijlpark 1900, Republika Południowej Afryki",ZA
731,49.585392,8.321913,63.414921,10.8244585,"E6, 7550 Hommelvik, Norwegia",NO
732,47.439564,24.590965,52.0240029,5.3938452,"Rijksstraatweg 238, 3956 CW Leersum, The Netherlands",NL
733,44.895622,20.7197,45.9606244,15.6856872,"Bizeljsko- Čatež, 8258 Kapele, Slovenija",SI
734,53.829346,17.358242,40.162722,-75.022991,"1642-1658 Street Road, Southampton, PA 18966, USA",US
735,46.83164,40.43067,54.8605704,24.1083149,"J. Biliūno gatvė, Šlienava 53121, Lithuania",LT
736,41.494705,17.760986,40.2951343,-6.3316391,"CC-V-110, 10630 Casar de Palomero, Cáceres, Spain",ES
737,57.45888,7.5405483,46.1730069,22.5945823,"DC172, Vaţa de Jos, Romania",RO
738,31.677223,50.668423,24.810331,89.376922,"N5, Bogra, Bangladesh",BD
739,45.16813,7.2516723,51.6755348,-8.7838547,"Unnamed Road, Co. Cork, Ierland",IE
740,32.082195,75.99401,46.2213679,27.658637,"Strada Islaz, Bârlad, Romania",RO
741,51.65005,14.0395,57.5260975,21.8607136,"P124, Ance parish, LV-3601, Latvia",LV
742,33.77358,65.54662,4.4710587,117.3643937,"Jln Nabawan-Kalabakan, Tawau, Sabah, Malesia",MY
743,55.955402,22.870182,56.7667504,24.7625022,"P8, Rembates pagasts, LV-5016, Latvia",LV
744,44.78073,15.707157,45.8729645,16.5323724,"Žukovec, 10342, Žukovec, Croatia",HR
745,57.00871,21.143002,58.2521265,8.3149393,"E18, 4790 Lillesand, Norway",NO
746,28.029533,35.25676,40.1939919,-8.2940473,"EM541, 3350 Vila Nova de Poiares, Portugal",PT
747,52.389385,23.626595,55.4930685,24.4692752,"1204, Vadokliai 38201, Lituania",LT
748,32.809574,35.38885,20.3356431,-99.382169,"Hidalgo Tula de Allende - Tasquillo, San Antonio, Hidalgo, Mexico",MX
749,60.415874,17.728657,-45.5513762,169.3274356,"186 Wright Road, Roxburgh East 9572, New Zealand",NZ
750,47.770134,13.280997,42.5399778,1.7317611,"Av. d'Encamp, 41, AD200 Encamp, Andorra",AD
751,29.947945,34.921227,45.0314075,15.4115862,"D42, 47304, Jezero I Dio, Chorvátsko",HR
752,26.547459,62.078194,-7.6430003,111.5178201,"Jl. Raya Geger-Madiun, Taman, Kota Madiun, Jawa Timur 63128, Indonesia",ID
753,17.319395,116.66247,6.9645253,-75.3702482,"Unnamed Road, Yarumal, Antioquia, Colombia",PE
754,26.758595,132.17647,22.3609167,114.0429918,"100 Castle Peak Road (Tsing Lung Tau), Tsing Lung Tau, Hong Kong",HK
755,50.156483,13.579336,56.7076056,22.4210373,"P108, Saldus parish, LV-3862, Latvia",LV
756,52.11864,18.792702,59.4227438,25.0086417,"Lagedi-Kostivere, 74209 Harju County, Estonia",EE
757,24.78801,112.26801,2.8908572,101.9270965,"17, N34, Kampung Solok, 71750 Mantin, Negeri Sembilan, Malaysia",NO
758,44.170547,2.1065347,-24.2215823,-52.2779726,"BR-487, Parana, 87290-000, Brazil",BR
759,28.492695,28.164501,25.179194,55.628435,E 102 - Sharjah - United Arab Emirates,AE
760,46.448956,12.518085,-18.942043,-39.9771657,"Rodovia Prestes Maia, Espirito Santo, 29950-000, Brazil",BR
761,47.38512,18.234386,11.6435537,104.1340883,"Unnamed Road, ឃុំ តាសាល, Cambodia",KH
762,40.989986,34.650524,32.083284,34.8951642,"Shalom Shar'abi 14-20, Petah Tikva, Israel",IL
763,43.757076,24.650723,46.2407311,14.3557915,"Reginčeva ulica 3, 4000 Kranj, Slovenia",SI
764,45.965305,33.22044,1.449348,103.7223934,"14 Lim Chu Kang Lane 9A, Singapore 718879",SG
765,8.791892,30.543285,38.1692561,14.9329075,"Strada Provinciale 135ter, 98063 Gioiosa Marea, Messina, Italy",IT
766,48.228657,17.133835,55.2479313,24.8118215,"Vienkiemio gatvė 13, Ukmergė 20148, Lithuania",LT
767,50.883976,26.391102,-27.8351201,-57.5737359,"Ruta Provincial 5, Corrientes, Argentiina",AR
768,43.699963,21.799046,24.9821778,55.0225499,Unnamed Road - Dubai - Spojené arabské emiráty,AE
769,36.38523,108.58954,7.1371379,-73.1243207,"Calle 10 # 23-2 a 23-100, Bucaramanga, Santander, Kolumbia",CO
770,34.45911,129.99307,50.8810774,4.6908401,"Brusselsestraat 204, 3000 Leuven, Belgium",BE
771,20.533615,37.607964,26.8362093,-109.6357069,"Azucena 103, 14 de Enero, 85930 Huatabampo, Sonora, Mexico",MX
772,42.864376,27.584892,44.1046775,15.2792612,"Ulica Grgura Barskog Zadranina 17, 23000, Zadar, Croatia",HR
773,43.446297,38.15435,55.7858219,9.6427244,"Bredalvej 16, 8722 Hedensted, Denmark",DK
774,39.407085,35.023033,43.5542675,1.543976,"1 Rue du Docteur Arrazat, 31650 Saint-Orens-de-Gameville, France",FR
775,43.700886,14.562079,52.6612744,41.0698403,"Р119, Tambov Oblast, Russia",RU
776,38.087982,41.618633,61.199847,22.1518223,"Köyliöntie 405, 27400 Eura, Finland",FI
777,45.082035,25.040321,23.2142625,89.7110445,"Dhaka - Khulna Hwy, Bangladesh",BD
778,36.337265,23.444164,4.4300882,-75.2287269,"Calle 29 # 1DS-2 a 1DS-100, Ibagué, Tolima, Kolumbia",CO
779,16.63678,76.64189,23.0390096,88.8843728,"terminal, Bangladesh",BD
780,47.124256,41.402115,34.0863844,-81.6825652,"Denny Highway, Saluda, SC 29138, USA",US
781,47.961193,21.199787,40.1879505,20.8393785,"Unnamed Road, Kastanea 440 15, Greece",GR
782,-7.622367,119.773865,9.4224658,97.8695219,"Ko Phra Thong, Khura Buri District, Phang-nga, Thailand",TH
783,47.158016,5.993919,31.7883073,34.7191722,"HaAtsmaut 42, Gan Yavne, Israel",IL
784,46.72951,54.231636,42.2512876,-71.4976591,"125-145 Cross Street, Ashland, MA 01721, USA",US
785,18.885471,15.755368,19.5310977,-98.2061922,"Camino Rural, San Fco Atexcatzingo 3ERA Mza, 90432 San Francisco Atexcatzinco, Tlaxcala, Mexico",MX
786,35.513874,53.426285,1.599115,111.0106395,"Jalan Maludam, Sarawak, Malasia",MY
787,46.74998,13.683656,43.1053317,-79.1341483,"8082-8164 Pinellas Park Drive, Niagara Falls, ON L2H, Canada",CA
788,50.272537,24.775074,47.2291542,20.8156059,"5310 Kisújszállás, E60, Hungary",HU
789,24.13248,89.63842,37.5028057,126.9862828,"813 Banpobon-dong, Seocho-gu, Seoul, South Korea",KR
790,40.11713,11.2050295,37.054388,-78.650982,"829-859 David Bruce Highway, Charlotte Court House, VA 23923, USA",US
791,34.374863,24.76595,-32.9674134,-71.5253204,"Martín de Salvatierra 470, Viña del Mar, Valparaíso Region, Chile",CL
792,37.717308,48.76573,43.6894311,16.7146561,"Seget 54, 21238, Otok, Croacia",HR
793,44.203297,20.141571,22.5765886,88.9988899,"Satkhira-Kaliganj Highway, Debhata, Bangladesh",BD
794,41.726673,4.922744,18.2345798,99.5028298,"Unnamed Road, Tambon Phrabat, Amphoe Mueang Lampang, Chang Wat Lampang 52000, Thailand",TH
795,56.281002,22.475525,50.4969879,30.3248695,"Ponomarova Street, Ukraine",UA
796,36.58153,56.537186,-37.7646374,176.4883513,"118-718 Pukehina Parade, Pukehina 3189, New Zealand",NZ
797,38.29399,82.61936,61.0458901,5.2989248,"Fylkesveg 1 30, 5961 Brekke, Norway",NO
798,51.61784,3.2319903,50.645069,5.1353972,"Chaussée de Tirlemont, 4280 Hannut, Belgium",BE
799,-16.97845,55.482418,-24.5459469,25.8683085,"Airport Road, Sir Seretse Khama International Airport (GBE), Gaborone, Botswana",BW
800,24.302986,95.4038,1.4543389,103.810271,"209 Woodlands Ave 9, Singapore 738959",SG
801,55.04858,14.196483,55.8526163,9.7642928,"Kirkevænget 35, 8700 Horsens, Denemarken",DK
802,42.083763,31.993645,56.1152718,10.170585,"Holmegårdsvej 113-115, 8270 Højbjerg, Denemarken",DK
803,13.474387,79.863464,-33.5445359,115.9493367,"191 Attwood Road, Lowden WA 6240, Australia",AU
804,46.570667,10.735499,37.4788701,13.7129227,"Strada Provinciale 24, 93010 Milena, Caltanissetta, Italie",IT
805,46.949486,42.10028,24.7921774,121.7651641,"No. 29-2, Mǎlìn Road, Jiaoxi Township, Yilan County, Taiwan 262",TW
806,57.97022,22.404968,45.9436198,2.3200178,"D9, 23260 Saint-Silvain-Bellegarde, France",FR
807,46.503967,29.068764,46.0473928,18.2500111,"7631 Pécs, Kanizsai Dorottya Way 179, Hungary",HU
808,32.454563,-3.2342196,-11.50578,-77.2304324,"Carretera Huaral - Chancay, Huaral, Peru",PE
809,59.121693,24.888176,59.4498384,9.0750782,"Reshjemvegen 69, 3800 Bø i Telemark, Norway",NO
810,43.980644,16.944244,38.9772586,-97.3714264,"2622-2656 Solomon Road, Solomon, Kansas 67480, États-Unis",US
811,42.12457,39.07875,24.8630243,125.1706691,"Unnamed Road, Irabu, Miyakojima-shi, Okinawa-ken 906-0000, Japan",JP
812,23.156818,78.699875,1.408476,103.960641,"224J Pulau Ubin, Singapore 508346",SG
813,42.22272,10.67171,45.9848401,8.8343515,"Strada Cantonale, 6995 Croglio, Switzerland",CH
814,38.363056,7.3545275,43.5810628,0.9045477,"D160, 32200 Maurens, France",FR
815,24.448288,14.497915,38.707318,-8.0994122,"Unnamed Road, ポルトガル",PT
816,38.54085,18.567257,-19.3063314,25.8426453,"A33, Botswana",BW
817,61.90503,-15.823541,54.1583019,-2.2510689,"Pennine Way, North Yorkshire, Storbritannien",US
818,-25.9729,-52.96929,-32.9955273,24.5477429,"R339, Afrique du Sud",ZA
819,47.676765,6.727571,46.311595,15.0481323,"Podgora 8, 3327 Šmartno ob Paki, Slovenia",SI
820,59.133625,27.022076,59.624689,18.0007048,"858, 195 96 Rosersberg, Sweden",SE
821,46.29147,-3.965705,45.8007664,15.6675261,"Draganje Selo 5F, 10430, Samobor, Croatia",HR
822,23.563736,49.04196,-28.0657989,-67.5650208,"RN60, Catamarca, Argentinië",AR
823,51.317356,16.007355,56.9564789,23.6736205,"Dzelzceļa iela 36, Jūrmala, LV-2008, Latvia",LV
824,52.624886,10.5649,61.3181992,9.8114445,"Vestringsvegen, 2657 Svatsum, Norway",NO
825,30.469288,55.734722,-42.6723271,147.1511142,"1160 Church Road, Broadmarsh Tasmanie 7030, Australie",AU
826,45.8937,16.034004,46.1809728,16.3327488,"Remetinec, 42220, Remetinec, Croatie",HR
827,46.448444,5.2702727,54.0350483,-7.1513529,"Unnamed Road, Co. Cavan, Ireland",IE
828,47.862995,12.7042055,68.2115676,16.6082692,"Riksveg 827 10, 8540 Ballangen, Norvège",NO
829,-1.3574495,121.08682,-18.7783541,145.8026488,"787 Oak Hills Rd, Mount Fox QLD 4850, Australia",RU
830,46.19385,21.193756,52.0024085,4.3655594,"Machteld van Meterenlaan 1-3, 2628 LN Delft, The Netherlands",NL
831,44.566307,24.94397,-43.6463469,171.9093831,"826 Rakaia Terrace Road, Bankside 7783, New Zealand",NZ
832,49.155735,38.38888,40.2296885,140.601457,"Ryūgatai-14 Nakayama, Ōdate-shi, Akita-ken 017-0839, Japan",JP
833,46.416515,41.177895,11.8075458,103.5106442,"Unnamed Road, ឃុំ តាទៃលើ, Cambodia",KH
834,15.269189,96.44717,17.6535219,104.4627767,"Rural Rd Nakhon Phanom 3023, Tambon Chai Buri, Amphoe Tha Uthen, Chang Wat Nakhon Phanom 48120, Thailand",TH
835,59.974422,14.678174,-31.4284573,-62.656489,"Ruta Provincial 3, Córdoba, Argentina",AR
836,28.145847,77.90273,23.3594402,90.0003385,"Dhaka - Barisal Hwy, Bangladesh",BD
837,46.22418,33.356583,-29.9901643,-51.1260566,"Avenida Alcides Maia, 59-259 - Sarandi, Pôrto Alegre - Rio Grande do Sul, 91120-440, Brésil",BR
838,49.270428,16.037163,55.5590149,9.3059197,"Borgergade 31, 6064 Jordrup, Danemark",DK
839,59.423225,13.542658,46.2926274,-61.2335704,"18297 Nova Scotia Trunk 19, South West Margaree, NS B0E 3H0, Canada",CA
840,41.864388,17.05696,21.8926562,-101.4415638,"Mexico 80, San Juan, Zacatecas, Mexico",MX
841,60.54138,9.017089,57.6407044,26.7060084,"Varstu-Tagakolga, Võru County, Estonia",EE
842,23.531357,43.98372,25.1128676,55.1088845,Crescent Rd - Dubai - Vereinigte Arabische Emirate,AE
843,31.90509,34.262707,-10.9345149,-77.6499061,"Antigua Panamericana Norte, Medio Mundo, Peru",PE
844,48.0085,27.733513,45.0295671,-73.9215118,"Québec 202, Hinchinbrooke, QC J0S 1E0, Canada",CA
845,0.9599104,30.224495,-25.2668873,23.220029,"A20, Botswana",BW
846,49.76878,28.04322,49.9520936,5.0535073,"Rue de Gedinne, 5555 Bièvre, Belgium",BE
847,-1.23211,142.85204,22.435848,114.401893,"Sharp Peak Path, Sai Kung, Hong Kong",HK
848,46.39332,30.824474,-27.627694,-48.6680374,"Rua Açucena, 1-131 - Jardim das Palmeiras, Palhoça - Santa Catarina, 88133-700, Brazil",BR
849,39.04709,6.22743,42.631586,27.4854645,"906, 8216 Burgaz, Bulgaristan",BG
850,38.233128,27.939957,52.4853624,13.4813197,"Bulgarische Straße 62, 12435 Berlin, Germany",DE
851,53.65147,17.75247,59.5469002,17.3668865,"532, 749 51 Grillby, Szwecja",SE
852,55.817745,10.067102,55.5057636,13.5936744,"777, 274 92 Skurup, Ruotsi",SE
853,63.299137,16.333284,64.1210716,-21.8125862,"Strengur, Reykjavik, Iceland",IS
854,43.38214,22.505798,51.5883297,19.467583,"Graniczna, Poland",PL
855,59.689022,25.651466,43.3492099,142.1512656,"Yubari National Hwy, Ashibetsu, Ashibetsu-shi, Hokkaidō 075-0000, Японія",JP
856,55.70281,18.425072,27.4487489,91.1724055,"Unnamed Road, Autsho, Bhutan",BT
857,63.775307,-0.0824728,65.4890052,-15.4640421,"Norðausturvegur, Iceland",IS
858,49.60953,11.588822,59.5704279,17.4871053,"Skörbyleden 18, 746 41 Bålsta, Sweden",SE
859,42.153423,-5.17955,51.6284071,-9.830587,"Unnamed Road, Co. Cork, Ireland",IE
860,52.15745,4.2861824,49.970491,17.9618178,"46, Opava-Malé Hoštice, Czech Republic",CZ
861,31.530079,49.63353,40.2448133,16.0781505,"Strada Statale 598, 85010 Gallicchio, Potenza, Italy",IT
862,36.981686,46.86207,38.9935471,-3.3638643,"Calle Matadero, 33, 13200 Manzanares, Ciudad Real, Spain",ES
863,30.202858,5.9681597,13.7581537,102.6273069,"3397, Amphoe Khok Sung, Chang Wat Sa Kaeo 27120, Thailand",TH
864,43.852318,6.092971,46.7906502,-0.5171665,"D38, 79300 Bressuire, France",AE
865,32.955727,56.34014,11.8817819,105.8808373,"Unnamed Road, Cambodia",KH
866,41.22119,45.203316,2.0682297,112.1098507,"Jalan Durin - Kanowit, 96700 Kanowit, Sarawak, Malaisie",MY
867,46.929012,23.552818,55.8022004,11.5827074,"Engelstrup Møllevej 3, 4571 Grevinge, Danemark",DK
868,51.597065,49.802208,56.1706684,40.4738758,"ulitsa Komissarova, 43, Vladimir, Vladimir Oblast, Russia, 600016",RU
869,-4.986991,-40.70457,-46.2401626,-71.4939188,"RP45, Santa Cruz, Argentina",SG
870,35.07019,32.769684,31.9666608,34.9234818,"1, Israel",IL
871,50.65316,19.190006,45.9877961,13.8157645,"Lokve, Slovenia",SI
872,53.321945,40.052986,22.8777099,91.5397984,"Dhaka - Chittagong Hwy, Bangladesh",BD
873,54.229786,23.477905,56.4551442,84.9554813,"ulitsa Nakhimova, 4, Tomsk, Tomsk Oblast, Russia, 634034",RU
874,47.061916,6.805844,51.1621951,6.8667717,"Benrather Schloßallee 89, 40597 Düsseldorf, Tyskland",DE
875,25.18911,33.626698,37.4687448,127.1225722,"493-1 Segok-dong, Gangnam-gu, Seoul, South Korea",KR
876,40.06755,37.217392,24.7171739,125.3015465,"Japan, 〒906-0000 Okinawa-ken, Miyakojima-shi, Ueno 県道235号線",JP
877,51.417355,33.995853,61.3973531,-128.260408,"Nahanni Range Rd, Yukon, Unorganized, YT Y0A, Canada",CA
878,37.907574,15.933145,55.4607929,8.6767949,"Darumvej 70, 6740 Bramming, Danemark",IS
879,44.622,28.3508,-36.9013182,174.811551,"5 Cawley Street, Ellerslie, Auckland 1051, New Zealand",NZ
880,46.362003,20.561222,49.4401881,19.3130176,"520010, 029 63 Mútne-Mútňanský Duľov, Slovakia",SK
881,49.07243,11.814492,63.9938723,-21.1795056,"Heiðarbrún, Hveragerði, Iceland",IS
882,55.31014,27.652927,47.4422891,26.8424288,"DC150, Pârcovaci, Romania",RO
883,35.95885,60.66743,4.4710587,117.3643937,"Jln Nabawan-Kalabakan, Tawau, Sabah, Malesia",MY
884,54.0879,20.759811,46.9915001,7.4499147,"Reichenbachstrasse 44A, 3052 Zollikofen, Switzerland",CH
885,36.85117,1.0445383,-33.2521393,23.8158792,"R329, South Africa",ZA
886,29.051933,56.55006,-21.1447225,24.5798129,"Boteti, Botsuana",BW
887,44.317467,14.464511,44.580291,10.7620528,"Via San Lorenzo, 42013 Casalgrande, Reggio Emilia, Italy",IT
888,6.4482145,31.739227,-24.9234181,25.4087804,"B105, Botswana",BW
889,38.561245,34.400074,39.9053238,-7.0361041,"Rua Principal 64, 6060-531, Portugal, 6060, Portugal",PT
890,36.64855,-26.569675,19.5292548,-97.2688574,"Carretera Oriental Zacatepec, Veracruz, Mexico",MX
891,46.951252,29.95665,57.1763695,27.6796189,"Dārzu iela 32, Viļaka, Viļakas pilsēta, LV-4583, Latvia",LV
892,54.685642,11.984745,47.3952675,8.4493369,"Bühlackerstrasse 5, 8952 Schlieren, Switzerland",CH
893,15.652461,109.068565,1.3627449,103.8402364,"319 Ang Mo Kio Ave 1, Singapore",SG
894,32.715252,39.066322,39.9993932,-6.903113,"N239, 6060, Portugal",PT
895,50.614365,32.396687,64.1397003,-21.7520366,"Lambhagavegur, Rejkiawik, Islandia",IS
896,45.55574,23.244823,46.4094953,20.3538139,"6800 Hódmezővásárhely, Délibáb Street 71, Hungary",HU
897,2.3567848,99.83657,14.3951987,103.2872291,"Unnamed Road, Tambon Ta Mieng, Amphoe Phanom Dong Rak, Chang Wat Surin 32140, Thaimaa",TH
898,51.440987,29.554813,50.8810774,4.6908401,"Brusselsestraat 204, 3000 Leuven, Belgium",BE
899,19.19783,67.33568,24.9883384,55.0212371,D53 - Dubai - United Arab Emirates,AE
900,40.03618,15.83324,23.933106,120.9939906,"Dōngrùn Road, Puli Township, Nantou County, Taiwan 545",TW
901,23.844692,104.36761,23.0563088,89.7704492,"Dhaka - Khulna Hwy, Bangladesh",BD
902,30.952534,67.60142,-33.4919614,-70.6413764,"Alvarez de Toledo 667-709, San Miguel, Santiago Metropolitan Region, Chile",CL
903,50.590275,16.194347,46.6947465,15.8661797,"Žepovci 77-78, 9253 Apače, Słowenia",SI
904,34.493717,19.794907,43.3605414,25.5924138,"502, Klimentovo, Bulgaria",BG
905,51.732067,10.739629,55.2039972,38.5896069,"Novoryazanskoye shosse, Moskovskaya oblast, Russia",RU
906,-37.697098,160.89401,-29.4323172,151.6864122,"LOT 34 Deepwater-Emmaville Road, Emmaville NSW 2371, Australia",AU
907,35.011383,35.06985,50.1025244,8.7181951,"Speckweg 33, 60599 Frankfurt, Germany",DE
908,-49.225887,-8.2896185,-23.681213,26.5105063,"A1, Botswana",BW
909,57.616035,12.6119375,-43.5506974,172.63373,"219 Milton Street, Sydenham, Christchurch 8023, New Zealand",NZ
910,58.71836,18.041557,62.5414648,27.7745173,"16353 517-533, 79100 Leppävirta, Finland",FI
911,45.288906,34.803894,23.9966646,120.5474213,"515, Taiwan, Changhua County, Dacun Township, 彰73鄉道",TW
912,40.70152,6.593047,50.6252357,-3.3862436,"9-15 The Broadway, Exmouth, Devon EX8 2NW, UK",GB
913,8.62438,146.3668,-8.4624662,115.0391233,"Unnamed Road, Selemadeg, Tabanan, Bali 82162, Indonesia",ID
914,42.29378,19.548176,23.472494,120.2342346,"No. 83, Section 3, Sìwéi Road, Puzi City, Chiayi County, Taiwan 613",TW
915,33.729366,28.064308,58.3977718,24.465631,"Pärnu, 80033 Comté de Pärnu, Estonie",EE
916,57.07153,4.955533,48.6368456,22.1607806,"552032, 072 53 Bežovce, Slovakia",SK
917,55.16359,48.388924,18.4705644,100.4355482,"Unnamed Road, Tambon Huai Rong, Amphoe Rong Kwang, Chang Wat Phrae 54140, Thailand",TH
918,32.819084,33.623287,18.8527584,-96.9183068,"Ex-vía FFCC, Las Flores, 94950 Amatlán de los Reyes, Veracruz de Ignacio de la Llave, Mexico",MX
919,49.885754,37.800568,23.7164698,90.4960351,"Demra - Narayanganj Rd, Dhaka 1361, Bangladesh",BD
920,43.347374,37.76007,13.0236857,102.2512834,"Unnamed Road, Tambon Thap Sai, Amphoe Pong Nam Ron, Chang Wat Chanthaburi 22140, Thailand",TH
921,4.7847357,108.08329,2.6281325,101.697489,"5, 43950 Sungai Pelek, Selangor, Malezya",MY
922,13.183035,122.44848,22.3087199,114.2299403,"8 Rehab Path, Sai Tso Wan, Hong Kong",HK
923,54.819004,5.5638747,52.5313907,13.5182696,"Rhinstraße 147, 10315 Berlin, Germany",DE
924,42.867794,6.8440857,46.5930419,30.7873322,"Henerala Bocharova street, 28, Odessa, Ukraine",UA
925,55.584103,32.198574,50.0148468,36.2357966,"ulitsa Krymskaya, Kharkiv, Ukraine, 61000",UA
926,10.983448,132.01515,35.188082,128.9824182,"53 Nakdong-daero 1446(cheonsabaek, Sasang-gu, Busan, South Korea",KR
927,48.898136,32.092915,2.8588789,101.6882727,"Jalan Kajang - Dengkil, 43800 Dengkil, Selangor, Malaisie",MY
928,35.8359,-29.60281,5.4739424,-74.6744148,"Calle 60B # 8-1, La Dorada, Caldas, Kolumbia",CO
929,9.149533,18.490505,32.4328681,-115.2702111,"Baja California 2, Ejido Guanajuato, Baja California, Mexico",HK
930,46.297173,11.262696,-26.4600716,31.1600548,"MR19, Swaziland",SZ
931,49.69975,19.879482,48.5218825,18.0424077,"514, 956 03 Horné Štitáre, Slovakia",SK
932,54.16013,22.485401,65.6935461,25.9019608,"Oijärventie 3688-3706, 95160 Ii, Finland",FI
933,43.872494,9.53361,42.5445375,1.4705918,"Ctra. del Coll de la Botella, AD400 La Massana, Andorre",AD
934,58.955555,18.167278,45.0557497,39.1152164,"1-y Stanovoy proyezd, 4-6, Znamenskiy, Krasnodar Krai, Russia, 350000",RU
935,54.914715,18.292812,45.8018882,27.1038503,"DN2D, Romania",RO
936,40.46768,8.275784,45.6469871,17.2651885,"Donja Vrijeska 40, 43508, Donja Vrijeska, Croatia",HR
937,45.43777,11.638029,42.4661316,1.4478347,"Unnamed Road, AD600 Sant Julià de Lòria, Andorra",AD
938,43.577404,17.761147,48.1694624,-52.9388401,"Main Rd, Grates Cove, NL A0A 2L0, Canada",CA
939,55.05202,42.799202,56.6831281,16.3285228,"Ölandsleden 7, 392 39 Kalmar, Sweden",SE
940,50.04896,12.421002,56.4463776,27.4103894,"P55, Čornajas pagasts, LV-4617, Łotwa",LV
941,33.206898,62.323326,23.0564588,89.7703334,"Dhaka - Khulna Hwy, Bangladesh",BD
942,42.848633,22.903278,48.1409261,11.5218384,"Landsberger Straße 187-189, 80687 Munich, Germany",DE
943,62.577835,20.50558,55.3279198,12.102232,"Østerskovvej 39, 4682 Tureby, Denmark",NO
944,35.68161,8.86106,50.5457466,3.9921691,"Rue du Masy 53-57, 7063 Soignies, Belgium",BE
945,55.378628,13.66379,58.5612439,24.9778659,"Suurejõe-Vihtra-Jõesuu, Rahnoja, 87622 Pärnu County, Estonia",EE
946,38.101276,42.11447,32.4560414,130.9297746,"Unnamed Road, Izumimachikureko, Yatsushiro-shi, Kumamoto-ken 869-4513, Japan",JP
947,53.924152,77.901024,23.706068,120.2482467,"Ānnán Road, Dongshi Township, Yunlin, Tajwan 635",TW
948,42.81485,52.540157,69.1182107,-105.0544609,"4 Kamotik Rd, Cambridge Bay, NU, Canada",CA
949,62.24007,21.310112,-35.7475628,174.211896,"6 Kokopu Block Road, Maungatapere 0179, New Zealand",NZ
950,56.46653,10.837866,49.6378592,15.9195644,"37, 591 01 Škrdlovice, Czech Republic",CZ
951,52.22269,13.107138,51.1239194,3.3225733,"Berkenstraat 14-24, 8730 Beernem, Βέλγιο",BE
952,42.755695,13.459609,32.6450725,-16.9715555,"Estr. João Gonçalves Zarco 12, 9300 Câmara de Lobos, Portugal",PT
953,47.549667,18.681835,3.4627255,113.5626906,"AH150, 98200 Miri, Sarawak, Maleisië",MY
954,44.514233,37.161297,59.3246914,12.1119066,"172, 672 92 Årjäng, Sweden",SE
955,45.741096,30.045109,-23.5909506,-46.5718317,"Rua Doutor Antônio Macedo Lima, 29-67 - Vila Lúcia, Sao Paulo - São Paulo, Brazil",BR
956,9.176479,97.573326,22.2704488,114.2436751,"11 Chong Fu Rd, Chai Wan, Hong Kong",HK
957,9.896692,81.34687,24.1197883,120.6172781,"Gāotiě 3rd Road & Section 3, Gāotiě Road, Taichung City, Taiwan",TW
958,53.031372,32.45677,4.9939221,115.5500195,"Jln Sipitang - Sindumin, 89850 Sipitang, Sabah, Malesia",MY
959,27.49981,64.42151,22.7617323,89.1270263,"Khulna - Satkhira Rd, Bangladesh",BD
960,46.82023,21.00138,49.4902577,12.8808906,"26, 346 01 Meclov, Czech Republic",CZ
961,17.460762,120.32616,23.81814,90.2573787,"Dhaka - Aricha Hwy, Бангладеш",BD
962,50.44448,11.8246155,52.700689,-6.2671079,"R772, Co. Wexford, Ireland",AE
963,65.864655,14.263579,45.7244084,16.3618363,"Lepšić 3, 10310, Lepšić, Croatia",HR
964,45.53875,10.705387,49.7288151,16.9773345,"E442, 789 83 Palonín, Czech Republic",CZ
965,27.20116,74.633896,26.6652714,142.1534287,"Japan, 〒100-2211 Tōkyō-to, Ogasawara-mura, Hahajima 都道241号線",JP
966,35.43656,48.24579,-42.9579129,147.5311315,"38-39 Pipe Clay Esplanade, Cremorne TAS 7024, Australia",AU
967,57.168385,0.027609348,56.0802285,8.9836304,"Skærbækvej 28, 7400 Herning, Denmark",DK
968,43.588306,25.593212,46.0473928,18.2500111,"7631 Pécs, Kanizsai Dorottya Way 179, Hungary",HU
969,52.32027,27.157448,49.4791398,15.5122777,"Větrný Jeníkov 67, 588 42 Větrný Jeníkov, Czech Republic",CZ
970,43.917286,50.968063,41.3310618,-7.7003785,"EM1231, 5000, Portugal",SZ
971,54.27709,20.944485,47.3500102,8.4715119,"Uetlibergtunnel, 8143 Stallikon, Suisse",CH
972,46.913578,42.733864,48.5105254,19.3073135,"2463, 962 25 Slatinské Lazy, Slovakia",CL
973,19.281563,19.838303,-23.089215,28.5657117,"R561, Republika Południowej Afryki",ZA
974,39.429863,3.7430408,50.1025244,8.7181951,"Speckweg 33, 60599 Frankfurt, Germany",DE
975,27.978119,104.33623,32.083284,34.8951642,"Shalom Shar'abi 14-20, Petah Tikva, Israel",IL
976,53.250244,12.095355,46.9469973,6.8494294,"Rue des Chavannes 43-45, 2016 Cortaillod, Switzerland",CH
977,54.649204,14.199782,55.961601,9.8591383,"Tåningvej 60, 8660 Skanderborg, Denmark",DK
978,47.593586,11.66372,55.9292012,-2.3723188,"2 Hoprig Road, Cockburnspath, Scottish Borders TD13, UK",GB
979,54.882305,8.682378,49.8885958,5.1653349,"Rue de Solmon, 6850 Paliseul, Belgium",BE
980,-29.459278,18.263203,-29.8691391,20.7303865,"R27, South Africa",ZA
981,40.109715,52.00148,52.4893015,13.3925857,"Bergmannstraße 19, 10961 Berlin, Germany",DE
982,48.470654,10.957931,46.3898945,15.5970305,"Spodnja Nova vas 37, 2310 Slovenska Bistrica, Slovenia",SI
983,43.18096,11.87479,46.8072908,6.6299747,"A5, 1422 Grandson, Switzerland",CH
984,36.83918,3.3691573,54.6731682,11.7149473,"Sakskøbingvej, 4880 Nysted, Denemarken",DK
985,52.07021,7.2771363,24.5949746,121.6862078,"267, Taiwan, Yilan County, Datong Township, 寒溪巷1號",TW
986,22.294788,58.42106,-25.4127463,-60.183664,"Ruta Provincial 9, Formosa, Argentina",AR
987,34.780804,90.421585,22.3188075,113.942887,"1 Sky City Rd E, Chek Lap Kok, Hong Kong",HK
988,44.97443,16.109608,58.6288387,25.6547837,"Põltsamaa-Võhma, Koksvere, 70604 Viljandi County, Estonia",HU
989,47.766438,2.497676,47.9886401,0.8014775,"D210, 72320 Valennes, France",FR
990,46.020645,10.384383,42.1864053,14.2936293,"SP215, 66016 San Vincenzo-cerchiara Chieti, Italy",IT
991,35.540398,29.919601,44.3863149,26.2530104,"Strada Puţului, Glina, Romania",RO
992,42.97463,9.506214,57.1669508,10.1406306,"Ålborgvej 745, 9320 Hjallerup, Danemark",DK
993,37.19462,29.600338,23.9761573,120.5868193,"No. 266-282, Lane 332, Section 1, Fuzhen Rd, Yuanlin City, Changhua County, Taiwan 510",HU
994,50.88932,5.6690226,45.3485271,6.31018,"1-317 Route des Îles, 73130 Saint-Avre, France",FR
995,11.1006565,67.67025,39.3118918,22.8983429,"Unnamed Road, Volos 385 00, Greece",GR
996,44.42819,19.596165,-33.545789,-70.6769079,"Domingo Gómez Rojas 591, El Bosque, Santiago Metropolitan Region, Chile",CL
997,57.9389,34.053074,58.4325248,15.6617788,"E4, 582 75 Linköping, Sweden",SE
998,37.783916,18.744179,-25.6385734,27.1970455,"Swartruggens Road, Rustenburg 0309, Republika Południowej Afryki",ZA
999,56.630863,18.572426,56.092575,26.0041956,"Loka iela, Ancene, Asare parish, LV-5210, Latvia",LV
1000,51.933006,5.356927,55.2598656,9.2701074,"Dyssebakken 30, 6500 Vojens Municipality, Denmark",DK
1001,14.284775,31.838902,-22.077826,27.2749981,"A1, Botswana",BW
1002,49.1832,54.909286,34.7833331,137.5813141,"Japan, 〒431-1402 Shizuoka-ken, Hamamatsu-shi, Kita-ku, Mikkabichō Tsuzuki 県道310号線",JP
1003,46.6457,8.424253,64.1157089,-21.880143,"Viðigrund, Kópavogur, Islandia",IS
1004,65.116196,28.074448,62.7522306,28.8877543,"Rikkarannantie 64, 83500 Outokumpu, Finland",FI
1005,45.841656,33.38618,55.688042,52.3541829,"avtodoroga Volga, 1Б, Naberezhnye Chelny, Republic of Tatarstan, Russia, 423800",RU
1006,38.603336,124.12028,37.5482991,127.1026963,"394-1 Gwangjang-dong, Gwangjin-gu, Seoul, South Korea",KR
1007,39.496216,36.246017,45.1741164,37.2741405,"M25, Belyy, Krasnodar Krai, Russia",RU
1008,45.979786,19.120888,55.6314971,23.7534964,"3414, Bejsagoła 82296, Litwa",EE
1009,38.23733,15.596356,-5.8206588,-81.0397158,"Unnamed Road, Peru",PE
1010,20.308243,59.545586,-24.6014188,25.9259483,"Airport Road, Gaborone, Botswana",BW
1011,13.705659,51.144947,20.749062,-101.2594033,"Francisco Villa, San Nicolás Temascatio, Guanajuato, Mexico",MX
1012,37.275284,14.316728,-30.9813834,150.2920607,"7315 Oxley Highway, Gunnedah NSW 2380, Australia",AU
1013,45.16865,12.789635,50.050916,14.2154288,"Maruszewska, Poland",PL
1014,49.70269,21.780922,44.4246238,27.228266,"Autostrada Soarelui, Romania",RO
1015,40.450905,0.6087606,11.2034296,103.5155459,"AH123, ឃុំ កណ្ដោល, Kambodža",KH
1016,57.051132,-7.586547,37.6000387,126.8721513,"226-1 Hwajeon-dong, Deokyang-gu, Goyang-si, Gyeonggi-do, South Korea",KR
1017,62.063984,14.7031145,59.8887627,18.4912415,"280, 760 31 Edsbro, Sweden",SE
1018,43.91376,7.8231177,12.547295,107.533298,"Ao Nav Rd, Cambodia",KH
1019,52.69607,16.71371,40.8413622,24.270586,"Unnamed Road, Paggeo 640 07, Grekland",GR
1020,41.596935,79.29278,6.5978062,-73.1587887,"Barichara, San Gil, Santander Department, Colombia",CO
1021,5.2786903,5.3772287,-36.3731954,142.4415883,"Sheep Hills-Kellalac Road, Kellalac Victoria 3393, Australie",AU
1022,57.154667,4.6795635,52.7979791,-9.4609333,"Unnamed Road, Co. Clare, Ireland",IE
1023,47.423843,36.237675,23.6980134,89.7215527,"Dhaka - Faridpur Hwy, Bangladesh",BD
1024,-40.853455,-38.67286,-37.9205595,-67.8732663,"RN151, Río Negro, Argentina",AR
1025,36.425304,43.76584,3.9109249,101.9941726,"C144, Kampung Pamah Kulat, 27600 Raub, Pahang, Malaysia",MY
1026,50.740505,13.95152,53.2239136,-8.815414,"Unnamed Road, Co. Zatoka Galway, Irlandia",IE
1027,54.034954,16.06018,44.875529,-75.3556463,"5152 Carman Road, Iroquois, ON K0E 1K0, Canada",CA
1028,30.513485,10.48841,-23.6069175,30.0647223,"R526, South Africa",ZA
1029,40.282883,7.031016,-3.2190301,-39.3730991,"Rua Principal, 1399, Ceará, 62690-000, Brazylia",BR
1030,53.13262,14.590869,50.7510236,15.3187792,"Ve Sladké Díře, 468 61 Desná, Czech Republic",AU
1031,36.3847,11.845775,-27.6389907,27.2262458,"67 Stewart Street, Kroonstad 9499, South Africa",ZA
1032,20.624374,49.101902,37.125495,22.100589,"Epar.Od. Thourias - Polianis, Kalamata 240 09, Griechenland",GR
1033,53.822643,26.63411,44.8300905,15.6626724,"D1, 53231, Prijeboj, Croatia",HR
1034,49.886837,14.665731,48.16878,18.8975629,"Pod horou 240, 962 71 Dudince-Merovce, Slovakia",SK
1035,47.44985,39.56722,57.3415294,-4.4850918,"A831, Inverness, Terras Altas IV63, UK",GB
1036,48.583622,29.127968,41.4588508,24.3156503,"Unnamed Road, Drama 661 00, Greece",AE
1037,21.095486,78.506386,1.3630433,103.7645743,"1160 Hillview Ave, Singapore 669602",SG
1038,56.441696,4.0423007,58.3394227,26.7251962,"Jalaka 64, 50105 Tartu, Estonia",NO
1039,36.816864,64.38288,31.2381967,34.7675417,"Herzl Rosenblum, Beersheba, Israel",IL
1040,37.63476,13.412122,42.9841897,25.40373,"4041, 5386 Karaivantsa, Bulgaria",BG
1041,34.545788,38.594543,23.4065963,120.314943,"611, Taiwan, Chiayi County, Lucao Township, 嘉35-1鄉道",TW
1042,48.074677,32.04516,24.2029317,120.8231736,"426, Taiwan, Taichung City, Xinshe District, 興社街一段",TW
1043,24.840763,73.388824,56.1938295,15.8665196,"754, 373 00 Jämjö, Sweden",SE
1044,36.345566,7.0738745,37.2653622,-7.6892872,"EM506 152D, 8800, Portugal",PT
1045,34.570217,-18.834385,39.0732286,26.5877719,"Unnamed Road, Lesvos 811 00, Grækenland",GR
1046,60.56931,8.726976,-43.7501881,172.0209461,"5 Normanby Street, Rakaia 7710, New Zealand",NZ
1047,53.63958,3.2053337,50.9307098,5.4556834,"Steenakkerstraat 94-120, 3590 Diepenbeek, Belgium",LT
1048,34.395638,45.646706,27.3106661,91.0641247,"Bumthang - Ura Hwy, Bhutan",BT
1049,54.48672,29.539589,64.7992057,25.4182833,"Raahentie 33, 91900 Liminka, Finland",FI
1050,52.646458,54.043625,46.0910036,14.9059784,"Spodnji Log 18, 1282 Sava, Slovenië",SI
1051,46.877796,4.8444896,21.9902786,120.8534413,"No. 244, Cháshān Road, Manzhou Township, Comté de Pingtung, Taïwan 947",TW
1052,20.900421,95.64733,1.2663151,103.6290815,"Unnamed Road, Singapore",SG
1053,63.276485,-31.122429,64.1881783,-21.6856812,"Vesturlandsvegur, Mosfellsbær, Iceland",IS
1054,49.691708,2.9844933,54.1213295,-7.0679498,"Unnamed Road, Co. Monaghan, Ireland",IE
1055,42.649693,16.746578,-37.145873,-72.9960026,"O-850, Biobío Region, Chile",CL
1056,42.94163,54.83228,-42.3844025,171.4077571,"872 Taylorville-Blackball Road, Coal Creek 7804, New Zealand",NZ
1057,57.82081,16.55317,49.987505,18.4091386,"Nowa, Poland",PL
1058,58.876858,15.174654,69.1188133,-105.0186984,"Natik St, Cambridge Bay, NU, Canada",CA
1059,69.05425,0.6952133,52.6655349,-8.1139486,"Unnamed Road, Co. Tipperary, Ireland",NL
1060,37.205414,25.011421,39.0799892,-8.4465683,"Unnamed Road, 2100, Portugal",AU
1061,48.993042,14.458373,50.8531407,16.4915945,"Esperantystów, 58-100 Swidnica, Poland",PL
1062,41.01276,40.603565,48.7322984,18.1778654,"Dolné Držkovce 303, 956 54 Veľké Držkovce, Slovakia",SK
1063,58.899197,15.523829,52.0732008,-8.9833079,"Unnamed Road, Co. Cork, Ireland",IE
1064,16.857021,49.85879,40.5795728,24.6569512,"Unnamed Road, Thasos 640 02, Greece",GR
1065,55.289474,16.007664,54.3187094,-6.9631926,"N2, Co. Monaghan, Ierland",IE
1066,34.58347,26.781414,24.9630045,55.188531,D57 - Dubai - United Arab Emirates,AE
1067,42.30142,20.872753,47.3561797,25.2893673,"Comuna Dorna Candrenilor, Romania",RO
1068,45.162006,21.974564,26.9192259,-98.9750176,"Farm to Market 2687, Hebbronville, Texas 78361, États-Unis",US
1069,59.814205,27.432705,56.2006086,22.7014585,"1026, Venta 85305, Lithuania",LT
1070,51.474083,14.75508,45.3884727,-75.9702665,"60 Harwood Ln, Kanata, ON K2K 1X7, Canada",CA
1071,48.80952,16.276382,27.4634681,90.1692339,"Unnamed Road, Bhutan",BT
1072,41.089127,26.2002,52.2009259,21.7863606,"E30, 05-310 Kałuszyn, Poland",PL
1073,52.18086,11.546668,48.2940476,19.923391,"571021, 980 32 Konrádovce, Slovakia",SK
1074,36.271454,95.194176,22.9592895,89.2296654,"Jessore - Chuknagar Rd, Bangladesh",BD
1075,28.556652,69.20753,47.5355473,19.0738016,"1139 Budapest, Rue Frangepán 15-19, Hongrie",HU
1076,49.713192,-7.3101454,37.335508,23.1347081,"Unnamed Road, Ververouda 213 00, Greece",PE
1077,37.530045,31.139633,45.2235761,25.6389639,"Strada 30 Decembrie, Gura Beliei, Romania",RO
1078,56.277573,8.612236,47.3512243,8.4715708,"Landikonerstrasse, 8143 Stallikon, Switzerland",CH
1079,-36.687366,-88.455345,-43.3991531,-66.8850882,"RP11, Chubut, Argentina",AR
1080,62.528896,20.975594,58.766458,24.5950929,"Valgu-Libatse, 78207 Rapla County, Estonia",EE
1081,44.694126,36.252666,47.9285972,25.8657745,"DJ291A, Frătăuţii Noi, Romania",RO
1082,1.7287931,-27.941067,49.694281,16.7570402,"3718, 569 43 Bezděčí u Trnávky, Czech Republic",US
1083,29.396381,79.11582,5.4525355,-75.4767656,"Salamina - Pacora # 2 a 50, Pacora, Caldas, Colombia",CO
1084,23.462528,74.96818,25.1084892,55.2054616,First Al Khail St - Dubai - United Arab Emirates,AE
1085,30.034042,71.83405,2.3902859,112.0288406,"Lorong Bahagia 9, 96000 Sibu, Sarawak, Malaysia",MY
1086,54.0164,28.965256,51.1847416,19.4152902,"Gmina Kamieńsk, Poland",PL
1087,39.17614,3.969377,-34.195854,-70.6271432,"H-25, Machalí, O'Higgins Region, Chile",CL
1088,42.338917,20.753906,-37.74839,175.9786412,"101 Te Kohanga Road, Whakamarama 3176, New Zealand",NZ
1089,47.835613,-4.478514,47.2561589,7.6843384,"E25, 4538 Oberbipp, Switzerland",CH
1090,52.17915,20.378246,57.4100618,25.9080062,"Mežoles iela 13, Smiltene, Smiltenes pilsēta, LV-4729, Latvia",LV
1091,48.492996,22.485035,-27.1061851,30.7654148,"R543, South Africa",ZA
1092,45.335926,10.719086,45.4174038,13.9576068,"D201, 52420, Sveti Martin, Croatia",HR
1093,51.538944,13.179753,55.8694774,23.2094921,"Pamiškės gatvė, Motaičiai 80179, Lituanie",MY
1094,35.723812,45.38455,1.3563839,103.8772818,"24 Highland Rd, Singapore 549115",SG
1095,39.9437,29.2476,25.1582843,55.4072187,Persia N7 - Dubai - United Arab Emirates,AE
1096,20.942495,87.94546,27.5419696,89.827128,"Unnamed Road, Bhutan",BT
1097,4.309581,-12.448859,43.3238179,26.6033054,"51, 7290 Loznitsa, Bulgaria",BG
1098,39.918423,48.332817,-12.2105639,-75.806026,"120, Peru",PE
1099,48.46246,8.578267,52.2902668,16.4951204,"64-330 Dakowy Suche, Poland",PL
1100,21.905178,-27.263115,42.5688019,1.6784359,"CG-2, AD100 Canillo, Andorra",AD
1101,44.120274,17.171902,52.0417588,4.3918582,"Molenweg 15, 2631 AA Nootdorp, The Netherlands",NL
1102,-14.429557,23.134846,-26.9618823,31.0164862,"MR13, Gege, Swaziland",SZ
1103,27.08273,112.95505,24.6642407,120.9185617,"Shuǐyuán Road, Toufen Township, Miaoli County, Тайвань 351",TW
1104,40.573933,17.423672,2.7790505,101.4694665,"5, 42700 Banting, Selangor, Malaysia",BW
1105,40.597355,19.596249,43.8598346,27.7481216,"293, Bistrets, Bulgaria",BG
1106,56.556667,10.729168,48.2940476,19.923391,"571021, 980 32 Konrádovce, Slovakia",SK
1107,27.140705,57.572327,-33.5241366,-70.698802,"Central 8901-8961, Lo Espejo, Region Metropolitalny, Chile",CL
1108,-8.309927,19.310993,-27.0254956,31.9309194,"MR14, Nsoko, Swaziland",SZ
1109,54.439236,-6.2835054,49.3388266,18.3922642,"Velké Karlovice 654, 756 06 Velké Karlovice, Czech Republic",CZ
1110,50.071346,9.507231,45.3861572,10.8624299,"Via Località Cà Belvedere, 1, 37069 Villafranca di Verona, Verona, Italy",IT
1111,46.8186,-15.221751,43.3223321,-8.8188306,"Rúa Canido, 13-15, 15113 Malpica de Bergantiños, La Coruña, Spania",ES
1112,33.265194,46.392387,39.8693919,-8.752642,"Estr. da Guia 620, Portugal",PT
1113,47.942135,15.275718,51.6989965,5.5382819,"Loosbroekseweg 54-56, 5388 VP Nistelrode, The Netherlands",NL
1114,34.065235,27.128395,37.7666463,-8.0964573,"N2, 7780 Castro Verde, Portugal",PT
1115,47.654938,11.786106,45.4441466,17.1863031,"Ul. Stjepana Širca 19, 34550, Prekopakra, Croatia",KH
1116,1.6405115,90.43292,39.0487638,-8.3738887,"Caminho do Monte das Figueiras Vianas, 2100 Couço, Portugal",PT
1117,47.746307,14.356884,42.4765685,1.4529428,"Ctra. de Canòlich, AD600 Sant Julià de Lòria, Andorra",AD
1118,-5.4111853,60.012848,-24.2215823,-52.2779726,"BR-487, Parana, 87290-000, Brazil",BR
1119,53.55531,19.083233,-39.4287636,175.4523578,"28 Piwari Street, Rangataua 4691, New Zealand",NZ
1120,43.16657,13.511224,37.9960472,23.5193014,"Unnamed Road, Salamina 189 00, Greece",GR
1121,52.52161,13.641167,58.7522819,25.1137138,"Rõusa-Käru, 79211 Rapla County, Estonia",EE
1122,42.71863,12.079817,38.653168,-3.469762,"A-4, 13730 Santa Cruz de Mudela, Ciudad Real, Spain",ES
1123,51.164673,17.718895,52.1760085,5.4622366,"Oosterdorpsstraat 25-27, 3871 AA Hoevelaken, The Netherlands",NL
1124,44.221397,10.189684,44.1091619,15.2598284,"Jadranska turstička cesta, 23000, Zadar, Croatia",HR
1125,-23.17839,32.620586,-18.6629881,21.9235822,"A35, Botswana",BW
1126,-1.3938494,133.12703,23.5645741,88.9868328,"Jhenaidah - Chuadanga Rd, Bangladesh",BD
1127,47.328648,5.669754,-5.3363975,-79.8879117,"2 A 120, Peru",PE
1128,44.409195,13.570415,57.2127576,27.5659858,"P42, Susāju pagasts, LV-4582, Latvia",LV
1129,46.77075,22.708054,49.9897421,36.3494461,"Saltivs'ke highway, 143, Kharkiv, Kharkiv Oblast, Ukraine",UA
1130,45.676403,49.93859,42.5089762,1.5305297,"Carrer Josep Cornellà Panicello, 2, AD500 Andorra la Vella, Andorra",AD
1131,56.660496,13.0946455,44.3639747,8.1639477,"SP28bis, 17017 Roccavignale, Savone, Italie",IT
1132,10.328973,12.299011,-34.98879,-62.9184133,"RN188, Buenos Aires, Argentina",AR
1133,68.97452,-47.814644,65.5220487,-19.8495675,"Þjóðvegur, Islandia",IS
1134,44.65084,6.9279656,48.8620542,17.9421051,"061028, 913 04 Chocholná-Velčice-Velčice, Slovensko",SK
1135,42.770184,16.7903,46.0725737,18.2334078,"7622 Pecz, Alsó-malom Street 7, Węgry",HU
1136,31.034912,26.208519,-32.8138263,-70.5709822,"E-765, San Esteban, Valparaíso Region, Chile",CL
1137,48.672497,21.272156,50.08027,8.6322293,"Saonestraße 3, 60528 Frankfurt, Germany",DE
1138,22.15187,3.1409028,43.8791117,28.3706473,"DC10, Tătaru, Romania",RO
1139,32.92699,-17.146526,-33.3213572,-71.4092225,"Avenida Portales, Casablanca, Région de Valparaíso, Chili",CL
1140,63.886234,25.49001,59.4977182,26.4809933,"Kunda-Selja, 44020 Lääne-Viru County, Estonia",EE
1141,39.912636,59.960747,38.1437018,-2.5888416,"JF-7038, Jaén, Espagne",ES
1142,39.795277,22.060783,-2.5115513,-44.0247762,"R. Sao Januário, 19, São José de Ribamar - MA, 65110-000, Brazil",NZ
1143,21.741228,99.00221,1.4543389,103.810271,"209 Woodlands Ave 9, Singapore 738959",SG
1144,54.252403,23.787617,36.8054728,139.5981322,"Kirifuri Kogen Rd, Tokorono, Nikkō-shi, Tochigi-ken 321-1421, Japan",JP
1145,30.5155,27.90171,33.4251169,-111.7173018,"5249 East Casper Street, Mesa, AZ 85205, USA",US
1146,45.498524,33.043217,47.9886401,0.8014775,"D210, 72320 Valennes, France",FR
1147,-12.437383,19.410637,-25.2668873,23.220029,"A20, Botswana",BW
1148,43.361584,42.54677,48.5023663,21.225036,"3876 Hidasnémeti, Petőfi Way 1, Hungary",HU
1149,48.835403,12.916823,57.3121937,25.6482569,"E77, Rauna parish, LV-4131, Lettonie",KH
1150,27.636127,65.99755,-38.0574869,175.9493031,"Leslie Road, Ngatira 3485, New Zealand",NZ
1151,-0.96809864,19.815994,-20.8224927,143.3496366,"Flinders Highway, Stamford QLD 4821, Australia",AU
1152,47.780106,9.278971,42.5129874,1.5316519,"Carrer les Canals, 86, AD500 Andorra la Vella, Andorra",AD
1153,36.204067,22.942562,50.4056456,4.3426145,"N54, 6140 Fontaine-l'Evêque, Belgique",BE
1154,46.38651,12.913379,45.4557621,18.4677996,"Slavonika, 31403, Beketinci, Croatia",HR
1155,52.513126,3.6876068,57.6529708,26.7540514,"Metstaga-Sadramõtsa, 66106 Võru County, Estonia",EE
1156,-3.202241,48.547264,24.9266758,55.6418178,Dubai-Hatta Rd - Sharjah - Các tiểu Vương quốc Ả rập Thống nhất,AE
1157,50.670746,22.689335,62.9942938,7.2541678,"Riksveg 663, 6494 Vevang, Norway",NO
1158,21.511965,13.072087,26.9338205,90.0400223,"Daga Rd, Bhutan",BT
1159,41.598698,11.353416,44.96758,26.0210896,"Unnamed Road, Ploeszti, Rumunia",RO
1160,37.81868,40.353577,-7.2084006,107.6594101,"Jl. Raya Cibeureum No.13, Kertasari, Bandung, Jawa Barat 40386, Indonesia",ID
1161,39.5805,9.931613,46.8072908,6.6299747,"A5, 1422 Grandson, Switzerland",CH
1162,40.425594,74.19622,35.9898676,139.0785663,"Japan, 〒368-0035 Saitama-ken, Chichibu-shi, Kamimachi, 2 Chome−7 県道73号線",CH
1163,53.75802,3.5915203,42.5227556,1.5217967,"CG-3, AD400 La Massana, Andorra",AD
1164,-30.214909,32.611835,-27.2497673,31.433823,"MR11, Swaziland",SZ
1165,41.018517,15.166856,41.5064217,-6.3577512,"Unnamed Road, 5210, Portugal",PT
1166,1.623548,102.543175,12.5192968,107.5612695,"Ao Nav Rd, Cambodja",KH
1167,56.63506,13.473023,53.6399232,21.6982487,"Droga Krajowa 58, Pologne",PL
1168,52.158855,7.0744505,45.9480518,1.5443014,"Le Masjoubert, 23430 Saint-Martin-Sainte-Catherine, France",FR
1169,39.14049,28.220589,47.4221812,19.1138475,"1201 Budapest, Lehel Street 2-4, Hungary",HU
1170,17.112282,67.308105,6.7083252,116.3541526,"Sabah, Malaysia",MY
1171,15.164809,79.83222,-29.7959583,30.8140697,"23 Lynton Road, Kloof 3640, Republika Południowej Afryki",ZA
1172,29.637482,110.05213,37.5765579,126.962044,"46-262 Muak-dong, Jongno-gu, Szöul, Dél-Korea",KR
1173,31.310806,42.61061,22.4795916,114.0574162,"Castle Peak Road (Tam Mei), Tam Mei, Hong Kong",HK
1174,13.993576,93.26507,23.7887981,89.3376333,"Dhaka - Kushtia Hwy, Bangladesh",BD
1175,53.795254,12.794177,42.0872552,140.5688763,"Hokkaido Expy, Mori-machi, Kayabe-gun, Hokkaidō, Japan",JP
1176,36.85075,17.294495,9.212324,-75.1132484,"Since - Galeras, Since, Sucre, Kolumbia",CO
1177,60.877254,7.878818,65.7468698,-19.6411491,"Bárustígur, Sauðárkrókur, Iceland",IS
1178,49.798244,15.837956,39.1895504,-0.3298558,"CV-511, 1, 46418 Fortaleny, Valencia, Espanja",ES
1179,1.0269513,35.07235,37.0424655,-93.5565172,"124-140 Evan Road, Billings, MO 65610, USA",US
1180,44.4454,22.808395,20.5489822,-103.400442,"Jalisco, Mexico",MX
1181,46.09062,33.55728,26.9004311,91.5020939,"Unnamed Road, Bhutan",BT
1182,54.72211,10.788955,46.6139503,16.406873,"Pri Čardi 1, 9223 Dobrovnik, スロベニア",SI
1183,20.069113,-5.9146814,44.3703337,15.1149118,"D108, 23249, Vrčići, Croatia",HR
1184,47.682972,15.858108,60.6344531,6.4341774,"Strandavegen 59, 5700 Voss, Norway",NO
1185,45.080235,23.433872,37.9165011,-7.4804432,"Rua da Liberdade 65, 7830, Portugal",PT
1186,34.995686,15.387881,6.308884,116.7634917,"Unnamed Road, 89100 Kota Marudu, Sabah, Malaysia",MY
1187,52.79464,45.412846,27.2595299,89.3276017,"Chhudzom - Haa Rd, Bhutan",BT
1188,50.196445,25.090366,46.2058372,6.0766331,"Route du Canada 5, 1214 Vernier, Switzerland",CH
1189,25.49738,121.23634,23.7560957,89.5546515,"Dhaka - Kushtia Hwy, Bangladesh",BD
1190,45.02958,41.814022,23.7188598,88.7468912,"Chuadanga - Meherpur Hwy, Bangladesz",BD
1191,50.064613,11.864993,64.0062959,-22.5682799,"Háteigur, Reykjanesbær, Iceland",IS
1192,45.207687,27.113647,42.622221,-8.3058461,"PO-534, 36559 Forcarei, Pontevedra, Spain",ES
1193,50.379383,19.306934,50.4263484,30.4339232,"Odeska Street, 8-10, Kyyiv, Kyiv city, Ukraine",UA
1194,53.80762,16.15525,-38.228788,175.9063812,"247-321 Mossop Road, Kinleith 3491, New Zealand",NZ
1195,50.51655,36.446762,49.9783622,17.1633644,"11, 795 01 Stará Ves, Czech Republic",AE
1196,5.202259,-20.122845,-49.1662682,-71.3077639,"RN40, Santa Cruz, Argentina",AR
1197,50.801014,1.1000462,51.1763359,6.8616084,"Peter-Krahe-Straße 32, 40599 Düsseldorf, Allemagne",DE
1198,44.06123,32.082687,56.2006086,22.7014585,"1026, Venta 85305, Lithuania",LT
1199,24.446632,25.294403,38.8392593,-94.415134,"1706-1730 Southwest County Line Road, Lee's Summit, MO 64082, USA",US
1200,39.71001,12.187011,42.7677929,-5.0702991,"Valle de Las Casas, 24892, León, Spain",ES
1201,45.526592,9.53905,42.6098788,13.0649757,"Terzone, 241, 02016 Terzone Rieti, Italy",IT
1202,14.5043125,2.7868996,-31.6559458,-71.3212813,"D-75, Illapel, Coquimbo Region, Chile",CL
1203,34.087654,91.098816,45.6742566,9.6443401,"Via Grumello, 30, 24127 Bergamo, Italy",IT
1204,27.412392,-36.182262,71.0108789,25.9170671,"E69 148, 9750 Honningsvåg, Norway",NO
1205,42.614872,15.134044,43.937062,24.9447252,"DJ653, Băneasa, Romania",RO
1206,53.559227,13.523988,55.4143907,10.4248691,"Tjørnehaven 22-30, 5240 Odense, Denmark",DK
1207,-5.5734434,-0.57580876,27.0074948,-112.0742516,"Transpeninsular Highway, Heroica Mulegé, Baixa Califórnia Sur, Estados Unidos Mexicanos",MX
1208,44.187477,1.1236051,-10.6629115,-77.7994701,"Panamericana Norte, Peru",PE
1209,46.07236,12.950577,44.3868982,10.6655755,"Strada Provinciale 24, 41046 Palagano, Modena, Italy",IT
1210,51.39201,18.278923,69.887665,18.8609998,"Fylkesveg 66 60, 9131 Kårvik, Norway",NO
1211,50.144165,-21.575737,42.5541086,1.6737811,"Camí Pont de Capigol, AD100 Canillo, Andorra",AD
1212,31.019135,94.3809,23.122247,88.19596,"Shaheb Bazar Rd, Rajshahi, Bangladeche",BD
1213,54.657402,11.763967,55.3883726,11.277948,"Hejningevej 16-18, 4200 Slagelse Municipality, Danimarca",DK
1214,53.94653,11.608514,57.1516024,25.7002967,"P30, Taurene parish, LV-4119, Latvia",LV
1215,13.105385,18.606255,-20.2067078,23.2081361,"A3, Botswana",BW
1216,57.554478,22.718594,54.1514358,-7.2198361,"Unnamed Road, Co. Monaghan, Ireland",IE
1217,43.96262,12.624897,39.1643137,-3.8551567,"Calle Doctor Isabelo Díaz Toledo, 14-16, 13420 Malagón, Ciudad Real, Spain",ES
1218,51.634483,17.332153,56.0130935,27.625316,"Krasta iela, Nikšāni, Robežnieku pagasts, LV-5676, Latvia",LV
1219,42.39214,43.049004,23.1202653,91.3325347,"Dhaka - Chittagong Hwy, Bangladesh",BD
1220,51.254475,10.543782,43.5432421,1.340607,"26 Rue de la Françoy, 31270 Cugnaux, France",FR
1221,48.381718,11.311237,52.366377,-9.3535727,"Unnamed Road, Co. Kerry, Ireland",IE
1222,45.502003,20.851295,51.1212069,13.8486081,"Ullersdorf-Langebrücker Straße, 01099 Dresden, Germany",DE
1223,48.2823,22.515385,48.0914411,-89.4811365,"Hwy 61, Neebing, ON P0T, Canada",CA
1224,44.57178,14.405995,50.4733752,30.4804821,"Tropinina street, 9, Kyyiv, Kyiv city, Ukraine",CZ
1225,38.3587,76.254715,25.0304259,121.4296479,"No. 651-9, Zhōngzhèng Road, Xinzhuang District, New Taipei City, Taiwan 242",TW
1226,22.473381,-2.7437968,-22.2793183,28.946603,"Transit Road, Botswana",BW
1227,22.983067,-20.31643,55.6852823,24.1437329,"3415, Naujamiestis 38335, Lithuania",LT
1228,36.936756,52.922424,2.7649314,101.9292578,"555-563, Jalan Bukit Mutiara 18, Taman Bukit Mutiara, 70200 Seremban, Negeri Sembilan, Malaysia",MY
1229,35.22657,48.579575,9.8406478,-74.486222,"I-80, Plato, Magdalena, Colombia",CO
1230,48.33961,31.15744,2.6760407,101.8773307,"Unnamed Road, Garden Avenue, 70300 Seremban, Negeri Sembilan, Malaysia",MY
1231,49.048702,9.438048,24.0106618,121.6264945,"No. 42, Měigōng Road, Hualian City, Hualien County, Taiwan 970",TW
1232,30.95036,-9.40083,32.9155183,35.4157747,"806, Israel",IL
1233,37.5236,43.20382,34.1745628,-118.5216382,"17834-17838 Miranda Street, Encino, Californië 91316, Verenigde Staten",US
1234,47.54528,24.68058,59.9118061,10.9271313,"Ekerudlia 8, 1476 Rasta, Norway",NO
1235,38.386497,44.322243,50.8850426,17.3733255,"Droga Krajowa 94, Poland",PL
1236,55.782246,14.986813,56.2698943,10.0912266,"Møllevej 2, 8382 Hinnerup, Denmark",DK
1237,15.8495865,83.84374,54.1534432,-0.2428881,"24 Wide Lane, Filey, North Yorkshire YO14 9TB, UK",GB
1238,41.801384,43.21088,13.6497448,104.7027235,"Unnamed Road, Cambodia",KH
1239,12.520027,24.248531,-2.5115513,-44.0247762,"R. Sao Januário, 19, São José de Ribamar - MA, 65110-000, Brazil",NZ
1240,52.41114,15.820188,46.8884352,26.4197923,"Cutului, Dumbrava Roşie 617185, Romania",RO
1241,46.19019,10.464086,63.6836052,11.1170002,"Fylkesveg 115, 7620, Norway",NO
1242,26.131649,79.17611,22.544379,91.6941409,"Dhaka - Chittagong Hwy, Banshbaria, Bangladesh",BD
1243,37.943634,5.0346594,-22.2921801,-46.9703565,"Rodovia Deputado Mário Beni, São Paulo, Brazylia",BR
1244,48.6825,7.6011724,-26.889701,30.9353246,"MR13, Sicunusa, Swaziland",SZ
1245,37.697514,52.55278,32.0948145,34.8566375,"Arieh Shenkar 15, Petah Tikva, Israel",IL
1246,50.860863,12.4001045,64.9976208,25.5230892,"Kainuuntie 246, 90250 Oulu, Finland",FI
1247,40.329086,79.51677,37.4775623,126.4758442,"2091-99 Unseo-dong, Jung-gu, Incheon, South Korea",KR
1248,-4.2042513,19.54353,-20.1162202,23.5988142,"A3, Botswana",BW
1249,45.710632,22.947575,47.4933605,26.0112633,"DJ177C, Romania",RO
1250,52.63464,14.430998,48.949103,20.751586,"536, 053 62 Bystrany, Eslovaquia",SK
1251,55.26138,16.436089,64.1389939,-21.8054222,"Fannafold, ~ Reykjavik, Iceland",IS
1252,45.54807,39.130333,42.5064664,1.5161905,"Carrer Font del Puial, 22, AD500 Andorra la Vella, Andorra",AD
1253,49.72118,39.312523,53.9875878,24.2974349,"5003, Dzūkijos nacionalinis parkas 65285, Lithuania",LT
1254,29.37447,44.685474,24.9502086,55.255306,D57 - Dubai - アラブ首長国連邦,AE
1255,53.64419,33.4593,61.7684471,11.4593621,"Rv217 1230, 2485 Rendalen, Norway",IS
1256,41.845806,20.143517,-25.7823628,28.4994937,"Bronkhorstspruit Road, South Africa",ZA
1257,52.673,13.01517,53.1160767,8.7036449,"Hasenbürener Landstraße 40, 28197 Bremen, Germany",DE
1258,48.424023,49.45425,-37.6519243,176.1952728,"476A Maunganui Road, Mount Maunganui, Tauranga 3116, New Zealand",NZ
1259,53.656185,16.54414,46.0910036,14.9059784,"Spodnji Log 18, 1282 Sava, Slovenië",SI
1260,53.495403,22.983932,55.2898112,23.9790171,"Tilto gatvė 2, Kėdainiai 57256, Lithuania",LT
1261,-0.071547985,85.967316,19.6748192,-101.666934,"Michoacán Erongarícuaro - Chupícuaro, Michoacán, Mexiko",MX
1262,52.80817,17.019398,-33.4713214,150.172195,"1 Saywell Street, Lithgow Nowa Południowa Walia 2790, Australia",AU
1263,-51.350834,-93.834274,-44.8206646,-69.5698456,"RP23, Chubut, Argentina",AR
1264,45.450687,28.889591,18.6258867,-96.2173214,"Carretera Federal 145de Cuota, Los Robles, Veracruz de Ignacio de la Llave, Mexico",MX
1265,-24.919918,-69.99991,-38.471935,-67.4727967,"RP6, Río Negro, Argentina",AR
1266,56.750935,24.439796,44.0855095,-77.2391418,"86 Prince Edward County Rd 14, Demorestville, ON K0K 1W0, Kanada",CA
1267,39.484203,42.351036,48.8578553,-64.2026799,"1277-1299 QC-132, Gaspé, QC G0E, Canada",CA
1268,44.912937,35.266113,40.1007255,15.5734989,"Strada Provinciale 210, 84079 Vibonati, Salerno, Italy",IT
1269,43.889603,21.562515,-36.8145604,-59.1314743,"Ruta Provincial 60, Buenos Aires, Argentina",AR
1270,49.70001,9.254669,57.9947931,22.1440168,"77, Mäebe, 93246 Saaremaa, Estonia",EE
1271,31.33046,13.774604,42.5859823,1.5211924,"Avinguda del Cresp, AD300 Ordino, Andorra",AD
1272,21.457958,76.86246,22.2704488,114.2436751,"11 Chong Fu Rd, Chai Wan, Hong Kong",HK
1273,50.544292,32.897537,52.9637792,-7.7920174,"20-32 An Gleann Glas, Co. Tipperary, Ireland",IE
1274,51.00227,12.032341,54.3045641,-7.7877177,"89A Gardrum Road, Enniskillen, Fermanagh BT74 9AT, UK",GB
1275,48.583546,21.584663,56.4629048,36.5698951,"Leningradskoye shosse, Spas-Zaulok, Moskovskaya oblast, Russia",RU
1276,60.163525,18.143759,55.9703762,9.8074072,"Kvægenbjergvej 12, 8752 Østbirk, Denmark",DK
1277,61.032543,23.398758,64.9522098,25.6722742,"Mikkolantie 45, 90310 Oulu, Finland",FI
1278,41.02879,31.566563,27.785271,128.8950738,"183 Ōtsukawa, Amagi-chō, Ōshima-gun, Kagoshima-ken 891-7622, Japan",JP
1279,40.361782,37.97544,2.9305911,-75.2971812,"La Toma # 1D-1, Neiva, Huila, Colombia",CO
1280,38.062904,24.992283,19.8923478,99.1136149,"Unnamed Road, Tambon Mon Pin, Amphoe Fang, Chang Wat Chiang Mai 50110, Thailand",TH
1281,47.746838,1.8208158,52.636277,-9.3920056,"Unnamed Road, Co. Клэр, Ирландия",IE
1282,54.00728,24.82191,27.3677265,89.3066635,"Bondey-Haa Hwy, Bhutan",BT
1283,51.484,12.2588415,44.9461746,7.3276588,"Via Coassoli, 86, 10060 Cantalupa Turin, Italy",IT
1284,36.58526,42.42886,56.3253167,21.3730365,"P113, Dunika parish, LV-3480, Latvia",LV
1285,44.309067,4.0885363,51.0174128,7.0072736,"Knochenbergsweg 3, 51373 Leverkusen, Germany",DE
1286,44.313038,9.187208,62.9518339,17.6236974,"772, Kramfors V, Sweden",SE
1287,-57.396137,25.989655,-20.188005,25.2860232,"A3, Botswana",BW
1288,12.843027,26.435509,-22.5400503,27.1193837,"Yarona Road, Palapye, Botswana",BW
1289,32.80173,49.977005,27.4966786,89.3188715,"Unnamed Road, Bhutan",BT
1290,15.561164,115.9119,1.4300653,103.9767555,"428 Pulau Ubin, Singapore 508367",SG
1291,43.64722,28.509949,39.6901132,22.852822,"Epar.Od. Agiokampou, Agia 400 03, Greece",GR
1292,48.010838,16.72742,43.1116858,-7.8460617,"LU-232, 14, Friol, Lugo, Spain",ES
1293,48.66541,12.885161,-26.1619236,28.3102741,"47 Farrar Street, Benoni 1501, South Africa",ZA
1294,45.233616,67.04394,47.393485,8.5004486,"Bernerstrasse, 8048 Zurich, Switzerland",CH
1295,-7.5881586,45.687992,-19.3063314,25.8426453,"A33, Botswana",BW
1296,56.341434,22.089855,56.7466663,24.9127618,"Ozolleju iela, Lielvārde, Lielvārdes pilsēta, LV-5070, Latvia",LV
1297,45.33149,12.467505,38.0163018,-1.4988631,"C-3315, 30170 Mula, Murcia, Hiszpania",ES
1298,46.63016,-4.3891506,47.5177134,-1.9730863,"19 Rue du Moulin de la Justice, 44530 Guenrouet, France",FR
1299,44.782345,16.216862,40.6163676,21.4754107,"Unnamed Road, Aminteo 530 75, Griechenland",GR
1300,12.939919,25.440277,-25.8870663,31.5097728,"MR1, Swaziland",SZ
1301,45.06941,14.129558,37.5534999,126.8365622,"311 Gangseo-ro, Gangseo-gu, Seoul, South Korea",KR
1302,53.20605,12.081531,47.9067518,18.2112528,"64 8-26, 947 03 Hurbanovo-Pavlov Dvor, Słowacja",PE
1303,44.96063,-3.4955058,35.1978487,129.0055506,"1262-12 Gupo 2(i)-dong, Buk-gu, Pusan, Corée du Sud",KR
1304,-19.194733,24.673672,-26.5476248,31.8756879,"MR16, Swaziland",SZ
1305,62.664417,-1.7988529,56.735196,26.0144821,"P37, Kalsnava parish, LV-4860, Latvia",LV
1306,48.29571,23.935768,47.5833231,5.0559742,"D120, 21120 Marey-sur-Tille, France",NL
1307,43.34612,33.75889,-29.9262776,30.936276,"Higginson Highway, Chatsworth 4092, South Africa",ZA
1308,52.652283,13.587153,44.9301802,25.3040223,"DJ702A, Drăgăieşti Pământeni, Romania",RO
1309,36.458427,24.34954,44.70957,22.4069549,"Strada Gratca, Orșova, Romania",RO
1310,56.6137,5.811567,51.1600049,4.4610916,"Hoverheide 12-18, 2540 Hove, Belgium",BE
1311,43.429417,7.279496,46.4627343,6.3371443,"Avenue de la Gare 20, 1180 Rolle, Switzerland",CH
1312,4.1912017,102.35174,-36.8255841,142.6361803,"Riachella Tramline Road, Wal Wal VIC 3381, Australia",AU
1313,48.75488,49.854992,22.7615932,121.1368694,"No. 1-19, Alley 13, Lane 593, Xīnshēng Road, Taidong, Tajwan 950",TW
1314,45.043133,46.623005,22.4401016,113.9465561,"Nim Wan Rd, Lau Fau Shan, Hong Kong",HK
1315,36.98632,26.844841,37.6355921,126.8668563,"68-4 Seooreung-ro 663beon-gil, Deokyang-gu, Goyang-si, Gyeonggi-do, South Korea",KR
1316,62.423706,5.330181,48.0914411,-89.4811365,"Hwy 61, Neebing, ON P0T, Canada",CA
1317,50.782467,10.290833,47.4604181,8.4407857,"Alter Bahnhof 2, 8107 Buchs, Switzerland",CH
1318,44.713474,16.344831,46.1799074,14.3307297,"Virmaše 123, 4220 Škofja Loka, Slovenia",SI
1319,57.923782,29.567646,50.4738536,30.6368619,"Sholom-Aleikhema street, 17, Kiev, Kyiv city, Ukraine",UA
1320,25.667698,26.002827,19.7856976,-98.7052308,"Huasteca, State of Mexico, Mexico",MX
1321,35.416805,65.291565,32.4057996,-117.055465,"Avenida Los Cuñados, Plan Libertador, Baja California, Mexico",MX
1322,42.90131,12.918712,46.1749093,13.7049424,"Volče 42c, 5220 Tolmin, Słowenia",SI
1323,38.300335,60.253647,4.7168423,-74.0287316,"Carrera 7 # 140-2 a 140-100, Bogota, Cundinamarca, Kolumbia",CO
1324,29.533306,-11.132086,38.6405951,-7.8524764,"E802, 7005, Portogallo",PT
1325,61.302025,21.89803,56.7816626,24.6493208,"Priežu iela 1, Ciemupe, Ogresgala pagasts, LV-5041, Latvia",LV
1326,47.185074,16.233837,50.6030459,5.5022092,"Rue de la Boverie 247, 4100 Seraing, Belgium",BE
1327,13.544184,-19.166656,-33.6036392,21.7842571,"R62, South Africa",ZA
1328,53.283707,16.10886,43.4434607,-5.7855194,"AS-241, 33192, Asturias, Spain",ES
1329,47.312286,1.3046708,-7.2554273,-79.0948162,"PE 08 48, Peru",PE
1330,47.170147,13.591026,-25.0339349,30.8206377,"R532, South Africa",ZA
1331,44.20044,80.554474,22.4368901,120.5163688,"No. 40-2, Róngnóng Road, Linbian Township, Pingtung County, Taiwan 927",TW
1332,46.42603,35.763683,55.9454331,26.5920897,"Mazā Medus iela 28-30, Daugavpils, LV-5413, Latvia",LV
1333,50.40749,13.612554,48.5635343,17.9941386,"Vozokany 116, 956 05 Vozokany, Slovakia",SK
1334,44.727657,103.371315,37.5595728,127.1686785,"215 Godeok-dong, Gangdong-gu, Séoul, Corée du Sud",KR
1335,33.81687,-34.181694,-36.7777076,-73.0928769,"Aviación 6949-6981, Talcahuano, Biobío Region, Chile",CL
1336,57.485645,14.015464,50.1967948,-105.39616,"Unnamed Road, Briercrest, SK S0H 0K0, Canada",CA
1337,48.54479,18.770844,55.7099931,9.4677096,"Vardevej 359, 7100 Vejle County, Denmark",DK
1338,50.71767,16.554794,51.9460096,4.449225,"Copernicuslaan 21-23, 3045 Rotterdam, The Netherlands",NL
1339,14.005758,86.83572,24.992155,55.357965,Dubai - United Arab Emirates,AE
1340,50.84846,21.461548,46.6786249,16.0425901,"Gederovci 3, 9251 Tišina, Slovénie",SI
1341,31.959263,41.95243,17.511186,104.0591625,"Unnamed Road, Tambon Tha Ruea, Amphoe Na Wa, Chang Wat Nakhon Phanom 48180, Thailand",PT
1342,25.465103,38.161266,36.6658166,24.8576026,"Unnamed Road, Folegandros 840 11, Grekland",GR
1343,45.50239,16.49718,47.7157613,17.9914987,"2941 Ács, Hartmann Way 1, Hungary",HU
1344,19.625484,97.55744,24.8252657,125.1379335,"Unnamed Road, Irabu, Miyakojima-shi, Okinawa-ken 906-0000, Japan",JP
1345,52.472492,5.5302258,45.083365,0.1737387,"D40, 24700 Saint-Barthélemy-de-Bellegarde, Frankrijk",FR
1346,37.80305,36.2862,23.3609662,89.1418653,"Jessore - Jhenaidah Hwy, Bangladesh",BD
1347,47.264565,30.86982,4.7520584,-74.0617542,"Calle 168 # 62-2 a 62-100, Bogotá, Cundinamarca, Colombia",AE
1348,56.75186,16.290031,51.9711303,20.1768059,"Jana III Sobieskiego 83, Skierniewice, Polska",PL
1349,48.346912,36.037533,45.7783226,16.6392694,"Gornji Draganec 132, 43245, Gornji Draganec, Croatia",HR
1350,35.576565,22.59491,-33.8977032,-70.6485678,"G-515-H, Paine, Santiago Metropolitan Region, Chile",CL
1351,16.59137,89.36696,1.4080688,103.9925566,"Unnamed Road, Singapore",SG
1352,46.972275,18.325783,-15.783379,-48.127564,"BR-070, Dystrykt Federalny, Brazylia",BR
1353,39.400738,10.421157,49.3744367,3.0642008,"D16, 60350 Hautefontaine, France",FR
1354,20.831146,1.2022171,45.5888467,-84.5729209,"4155-4285 Riggsville Rd, Cheboygan, MI 49721, Stany Zjednoczone",UA
1355,31.320538,8.652392,49.8059604,17.258637,"44417, Mutkov, République tchèque",CZ
1356,59.71674,19.523811,51.9160171,5.4148775,"Terweistraat 1, 4011 EX Zoelen, The Netherlands",NL
1357,60.164574,13.033295,61.4837465,21.8355167,"Virmapolku 9, 28300 Pori, Finland",FI
1358,42.100582,54.133728,-35.4350772,-71.6299089,"Treinta Oriente, Talca, Région du Maule, Chili",CL
1359,7.3757277,78.70215,13.9797971,107.0757142,"Unnamed Road, Cambodia",KH
1360,51.06116,24.360489,52.3950315,9.8037021,"Neue-Land-Straße 7, 30655 Hanover, Germany",DE
1361,48.158043,20.465988,44.114801,26.5864327,"Strada Pietruită, Chirnogi, Romania",RO
1362,53.752247,4.5426426,55.9325173,21.2462646,"218, 97240, Lithuania",LT
1363,39.808147,57.258842,23.8728318,120.5880263,"No. 1, Lane 460, Section 3, Dōngmǐn Road, Tianzhong Township, Comté de Changhua, Taïwan 520",TW
1364,31.82621,64.77814,23.6658569,120.324949,"Ānwu Road, Yuanchang Township, Yunlin County, Taiwan 655",TW
1365,45.306202,37.35141,51.712452,-8.8877594,"Unnamed Road, Co. Cork, Irlandia",IE
1366,52.23213,-15.507031,64.9481597,25.5477387,"Tulipiipuntie 10, 90420 Oulu, Finland",SZ
1367,12.181667,53.111275,44.8393303,38.3975864,"ulitsa Lenina, Kholmskaya, Krasnodar Krai, Russia",RU
1368,45.102028,19.01381,40.6647147,23.6423804,"EO Thessalonikis Kavalas, Volvi 570 21, Greece",GR
1369,54.552723,27.781174,49.8454245,23.9794098,"Povitriana Street, 18, Lviv, Lviv Oblast, Ukraine",UA
1370,45.971134,11.771119,45.4999161,25.8565696,"DN1A, Romania",RO
1371,-91.17584,190.80115,-34.3420081,116.8830183,"1856 Wingebellup Road, Frankland River WA 6396, Australia",AU
1372,43.245014,35.960358,23.3594402,90.0003385,"Dhaka - Barisal Hwy, Bangladesh",BD
1373,42.72282,9.392824,38.879595,-0.5464195,"CV-6420, 46860 Albaida, Valencia, Spain",ES
1374,67.04774,14.354665,53.0847939,-8.2179523,"Unnamed Road, Co. Galway, Ireland",IE
1375,37.79318,-24.033325,-33.393212,-71.2492151,"Ruta 68, Curacaví, Santiago Metropolitan Region, Chile",CL
1376,53.411915,19.634151,35.6241143,-97.3017692,"12839-12977 Northeast 150th Street, Jones, OK 73049, USA",US
1377,29.637703,93.15637,35.1730614,129.1013717,"840 Mangmi-dong, Suyeong-gu, Busan, South Korea",KR
1378,-54.09873,-82.73624,-40.0183857,-64.7490245,"RN250, Río Negro, Argentina",AR
1379,43.869663,36.46029,64.4648022,11.4969998,"Klingavegen, 7800 Namsos, Norge",NO
1380,48.059902,40.579865,33.6628104,-102.4120478,"2501-2811 Farm to Market Road 2306, Levelland, TX 79336, USA",US
1381,56.760395,24.400307,52.0240029,5.3938452,"Rijksstraatweg 238, 3956 CW Leersum, The Netherlands",NL
1382,44.66541,15.700344,53.4316909,55.9375381,"P314, Republic of Bashkortostan, Russia",RU
1383,13.379395,114.81157,1.3862344,103.644996,"Bridge Eins, Singapur",SG
1384,50.315723,10.412174,52.0240029,5.3938452,"Rijksstraatweg 238, 3956 CW Leersum, The Netherlands",NL
1385,41.815853,3.8428717,10.480182,-73.2746075,"Carrera 27 # 5-2 a 5-100, Valledupar, Cesar, Colombia",CO
1386,55.165142,25.86399,49.1174957,19.0279585,"E50, Malá Fatra-OP, 038 53 Turany, Slovakia",SK
1387,55.761475,10.579078,50.9013552,4.5467928,"Stroeykensstraat 22, 3071 Kortenberg, Belgium",BE
1388,16.47189,63.01287,24.4482544,124.210927,"Japan, 〒907-0451 Okinawa-ken, Ishigaki-shi, Fukai 県道87号線",JP
1389,50.905514,7.6653805,52.4865243,-3.4243546,"2 Walk Mill, Llandinam, Powys SY17 5AA, UK",GB
1390,54.043163,21.039425,52.2198763,6.8036989,"Haimersweg 200, 7547 RR Enschede, The Netherlands",NL
1391,27.925663,45.48761,27.4389148,89.4314246,"Unnamed Road, Paro, Bhutan",BT
1392,42.798046,26.854439,51.2549122,-108.3760253,"Bisley School Rd, Plato, SK S0L 2P0, Canada",CA
1393,47.907154,-4.0382915,49.3509369,14.0881456,"Čížová 43, 397 01 Čížová, Czech Republic",CZ
1394,34.299324,12.953183,38.2599876,23.0047624,"Epar.Od. Thivas-Paralia Sarantis 838, Thiva 320 10, Greece",GR
1395,33.316414,55.711075,22.4604715,114.1789695,"Fung Yuen Rd, Hong Kong",HK
1396,46.028637,30.424526,24.9828098,55.0937398,Sheikh Zayed Rd - Dubai - Förenade Arabemiraten,AE
1397,44.76031,52.92536,42.6626444,26.6868934,"7, 8883 Gorno Aleksandrovo, Bulgarie",BG
1398,27.223385,74.72964,25.2504254,55.3455341,D70 - Dubai - United Arab Emirates,AE
1399,50.158836,26.201752,18.6231653,-99.2267824,"Plan de Iguala, Morelos, Mexico",MX
1400,51.363907,20.632915,46.9789193,7.3673739,"Uettligenstrasse 63-69, 3033 Wohlen, Switzerland",CH
1401,45.017353,23.692043,46.7155561,21.5629659,"E671, Romania",RO
1402,55.429638,17.151472,48.5487713,19.4127923,"Milana Rastislava Štefánika 55, 962 12 Detva, Slovakia",SK
1403,50.617916,35.357773,37.451782,127.0009988,"451-9 Gwacheon-dong, Gwacheon-si, Gyeonggi-do, South Korea",KR
1404,30.100132,-20.187862,-5.5635274,-80.8072373,"1NK, Peru",PE
1405,37.937035,27.413048,39.1280253,-8.9920379,"N1, 2580 Abrigada, Portugal",PT
1406,49.84084,30.462204,4.9872581,-75.5659558,"I-25, Manizales, Caldas, Kolumbia",CO
1407,37.825783,84.90119,37.4907823,127.0224995,"116 Saimdang-ro, Seocho-gu, Seoul, South Korea",KR
1408,47.574097,4.9369993,43.6299957,12.594056,"Strada Provinciale 55, 61041 Acqualagna, Pesaro and Urbino, Italy",IT
1409,35.785778,46.713432,1.410545,103.9904566,"840W Pulau Ubin, Singapore 508381",SG
1410,23.9968,25.244095,-7.2232393,112.7263332,"Jl. Tg Karang, Krembangan, Kota SBY, Jawa Timur 60177, Indonesia",ID
1411,28.80603,68.063644,20.7430819,-105.3139887,"Boulevard Central, Nayarit, Mexico",MX
1412,-29.81055,89.62611,38.3927816,-8.3159698,"Unnamed Road, 7580 ポルトガル",PT
1413,48.892956,19.334599,57.37785,15.6062374,"Storgatan, 570 81 Järnforsen, Sweden",SE
1414,37.789745,10.6290865,-26.6698404,26.3637693,"R503, South Africa",ZA
1415,40.587727,91.84743,31.9598273,34.8614429,"Eitan Street, Nir Cvi, Izrael",US
1416,29.190575,79.73224,50.1967948,-105.39616,"Unnamed Road, Briercrest, SK S0H 0K0, Canada",CA
1417,42.550495,51.50689,47.4920249,8.7449565,"Tösstalstrasse 106, 8400 Winterthour, Suisse",CH
1418,53.55252,5.3242455,46.0353405,14.4888711,"Pod bukvami 22, 1000 Ljubljana, Słowenia",SI
1419,47.951744,26.389267,42.2827463,25.9329267,"554, 6260 Radnevo, Bulgaria",BG
1420,42.033115,17.751514,38.1509913,20.3816044,"Κουνοπετρα, Kefalonia 282 00, Grecja",GR
1421,61.10348,5.1661263,53.4850594,10.1933873,"Wehrdeich 55, 21035 Hamburg, Germany",DE
1422,19.739624,62.563084,-7.574071,110.874932,"Jl. Ngak Ketemu, Mojolaban, Sukoharjo, Jawa Tengah 57554, Indonesia",ID
1423,48.4003,6.9720416,44.7294299,26.644128,"Strada Abatorului, Urziceni 925300, Romania",RO
1424,49.705902,14.19785,38.1315719,-8.2578403,"Unnamed Road, 7900 Figueira dos Cavaleiros, ポルトガル",PT
1425,49.348934,39.75877,55.6733449,12.3923583,"Nordre Ringvej 97, 2600 Glostrup, Dänemark",IS
1426,50.81226,14.876052,6.3395749,100.4203754,"North-South Expy, 06000 Jitra, Kedah, Malaysia",MY
1427,38.40663,6.202469,65.6459407,-16.3548439,"Route 1, Iceland",IS
1428,29.364788,78.98125,35.0846921,129.0256227,"705 Nambumin 2(i)-dong, Seo-gu, Busan, South Korea",KR
1429,56.459835,13.968332,57.9172133,25.874459,"Piiri-Jeti, 68513 Valga County, Estonia",KR
1430,44.615025,14.201657,44.870774,10.1950279,"A1 Milano - Napoli, 43012 Fidenza, Parma, Italy",IT
1431,51.83348,14.392301,49.1612757,14.7372153,"00352, 391 81 Vlkov, Czech Republic",CZ
1432,50.25866,20.838058,43.2112054,26.8023411,"5102, 7740 Nadarevo, Bulgaria",BG
1433,46.271492,14.34055,46.3094535,15.6908409,"Dežno pri Makolah 39, 2321 Makole, Słowenia",SI
1434,34.309273,4.434581,31.7486554,35.1871523,"Derech Yitshak Moda'i, Jerusalem, Israel",IL
1435,53.245983,7.906669,50.9158229,3.3480016,"Sparrestraat 4-6, 8710 Wielsbeke, Belgium",BE
1436,40.055157,5.080863,-33.4432076,-70.7299553,"Los Clarines 6680-6698, Lo Prado, Región Metropolitana, Chili",CL
1437,52.476814,14.766324,52.5491875,13.1590497,"Paul-Gerhardt-Ring 4, 13589 Berlin, Germany",DE
1438,-15.310815,-22.725677,-29.8691391,20.7303865,"R27, South Africa",ZA
1439,36.219376,-1.7753916,-33.6567523,-70.5866304,"Moseñor Manuel Larraín, Pirque, Santiago Metropolitan Region, Chile",CL
1440,4.029512,-45.54828,2.5009864,-60.8830441,"BR-174, Boa Vista - RR, Brazil",NZ
1441,23.301632,64.84022,-5.1959156,-80.6264553,"Ica, Piura, Pérou",PE
1442,33.736687,81.73036,5.2653985,116.9727944,"Unnamed Road, Kinabatangan, Sabah, Malaysia",MY
1443,46.526867,18.525967,52.0240029,5.3938452,"Rijksstraatweg 238, 3956 CW Leersum, The Netherlands",NL
1444,54.51481,16.387146,46.6493217,15.3836919,"Spodnja Kapla 106, 2362 Kapla, Slovenia",SI
1445,19.749123,-25.53896,-27.352555,-53.4013138,"Rua Tamoios, 232-354 - Fatima, Rio Grande do Sul, 98400-000, Brazil",BR
1446,31.223446,29.641079,-26.9159344,31.3383031,"MR9, Nhlangano, Swaziland",SZ
1447,38.446533,57.048294,23.6028195,89.1811769,"Kushtia - Jhenaidah Hwy, Bhatai Bazar, Bangladesh",BD
1448,44.81995,12.247363,32.1727012,34.8996342,"Blum 1-5, Kfar Saba, Israel",IL
1449,53.507915,6.6297064,51.7475638,5.833689,"Steegstraat 24, 5439 NL Linden, The Netherlands",NL
1450,24.676762,104.109276,22.444602,114.1308817,"Lam Kam Rd, Lam Tsuen, Hong Kong",HK
1451,35.633785,-1.2005997,46.429306,30.739974,"Zhabotyns'koho street, 1-5, Odesa, Odessa Oblast, Ukraine",UA
1452,23.993855,62.75933,4.88702,103.0433988,"T117, Kampung Lubuk Periok, 21800 Kuala Berang, Terengganu, Malaysia",MY
1453,18.606432,60.693375,-19.1750515,23.7512606,"Unnamed Road, Botswana",KH
1454,37.18466,123.17637,47.393485,8.5004486,"Bernerstrasse, 8048 Zurich, Switzerland",CH
1455,52.777924,20.0537,53.4002741,-6.3799234,"59 Corduff Park, Dublin, Ireland",IE
1456,53.122242,4.8507605,50.8396051,4.2298319,"Sint-Annastraat 1, 1701 Dilbeek, Belgium",BE
1457,33.804043,9.669088,-34.0023052,18.5693794,"8057 Lansdowne Road, Cape Town 7750, South Africa",ZA
1458,54.881268,9.362816,56.1764796,12.9073955,"112, 262 95 Ängelholm, Sweden",SE
1459,42.359398,-21.571716,-9.8307454,-76.0930236,"18A 2018, Peru",PE
1460,38.879684,24.756859,-34.4747757,116.8895095,"7918 Muirs Highway, Frankland River WA 6396, Australia",AU
1461,34.400055,78.6605,26.7673268,128.2580987,"Unnamed Road, Sate, Kunigami-son, Kunigami-gun, Okinawa-ken 905-1425, Japan",JP
1462,31.57706,60.887962,32.6314324,35.123777,"66, Israel",IL
1463,31.46408,29.299198,47.3675534,20.3909522,"5061 Tiszasüly, 3224, Hungary",HU
1464,45.37491,13.040912,58.9706318,9.1685919,"Fylkesveg 256 540, 3760 Neslandsvatn, Norway",NO
1465,51.548687,19.746956,54.4162079,16.5525099,"Droga Wojewódzka 205, Poland",PL
1466,43.81802,23.493484,38.9810741,-8.6937728,"Unnamed Road, 2120 Foros de Salvaterra, Portugal",PT
1467,49.937626,10.742688,-36.7132096,175.7844224,"822 Black Jack Road, Opito Bay 3592, New Zealand",NZ
1468,45.147717,25.920261,27.3106661,91.0641247,"Bumthang - Ura Hwy, Bhutan",BT
1469,4.543476,23.050247,-24.2260168,26.1718687,"A1, Botswana",BW
1470,46.39104,10.170811,46.765252,16.0170994,"Pertoča 89, 9262 Rogašovci, Slovenia",SI
1471,48.543877,6.0903616,49.4401881,19.3130176,"520010, 029 63 Mútne-Mútňanský Duľov, Slovakia",SK
1472,51.091694,4.462309,52.1760085,5.4622366,"Oosterdorpsstraat 25-27, 3871 AA Hoevelaken, The Netherlands",NL
1473,37.049118,4.8748403,-28.2887808,-61.4558519,"RN95, Santa Fe, Argentína",AR
1474,39.50388,33.47282,19.2009767,-98.8727927,"Calle Río San Juan, Temamatla, State of Mexico, Mexico",MX
1475,-11.850299,18.40726,-28.2740611,27.7068491,"R707, South Africa",ZA
1476,44.441006,15.802031,45.3835196,36.8753792,"M25, Krasnodar Krai, Russia",RU
1477,35.81822,36.563416,45.9870545,7.7707542,"Bahnhof Gornergrat 1, 3920 Zermatt, Switzerland",CH
1478,52.24539,-29.856903,42.985499,144.8809048,"334 Tokotan, Akkeshi-chō, Akkeshi-gun, Hokkaidō 088-1107, Japón",JP
1479,29.752716,54.57646,10.480182,-73.2746075,"Carrera 27 # 5-2 a 5-100, Valledupar, Cesar, Colombia",CO
1480,40.10735,27.56921,1.2463674,103.8245988,"110 Tanjong Beach Walk, Singapore 098943",SG
1481,51.498962,17.391666,55.9477812,25.5786204,"Vilties gatvė 26, Rokiškis 42154, Lithuania",LT
1482,48.174686,24.664387,46.274883,13.9571474,"Ajdovska cesta 8, 4264 Bohinjska Bistrica, Słowenia",SI
1483,49.546825,18.882725,60.9163273,25.624616,"E75, 15700 Hollola, Finland",FI
1484,39.654846,20.436565,49.6109867,35.5417344,"E105, Kharkiv Oblast, Ukraine",UA
1485,18.758633,-17.553875,-12.2669733,-76.8786056,"Antigua Panamericana Sur, Lima, Peru",PE
1486,-9.253274,24.908451,-27.4903855,-57.275937,"Ruta Nacional 12, Corrientes, Argentina",AR
1487,46.115993,17.998402,40.5916005,-6.657502,"Autovía de Castilla, 37497 Carpio de Azaba, Salamanca, Spain",ES
1488,17.301603,6.6427507,39.1180747,-4.9472931,"BA-066, 06660 Fuenlabrada de los Montes, Badajoz, Spain",ES
1489,46.40975,75.57865,35.2212298,128.9444359,"1047-17 Daejeo 1(il)-dong, Gangseo-gu, Busan, Coreea de Sud",KR
1490,46.114178,3.3448958,43.5392553,16.8582094,"D60, 21244, Cista Velika, Croatia",HR
1491,52.057564,16.79994,43.6847226,26.4070887,"2003, 7038 Senovo, Bulgaria",BG
1492,34.11486,41.185738,49.8074193,24.1328573,"Lomonosova street, 31, Vynnyky, Lviv Oblast, Ukraine",UA
1493,37.88133,8.206247,51.6665954,4.5897128,"Distriboulevard 5, 4761 RZ Zevenbergen, The Netherlands",NL
1494,44.47555,28.286674,46.3886955,17.8428255,"7400 Kaposvár, Tamási Áron Street 13-15, Węgry",HU
1495,43.87427,17.13776,39.1895504,-0.3298558,"CV-511, 1, 46418 Fortaleny, Valencia, Espanja",ES
1496,44.852394,11.564241,46.0117191,2.0080225,"D17, 23480 Saint-Sulpice-les-Champs, France",FR
1497,48.505993,26.586216,32.0747676,34.8925434,"Assaf Simhoni 14, Petah Tikva, Israel",IL
1498,44.260113,15.530789,46.478751,0.0632616,"E5, 86600 Curzay-sur-Vonne, France",FR
1499,34.904217,54.159237,42.5533327,1.5074136,"CG-4, 15, AD400 La Massana, Andorra",AD
1500,35.82913,60.982414,38.432496,-122.8456802,"7860 Scotts Terrace, Sebastopol, CA 95472, EUA",US
1501,35.258053,53.329514,42.8037726,3.0310114,"Quai du Grau Saint-Ange, 66420 Le Barcarès, France",FR
1502,47.20857,1.0354137,-41.4721395,-72.9870352,"Pasaje Dos 205-2041, Puerto Montt, Région des Lacs, Chili",CL
1503,-3.20218,20.01212,-33.3510147,-66.3639927,"Autopista de las Serranías Puntanas, San Luis, Argentina",AR
1504,38.549442,-60.777905,-8.2849323,-35.9445796,"Avenida Oslo, 133-153 - Deputado José Antonio Liberato, Pernambuco, 55027-010, Brazil",BR
1505,42.718624,16.050999,34.5631087,134.3500543,"Japan, 〒761-4401 Kagawa-ken, Shōzu-gun, Shōdoshima-chō, Yoshida 県道26号線",JP
1506,46.227222,37.397053,23.4940625,120.79398,"605, Kínai Köztársaság, Chiayi County, Alishan Township, 阿里山公路",TW
1507,56.421143,10.641917,42.3341811,-81.9057065,"18730-18934 Mull Road, Chatham-Kent, Ontario N0P 1A0, Kanada",CA
1508,30.102959,72.82119,45.6354558,9.3635121,"Tangenziale Est, Vimercate, Monza and Brianza, Italy",IT
1509,60.620625,22.302036,46.5453377,6.5708286,"Chemin du Saugy 1, Arc-en-Ciel, 1023 Crissier, Switzerland",CH
1510,46.802177,20.063358,50.2768436,4.3204142,"Rue de la Sucrerie 123, 6536 Arrondissement of Thuin, Belgium",BE
1511,44.305058,35.532013,-19.7419071,-44.8831473,"Avenida Venero Caetano, 1, Minas Gerais, 35668-000, Brazil",BR
1512,46.18897,11.457832,49.9860453,36.2114611,"Marshala Malynovs'koho square, 10, Kharkiv, Kharkiv Oblast, Ukraine",UA
1513,35.134167,23.832634,27.4966786,89.3188715,"Unnamed Road, Bhutan",BT
1514,28.042747,15.465079,-26.2138615,31.9149464,"MR3, Simunye, Swaziland",SZ
1515,-34.8324,-69.630035,41.6154266,-5.6482623,"CL-612, 16, 49123 Benegiles, Zamora, España",ES
1516,46.08952,16.897528,56.8719929,22.2410858,"Kārļa iela, Vārme, Vārme parish, LV-3333, Latvia",LV
1517,35.063686,4.4423895,42.5537158,1.4467562,"CG-4, AD400 La Massana, Andorra",AD
1518,47.340855,32.82878,51.2352361,5.5372713,"Merelstraat 29, 3930 Hamont-Achel, Belgique",BE
1519,60.076168,7.399253,57.6483832,25.0363497,"Skolas iela 26, Matīši, Matīši parish, LV-4210, Latvia",LV
1520,41.66522,16.304108,42.239313,25.945045,"554, 6262 Beli bryag, Bulgarije",BG
1521,52.110588,19.948845,58.4360329,26.4625821,"E263, 60603 Tartu County, Estonia",EE
1522,15.912422,47.947636,-26.3351385,152.8675395,"26 Bazzo Road, Pinbarren QLD 4568, Australia",AU
1523,26.83751,72.06431,24.4053016,91.5982175,"Dhaka - Sylhet Hwy, Bangladesh",BD
1524,43.551334,30.606842,51.7299771,19.4285468,"Libijska 11-15, 93-480 Lodz, Poland",PL
1525,49.854465,22.997772,50.5501715,15.7739961,"Čermná 174, 543 77 Čermná, Czech Republic",CZ
1526,49.16289,17.571201,46.8637712,7.2686295,"Schneidersmatt, 3184 Flamatt, Switzerland",CH
1527,46.685143,24.86689,53.4324733,-6.4543576,"3 Tetrarch Grove, Clonee, Co. Meath, Ireland",IE
1528,0.700243,12.799825,-33.5807992,-62.6046917,"RN8, Córdoba, Argentina",AR
1529,46.496456,21.817772,50.645069,5.1353972,"Chaussée de Tirlemont, 4280 Hannut, Belgium",BE
1530,42.44328,21.424778,51.9627831,5.4439263,"Homoetsestraat 44, 4024 HJ Eck en Wiel, The Netherlands",NL
1531,41.77818,13.665664,-25.6502923,26.7061987,"36 Andries Pretorius Street, Swartruggens 2835, South Africa",ZA
1532,45.086216,26.654518,59.0266179,6.0265799,"Fjelltunvegen 65, 4100 Jørpeland, Norway",NO
1533,26.010223,34.338192,42.8278674,12.5088667,"Località Viepri, 8-11, 06056 Viepri, Perugia, Italy",IT
1534,52.15053,13.950559,56.841608,24.5015716,"P10, Jaunikšķile, Ikšķiles lauku teritorija, LV-5052, Latvia",LV
1535,26.621239,63.75042,1.3368308,103.78106,"968 Dunearn Rd, Singapore",SG
1536,32.382908,77.320885,1.2799181,103.8556055,"18 Marina Blvd, Singapore",SG
1537,13.992278,109.02731,22.3935509,89.0735264,"Satkhira - Kalaroa Rd, Bangladéš",BD
1538,65.965866,14.205828,65.4396354,-20.585839,"Þjóðvegur, Islandia",IS
1539,18.403397,88.57945,23.8861277,89.1058197,"Kushtia - Jhenaidah Hwy, Kushita, Bangladesh",BD
1540,15.56355,64.98792,32.5322101,34.9257006,"Bahat 242-243, Beit Hanania, Israel",IL
1541,55.16259,13.074679,40.7903216,8.5404081,"SP25, km8,5, 07037 Sorso, Porto Torres Sassari, Italy",IT
1542,41.64634,8.708712,42.5394054,1.4779919,"CG-4, AD400 La Massana, Andorra",AD
1543,56.183113,14.448239,49.8403355,5.0892886,"Route de Sedan, 6832 Bouillon, Belgium",BE
1544,59.02617,14.3792095,46.2613991,15.4926139,"Bobovo pri Ponikvi 10, 3232 Ponikva, Slovenia",SI
1545,55.100628,1.7777178,55.5361796,-4.6133261,"A78, Monkton, South Ayrshire, UK",GB
1546,26.366177,69.437126,25.2712332,55.2911454,Al Khaleej Rd - Dubai - United Arab Emirates,AE
1547,46.338764,26.37936,40.4340361,141.5826243,"Hayashimae-14 Toyabe, Hashikami-chō, Sannohe-gun, Aomori-ken 039-1203, Japan",JP
1548,45.37823,14.859668,44.0653016,23.4344652,"DJ522A, Cioroiu Nou, Romania",RO
1549,46.904343,38.358986,55.482914,37.5302599,"Ryazanovskoye shosse, Obwód moskiewski, Rosja",RU
1550,39.13414,-2.3130202,37.3868762,-8.2664702,"Unnamed Road, 7700, Portugal",PT
1551,42.759007,10.228511,43.4588624,10.9153004,"SP62, Volterra, Pisa, Italy",IT
1552,54.11749,6.174154,48.8439207,16.6907534,"421, Milovice, Czech Republic",CZ
1553,41.583958,28.670025,59.4154224,5.4143401,"Frakkagjerddalen 17-18, 5563 Førresfjorden, Norway",NO
1554,47.782825,44.520905,22.4333652,89.043889,"Satkhira - Kalaroa Rd, Bangladesh",BD
1555,39.760918,44.815994,-6.8882867,109.6244708,"Jl. Pattimura, Wiradesa, Pekalongan, Jawa Tengah 51152, Indonesia",ID
1556,50.491352,-14.105578,46.3626305,-91.8313157,"11021 U.S. 53, Solon Springs, WI 54873, USA",US
1557,48.743313,12.101844,-26.5084509,30.0016206,"80 Pet Street, Ermelo 2351, South Africa",ZA
1558,53.481236,16.204615,60.8215772,15.0036889,"Byängsgattu 33, 793 70 Tällberg, Sweden",SE
1559,20.94056,27.390068,20.6523352,-103.0426902,"Mexico 80, Jalisco, Mexique",MX
1560,37.17311,36.030426,18.7267986,100.8223795,"Unnamed Road, Tambon Nam Kian, Amphoe Phu Phiang, Chang Wat Nan 55000, Thailand",TH
1561,30.402557,2.9362574,40.5090201,16.5654971,"Via A. Moneta, 1, 75016 Pomarico Matera, Italien",IT
1562,63.800907,-10.185042,64.825712,-22.4019186,"Kolviðarnesvegur, 311, Islande",IS
1563,46.218826,27.25262,55.8294512,9.8360071,"Krokusvej 67, 8700 Horsens, Denmark",DK
1564,46.246426,16.3092,43.0317579,27.4383165,"2083, 9261 Tsonevo, Bulgaria",BG
1565,45.418396,13.747239,45.8500852,12.6598204,"SP43, 33087 Villaraccolta-buset Pordenone, Italy",IT
1566,51.74116,12.621272,42.5170877,1.5296674,"Ctra. dels Vilars, 38-54, AD700 Escaldes-Engordany, Andorra",AD
1567,44.73369,18.931694,50.4263484,30.4339232,"Odeska Street, 8-10, Kyyiv, Kyiv city, Ukraine",UA
1568,14.007515,54.73847,38.6233636,-3.6023183,"Ronda de Sol, 13, 13739 Villalba de Calatrava, Ciudad Real, Spain",ES
1569,21.213112,52.975655,25.131049,55.5296639,Ras Al Khor Rd - Dubai - United Arab Emirates,AE
1570,17.15522,71.87199,23.0490301,89.178601,"Monirampur - Jhikorgacha Rd, Bangladesh",BD
1571,18.864689,64.72464,25.2326637,55.4040794,Airport Rd - Dubai - United Arab Emirates,AE
1572,59.117348,16.946785,56.4037607,22.3547494,"Parka iela 4, Ezere, Ezere parish, LV-3891, Latvia",LV
1573,48.988827,6.3128242,56.0254055,10.2142222,"Starupvej 135, 8340 Malling, Danemark",DK
1574,53.795933,12.998296,46.4041103,-81.1892535,"Saint Louis Street, Greater Sudbury, ON P3Y 1G2, Canada",CA
1575,51.514225,7.255812,5.5648442,-73.4190469,"Cucaita - Tunja, Sora, Boyacá, Kolumbia",CO
1576,24.285767,71.08553,-6.871987,109.1138402,"Jalur Pantura No.26, Tegal Bar., Kota Tegal, Jawa Tengah 52147, Indonesien",ID
1577,19.59452,9.103008,-26.3833027,31.8625434,"MR3, Swaziland",SZ
1578,35.08911,11.82672,-18.1098509,25.3226349,"A33, Botswana",BW
1579,55.529995,19.876244,54.7259093,38.3841688,"Р114, Moskovská, Rusko",RU
1580,39.921818,36.895264,50.4263484,30.4339232,"Odeska Street, 8-10, Kyyiv, Kyiv city, Ukraine",UA
1581,54.122894,35.241585,-26.287397,-48.8488511,"Rua Doutor João Colin, 1536-1602 - Santo Antonio, Joinville - Santa Catarina, 89218-035, Brazil",BR
1582,42.88293,31.779827,54.6873962,25.2780825,"Gediminas Avenue 15-17, Vilnius 01103, Lithuania",LT
1583,46.716747,20.802658,55.8294512,9.8360071,"Krokusvej 67, 8700 Horsens, Denmark",DK
1584,40.656643,43.330242,32.9550701,35.2114311,"8533, Yarka, Israel",AU
1585,44.179295,21.959534,49.6109867,35.5417344,"E105, Kharkiv Oblast, Ukraine",UA
1586,36.10674,24.472023,-26.3728241,30.9299223,"MR19, Swaziland",SZ
1587,56.111176,3.148174,-36.643501,174.6625652,"Auckland-Waiwera Motorway, Dairy Flat 0794, New Zealand",NZ
1588,20.198978,82.32877,-6.3434947,106.9862423,"Jl. Cikiwul No.13, Bantargebang, Kota Bks, Jawa Barat 17152, Indonesia",ID
1589,45.102974,59.45723,3.0910031,101.8942377,"Jalan Sungai Lalang, 43500 Semenyih, Selangor, Malaysia",MY
1590,55.74841,19.233948,60.7757419,11.1633076,"Fylkesveg 117 51, 2312 Ottestad, Norway",NO
1591,58.202118,24.728054,58.4738825,8.8455225,"Fylkesveg 197 410, 4812 Kongshavn, Norvège",NO
1592,29.729458,-11.364598,42.5887968,1.6665666,"Ctra. de la Vall d'Incles, AD100 Canillo, Andorra",AD
1593,61.681057,30.244938,47.0660899,7.6068854,"Kirchbergstrasse 187, Burgdorf Zustellung, 3400 Burgdorf, Switzerland",CH
1594,64.01458,19.51474,-46.2888654,168.2507337,"292 Argyle-Otahuti Road, Waianiwa 9874, New Zealand",SI
1595,44.133358,10.126894,50.6937208,4.0341937,"Rue de Nazareth 23, 7850 Enghien, Belgium",BE
1596,19.062878,56.742172,-26.2103654,31.0303871,"MR3, Ngwenya, Swaziland",SZ
1597,43.70847,13.347854,29.1100354,-110.9793581,"Manuel I. Loaiza 344, Olivares, 83180 Hermosillo, Sonora, Mexico",MX
1598,32.904976,24.722496,43.3468093,23.1062576,"815, 3527 Bistrilitsa, Bulgaria",BG
1599,33.69021,65.542984,45.2908913,16.0711935,"D6, 44403, Dolnjaki, Croatia",HR
1600,54.64108,22.013153,56.3164277,22.8861731,"V. Kudirkos gatvė 18A, Naujoji Akmenė 85171, Lithuania",LT
1601,34.761543,68.20612,35.1741142,129.0358504,"601-29 Buam 3(sam)-dong, Busanjin-gu, Busan, South Korea",KR
1602,47.640545,13.47857,49.9589572,5.6069166,"Jodenville 20, 6640 Vaux-sur-Sûre, Belgium",BE
1603,51.718525,15.813118,52.327489,17.9741224,"Droga Wojewódzka 263, Poland",PL
1604,42.60628,26.296886,34.8336853,132.0485111,"395 Tabasechō, Hamada-shi, Shimane-ken 697-1332, Japan",JP
1605,56.37391,27.856121,45.496882,11.1223834,"SP37b, 37030 Mezzane di sotto VR, Italia",IT
1606,-43.289593,23.756268,-33.4210192,138.6282629,"Belalie East Road, Spalding SA 5454, Australia",AU
1607,7.5679665,55.363373,-33.0682278,-71.3689595,"Nva Toltén, Villa Alemana, 발파라이소 칠레",CL
1608,1.1289697,117.027336,2.3712746,102.8866153,"Jln Muar-Labis, 85300 Labis, Johor, Malaysia",MY
1609,62.205845,20.091347,54.0902497,-124.1111506,"Stuart Lake Hwy, Vanderhoof, BC V0J 3A2, Canada",CA
1610,43.163128,36.13253,25.1735808,55.2157739,1 7 B St - Dubai - United Arab Emirates,AE
1611,31.77404,57.710747,32.1295997,34.8555277,"HaNevi'im 8-38, Ramat HaSharon, Israel",IL
1612,44.77788,8.484325,51.1239194,3.3225733,"Berkenstraat 14-24, 8730 Beernem, Βέλγιο",BE
1613,42.12347,30.48579,25.0532923,121.1912727,"337, Taiwan, Taoyuan County, Dayuan Township, 桃43鄉道",TW
1614,13.982623,8.292652,-27.1053278,31.0741307,"MR9, Swaziland",SZ
1615,55.54513,32.316795,55.8682322,26.0780169,"3622, 32270, Lithuania",LT
1616,54.143707,8.187138,53.3940802,-0.6831933,"26 Hill Road, Gainsborough, Lincolnshire DN21 5PY, UK",GB
1617,69.78556,24.750786,55.0623853,74.9338126,"P-254, Omskaya oblast', Russia",HR
1618,52.43822,16.416702,51.9037293,5.9082758,"Dikelsestraat 2, 6681 LD Bemmel, The Netherlands",NL
1619,45.21746,7.4111023,38.4844043,-4.102389,"CR-5001, 4, 13593 Solana del Pino, Ciudad Real, Spain",ES
1620,58.355877,17.531149,56.8837267,21.2012013,"Dzintaru iela 97-99, Pāvilosta, Pāvilostas pilsēta, LV-3466, Latvia",PE
1621,50.516785,23.942226,58.4360329,26.4625821,"E263, 60603 Tartu County, Estonia",EE
1622,48.20438,25.20765,51.7680525,5.4969463,"Ussenstraat 100, 5345 HW Oss, The Netherlands",NL
1623,41.958492,-13.098241,1.4882711,103.7719972,"14, Jalan Kerambit 1, Taman Sri Tebrau, 80050 Johor Bahru, Johor, Malaysia",MY
1624,23.779366,31.347584,49.9360345,36.1990573,"Svystunivs'ka street, Kharkiv, Kharkiv Oblast, Ukraine",UA
1625,48.179295,14.477792,58.0890227,27.4640547,"Räpina-Kahkva, Sillapää, 64420 Põlva County, Estonia",EE
1626,54.562164,8.732069,60.7837355,25.9787291,"172 348-398, 16270 Orimattila, Finland",FI
1627,41.419544,37.13098,11.0120143,103.6674068,"Unnamed Road, ឃុំ ជ្រោយស្វាយ, Kambodža",KH
1628,46.138783,9.170851,-26.3794905,31.0628963,"MR19, Swaziland",SZ
1629,66.15196,30.002499,55.4332431,10.6114364,"Ladbyvej 163, 5300 Kerteminde, Denemarken",DK
1630,53.955276,20.094685,58.7727267,25.4855427,"Oisu-Kärevere-Taikse, 72309 Järva County, Estonia",EE
1631,52.73409,-16.275959,52.1879139,5.4112893,"Rijksweg, Amersfoort, The Netherlands",NL
1632,52.48933,20.786854,54.8819104,23.7633043,"1932, 53330, Lithuania",LT
1633,52.71205,20.061558,-44.9924682,171.0434234,"254 Hilderthorpe Road, Hilderthorpe 9493, New Zealand",NZ
1634,49.28993,27.355927,53.4002741,-6.3799234,"59 Corduff Park, Dublin, Ireland",IE
1635,42.794357,21.53978,46.1765579,21.5991128,"DJ708B, Cuvin, Romania",RO
1636,36.43836,66.95305,-6.6012832,106.7564248,"Jl. Ciomas Permai No.81, Ciomas, Bogor, Jawa Barat 16610, Indonesia",ID
1637,66.27585,16.671608,66.2309053,25.7793138,"19654 1137-1201, 97690 Rovaniemi, Finland",FI
1638,34.328354,25.6399,-10.6883215,-76.2524378,"Bolivar, Cerro de Pasco, Peru",PE
1639,34.284077,43.40925,52.1553756,-0.4661687,"18 Kestrel Road, Bedford, Bedford Borough MK41, Royaume-Uni",GB
1640,42.500305,46.94448,27.1518625,90.0726521,"Wangdue - Tsirang Hwy, Bhutan",BT
1641,43.299747,18.411152,35.328599,129.2797806,"257-41 Wolnae-ri, Jangan-eup, Gijang-gun, Busan, South Korea",KR
1642,32.715862,17.98695,49.2995753,-109.7052319,"Saskatchewan 615, Consul, SK S0N 0P0, Canada",CA
1643,31.008068,47.295666,-37.5761941,174.8853757,"279 Dixon Road, Te Akau 3794, New Zealand",NZ
1644,46.603153,28.01376,-35.8367049,-71.5677286,"A Panimavida, Linares, Maule Region, شیلی",CL
1645,43.575302,7.5028315,47.9457228,20.0226087,"3243 Bodony, Ballai Street 5, Hungary",HU
1646,-2.161849,122.130005,22.435848,114.401893,"Sharp Peak Path, Sai Kung, Hong Kong",HK
1647,45.355633,5.5556445,44.6777951,15.6439339,"D25, 53230, Bunić, Croatia",HR
1648,33.68259,71.34232,32.1005214,34.854468,"Derekh Em Hamoshavot, Petah Tikva, Israel",IL
1649,52.67461,9.761742,45.1721843,-122.4309044,"21131-21215 Woodburn-Estacada Highway, Colton, OR 97017, USA",US
1650,46.104107,49.866,52.1534857,-9.2473858,"Unnamed Road, Co. Kerry, Ireland",IE
1651,34.161324,51.608173,46.1590917,23.8841057,"DC34, Tiur, Roemenië",RO
1652,48.68423,17.2016,56.9416782,24.0373663,"Šampētera iela 9-11, Zemgales priekšpilsēta, Rīga, LV-1046, Latvia",LV
1653,30.564518,73.445,42.209682,139.5491715,"Japan, 〒043-1404 Hokkaidō, Okushiri-gun, Okushiri-chō, Miyatsu 道道39号線",JP
1654,55.825024,7.3424406,63.616236,11.1557254,"Fylkesveg 108 50, 7630 Åsen, Norway",NO
1655,57.40503,6.749983,55.8288207,25.5295475,"120, Lithuania",LT
1656,30.926487,-37.13721,-28.8051324,-66.954761,"Unnamed Road, La Rioja, Argentina",AR
1657,54.43696,18.276989,37.054388,-78.650982,"829-859 David Bruce Highway, Charlotte Court House, VA 23923, USA",US
1658,46.959988,15.079447,47.1230112,-119.1293288,"2488 Road Q Northeast, Moses Lake, WA 98837, USA",US
1659,50.656647,20.011833,56.1697855,10.19969,"Niels Jensens Vej 8, Aarhus University, 8000 Aarhus, Denmark",DK
1660,60.037827,-4.5204015,64.6161802,-22.1155021,"Iceland, 540",IS
1661,26.841988,20.051281,-33.6863782,-59.6420781,"Avenida España, San Pedro, Buenos Aires, Argentina",AR
1662,6.126191,2.0563073,-31.7178127,27.9591392,"R61, Engcobo 5050, South Africa",ZA
1663,36.403355,-13.819083,-27.3647279,-70.3375097,"Yumbel 320-390, Copiapó, Región de Atacama, Chile",CL
1664,32.21918,40.463463,22.7008887,120.5134712,"Jīnchéng Street, Pingtung City, Pingtung County, Taiwan 900",TW
1665,29.358505,80.232666,22.2944919,113.9521533,"Man Tung Rd, Tung Chung, Hong Kong",HK
1666,32.939873,41.18274,-37.5761941,174.8853757,"279 Dixon Road, Te Akau 3794, New Zealand",NZ
1667,41.473232,12.1417055,51.9689732,6.212787,"Keppelseweg 41, 7031 EB Wehl, The Netherlands",NL
1668,-25.037968,35.12414,-23.7166667,-66.0308333,"Ruta Nacional 52, Jujuy, Argentina",AR
1669,39.082096,8.704319,38.3471207,22.9060108,"Epar.Od. Agiou Georgiou-Agias Annas 276, Ag. Triada 321 00, Greece",NO
1670,42.033226,17.933132,38.3861509,23.9384805,"EO Chalkidas Aliveriou, Kimi Aliveri 340 06, Greece",GR
1671,50.849163,17.618631,35.1611247,129.1451666,"994-1 U 1(il)-dong, Haeundae-gu, Busan, South Korea",KR
1672,40.657787,32.79561,22.432045,114.252579,"Nin Wah Rd, Ma On Shan, Hong Kong",HK
1673,36.914776,26.895264,43.2852184,27.0198126,"2, Sjoemen, Bulgarije",BG
1674,34.50623,53.062897,40.8701037,-8.6776685,"Av. da República 3, 3880-379 Ovar, ポルトガル",PT
1675,33.32153,25.52219,20.7019168,-103.7032832,"Calle Arroyo Bermejo, Los Ruiseñores, JAL, Mexico",MX
1676,54.45182,28.217472,60.3927966,12.3555774,"Riksveg 201 220, 2256 Grue Finnskog, Norway",NO
1677,45.248955,12.804297,33.3701796,-111.7663613,"1133 East San Angelo Avenue, Gilbert, Arizona 85234, États-Unis",US
1678,59.19839,12.5222645,59.9487471,10.8642616,"Nedre Kalbakkvei 7, 0950 Oslo, Norway",NO
1679,20.330872,100.413795,22.3499715,114.1708058,"Maclehose Trail Sec. 5, Lion Rock, Hong Kong",HK
1680,5.912568,-32.17093,-18.2626112,-69.5592403,"Ruta 11, Putre, Arica and Parinacota Region, Chile",CL
1681,48.436146,20.23153,49.5049334,8.4589055,"Industriestraße 3-5, 68169 Mannheim, Germany",DE
1682,40.54745,30.351913,-33.5570439,-70.5785831,"San Pablo 10791-10863, La Florida, Santiago Metropolitan Region, Chile",CL
1683,50.122612,15.418485,50.2654361,19.7435281,"Gościniec, 32-045, Poland",PL
1684,53.71033,34.767845,-34.4747757,116.8895095,"7918 Muirs Highway, Frankland River WA 6396, Australia",AU
1685,58.038864,35.06833,61.0458901,5.2989248,"Fylkesveg 1 30, 5961 Brekke, Norway",NO
1686,9.921294,196.44083,22.3434543,114.0542863,"Kap Shui Mun Bridge, Hong Kong",HK
1687,43.453312,37.294117,60.0304759,30.2852531,"ulitsa Repishcheva, 20, Saint Petersburg, Russia, 190000",RU
1688,51.160564,13.483531,65.0016213,-22.8258758,"Helgafellssveitarvegur, Island",IS
1689,39.716793,11.219665,37.4880284,-8.6390414,"Unnamed Road, 7630-174, Portugal",PT
1690,55.896053,26.973984,1.3212089,103.8802911,"206 Aljunied Rd, Singapore 389827",SG
1691,39.569393,49.514286,35.6505074,139.6700099,"3 Chome-28-4 Taishido, Setagaya, Tokyo, Japan",JP
1692,45.186146,53.27599,22.2824098,114.2217437,香港西灣河筲箕灣道57-87號,HK
1693,54.211674,7.71999,42.7155278,2.9274979,"196 Chemin du Mas Taillant, 66000 Perpignan, France",FR
1694,34.225952,48.10153,14.3573137,101.7244691,"Unnamed Road, Tambon Wang Mi, Amphoe Wang Nam Khiao, Chang Wat Nakhon Ratchasima 30370, Thailand",TH
1695,26.53421,83.430244,24.94973,55.3624424,E 77 - Dubai - United Arab Emirates,AE
1696,47.118023,10.381661,55.4289106,11.7881968,"Ahorn Alle 1, 4100 Ringsted, Denmark",DK
1697,52.51237,13.907616,46.1114264,14.5772562,"Dragomelj, 1230 Domžale, Slovenia",SI
1698,47.667904,42.49462,27.0811782,89.8735781,"Daga Rd, Daga, Bhutan",BT
1699,48.414055,26.053146,27.4982594,90.5336919,"Trongsa - Yotongla Hwy, Bhutan",BT
1700,49.73234,20.715042,37.5515977,126.8172569,"427-5 Oebalsan-dong, Gangseo-gu, Seoul, South Korea",KR
1701,9.348773,101.75367,6.436314,116.4804765,"Jln Kota Belud - Kudat, 89150 Kota Belud, Sabah, Malaysia",MY
1702,41.50604,8.875059,42.4821737,11.7202854,"Strada Provinciale 109, 01011 Canino, ויטרבו, איטליה",IT
1703,10.708645,117.93641,40.4784062,25.644481,"Epar.Od. Kamariotissas - Pigon Samothrakis, Samothraki 680 02, Grekland",GR
1704,45.910473,28.93787,23.4757499,89.9079302,"Mawa - Bhanga Hwy, Bangladesh",BD
1705,55.623127,22.934208,53.2981475,34.0656249,"Zarechnyy Pereulok, Glinishchevo, Bryansk Oblast, Russia",RU
1706,50.691654,6.5806894,49.5293837,0.6449253,"Route de la Cavée, 76490 Anquetierville, France",FR
1707,50.059208,12.467343,47.2376964,5.7932454,"D415, 25170 Lantenne-Vertière, France",FR
1708,64.873474,-16.570507,65.304925,-20.9070209,"Miðfjarðarvegur, Iceland",LT
1709,14.360508,126.43185,23.9052118,120.7461403,"541, Taiwan, Nantou County, Zhongliao Township, 鄉林巷",TW
1710,45.66604,29.960457,-12.0465333,-77.0431471,"Miguel Baquero, Lima 15082, Peru",PE
1711,54.86816,15.970898,48.8133892,14.3537405,"157, 382 32 Mirkovice, Czech Republic",CZ
1712,50.11625,10.165627,53.8336546,-7.7992397,"Unnamed Road, Co. Leitrim, Ireland",IE
1713,-28.11016,-20.37233,-24.5902154,26.0655905,"Tlokweng, Gaborone, Botswana",BW
1714,44.063297,10.288151,38.4844043,-4.102389,"CR-5001, 4, 13593 Solana del Pino, Ciudad Real, Spain",ES
1715,51.575764,23.337532,1.3768117,103.8100417,"Old Upper Thomson Rd, Singapore",SG
1716,55.145416,13.742548,55.7765947,12.4522845,"Nybrovej 401C, 2800 Lyngby, Danemark",DK
1717,56.33579,19.02288,49.4805472,15.7874967,"34822, 588 13 Polná, Czech Republic",BT
1718,37.271748,23.266506,-33.3980675,-70.5641248,"Presidente Riesco 6603, Las Condes, Santiago Metropolitan Region, Chile",CL
1719,38.884705,34.891144,43.9384919,26.2245382,"2102, 7063 Borisovo, Bulgaria",BG
1720,34.186462,33.66087,22.3109085,113.9393625,"E Coast Rd, Chek Lap Kok, Hong Kong",HK
1721,35.031498,52.415043,13.6680888,107.3567746,"78, Cambodia",KH
1722,46.161068,40.034542,27.3120493,89.6027391,"Unnamed Road, Bhutan",BT
1723,42.554363,9.062125,-35.3062151,173.649868,"2637 State Highway 1, Horeke 0475, New Zealand",NZ
1724,56.156178,-11.290902,65.8819193,-17.4333187,"Aðaldalsvegur, Islanda",RU
1725,62.700214,20.174896,46.362023,25.7921714,"Brassói Way, Miercurea Ciuc, Romania",RO
1726,54.264584,14.878658,59.3741886,24.3116328,"Keila-Keila-Joa, 76715 Harju County, Estonia",EE
1727,45.424015,2.792153,32.2657004,34.8634485,"5611, Beit Yehoshua, Israel",IL
1728,48.004864,25.771496,50.4320613,30.6767719,"Zroshuvalna Street, 5-7, Kyyiv, Kyiv city, Ukraine",UA
1729,40.799187,40.773155,-37.5047489,175.1495994,"475B Te Ohaki Road, Te Ohaki 3771, New Zealand",NZ
1730,25.58432,-33.622566,59.0204323,6.6483989,"Fylkesveg 500 10, 4127 Lysebotn, Norwegen",NO
1731,27.909603,42.319763,25.3444186,55.4394532,Unnamed Road - Sharjah - United Arab Emirates,AE
1732,62.379246,13.972681,65.3201798,12.913305,"Riksveg 76 40, 8960 Hommelstø, Norwegia",NO
1733,37.32542,3.958538,-15.4512817,-47.5960274,"Rua A - Setor Leste, Planaltina - Goiás, Brazil",BR
1734,36.76051,77.18602,48.3715247,17.9747146,"513012, 951 42 Zbehy-Andač, Slovakia",SK
1735,62.56619,8.675076,46.0040207,15.1733661,"738, 8297 Šentjanž, Slovénie",BW
1736,19.409084,98.66801,22.334099,114.267596,"Unnamed Road, Clear Water Bay, Hong Kong",HK
1737,36.219486,40.59807,42.5364021,1.5872049,"Carrer del Riu Aixec, AD200 Encamp, Andorra",AD
1738,47.00291,26.932648,51.7652063,-104.1085607,"SK-16, Wynyard, SK S0A 4T0, Канада",CA
1739,43.245647,17.038988,50.5191532,30.4357458,"Kanivska Street, 3, Kyyiv, Kyiv city, Ukraine",UA
1740,28.637554,64.869896,35.1702067,128.9771662,"1232-1 Nakdong-daero, Sasang-gu, Busan, South Korea",KR
1741,66.11312,1.3118626,48.5042953,-53.9935967,"1542 NL-1, Glovertown South, NL A0G 2M0, Canada",CA
1742,47.05369,14.535808,49.8305078,15.3933856,"Vlkaneč 51, 286 01 Vlkaneč, Czech Republic",CZ
1743,24.89957,61.419277,23.0716123,89.2341836,"Jessore - Rajarhat - Monirampur - Keshabpur - Chuknagar Rd, Bangladesh",BD
1744,51.970425,37.949657,62.451718,10.9773794,"Fylkesveg 735, 2542, Norwegia",NO
1745,50.00758,17.61785,-33.3064488,26.5127788,"Cradock Road, Grahamstown 6139, South Africa",ZA
1746,47.213158,24.318897,49.9698213,36.1781779,"Volozhanivs'ka street, 68, Járkov, Óblast de Járkov, Ucrania",UA
1747,43.642796,2.0277846,42.5892842,1.6668848,"Carretera de la Vall d'Incles, AD100 Canillo, Andorre",AD
1748,50.52884,17.271095,46.7709221,17.2928336,"8315 Gyenesdiás, Kossuth Lajos Street 54-56, Hungary",HU
1749,-2.0796347,-35.01054,-33.5594587,18.8780228,"R45, South Africa",ZA
1750,57.539776,38.037426,51.2118339,3.0209157,"Clemensheulestraat 11-17, 8460 Oudenburg, Belgium",BE
1751,38.130985,-1.4984479,-32.3889989,-62.2068096,"Ruta Provincial 2, Córdoba, Argentina",AR
1752,44.5149,22.847382,4.7756482,-74.2386147,"Madrid # 2, Madrid, Cundinamarca, Colombia",CO
1753,48.392326,11.033855,37.9061191,-88.3053347,"22301-22999 Illinois 1, Omaha, Illinois 62871, Stati Uniti",MY
1754,51.878956,25.808914,46.2000778,14.3287468,"Šutna 55, 4209 Žabnica, Słowenia",SI
1755,35.037888,75.36329,27.1518625,90.0726521,"Wangdue - Tsirang Hwy, Bhutan",BT
1756,47.437977,21.750145,31.9870043,34.9347568,"Modi'im 26-40, Shoham, Israel",IL
1757,36.55651,55.878983,18.6549304,-88.2217949,"Unnamed Road, Quintana Roo, Mexico",MX
1758,29.446728,112.25663,-6.9010153,109.4921939,"Jl. Perintis Kemerde, Petarukan, Pemalang, Jawa Tengah 52362, Indonésie",ID
1759,53.960876,16.75145,38.0556627,139.9841084,"2000 Kurosawa, Iide-machi, Nishiokitama-gun, Yamagata-ken 999-0603, Japan",JP
1760,44.75309,0.6032171,50.4411236,5.7092565,"Hameau de Stoqueu, 4920 Aywaille, Belgium",PE
1761,53.783695,52.190598,22.8280711,91.5511453,"Dhaka - Chittagong Hwy, Bangladesh",BD
1762,35.218903,35.21141,43.5197815,25.978956,"5001, 7161 Ostritsa, Bulgaria",BG
1763,0.49506283,3.7966938,-22.2793183,28.946603,"Transit Road, Botswana",BW
1764,48.50005,21.127266,46.5208009,6.5380785,"Chemin du Chaney 6, 1026 Denges, Switzerland",CH
1765,40.78239,20.307228,23.9704769,120.4615517,"Section 1, Chénggōng Road, Puyan Township, Changhua County, Taiwan 516",TW
1766,40.351368,2.6474197,37.2825016,-8.052506,"Unnamed Road, 8100, Portugal",PT
1767,36.379665,6.723967,41.753626,-6.5694148,"R. Central, 5300, Portugal",PT
1768,26.972004,30.426342,23.6557167,90.6026,"Sonargaon Rd, Sonargaon, Bangladesh",BD
1769,46.075405,35.827328,13.7260264,103.3496333,"Unnamed Road, Cambodia",KH
1770,43.221466,19.712406,47.2428861,8.5941098,"Bergstrasse, 8815 Horgen, 스위스",CH
1771,38.389427,24.223534,44.965667,25.99374,"Extensia Hortensiei, Blejoi, Roumanie",RO
1772,47.941875,19.396084,50.9670219,21.3549442,"Chabrowa 7, Ostrowiec, Poland",PL
1773,46.28728,11.795238,42.5576688,1.6884895,"CG-2, AD100 Canillo, Andorra",AD
1774,33.873436,9.163912,39.4428943,-0.7392601,"E-901, 323, 46370 Chiva, Valencia, Spanien",ES
1775,22.617676,16.648315,32.0762276,34.8662739,"Levi Eshkol 37-43, Petah Tikva, Israel",IL
1776,-0.41445303,105.65039,22.2825237,114.2281781,"8 Oi Yin St, Aldrich Bay, Hong Kong",HK
1777,47.33025,18.023369,43.4005301,26.7644422,"E70, Buynovo, Bulgarije",BG
1778,44.26392,57.56862,46.4561844,6.1890641,"La Violettaz, 1273 Arzier, Switzerland",CH
1779,37.75619,16.746254,-22.6730349,-47.6686077,"Rua Guararapes, 120-188 - Santa Terezinha, Piracicaba - São Paulo, 13411-149, Brazil",BR
1780,48.110355,17.315598,46.4563001,30.6949293,"Mykoly Voronoho street, 16, Odessa, Oekraïne",UA
1781,51.56251,7.4508443,35.1386027,-80.7000568,"2825 Файервуд Драйв, Мэттьюс, Северная Каролина 28105, Соединенные Штаты Америки",US
1782,27.611156,56.90412,23.0490301,89.178601,"Monirampur - Jhikorgacha Rd, Bangladesh",BD
1783,36.145878,27.61967,-11.4482656,-61.4454087,"Rua das Graças, 56-174 - Liberdade, Cacoal - Rondônia, Brazil",BR
1784,28.25137,90.00219,1.3081129,103.8334193,"22 Scotts Rd, Singapore",SG
1785,-43.88279,99.44723,-33.1772428,136.8935952,"Whyalla Road, Nilginee SA 5641, Australia",AU
1786,26.149448,46.220467,40.8437535,-3.2857766,"GU-199, Malaguilla, Guadalajara, Spain",ES
1787,39.32367,16.749836,-33.151725,148.1881733,"135 Nash Street, Parkes Nouvelle Galles du Sud 2870, Australie",AU
1788,51.27687,-7.430272,42.5379332,1.7278882,"CG-2, AD200 Encamp, Andorra",AD
1789,13.540986,179.52837,22.2783426,114.1747987,"204 Lockhart Rd, Wan Chai, Hong Kong",HK
1790,50.257236,6.1896396,46.191582,7.2475311,"E62, 1957 Chamoson, Switzerland",CH
1791,12.180063,8.757501,37.125495,22.100589,"Epar.Od. Thourias - Polianis, Kalamata 240 09, Griechenland",GR
1792,42.017292,7.746377,45.9606244,15.6856872,"Bizeljsko- Čatež, 8258 Kapele, Slovenija",SI
1793,9.359684,10.977146,-22.1302439,28.6390409,"Bobonong, Botswana",BW
1794,32.567196,30.330044,25.1167107,55.3928987,Academic City Rd - Dubai - United Arab Emirates,AE
1795,32.845627,-2.4357285,-32.3592851,18.4574141,"R366, South Africa",ZA
1796,57.192135,13.0963545,45.9205464,12.9350009,"Via Pieve di Rosa, 14, 33030 Camino al Tagliamento, Udine, Italy",IT
1797,62.697304,2.277842,43.523396,0.8119587,"D149, 32130 Polastron, France",FR
1798,49.41625,25.249931,36.3523542,139.1482507,"1 Kamimasudamachi, Maebashi, Gunma Prefecture, Japan",JP
1799,47.358063,28.444706,4.2597766,-74.5992037,"I-40 # 1 a 56, Melgar, Tolima, Colombia",CO
1800,39.809147,-11.528125,48.2878569,18.1344725,"Dolná 4-6, 949 07 Nitra-Janíkovce, Slovakia",SK
1801,26.395546,59.91076,8.1538735,-76.0397602,"Unnamed Road, Tierralta, Córdoba, Colombia",SZ
1802,51.268703,20.189575,52.327489,17.9741224,"Droga Wojewódzka 263, Poland",PL
1803,48.007786,10.367436,46.5461779,6.5959634,"Chemin des Vignettes 32, 1008 Jouxtens-Mézery, Switzerland",CH
1804,39.19824,77.20426,37.7748814,140.4842266,"Oshu Highway (Rikuu Highway), Matsuyamacho, Fukushima, Prefektura Fukushima 960-8228, Japonia",JP
1805,56.723774,8.362946,45.571204,8.5121765,"Via Solarolo, 11, 28010 Barengo Novare, Italie",IT
1806,41.575527,44.792366,42.5933474,22.9218666,"6032, 2342 Leskovets, Bulgaria",BG
1807,0.4303236,-60.44294,-35.8038831,-70.0857608,"RN145, Mendoza, Argentina",AR
1808,8.897268,11.35302,-22.077826,27.2749981,"A1, Botswana",BW
1809,49.345028,28.941334,1.4108127,103.7004095,"465 Lim Chu Kang Rd, Singapore 719416",SG
1810,48.335552,22.52843,48.3952828,17.4389949,"504004, 919 01 Dlhá, Slovakia",US
1811,22.212639,142.19368,35.204315,129.1216226,"1646 Banyeo-dong, Haeundae-gu, Busan, South Korea",KR
1812,48.839924,24.232536,43.242746,-7.8546832,"LU-P-2301, 27307 Guitiriz, Lugo, Spain",ES
1813,50.38496,24.870289,52.5286269,-1.5108508,"61 Kingfisher Avenue, Nuneaton, Warwickshire CV10, UK",GB
1814,-33.885784,-45.206154,-16.8560937,-71.8543872,"1S, Peru",PE
1815,-0.3939047,85.85754,-37.2119094,141.0937928,"15 Fullertons Road, Poolaijelo VIC 3312, Australia",AU
1816,68.73053,24.421898,46.2832857,-73.7641883,"180-224 Rue Jean Baptiste Lepage, Saint-Damien, QC J0K, Canada",CA
1817,42.438892,16.340872,46.5043951,24.4960706,"DN15, Cristeşti 547185, Romania",RO
1818,45.46503,31.36465,52.77698,-6.1988537,"Unnamed Road, Co. Wicklow, Ireland",IE
1819,52.76482,6.22124,46.0272618,14.3462463,"Brezje pri Dobrovi 17, 1356 Dobrova, Slovenia",SG
1820,33.91653,50.46112,46.6590426,23.9660521,"DJ161A, Ceanu Mare, Romania",RO
1821,52.398285,10.337751,52.3953338,9.7692239,"Holbeinstraße 4, 30177 Hanover, Germany",DE
1822,20.852158,84.0826,-9.6282467,-76.0570707,"Carretera Central 25, Peru",PE
1823,52.202827,41.891655,11.372104,102.979362,"ឃុំ ជ្រោយប្រស់, Cambodia",KH
1824,54.639263,-0.42885923,54.988374,-7.9134663,"Unnamed Road, Co. Donegal, Ireland",IE
1825,52.59287,4.4077044,54.7184308,-7.1669021,"78 Crockanboy Road, Omagh BT79 7RR, UK",GB
1826,40.512993,37.24164,-21.1835874,-50.4616806,"Rua Vereador Aldo Campos, 2927-2987 - Paraíso, Araçatuba - État de São Paulo, 16050-145, Brésil",BR
1827,27.17337,-75.84196,20.4339707,-101.7345095,"López Mateos 41, Los Presidentes, 36900 Pénjamo, Guanajuato, Mexico",MX
1828,45.667206,8.385099,55.4143907,10.4248691,"Tjørnehaven 22-30, 5240 Odense, Denmark",DK
1829,36.182915,39.63343,-33.7166106,150.9632054,"1-3 Hart Place, Kellyville Nowa Południowa Walia 2155, Australia",AU
1830,33.727562,142.62877,37.4745335,127.0321647,"617 Yangjae 1(il)-dong, Seocho-gu, Seoul, South Korea",KR
1831,56.40781,20.595482,51.9091184,22.4975919,"Łuków, Pologne",PL
1832,27.647003,70.208534,32.0358581,34.8780965,"Mevo Yasmin 2-16, Yehud-Monosson, Israel",IL
1833,27.634075,40.59209,39.7523686,19.6320257,"Unnamed Road, Ag. Stefanos 490 81, Griekenland",GR
1834,46.387577,-0.41994524,45.6563482,11.447065,"Via Redentore, 13, 36034 Borgo Redentore Vicenza, Italië",IT
1835,36.016426,-2.3819613,64.6789914,-21.9546235,"535, Iceland",IS
1836,27.347893,87.24033,46.3506033,18.6917201,"7100 Szekszárd, Kálvin tér 1-3, Hungary",HU
1837,32.143787,13.061288,-26.6299193,152.9889315,"27 Andreasens Road, Rosemount QLD 4560, Australia",AU
1838,36.62896,39.405006,22.287992,114.142317,"14 Centre St, Sai Ying Pun, Hong Kong",HK
1839,48.809566,44.412075,13.7260264,103.3496333,"Unnamed Road, Cambodia",KH
1840,59.85018,21.359093,53.6288939,38.4860488,"Р145, Tula Oblast, Russia",RU
1841,25.710041,71.31167,-28.0725886,153.2269243,"1085 Beechmont Road, Lower Beechmont QLD 4211, Australia",AU
1842,54.04913,18.186472,-8.5357353,115.000173,"Unnamed Road, Selemadeg, Tabanan, Bali, Indonesia",ID
1843,53.833572,12.17764,46.3542499,15.8543072,"690 22, 2284 Videm pri Ptuju, Slovenia",SI
1844,43.478943,60.9292,16.7400885,100.6693588,"Unnamed Road, Tambon Chomphu, Amphoe Noen Maprang, Chang Wat Phitsanulok 65190, Thailand",TH
1845,44.40518,24.887302,54.8372523,11.364654,"Vestre Landevej 284, 4952 Stokkemarke, Denmark",DK
1846,55.087284,15.861089,62.0695078,28.2778775,"Joroistentie 137, 58900 Rantasalmi, Finland",FI
1847,48.37395,57.27578,52.2151876,5.0241849,"Hoefijzer 104, 3632 WD Loenen, The Netherlands",NL
1848,36.16637,45.569244,1.2479538,103.8232957,"85A Palawan Beach Walk, Singapore 098521",SG
1849,46.826366,36.9396,53.5303386,10.1530888,"Strietkoppel 4-5, 22115 Hamburg, Germany",DE
1850,11.242777,15.4024725,-24.2373448,23.264808,"A2, Botswana",BW
1851,60.481396,-0.9126475,52.6655349,-8.1139486,"Unnamed Road, Co. Tipperary, Ireland",NO
1852,50.519485,45.09004,44.9483358,37.9808079,"Krasno-Zelenaya ulitsa, 110, Krymsk, Krai de Krasnodar, Rusia, 353380",RU
1853,48.088184,41.72898,44.6070679,27.3179317,"Amara, Romania",RO
1854,44.439426,4.650447,49.5320274,18.9010258,"Skalité 727, 023 14 Skalité, Slovakia",SK
1855,43.27525,6.7967196,50.4680681,13.7923479,"257, 440 01 Kozly, Czech Republic",CZ
1856,28.309952,50.420822,-26.3315129,26.3670619,"N14, South Africa",ZA
1857,49.482986,13.612052,53.4561756,-6.1861153,"2-34 Seabury Wood, Malahide, Co. Dublin, Ireland",IE
1858,28.61013,130.06921,25.0850136,121.648091,"No. 124, Section 2, Xīwàn Road, Xizhi District, New Taipei City, Taiwan 221",TW
1859,44.195156,50.755234,45.0416878,25.8420419,"Strada Horia, Băicoi, Rumunia",RO
1860,26.421669,52.137623,2.8246878,101.89581,"Jln Orkid 1, Kampung Atap, 71700 Mantin, Negeri Sembilan, Malaysia",MY
1861,47.494675,0.39531183,49.9213907,14.3087252,"Nad Rozcestím, 252 31 Všenory, Czech Republic",CZ
1862,62.360374,-52.269127,64.1881783,-21.6856812,"Vesturlandsvegur, Mosfellsbær, Iceland",IS
1863,53.55709,19.63131,45.8007664,15.6675261,"Draganje Selo 5F, 10430, Samobor, Croatia",HR
1864,42.754803,6.1162615,47.9403165,20.5456215,"3413 Cserépfalu, Berezdalja Way 11, Hungary",HU
1865,34.011024,33.067245,-6.2288053,107.6148663,"Jl. Raya Muara Cilamaya, Cilamaya Wetan, Karawang, Jawa Barat 41384, Indonesia",ID
1866,50.98909,13.690919,64.0873038,-21.9160945,"Kirkjulundur, Garðabær, Islandia",IS
1867,37.82473,-50.483746,64.8212047,-22.269815,"Snæfellsnesvegur, Islandia",IS
1868,50.14937,18.364983,52.2429156,-6.3271366,"Waddingsland, Co. Wexford, Ireland",IE
1869,-11.971074,46.415028,-26.8144282,31.9296988,"MR8, Big Bend, Swaziland",SZ
1870,38.4154,17.72488,-6.580606,110.78207,"Jl. Pasar Batealit, Pakis Aji, Jepara, Jawa Tengah 59461, Indonesia",ID
1871,40.889355,29.437378,27.1518625,90.0726521,"Wangdue - Tsirang Hwy, Bhutan",BT
1872,49.88803,7.135427,33.9458604,-81.0977548,"1919-1999 Windsor Road, Cayce, Jižní Karolína 29033, Spojené státy americké",US
1873,54.707165,10.398943,49.1061827,18.9177622,"Francúzskych partizánov, 036 01 Martin, Slovakia",SK
1874,38.538387,43.50644,52.631067,-8.3542035,"Unnamed Road, Co. Limerick, Ireland",EE
1875,47.205658,14.05466,52.8248156,36.2750439,"Р119, Oryol Oblast, Russia",RU
1876,52.745136,21.136986,46.6813917,15.9622669,"Podgrad 43, 9250 Gornja Radgona, Słowenia",SI
1877,50.854248,9.170325,36.0362239,136.2614025,"4 Goshimacho, Fukui, Fukui Prefecture, Japan",JP
1878,26.907963,20.296913,-32.7452993,-71.4744735,"F-30-E, Puchuncaví, Valparaíso Region, Chile",CL
1879,43.644848,26.210953,47.1756755,18.4174606,"8000 Székesfehérvár, Temető Street, Hungary",HU
1880,40.98708,26.750706,46.6873636,19.84198,"6100 Kiskunfélegyháza, 5402, Hungary",HU
1881,35.420452,51.94319,23.3698001,120.1957772,"625, Taiwan, Chiayi County, Budai Township, 172縣道",TW
1882,61.38647,21.009487,45.9703313,1.4089386,"Rue Victor Hugo, 87240 Ambazac, France",NO
1883,21.1997,117.11932,10.9076561,103.0549462,"Union Rd, ឃុំ កោះស្ដេច, Cambodia",KH
1884,41.86289,24.232841,50.4683009,30.4844532,"Polovetska Street, 16, Kiev, Kyiv city, Ukraine",UA
1885,29.547207,69.37193,39.0069039,-9.0448708,"CM1224, 2630 Arruda dos Vinhos, Portugal",PT
1886,47.45963,15.100339,48.6323752,6.8051203,"45 Rue d'Amenoncourt, 54450 Igney, France",FR
1887,45.62391,29.780415,53.1259173,17.1443539,"Droga Wojewódzka 190, Poland",PL
1888,26.52927,67.39233,13.9797971,107.0757142,"Unnamed Road, Cambodia",KH
1889,61.693253,18.994553,54.0282682,38.3087051,"Parkovaya ulitsa, 8, Novomoskovsk, Tula Oblast, Russia, 301650",RU
1890,53.824966,-11.532295,54.0231072,-7.1560338,"Unnamed Road, Co. Cavan, Irlanti",IE
1891,38.043774,59.040577,1.2950301,103.8461382,"2 Cox Terrace, Singapore 179622",SG
1892,45.26741,69.31305,-7.7118977,110.3517334,"Jl. Pramuka, Kec. Sleman, Sleman, Daerah Istimewa Yogyakarta 55512, Indonesia",ID
1893,36.040627,49.104935,22.39606,114.045921,"Yuen Tsuen Ancient Trail, Tai Lam, Hong Kong",HK
1894,49.87253,11.120636,43.9537135,11.332098,"Strada Provinciale 97, 50037 San Piero a Sieve, Florence, Italy",IT
1895,43.358128,58.182915,27.0150198,90.6160787,"Sarpang - Gelephu - Trongsa Hwy, Butāna",BT
1896,36.89833,35.234848,11.1743994,104.5009333,"Unnamed Road, Cambodia",KH
1897,28.559017,61.668602,45.7482351,13.8668966,"Šepulje 33, 6210 Sežana, Słowenia",SI
1898,30.102222,86.41412,25.3144722,55.399128,First Industrial St - Sharjah - Vereinigte Arabische Emirate,AE
1899,51.492542,24.925869,55.8068929,37.6921886,"Bolshaya Olenya ulitsa, 15, Moscú, Rusia, 107014",RU
1900,52.215237,14.513417,45.4534126,14.8903115,"D3, 51311, Skrad, Croatia",US
1901,31.70356,56.340942,23.3736386,120.4165867,"732, Taiwan, Tainan City, Baihe District, 南89鄉道",TW
1902,49.35259,5.828596,50.3702735,4.1111734,"Rue Charles Gantois 2-24, 7120 Estinnes, Belgique",BE
1903,46.792088,12.45902,53.6924095,-1.1993022,"Cobcroft Lane, Knottingley, North Yorkshire WF11, UK",GB
1904,20.13913,78.86524,22.8049109,89.7378131,"Dhaka - Khulna Hwy, Bangladesh",BD
1905,40.037453,54.36186,46.6954309,26.6643392,"DJ156G, Valea lui Ion, Romania",RO
1906,50.83778,12.654198,47.0292165,7.2467407,"22, 3282 Bargen, Switzerland",CH
1907,42.568485,31.33194,-5.4252853,71.8275081,"Japan, Hokkaidō, Uryū-gun, Horokanai-chō 国道275号線",JP
1908,44.676155,46.578663,23.309822,89.8585176,"Dhaka - Khulna Hwy, Muksudpur, Bangladesh",BD
1909,35.43861,82.434425,-7.6609919,110.40937,"Jl. Raya Turi No.23, Pakem, Sleman, Daerah Istimewa Yogyakarta 55582, Indonesia",ID
1910,41.482464,21.488735,-38.1492984,143.2457965,"130 Mount Myrtoon Road, Kariah VIC 3260, Australia",AU
1911,29.530273,10.241087,-26.8954723,31.6766118,"MR14, Sithobela, Swaziland",SZ
1912,42.405434,21.399437,-43.5506974,172.63373,"219 Milton Street, Sydenham, Christchurch 8023, New Zealand",NZ
1913,43.609764,16.712755,52.1949657,5.4393025,"E232, 3829 Hooglanderveen, The Netherlands",NL
1914,37.453453,-18.45216,42.6188325,1.5393376,"Av. de Sant Pere, AD300 Ordino, Andorre",AD
1915,42.67466,11.184816,54.9196757,9.8565445,"Lambjergskovvej 9, 6400 Sonderborg, Denmark",DK
1916,42.25726,22.721237,41.6505161,-7.6009779,"Terreiro Santo 117, 5425-021 Arcossó, Portugal",PT
1917,46.755455,16.728039,52.366377,-9.3535727,"Unnamed Road, Co. Kerry, Ireland",IE
1918,47.511097,20.198235,-21.7900616,-46.6388423,"Avenida Condé do Vila, 983-1143, Poços de Caldas - Minas Gerais, Brésil",BR
1919,45.83237,11.637063,43.5261808,27.1884045,"701, 9937 Harsovo, בולגריה",BG
1920,20.9194,75.1936,1.3075997,103.6952759,"2 Jln Samulun, Singapore 629120",SG
1921,15.849846,69.40999,-37.1520578,145.0802985,"LOT 1 Hume Freeway, Tallarook VIC 3659, Australia",AU
1922,60.275227,12.403276,64.014488,10.50761,"Fylkesveg 52 180, 7170 Åfjord, Norwegen",NO
1923,32.960865,165.20842,37.5233517,126.9125835,"95 Yeongdeungpodong 2(i)-ga, Yeongdeungpo-gu, Seoul, South Korea",KR
1924,37.695763,16.519178,52.4702728,18.3122181,"Unnamed Road, Poland",PL
1925,23.2962,52.97737,-33.4952965,150.4033424,"128 Mount Irvine Rd, Mount Wilson NSW 2786, Australien",RU
1926,41.11472,14.512874,48.4320544,19.6423298,"050112, 985 22 Cinobaňa, Slovakia",SK
1927,37.47962,25.371918,24.9828098,55.0937398,Sheikh Zayed Rd - Dubai - Förenade Arabemiraten,AE
1928,49.694923,15.972519,44.1374846,9.7625005,"Via Giacomo Matteotti, 6, 19020 Quaratica La Spezia, Italy",AE
1929,47.017143,38.506027,37.4738565,127.0386403,"241 Yangjae 2(i)-dong, Seocho-gu, Seoul, South Korea",KR
1930,57.008404,14.009234,45.9479653,-73.1506307,"136-434 Québec 223, Saint-Roch-de-Richelieu, QC J0L 2M0, Canada",CA
1931,24.233822,19.463383,-31.5040108,137.1007904,"Stuart Highway, Mount Gunson Australia Południowa 5710, Australia",AU
1932,45.78224,30.139393,48.1098579,20.7763777,"3525 Miskolc, Feszty Árpád Street 9, Hungary",HU
1933,35.60805,116.67455,23.8322969,120.6435121,"No. 10, Section 2, Míngsōng Road, Mingjian Township, Nantou County, Taiwan 551",TW
1934,40.846775,19.668106,27.4412514,91.5679945,"Mongar - Trashigang - Trashiyangtse Rd, Trashiyangtse, Bhutan",BT
1935,18.649109,-0.576663,37.4474391,127.0062396,"238-1 Gwacheon-dong, Gwacheon-si, Gyeonggi-do, South Korea",KR
1936,48.520786,15.1680765,46.9414142,17.6994009,"8271 Mencshely, Balatoni Street 14, Hungary",HU
1937,47.297985,5.895298,50.4547431,4.1881359,"Place Adolphe Caffet 12, 7100 La Louvière, Belgium",EE
1938,29.019585,47.494026,8.7918666,-75.6998435,"Carrera 3, San Carlos, Córdoba, Kolumbia",CO
1939,34.58099,40.307953,54.1118377,15.7287992,"78-113 Świelubie, Polska",MY
1940,35.52655,52.18165,-33.4785115,-70.5558954,"Dos Oriente 2387-2441, Peñalolén, Santiago Metropolitan Region, Chile",CL
1941,33.677986,64.1497,23.1755062,89.9483715,"Tekerhat - Gopalganj Rd, Bangladesh",BD
1942,28.615631,38.13678,-32.807946,-71.2217817,"F-62, Calera, Valparaíso Region, Chile",CL
1943,58.63795,16.781113,49.694281,16.7570402,"3718, 569 43 Bezděčí u Trnávky, Czech Republic",US
1944,0.045300484,-45.543835,-35.6536496,-70.2015677,"RP226, Mendoza, Argentina",AR
1945,31.356216,33.589912,43.599203,27.4804435,"27, 9379 Vladimirovo, Bulgaria",AE
1946,26.916489,30.942818,-26.4063211,31.0833706,"MR19, Swaziland",SZ
1947,46.089836,15.179246,56.7076056,22.4210373,"P108, Saldus parish, LV-3862, Latvia",LV
1948,57.8873,8.427845,58.5419525,7.8484569,"Fylkesveg 292 50, 4735 Evje, Norway",NO
1949,51.30569,5.2341003,57.8329136,-3.8322957,"Main Street, Tain, Highland IV20 1YL, UK",GB
1950,56.865383,7.43336,51.6441622,-9.2906297,"Unnamed Road, Co. Cork, Ireland",IE
1951,41.53272,-1.3842607,46.1432154,6.0273483,"Route du Creux-du-Boisset 59, 1285 Avusy, Suisse",CH
1952,22.996727,88.62095,23.2389003,91.3131096,"Dhaka - Chittagong Hwy, Chauddagram, Bangladesh",BD
1953,33.04305,-8.564267,54.9598464,8.6737387,"Slusevej 8, Nationalpark Vadehavet, 6280 Højer, Denmark",DK
1954,41.26265,30.294567,63.7579001,-68.5444608,"1516-1520 Ungalliqpaat, Iqaluit, NU X0A, Canada",CA
1955,44.519253,10.542315,53.8309646,22.9797964,"Konwaliowa 18-20, Augustow, Poland",PL
1956,60.84258,21.033005,24.2044808,120.5445517,"Alley 220, Lane 315, Section 5, Shātián Road, Longjing District, Taichung City, Taiwan 434",TW
1957,10.830718,60.010876,50.3215072,20.7881776,"973, Poland",PL
1958,39.613514,30.272526,53.5181234,-9.605655,"Unnamed Road, Co. Galway, Ireland",IE
1959,52.938515,13.116683,22.2724408,114.2898139,"High Junk Peak Country Trail, Clear Water Bay, Hong Kong",HK
1960,18.903206,91.11471,25.0108586,55.5175584,E 77 - Dubai - Arabiemiirikunnat,AE
1961,44.245644,31.00016,50.6145652,27.2659801,"E40, Zhytomyrs'ka oblast, Ukraine",GR
1962,31.9151,128.9796,35.217057,129.1032415,"386-2 Seo 3(sam)-dong, Geumjeong-gu, Busan, South Korea",KR
1963,46.158894,26.998241,27.4156938,89.2213616,"Unnamed Road, Bhutan",BT
1964,55.361843,18.694492,46.7156758,6.4128591,"9, 1337 Vallorbe, Szwajcaria",BT
1965,50.395203,17.019066,47.5147777,8.6945991,"Riedhofstrasse 59, 8408 Winterthur, Switzerland",CH
1966,39.831017,34.04652,46.1871809,14.2478212,"Sv. Tomaž 4-7, 4227 Selca, Slovenia",SI
1967,28.559559,74.36733,2.1119429,111.6320084,"Unnamed Road, 96500 Bintangor, Sarawak, Malaysia",MY
1968,41.784733,3.9844933,50.8850426,17.3733255,"Droga Krajowa 94, Poland",PL
1969,36.56343,34.745316,51.2752857,4.8701335,"Meikloklaan 17-25, 2275 Lille, Belgique",BE
1970,37.91912,2.9679842,-4.9092807,-81.0551491,"Carretera El Arenal-La Huaca, Peru",PE
1971,36.854763,26.779617,-25.8405612,28.0354272,"D420 Street, Centurion, Africa de Sud",ZA
1972,50.657463,19.933487,52.0376974,8.4885073,"Morgenbreede 41, Bielefeld University, 33615 Bielefeld, Germany",DE
1973,-42.298183,34.0093,-23.1557939,27.2505936,"Mahalapye, Botswana",BW
1974,40.741993,-8.262785,-36.848873,-58.5533607,"Ruta Provincial 29, Buenos Aires, Argentina",AR
1975,55.375145,3.883967,49.6755246,5.6219805,"Route d'Arlon, 6740 Étalle, Belgium",BE
1976,41.535732,42.18531,27.2169858,91.2048516,"Gyelpozhing - Nanglam Rd, Bhutan",BT
1977,47.240154,7.0897512,50.0106521,36.1930771,"Sirykivs'ka street, 102, Charkov, Oblast Charkov, Oekraïne",UA
1978,52.62492,22.298096,45.7380746,-62.6881305,"119 Fisherman Rd, Pictou, NS B0K 1H0, Canada",CA
1979,40.568775,0.57449055,-36.8386953,-73.0873613,"San Pedro 662-742, San Pedro, San Pedro de La Paz, Biobío Region, Chile",CL
1980,42.629772,17.654408,48.6551227,17.144105,"Domky 423, 908 41 Šaštín-Stráže-Stráže nad Myjavou, Slovakia",SK
1981,49.376476,14.462047,44.7547725,10.7363532,"Via Fossa Ronchi, 2, 42015 Correggio Reggio Emilia, Italy",IT
1982,42.70853,57.321415,37.6651656,126.7296008,"1374-4 Daehwa-dong, Ilsanseo-gu, Goyang-si, Gyeonggi-do, South Korea",KR
1983,56.298023,0.22277641,48.0874371,11.5326933,"Noestraße 7-11, 81479 Munich, Germany",DE
1984,13.962954,101.42409,14.1157479,105.3406945,"Unnamed Road, Cambodia",KH
1985,37.67115,32.09505,-23.0401911,30.377415,"R524, 0945, South Africa",ZA
1986,14.985527,83.96744,-37.5761941,174.8853757,"279 Dixon Road, Te Akau 3794, New Zealand",NZ
1987,50.31841,14.780097,46.0368502,15.4912252,"Mali Kamen 52, 8281 Senovo, Slovenia",SI
1988,23.23912,69.97267,23.5606766,89.0309969,"Jhenaidah - Chuadanga Rd, Sadhuhati, Bangladesh",BD
1989,49.055553,16.37236,52.5204651,-6.4813677,"Unnamed Road, Co. Wexford, Irlandia",IE
1990,31.093117,6.347868,50.432299,45.4320507,"Р228, Volgograd Oblast, Russia",RU
1991,54.57696,74.78618,25.0354847,55.5917997,Dubai-Hatta Rd - Dubai - United Arab Emirates,AE
1992,48.40697,42.724976,-33.9704818,-70.7072263,"Panamericana Sur, Mostazal, O'Higgins Region, Chile",CL
1993,42.492752,10.718756,25.0027841,55.1652137,Honeysuckle Pl - Dubai - Spojené arabské emiráty,AE
1994,42.936333,18.964615,50.5216096,30.4380869,"Zolochivska Street, 44, Kyyiv, Kyiv city, Ukraine",UA
1995,60.07982,24.874306,57.7497828,24.9196817,"P15, Alojas lauku teritorija, LV-4064, Latvia",LV
1996,37.80132,11.086813,40.8616859,-7.6817292,"EM581-1, 3640, Portugal",PT
1997,45.092373,14.653818,47.1234229,7.2762467,"Friedhofweg 9, 2555 Brügg, Switzerland",CH
1998,60.421555,15.760863,62.138724,26.9693726,"Porsaskoskentie 2223-2225, 51670 Mikkeli, Finland",FI
1999,48.69035,15.930935,46.7556481,6.6332728,"E25, 1432 Belmont-sur-Yverdon, Switzerland",BE
0,30.732887,57.11402,11.4063432,-73.0654168,"I-90 # 2 a 100, Ríohacha, La Guajira, Kolumbia",CO
1,43.574898,18.497215,50.5191532,30.4357458,"Kanivska Street, 3, Kyyiv, Kyiv city, Ukraine",UA
2,51.65568,21.619194,48.2095858,19.1357274,"75, 991 41 Čelovce, Slovakia",SK
3,5.4977574,15.734693,43.3605414,25.5924138,"502, Klimentovo, Bulgaria",BG
4,53.547695,12.174216,57.1250973,23.0096192,"P128, Zentenes pagasts, LV-3113, Latvia",LV
5,61.714146,10.348741,57.6529708,26.7540514,"Metstaga-Sadramõtsa, 66106 Võru County, Estonia",EE
6,55.05729,19.83989,50.8321194,4.4559598,"Salomélaan 4, 1150 Woluwe-Saint-Pierre, Belçika",BE
7,35.897575,33.618507,-26.4087085,31.1952904,"MR3, Lobamba, Swaziland",SZ
8,45.82993,18.442623,-36.2389408,174.6439356,"72 Pilling Road, Tomarata 0974, New Zealand",NZ
9,45.472095,8.311964,43.4767011,-3.6625051,"Calle Romano, 5, 39160, Cantabria, Spain",ES
10,46.999252,15.066089,-38.1662411,145.1189366,"19 Marcus Road, Frankston South VIC 3199, Australia",AU
11,-33.180847,-79.80581,-28.7798239,-70.7823332,"Panamericana Norte, Vallenar, Atacama Region, Chile",CL
12,31.375298,32.6088,38.9633774,-78.483119,"1027-1349 Greenwalt Road, Maurertown, Virginie 22644, États-Unis",US
13,38.986534,15.338404,2.7509039,101.9336529,"102-112, Jalan Zamrud 4, Taman Desa Temiang, 70200 Seremban, Negeri Sembilan, Malaysia",MY
14,36.950443,-32.129166,-33.194243,-70.6680929,"Arturo Pacheco Altamirano 1130-1170, Colina, Santiago Metropolitan Region, Chile",CL
15,47.17879,-3.0580454,46.8442127,16.204298,"Lucova 35, 9203 Petrovci, Słowenia",SI
16,38.55995,23.996887,57.5696581,18.2081362,"Västerhejde Toftavägen 238, 621 99 Visby, Sweden",SE
17,44.744015,26.765682,57.1763695,27.6796189,"Dārzu iela 32, Viļaka, Viļakas pilsēta, LV-4583, Latvia",LV
18,49.76653,13.678182,46.478751,0.0632616,"E5, 86600 Curzay-sur-Vonne, France",FR
19,64.00133,28.209194,59.3741886,24.3116328,"Keila-Keila-Joa, 76715 Harju County, Estonia",EE
20,60.755215,8.542097,52.0997667,-2.9330603,"A438, Hereford, Herefordshire HR4, UK",GR
21,55.467365,24.115456,42.6415323,0.1757243,"HU-V-6402, 22351 Bielsa, Huesca, Spain",ES
22,51.068035,18.257454,-41.1903856,174.9547499,"429-430 Cambridge Terrace, Naenae, Lower Hutt 5019, New Zealand",NZ
23,16.58469,99.661766,-33.4952965,150.4033424,"128 Mount Irvine Rd, Mount Wilson NSW 2786, Australien",RU
24,49.591312,49.024403,52.9856852,22.2432812,"Białostocka 4, Zambrow, Poland",PL
25,44.077263,9.8186455,32.6039369,35.0220679,"70, Israel",IL
26,44.112095,18.753864,-31.6847326,152.2841497,"2809-2911 Bulga Road, Bobin NSW 2429, Australia",AU
27,50.257957,17.206741,55.9325173,21.2462646,"218, 97240, Lithuania",LT
28,50.54563,1.4725771,57.3884084,10.5091239,"Industrivej 1, 9900 Frederikshavn, Denmark",DK
29,10.967693,84.68838,2.3712746,102.8866153,"Jln Muar-Labis, 85300 Labis, Johor, Malaysia",MY
30,51.752445,27.419556,56.0130935,27.625316,"Krasta iela, Nikšāni, Robežnieku pagasts, LV-5676, Latvia",LV
31,47.698193,14.52303,23.9472663,120.6695007,"542, Taiwan, Nantou County, Caotun Township, 聯絡道國道3號",TW
32,47.220436,37.187645,27.4634681,90.1692339,"Unnamed Road, Bhutan",BT
33,50.77577,10.967174,51.73074,4.9328767,,HK
34,42.523388,18.149334,-37.6228107,144.7115246,"32-34 Shoring Road, Diggers Rest VIC 3427, Australia",AU
35,-107.9546,139.02275,-34.6762017,139.4254406,"LOT 398 Black Hill Road, Cambrai SA 5353, Australia",AU
36,46.707943,19.552555,46.8490722,18.437047,"8135 Dég, 64, Hungary",HU
37,55.66778,10.280044,42.1864053,14.2936293,"SP215, 66016 San Vincenzo-cerchiara Chieti, Italy",IT
38,41.01671,101.24354,36.1777205,133.334634,"2023 Misakimachi, Okinoshima-chō, Oki-gun, Shimane-ken 685-0021, Japan",JP
39,40.342754,21.17221,8.8873934,-75.7895149,"Glorieta # 2 a 100, Cerete, Cordoba, Colombia",CO
40,41.822037,-4.0782495,-26.9701924,29.2131777,"3068 Tsubella Street, Standerton 2431, South Africa",ZA
41,41.40594,12.491163,44.6287316,-123.0886967,"1097-1199 14th Avenue Southeast, Albany, OR 97322, USA",US
42,-2.198122,137.75945,24.9945717,55.4659598,E66 - Dubai - United Arab Emirates,AE
43,42.149082,14.360162,42.1485719,24.4215468,"8004, 4417 Ognyanovo, Bulgaria",BG
44,28.129372,75.680725,37.8509902,-4.8936336,"Calle la Revoltosa, 14710 Córdoba, Spain",ES
45,6.4238625,-18.29625,-32.300029,27.9774168,"N2, Butterworth 4960, South Africa",ZA
46,57.637165,30.102028,50.4825777,30.3617668,"Akademika Palladina avenue, Kyyiv, Kyiv city, Ukraine",UA
47,32.658028,26.569893,41.1194653,16.4412182,"SP231, 70037 Ruvo di Puglia, Bari, Italy",IT
48,29.218086,9.604763,37.4242086,-7.7936995,"N124, 8970, Portugal",PT
49,65.45479,-0.32227945,65.304925,-20.9070209,"Miðfjarðarvegur, Iceland",LT
50,42.28201,27.793056,-38.0574869,175.9493031,"Leslie Road, Ngatira 3485, New Zealand",NZ
51,43.32665,51.6136,25.2833333,55.4666667,Unnamed Road - Sharjah - United Arab Emirates,AE
52,22.974802,42.971977,48.949103,20.751586,"536, 053 62 Bystrany, Eslovaquia",SK
53,48.746418,31.048592,-37.74839,175.9786412,"101 Te Kohanga Road, Whakamarama 3176, New Zealand",NZ
54,12.579617,15.523519,-24.3235927,25.5462841,"Kweneng East, Botswana",BW
55,35.904736,45.108864,32.8129766,34.9807805,"Horsha 7-9, Haifa, Israel",IL
56,49.651127,7.5331135,52.1534857,-9.2473858,"Unnamed Road, Co. Kerry, Ireland",IE
57,40.029644,21.30009,-42.6723271,147.1511142,"1160 Church Road, Broadmarsh Tasmanie 7030, Australie",AU
58,1.3014841,17.33667,-20.1959189,26.1824442,"A33, Nata, Botswana",BW
59,24.00586,56.90831,-11.991095,-41.2344604,"BA-046, Bonito - BA, 46820-000, Brazil",AU
60,19.15543,33.395634,21.2232714,92.0484567,"Cox's Bazar - Teknaf LGED Rd, Bangladesch",BD
61,42.45503,70.77648,47.393485,8.5004486,"Bernerstrasse, 8048 Zurich, Switzerland",CH
62,44.714706,42.654648,13.7306363,105.3790168,"Unnamed Road, Cambodia",KH
63,-36.257828,6.3584957,-24.6872355,25.5692985,"A10, Thamaga, Botswana",BW
64,23.942654,73.275276,-24.4034355,-53.4982141,"Rua Piratininga, 605-629, Parana, 85935-000, Brazil",BR
65,34.960968,25.994705,25.3137894,55.3420362,108 Al Khaleej Rd - Dubai - Vereinigte Arabische Emirate,AE
66,37.398403,36.06751,-7.8556689,112.49617,"Jl. Gn. Banyak, Kec. Batu, Kota Batu, Jawa Timur 65312, Indonesia",ID
67,35.154415,17.837547,21.901,-102.3007296,"Roble 613(913), Las Arboledas, 20020 Aguascalientes, Mexico",MX
68,40.60808,8.951546,-26.5127635,31.3774186,"Second Avenue, Manzini, Swaziland",SZ
69,76.986755,-26.391113,53.01965,5.4920837,"Hieslumerdijk, 8764 Dedgum, The Netherlands",NL
70,49.740833,8.602444,-41.482807,147.1501805,"Midland Highway, Kings Meadows TAS 7249, Australia",AU
71,47.709385,8.579187,42.6310887,1.5180111,"Avinguda de Tristaina, AD300 Ordino, Andorra",AD
72,33.05643,67.22302,27.224057,90.6197323,"Unnamed Road, Bhutan",BT
73,38.22053,-10.029437,35.2164876,129.2245784,"289-4 Yeonhwa-ri, Gijang-eup, Gijang-gun, Busan, South Korea",KR
74,43.50133,12.420345,35.8699,137.203056,"1549 Hagiwarachō Furuseki, Gero-shi, Gifu-ken 509-2505, Япония",JP
75,47.549717,48.294006,66.8673647,21.1912893,"818, 980 41 Hakkas, Suède",SE
76,26.680416,79.16241,45.7048548,16.0209918,"Nova cesta 69, 10412, Donja Lomnica, Croatia",HR
77,33.04738,20.867767,41.945615,-6.9556997,"Unnamed Road, 5320, Portugal",PT
78,-11.813859,20.41748,-33.770065,20.9376201,"R62, Breede River DC, South Africa",ZA
79,57.874065,3.2061837,54.272291,-7.9138146,"R206, Co. Cavan, Ireland",IE
80,38.193478,43.80514,37.5939012,-4.7665558,"A-386, 14548 Montalbán de Córdoba, Córdoba, Spain",ES
81,47.70417,8.436161,64.1189007,-21.8849623,"Eyrarland, Reykjavik, Iceland",IS
82,4.2800627,-31.124748,-5.2188215,-39.3031067,"CE-166, Quixeramobim - CE, 63800-000, Brazil",SG
83,50.178432,16.037756,42.9219778,25.8751267,"662, 5070 Elena, Bulgaria",BG
84,45.613102,15.82112,40.373305,17.5195934,"Strada Provinciale 129, 74028 Sava, Taranto, Italy",IT
85,31.806747,-25.444656,42.5995862,1.6375459,"Ctra. de Ransol, AD100 Canillo, Andorra",AD
86,55.755417,18.528294,61.121278,14.6225809,"Hantverkargatan 22, 794 34 Orsa, Sweden",SE
87,40.271275,10.397854,22.1578051,-101.8707548,"Aguascalientes 30, Palo Alto, Aguascalientes, Mexico",MX
88,35.14563,48.5009,1.2716089,103.620717,"150 Tuas South Ave 5, Singapore 637363",SG
89,52.05316,14.220552,50.2674975,4.4503384,"Rue des Barrages 12-74, 5650 Walcourt, Βέλγιο",BE
90,45.920063,14.100709,40.3897981,-3.6702635,"Calle de Pablo Rica, 8, 28053 Madrid, Spain",ES
91,40.380733,16.491913,11.8447102,104.6501911,"Unnamed Road, ឃុំ ត្បែងខ្ពស់, Cambodia",KH
92,36.5219,46.16198,50.022487,36.3644602,"533th Microrayon, Kharkiv, Kharkiv Oblast, Ukraine",UA
93,45.2476,21.907955,31.2714939,34.7719106,"Shmu'el Rodenski 25-41, Beersheba, Israel",IL
94,-26.290222,-51.234188,-32.5564458,23.4892997,"R61, South Africa",ZA
95,54.61613,14.653865,57.4100618,25.9080062,"Mežoles iela 13, Smiltene, Smiltenes pilsēta, LV-4729, Latvia",LV
96,39.037647,47.11593,49.9589572,5.6069166,"Jodenville 20, 6640 Vaux-sur-Sûre, Belgium",BE
97,44.146336,33.349316,4.6231647,-74.1869381,"Transversal 87B # 58S-1 a 58S-99, Bogota, Cundinamarca, Kolumbia",CO
98,68.53464,-21.871452,63.5263295,-18.4707352,"Þjóðvegur, Iceland",IS
99,46.33312,24.459686,62.16145,5.1735825,"Fylkesveg 633 80, 6750 Stadlandet, Norway",CL
100,54.447144,21.670094,58.3575583,26.6255891,"Tartu–Viljandi–Kilingi-Nõmme, Haage, 61402 Comté de Tartu, Estonie",FI
101,50.947113,16.527351,48.0280564,-1.4743834,"Le Bois Riant, 35150 Amanlis, France",FR
102,56.18407,34.464523,30.7998584,35.2615528,"139, Hatzeva, Israel",IL
103,30.068058,76.16917,27.8534753,128.9561251,"Japan, 〒891-7423 Kagoshima-ken, Ōshima-gun, Tokunoshima-chō, San 県道629号線",JP
104,50.60518,13.566223,59.5237993,18.2533572,"Sjöbergsvägen 76, 186 91 Vallentuna, Sweden",SE
105,45.043148,57.026867,12.1806522,104.8814769,"Unnamed Road, ឃុំ ព្រៃគ្រី, Kambodscha",KH
106,48.78991,20.404915,64.0770614,-21.9449117,"Helluhraun, Hafnarfjörður, Islande",KR
107,52.408955,22.573814,49.8526248,19.0716966,"Barkowska 272, 43-346 Bielsko-Biala, Poland",PL
108,60.94024,20.79375,-46.2329396,168.2400295,"178 Spar Bush-Bay Road, Northope 9874, New Zealand",NZ
109,60.672626,22.446716,58.8225845,25.7745348,"E263, 72501 Järva County, Estonia",EE
110,51.739567,20.379513,46.4638853,13.9432373,"Dovje, 4281 Mojstrana, Słowenia",SI
111,46.525948,24.212517,46.6873636,19.84198,"6100 Kiskunfélegyháza, 5402, Hungary",HU
112,32.68386,44.195988,27.48657,89.7692987,"Thimphu-Wangdue Phodrang Hwy, Bhutan",BT
113,60.358665,12.222863,47.511661,3.7365399,"D21, 89660 Montillot, France",FR
114,54.796246,9.864486,56.8651894,24.4194106,"Bajāru iela 2, Bajāri, Salaspils lauku teritorija, LV-2121, Latvia",LV
115,36.76042,22.135868,50.4159391,30.519073,"Kazymyra Malevycha Street, 86, Kyyiv, Kyiv city, Ukraine",UA
116,41.750195,53.099983,24.992155,55.357965,Dubai - United Arab Emirates,AE
117,27.556442,61.65248,23.9772469,120.5794357,"No. 427, Lane 518, Section 1, Fúzhèn Road, Yuanlin Township, Changhua County, Taiwan 510",TW
118,53.03257,22.397774,51.0139239,-103.0569553,"Saskatchewan 15, Fenwood, SK S0A 0Y0, Canada",CA
119,33.929504,31.541523,7.9467281,-75.4410501,"Montelíbano - Puerto Libertador, Montelíbano, Cordoba, Colombia",CO
120,38.80982,10.395832,4.2644893,-74.568264,"Túnel Del Sumapaz, Melgar, Tolima, Kolumbia",CO
121,49.94201,44.442852,-7.2084006,107.6594101,"Jl. Raya Cibeureum No.13, Kertasari, Bandung, Jawa Barat 40386, Indonesia",ID
122,62.261055,16.230694,55.1153278,26.2120654,"109, 18129, Lithuania",LT
123,45.203945,24.006687,23.4086769,121.3231379,"982, Taiwan, Hualien County, Zhuoxi Township, 10",TW
124,39.94456,48.19916,56.077678,23.7512242,"2917, 83324, Lithuania",LT
125,58.782448,16.831615,59.0992238,24.3796144,"Riisipere-Nurme, 76215 Raplamaa, Estonia",EE
126,31.888462,82.87383,11.5826405,105.4781551,"NR8, Kambodscha",KH
127,49.141438,34.367973,53.3453153,83.7660928,"prospekt Krasnoarmeyskiy, 106, Barnaul, Altai Krai, Russia, 656907",RU
128,46.750828,15.133054,49.4622157,11.1481309,"Rehhofstraße 18, 90482 Nuremberg, Germany",DE
129,53.95409,15.010629,52.6655349,-8.1139486,"Unnamed Road, Co. Tipperary, Ireland",NL
130,68.90701,18.345695,61.6433027,16.0515383,"Harsavägen, 820 40 Järvsö, Sweden",SE
131,36.219536,8.499362,45.5039172,15.5265387,"Ulica Mirka Seljana 43, 47000, Károlyváros, Horvátország",GB
132,40.19045,34.482796,39.6446884,2.8960738,"Carretera Montuïri, 11, 07140 Sencelles, Балеарские о-ва, Испания",ES
133,43.201694,11.53984,47.2881574,23.102448,"DJ108D, Romania",RO
134,43.783043,28.568832,42.2827463,25.9329267,"554, 6260 Radnevo, Bulgaria",BG
135,60.448753,25.360218,54.2978387,23.9618252,"2512, 64238, Lithuania",LT
136,50.094048,36.96087,47.6737164,19.1110651,"2015 Szigetmonostor, Horánygyöngye Street 61, Hungary",HU
137,50.871334,22.196186,23.8823813,120.6044848,"No. 3-8, Qīngxìng Road, Shetou Township, Changhua County, Taiwan 511",TW
138,45.31718,25.12059,48.8620542,17.9421051,"061028, 913 04 Chocholná-Velčice-Velčice, Slovensko",SK
139,-2.1911669,-38.049534,-36.6105231,-59.0594022,"Ruta Provincial 30, Buenos Aires, Argentina",AR
140,40.241405,17.447685,44.115245,-80.1786301,"556300-556598 Mulmur Melancthon Townline, Shelburne, Ontario L0N 1S6, Kanada",CA
141,43.318928,6.560652,46.0491157,16.6608072,"D41, 48263, Carevdar, Croatia",HR
142,-3.2064962,46.49549,-23.7752106,24.7683412,"Kweneng West, Botswana",BW
143,48.58735,12.152753,48.6216377,18.7808059,"Trubín 162, 966 23 Lovčica-Trubín, Slovakia",SK
144,52.5993,18.439362,56.6698549,23.7354294,"Loka maģistrāle 39-41, Jelgava, LV-3004, Latvia",LV
145,25.44276,17.728525,-29.2727642,26.1712951,"N1, Republika Południowej Afryki",ZA
146,23.453033,51.141792,21.4026542,92.1118713,"Ramu-Maricha Rd, Bangladesh",BD
147,41.96607,14.468334,36.1105352,139.923768,"484 Kuriyama Shinden, Joso, Ibaraki Prefecture, Japan",JP
148,2.7497883,63.531174,-28.1988867,152.6734563,"LOT 1 Waterfall Creek Road, Maroon QLD 4310, Australia",AU
149,44.09713,22.998535,45.0524611,10.3596262,"Strada Provinciale 60, 26030 Gussola, Cremona, Italy",IT
150,45.06051,23.762272,56.841608,24.5015716,"P10, Jaunikšķile, Ikšķiles lauku teritorija, LV-5052, Latvia",LV
151,33.17671,-0.6688032,54.9238988,25.170779,"5230, 14271, Lithuania",LT
152,41.85722,41.54644,46.5134563,7.3598954,"Eggweid, 3770 Zweisimmen, Switzerland",CH
153,37.417004,14.19665,32.2711461,34.951698,"97, Porat, Israel",IL
154,37.885246,62.092022,14.8969242,99.2746783,"Unnamed Road, Tambon Khao Chot, Amphoe Si Sawat, Chang Wat Kanchanaburi 71220, Thailand",PE
155,13.351063,12.371538,-26.7521696,31.8888286,"MR8, Swaziland",SZ
156,36.143074,-16.18251,48.2878569,18.1344725,"Dolná 4-6, 949 07 Nitra-Janíkovce, Slovakia",SK
157,-3.4636374,93.63114,-25.9561855,31.247268,"MR1, Piggs Peak, Swaziland",SZ
158,58.152996,14.130555,52.9637792,-7.7920174,"20-32 An Gleann Glas, Co. Tipperary, Ireland",IE
159,62.307003,29.206837,46.091911,12.0850332,"Via Cal da Prà, 7, 32036 Sedico, Belluno, Italy",IT
160,59.79394,23.092106,64.0770614,-21.9449117,"Helluhraun, Hafnarfjörður, Islande",KR
161,44.79679,36.0309,52.3521748,9.7919598,"Messeschnellweg, 30519 Hanover, Germany",DE
162,36.266155,-16.778442,-34.344186,-66.2045948,"RP43, San Luis, Argentina",AR
163,40.018055,30.050953,44.8393303,38.3975864,"ulitsa Lenina, Kholmskaya, Krasnodar Krai, Russia",RU
164,42.319366,12.212201,27.4389148,89.4314246,"Unnamed Road, Paro, Bhutan",BT
165,48.21392,18.753227,-37.1520578,145.0802985,"LOT 1 Hume Freeway, Tallarook VIC 3659, Australia",AU
166,48.46954,16.966661,38.1709116,22.3394773,"Unnamed Road, Krathi 250 06, Greece",GR
167,25.851864,48.011974,37.7739398,-92.2076558,"26475 State Highway H, Mark Twain National Forest, Waynesville, Missouri 65583, États-Unis",US
168,38.576717,115.38926,35.1970325,129.0964066,"766-1 Allak 1(il)-dong, Dongnae-gu, Busan, South Korea",KR
169,42.582745,28.249401,16.8700262,-99.8171144,"Ciudad Pérdida 10, La Sabana, 39799 Acapulco, Guerrero, Mexico",NL
170,40.61337,14.732628,43.5093055,23.0468837,"1, 3482 Vinište, Bulgaria",BG
171,17.2691,73.59358,-8.2738579,115.5925777,"Jl. Kubu, Kubu, Karangasem, Bali 80852, Indonesien",ID
172,60.582104,15.791144,1.383967,103.8906174,"151 Compassvale Bow, Singapore 544997",SG
173,38.2724,27.428211,23.9511143,120.6963837,"No. 51-1, Huánshān Road, Nantou City, Nantou County, Taiwan 540",TW
174,38.651184,-20.637321,39.5767576,-0.5170821,"Calle Fuente del Algezar, 46117 San Antonio de Benagéber, Valencia, Spain",ES
175,39.968548,39.761307,43.2516228,-8.340779,"Camino Culebrón, Carral, A Coruña, Spain",ES
176,34.139366,75.44758,-4.1652883,-42.8934892,"Rua Eustáquio Borges, 148-204, Piauí, 64130-000, Brazil",BR
177,51.09068,1.4934297,47.1213938,17.156821,"9545 Jánosháza, Széchenyi Street 25-27, Hungary",HU
178,19.497562,75.26533,12.5826117,106.1367792,"Unnamed Road, Cambodia",KH
179,35.692295,64.394226,-20.5080807,-40.3833834,"Rua José Mendes Pereira, 459-527 - Balneario Ponta da Fruta, Espirito Santo, 29128-472, Brazil",BR
180,39.10012,26.88755,27.6627839,90.7482937,"Unnamed Road, Bhutan",LT
181,39.619846,29.737282,25.125524,55.4259981,Manama Rd - Dubai - Vereinigte Arabische Emirate,AE
182,46.737206,32.40312,50.4536019,30.465432,"Brest-Lytovs'kyi lane, 30, Kiev, Kyiv city, Ukraine",UA
183,48.85796,12.574714,-37.74839,175.9786412,"101 Te Kohanga Road, Whakamarama 3176, New Zealand",NZ
184,56.351643,19.148666,66.8673647,21.1912893,"818, 980 41 Hakkas, Suède",SE
185,47.76152,19.22966,64.6102623,25.1516494,"Koivumaanperäntie 126-128, 92430 Siikajoki, Finland",FI
186,52.82282,23.975193,61.833327,25.2953128,"16567 470-508, 42100 Jämsä, Finland",FI
187,52.309036,19.140305,49.3628852,17.5653511,"Bořenovice 50, 769 01 Bořenovice, Czech Republic",CZ
188,38.7324,49.784878,46.4512785,30.6910501,"Kvitkova street, 13, Odessa, Ukraine",UA
189,38.045074,60.487137,49.4484731,15.3385594,"347, 393 01 Zachotín, Czech Republic",CZ
190,43.00625,32.72259,22.463473,114.0306794,"Nam Sang Wai Rd, Yuen Long, Hong Kong",HK
191,32.033943,75.047325,-38.3822022,176.0822174,"283 Dunkirk Road, Atiamuri 3078, New Zealand",NZ
192,45.734287,29.954773,-40.4318435,-71.5300999,"Ruta Nacional 40, Neuquén, Argentina",AR
193,61.602337,5.4206867,53.7906457,-9.2815936,"Unnamed Road, Co. Mayo, Ireland",IE
194,-59.323185,91.05816,-24.6505712,25.8456314,"A10, Gaborone, Botswana",BW
195,51.7374,13.807462,51.8690883,-8.8383803,"Unnamed Road, Co. Cork, Ireland",IE
196,49.13915,10.721336,65.1903302,20.5920366,"890, 930 52 Fällfors, Sweden",SE
197,50.96074,15.416213,39.8353549,-88.516362,"East 300 North Road, Atwood, IL 61913, USA",US
198,4.7549696,-25.514042,-9.6249589,-77.1906914,"110, Peru",PE
199,42.28798,14.330189,-28.2865407,-54.22981,"Rua Armindo Utzig, 2-74, Rio Grande do Sul, Brazil",BR
200,44.756596,24.723888,46.884343,18.0175412,"8600 Siófok, E71, Hungary",HU
201,51.24909,18.233116,47.7284681,19.9118764,"3212 Gyöngyöshalász, M3, Ungarn",HU
202,10.732713,135.7768,1.3081129,103.8334193,"22 Scotts Rd, Singapore",SG
203,51.79347,11.006725,51.9939313,5.0981564,"Jan Blankenweg 2, 4131 ZA Vianen, The Netherlands",NL
204,14.648293,71.61419,-29.8264916,30.8519392,"10 Greenfields Crescent, Pinetown 3610, South Africa",ZA
205,32.543842,37.977913,25.0354847,55.5917997,Dubai-Hatta Rd - Dubai - United Arab Emirates,AE
206,52.09644,18.34499,56.16943,8.6855281,"Videbækvej 35A, 7480 Vildbjerg, Denmark",DK
207,34.91724,25.868237,23.5835719,90.6372611,"N1, Gazaria, Bangladesh",BD
208,52.72398,24.472775,51.6497215,20.9744784,"26-800 Szczyty, Poland",PL
209,38.116844,15.452181,-15.7235843,-52.2549757,"BR-158, Mato Grosso, 78600-000, Brazil",BR
210,45.01329,42.58705,51.1847416,19.4152902,"Gmina Kamieńsk, Poland",PL
211,39.22037,23.406155,23.8418528,120.4880734,"524, Taiwan, Changhua County, Xizhou Township, 廣東巷",TW
212,30.744614,85.89547,22.4461865,114.0047327,"15 Ping Ha Rd, Ping Shan, Hongkong",HK
213,28.100075,26.800991,37.6454654,22.8457736,"Epar.Od. Argous - Arachneou, Nafplio 210 55, Greece",GR
214,49.957516,26.566048,54.0680955,24.0537352,"2518, Dzūkijos nacionalinis parkas, Liškiava 65319, Lithuania",LT
215,41.39043,9.33467,42.5607406,1.4956923,"CG-4, 82, AD400 Erts, Andorra",AD
216,50.002632,15.821191,42.9747781,25.3312194,"4041, 5374 Yantra, Bulgaria",BG
217,32.03043,52.059204,-33.4283406,-70.6617585,"Presidente Eduardo Frei Montalva, Independencia, Santiago Metropolitan Region, Chile",CL
218,47.692562,15.879564,45.3253342,14.8552191,"Poljička ulica 1, 51315, Mrkopalj, Croatie",HR
219,51.439617,6.7900705,47.3509221,17.4063941,"8521 Nagyacsád, 8406, Hungary",HU
220,49.746964,21.519047,9.9165528,-74.0574925,"I-80 # 2 a 100, Ariguaní (El Difícil), Magdalena, Colombia",CO
221,45.377155,9.826908,49.970491,17.9618178,"46, Opava-Malé Hoštice, Czech Republic",CZ
222,47.105915,13.847495,46.4711471,-0.0220694,"D5, 79340 Saint-Germier, France",FR
223,53.624805,18.032269,49.510062,8.5530327,"Magdeburger Straße, 68309 Mannheim, Germany",DE
224,17.764801,49.105026,25.1951466,55.6391754,E 102 - Sharjah - Förenade Arabemiraten,AE
225,54.676247,34.47087,41.6282032,-4.7345681,"Calle Daniel del Olmo González, 8, 47008 Valladolid, Spain",ES
226,59.11747,3.4745014,54.9280092,9.4899152,"Lundtoftvej 2, 6300 Gråsten, Danmark",DK
227,31.23951,12.604568,14.1685084,104.695391,"Unnamed Road, Cambodge",KH
228,35.362144,17.275745,37.7128646,-3.9627146,"Calle Manuel Bueno Sanchez, 23600 Martos, Jaén, Spain",ES
229,15.858827,114.483574,22.4454044,114.0052008,"15 Ping Ha Rd, Ping Shan, Гонконг",HK
230,47.769047,12.149667,15.3820674,100.0888471,"5002, Tambon Hat Thanong, Amphoe Mueang Uthai Thani, Chang Wat Uthai Thani 61000, Thailand",TH
231,57.6531,24.435574,56.8967605,9.7811385,"Guldbækvej 151, 9530 Støvring, Denemarken",DK
232,36.596756,16.684082,40.9415683,23.9246594,"Unnamed Road, Amfipoli 620 41, Greece",GR
233,45.8585,15.166158,52.108108,5.029727,"Jan Vogellaan, 3451 Vleuten, The Netherlands",NL
234,1.521678,36.556187,-20.1830191,24.0225867,"A3, Botswana",BW
235,19.438854,105.373474,37.5127364,127.070302,"1082-1 Jamsil-dong, Songpa-gu, Soul, Korean tasavalta",KR
236,49.23803,7.62131,64.035064,-22.7025737,"Vallargata, Sandgerði, Islandia",PE
237,65.45892,-0.37178564,42.6318376,1.4995781,"Ctra. d'Arcalís, AD300 Ordino, Andorra",AD
238,45.942562,10.42665,45.4438524,22.78991,"DJ685, Roemenië",RO
239,23.04398,95.928894,22.4702562,114.2330693,"66 Tai Mei Tuk Rd, Shuen Wan, Hong Kong",HK
240,52.08276,13.796255,55.9842306,9.7867,"Potmosevej 24, 8752 Østbirk, Denmark",DK
241,50.33968,18.709743,-24.928505,30.8100907,"R532, Motlatse Canyon Provincial Nature Reserve, South Africa",ZA
242,21.964931,67.056946,16.0511282,102.5374209,"Unnamed Road, Tambon Non Payom, Amphoe Chonnabot, Chang Wat Khon Kaen 40180, Thailand",CL
243,42.955585,25.507729,4.3250681,-74.4043975,"Calle 24, Fusagasuga, Cundinamarca, Kolumbia",CO
244,43.946186,15.007619,32.7687408,-96.8612105,"2400 Лон Стар Драйв, Даллас, Техас 75212, Соединенные Штаты Америки",US
245,42.60717,34.336937,55.4165008,25.0615687,"1201, Kurkle 29234, Litwa",LT
246,39.73002,23.39317,26.9232211,-105.6582615,"Venezuela 53, Kennedy, 33880 Parral, Chihuahua, Mexico",MX
247,52.405857,7.7779226,52.1760085,5.4622366,"Oosterdorpsstraat 25-27, 3871 AA Hoevelaken, The Netherlands",NL
248,47.76653,19.469296,50.08027,8.6322293,"Saonestraße 3, 60528 Frankfurt, Germany",DE
249,65.4614,24.952019,54.182748,-105.9642454,"CanAm Highway, Division No. 18, Unorganized, SK S0J, Canada",CA
250,-4.4339666,19.974884,-20.1793031,25.3548453,"A3, Botswana",BW
251,52.529285,9.055903,-39.5997613,175.8176904,"211 Te Moehau Road, Taihape 4795, New Zealand",NZ
252,55.14492,5.8122053,55.7681499,12.4958948,"Odinsvej 8-10, 2800 Lyngby, Denmark",DK
253,34.910683,8.146828,32.9550701,35.2114311,"8533, Yarka, Israel",NO
254,52.809,6.127632,60.3176179,10.4206605,"Heierkleiva 18, 2750 Gran, Norway",NO
255,57.46934,25.036469,52.6302253,18.8084057,"Droga Krajowa 62, Poland",PL
256,45.928425,10.353683,53.7141013,-8.3429046,"Unnamed Road, Co. Roscommon, Ireland",IE
257,35.413292,36.18603,-7.3763105,108.5422744,"Jl. St. Banjar, Pataruman, Kota Banjar, Jawa Barat 46322, Indonesia",ID
258,41.200188,21.68061,38.4452284,140.8174227,"Daigamorikita-31 Yoshida, Taiwa-chō, Kurokawa-gun, Miyagi-ken 981-3625, Japan",JP
259,42.416668,-14.502915,-33.5831725,-70.6958797,"Fontecilla 189, San Bernardo, Santiago Metropolitan Region, Chile",CL
260,8.840576,97.44721,23.7131769,88.7661701,"Chuadanga - Meherpur Hwy, Bangladesh",BD
261,24.66998,38.360207,-26.3828061,25.9094833,"N14, Biesiesvlei 2755, South Africa",ZA
262,47.73422,10.566894,47.5473098,21.6462336,"4028 Debrecen, Jósika Street 3-5, Hungary",HU
263,41.536587,10.098219,48.0004801,37.7796199,"Torets'ka street, 10-12, Donetsk, Donetsk Oblast, Ukraine",UA
264,48.059544,14.600818,40.2282045,-8.7355929,"R. Arieiro 19, 3090-837, Portugal",PT
265,52.343853,15.078716,47.7430706,21.3444613,"4074 Hajdúböszörmény, Bagota Street 30-32, Hungary",HU
266,43.191338,10.693297,-25.6385734,27.1970455,"Swartruggens Road, Rustenburg 0309, Republika Południowej Afryki",ZA
267,36.075745,12.560706,55.5506575,22.2659733,"E85, 75492, Litwa",BT
268,19.238256,70.91977,3.9444281,101.2861419,"Jalan Besout 5, 35600 Sungkai, Perak, Malaysia",MY
269,23.81334,35.285442,24.0461699,120.4670907,"Lane 207, Section 6, Zhānglù Road, Fuxing Township, Comté de Changhua, Taïwan 506",TW
270,45.5099,48.32828,1.4017732,103.9704287,"Natural Trail, Singapore",SG
271,41.394085,30.857319,42.8876728,11.8179239,"Strada Provinciale della Valle del Rigo, 53040 San Casciano dei Bagni, Sienne, Italie",IT
272,49.063446,11.517425,45.8778673,15.2414974,"8220 Brezovica, Słowenia",SI
273,56.912457,21.816406,56.497676,27.2627216,"E262, Ozolmuižas pagasts, LV-4601, Lettonie",LV
274,-11.939342,-34.595215,49.6363818,4.0082574,"D592, 02340 Dizy-le-Gros, France",FR
275,37.824474,37.00112,62.3114187,17.3732856,"Sandslåvägen 9, 862 33 Kvissleby, Sweden",SE
276,35.200542,5.752844,-19.7008111,22.0219143,"Unnamed Road, Botswana",NL
277,55.91892,15.126266,67.6016027,26.740429,"Rovaniementie 2257-2339, 99600 Sodankylä, Finland",FI
278,52.38984,5.5683527,50.8267309,5.2945375,"Kerselaarstraat 10, 3840 Borgloon, Belgium",BE
279,-24.072292,-34.374466,42.3701226,-5.0982994,"N-120, 245, 24342 Calzada del Coto, León, Spain",ES
280,51.46815,6.1176777,47.3906561,5.3047511,"D70, 21310 Mirebeau-sur-Bèze, France",FR
281,21.31305,-6.4975348,42.9404815,23.2655811,"8102, Svidnya, Bulgaria",BG
282,50.523228,18.217693,52.6590337,16.7980613,"Bielawska, 64-600 Oborniki, Poland",PL
283,45.317417,25.47092,40.4190483,-3.542011,"Avenida de Madrid, 32, 28822 Coslada, Madrid, Spain",ES
284,49.48512,12.316203,48.1821803,11.4875356,"Ernst-von-Beling-Straße 27, 80997 Munich, Germany",DE
285,26.490559,66.88061,-7.7066264,108.6559457,"Jl. Pantai Timur, Pangandaran, Pangandaran, Jawa Barat 46396, Indonesia",ID
286,2.5614905,-44.38749,41.6218947,26.3067614,"Epar.Od. Keramou - Dikeon 50, Elea 680 07, Greece",GR
287,9.185747,144.34442,22.4138177,114.0675682,"220 Ho Pui Tsuen, Tai Lam, Hong Kong",HK
288,42.89025,9.671555,50.0338351,13.3402048,"2066, 331 65 Žihle, Czech Republic",CZ
289,42.619503,94.438774,23.636505,90.5944565,"N1, Sonargaon, Bangladesh",BD
290,29.56921,4.490534,3.8500152,113.8588369,"AH150, 98200 Miri, Sarawak, Malaysia",MY
291,-31.525555,-59.891724,-32.0381438,-61.8149515,"RP66, Santa Fe, Argentina",AR
292,41.12962,46.681145,3.9109249,101.9941726,"C144, Kampung Pamah Kulat, 27600 Raub, Pahang, Malaysia",MY
293,44.608627,3.944829,44.9483358,37.9808079,"Krasno-Zelenaya ulitsa, 110, Krymsk, Krai de Krasnodar, Rusia, 353380",RU
294,45.632824,43.72416,5.2004754,-74.8801828,"Carrera 18 # 1 a 99, Mariquita, Tolima, Kolumbia",CO
295,56.799637,19.2751,53.1487384,21.4494996,"Unnamed Road, Polska",PL
296,3.8461246,156.14217,1.3772112,103.8407848,"642 Ang Mo Kio Ave 5, Singapore",SG
297,37.494453,62.079033,22.5243666,114.2154747,"Luk Keng Rd, Shuen Wan, Hong Kong",HK
298,46.47702,15.806859,50.4969879,30.3248695,"Ponomarova Street, Ukraine",UA
299,-14.932477,-18.446842,36.9924393,25.1175995,"Epar.Od. Parikias-Pountas, Pounta 844 00, Greece",GR
300,42.598064,28.473686,1.2716089,103.620717,"150 Tuas South Ave 5, Singapore 637363",UA
301,50.304768,12.189811,68.0442669,13.3491664,"Fylkesveg 807 350, 8380 Ramberg, Norway",NO
302,39.49425,27.579704,35.2778119,129.1099154,"611-2 Seon-dong, Geumjeong-gu, Pusan, Corée du Sud",KR
303,49.689434,9.587366,5.014344,-75.3434102,"I-50, Manizales, Caldas, Kolumbia",CO
304,46.23606,22.410385,46.7906502,-0.5171665,"D38, 79300 Bressuire, France",KR
305,66.15862,17.235794,48.399294,20.2688545,"50, 982 51 Stránska, Slovakia",SK
306,65.98228,22.38514,62.5700859,29.4739787,"Liperintie 60-62, 83130 Liperi, Finlande",FI
307,8.533364,122.03086,22.3107687,91.8570272,"N1, Bangladesh",BD
308,45.108387,40.403202,47.2187059,6.8211097,"4 Rue Lamarck, 25140 Charquemont, France",FR
309,63.01936,14.239343,46.4041103,-81.1892535,"Saint Louis Street, Greater Sudbury, ON P3Y 1G2, Canada",CA
310,46.052082,16.952421,48.9294531,21.8812766,"Družstevná, 066 01 Humenné, Slovakia",SK
311,34.70269,18.710419,-25.6385734,27.1970455,"Swartruggens Road, Rustenburg 0309, Republika Południowej Afryki",ZA
312,32.10764,31.93629,25.2429346,55.2755186,149 Al Mina Rd - Dubai - United Arab Emirates,AE
313,18.742496,101.091225,-34.4649258,-71.4012914,"I-318, Peralillo, VI Región, Chile",US
314,48.08828,24.103565,49.9698213,36.1781779,"Volozhanivs'ka street, 68, Járkov, Óblast de Járkov, Ucrania",UA
315,48.253345,-6.975544,51.8690883,-8.8383803,"Unnamed Road, Co. Cork, Ireland",IE
316,32.421097,20.210243,-26.0007604,28.0090296,"13 Pagoda Crescent, Sandton 2055, South Africa",ZA
317,45.65126,11.133617,59.4516713,16.815981,"966, 645 92 Strängnäs, Sweden",SE
318,50.18014,21.821037,31.8361176,130.7690913,"Unnamed Road, Makizonochō Shimonakatsugawa, Kirishima-shi, Kagoshima-ken 899-6506, Japan",JP
319,41.675014,12.171938,49.2963794,17.7326203,"Hradská 306, 763 17 Lukov, Czech Republic",AU
320,39.931118,14.8774,43.342394,16.7219768,"D113, 21424, Pražnica, Croatie",HR
321,35.48781,32.77036,56.783834,37.8270874,"Р104, Obwód twerski, Rosja",RU
322,8.737593,-14.723189,-33.1882057,22.0083091,"R328, Prince Albert 6930, Sydafrika",ZA
323,53.49146,9.211006,50.9307098,5.4556834,"Steenakkerstraat 94-120, 3590 Diepenbeek, Belgium",KH
324,73.49747,9.765745,47.6828049,-72.5674974,"Québec 155, La Tuque, QC G0X, Canada",CA
325,31.351284,-9.698331,42.511272,1.560387,"Ctra. d'Engolasters, 1, AD700 Escaldes-Engordany, Andorra",AD
326,45.600967,16.53381,37.6490324,-3.4346602,"A-324, 23560 Huelma, Jaén, Spain",ES
327,54.99006,36.784027,55.4397255,37.5602865,"Paradnyy proyezd, 8, Podolsk, Obwód moskiewski, Rosja, 142100",RU
328,48.267147,12.888916,42.4710159,1.7934933,"CG-2, AD200 Encamp, Andorra",AD
329,54.391666,5.833086,46.091911,12.0850332,"Via Cal da Prà, 7, 32036 Sedico, Belluno, Italy",IT
330,53.255695,12.07784,53.4462008,-113.2403662,"Alberta 14, Sherwood Park, AB T8C, Canada",CA
331,49.92316,12.787293,37.8587391,-25.2638665,"Japon, 〒100-2211 Tōkyō-to, Ogasawara-mura, Hahajima 都道241号線",JP
332,52.794445,8.719067,48.4320544,19.6423298,"050112, 985 22 Cinobaňa, Slovakia",SK
333,65.928955,14.071818,62.5267906,17.5883418,"Västansjövägen, 860 35 Söråker, Sweden",SE
334,47.229507,23.855404,-15.4512817,-47.5960274,"Rua A - Setor Leste, Planaltina - Goiás, Brazil",BR
335,50.638836,5.2992377,2.5630845,-75.4804738,"RT45, Hobo, Huila, Kolumbia",CO
336,51.502293,21.495068,54.1118377,15.7287992,"78-113 Świelubie, Polska",CH
337,60.528126,-6.2086697,65.7681697,-21.7001211,"Strandavegur, Islande",CH
338,53.921856,15.433049,46.1713974,14.509816,"Utik 38, 1217 Vodice, Słowenia",SI
339,32.649895,46.29595,49.2881896,13.3814079,"1718, 341 42 Kolinec, Czech Republic",CZ
340,50.4883,14.036568,52.1473641,6.7014308,"Eibergsestraat 191, 7481 HJ Haaksbergen, Pays-Bas",HU
341,34.730034,65.21065,-18.7065728,-39.8804237,"Avenida Cricaré, 377-669, Espirito Santo, Brazil",BR
342,43.58379,-8.117423,36.733052,-3.4375369,"GR-5209, Motril, Provincie Granada, Španělsko",ES
343,38.4846,23.908928,39.4428943,-0.7392601,"E-901, 323, 46370 Chiva, Valencia, Spanien",ES
344,30.864475,21.851814,-19.9816151,23.4511249,"Koro, Maun, Botswana",BW
345,15.833796,122.065414,16.995623,99.9534957,"Unnamed Road, Tambon Krai Nai, Amphoe Kong Krailat, Chang Wat Sukhothai 64170, Thailand",NL
346,35.287598,-11.019814,-48.7754542,-71.2419339,"RP29, Santa Cruz, Argentine",AR
347,30.680256,65.66882,27.4638542,90.5007355,"Sarpang - Gelephu - Trongsa Hwy, Bhutan",BT
348,38.6632,63.253708,-27.3202521,152.8538747,"31 Hills Road, Closeburn QLD 4520, Australia",AU
349,27.89296,44.77548,64.3164538,-22.0793033,"Faxabraut, Akranes, Iceland",IS
350,50.037273,10.558852,54.5542008,23.1698604,"5116, Geisteriškiai 70321, Lithuania",LT
351,51.106712,20.145653,56.6294927,21.2946957,"P112, Tadaiķi parish, LV-3452, Latvia",GR
352,75.64588,27.216309,59.4414714,-126.1650289,"Alaska Hwy, Northern Rockies B, BC V0C, Canada",CA
353,42.62913,10.996457,40.8957614,-7.8740673,"R. São Brás 53, 3600, Portogallo",PT
354,49.745487,7.4374475,42.5839018,1.5195989,"Av. de l'Ensegur, AD300 Ordino, Andorra",AD
355,46.942142,5.436843,44.7090512,15.1439246,"A1, 53224, Ličko Lešće, Croatia",HR
356,43.085163,0.37334204,23.7088357,120.2416707,"635, Taiwan, Yunlin County, Dongshi Township, 雲115鄉道",TW
357,31.848259,47.263527,39.8394127,-8.1273309,"N2, 6100, Portugal",PT
358,45.651356,20.969574,11.1780268,105.3035697,"Unnamed Road, Cambodia",KH
359,52.359005,20.957962,3.0303684,101.8666965,"Jalan Sungai Lalang, 43500 Semenyih, Selangor, Malaysia",MY
360,37.248165,-10.650573,-35.9323472,-60.3396814,"Ruta Nacional 205, Buenos Aires, Argentina",AR
361,-4.093419,16.106915,-24.2260168,26.1718687,"A1, Botswana",BW
362,36.444057,-1.178278,42.5810107,1.5192698,"Av. de l'Ensegur, AD300 Ordino, Andorra",AD
363,47.961727,8.353231,48.6368456,22.1607806,"552032, 072 53 Bežovce, Slovakia",SK
364,61.31127,12.243822,45.164017,-73.272238,"1162-1262 Rue Principale, Île-aux-Noix, QC J0J 1G0, Canada",CA
365,36.492805,25.529507,51.7680525,5.4969463,"Ussenstraat 100, 5345 HW Oss, The Netherlands",NL
366,51.79535,24.53334,37.6598455,-87.1541111,"7906-8048 Fitts Road, Owensboro, KY 42301, USA",US
367,51.99771,26.866974,51.0309511,20.5256603,"26-080 Borki, Poland",PL
368,50.887398,9.88587,42.5174979,1.5264201,"Av. Fiter i Rossell, 90, AD700 Escaldes-Engordany, Andorra",AD
369,38.250046,31.646973,46.7092222,16.0923537,"Lemerje 55, 9201 Puconci, Slovenia",SI
370,52.712803,19.158276,50.9594226,5.775302,"Merodestraat 36, 6171 XN Stein, Nederland",NL
371,51.9951,12.558847,48.8419253,19.1150043,"E77, 976 02 Staré Hory, Slovakia",SK
372,22.219233,92.90548,22.5777727,88.9985457,"Satkhira-Kaliganj Highway, Debhata, Bangladesh",BD
373,47.20312,13.641286,54.9844629,25.2255339,"5254, Glitiškės 14292, Lithuania",LT
374,60.858715,-14.971704,51.9927043,-3.3646638,"1 Park-View, Brecon, Powys LD3 9RL, UK",GB
375,36.474575,31.89109,49.4698987,8.5409321,"E50, 68239 Mannheim, Germany",DE
376,27.487793,43.34191,-25.6700289,27.2421008,"Pretorius Street, Rustenburg 0299, South Africa",ZA
377,32.914112,60.7829,-6.7435555,-79.4998769,"6A 630, Перу",PE
378,50.797497,10.140968,52.0277167,8.5979614,"Wüstenrotstraße 16-18, 33719 Bielefeld, Germany",DE
379,49.520237,15.054566,54.7692573,11.9667913,"Grønsundsvej 220, 4800 Nykøbing Falster, Danmark",DK
380,44.621998,21.165974,42.915128,23.7957492,"ул. „Хан Аспарух“, 2140 Botevgrad, Bulgaria",BG
381,43.447414,39.91514,44.1374846,9.7625005,"Via Giacomo Matteotti, 6, 19020 Quaratica La Spezia, Italy",AE
382,43.531727,32.72481,-30.445979,-60.1336612,"RP39, Santa Fe, Argentina",AR
383,32.479675,34.156048,45.8517466,10.9481522,"SS240, 38065 Mori, Trentino, Italy",IT
384,48.24714,-0.14149427,64.0343611,-20.3371822,"Þjórsárdalsvegur, Islande",IS
385,52.55542,16.02693,46.6736738,6.3623323,"Bois-de-Ban, 1325 Vaulion, Switzerland",CH
386,37.717384,15.464497,43.9745198,16.3591532,"D1, 22310, Kijevo, Croatia",HR
387,-14.880748,20.39429,-36.3731954,142.4415883,"Sheep Hills-Kellalac Road, Kellalac Victoria 3393, Australie",AU
388,16.351347,57.17617,24.8909901,55.0590456,Sheikh Mohammed Bin Zayed Rd - Dubai - United Arab Emirates,AE
389,31.117447,55.002235,22.516208,114.138223,"Unnamed Road, Sheung Shui, Hong Kong",HK
390,46.367046,13.869952,2.7811033,101.6730497,"Jalan Pekeliling & E6, Kuala Lumpur International Airport, 64000 Klia, Selangor, Malaysia",MY
391,58.929615,11.87212,61.6915034,23.3241346,"Hirvilahdentie 30-34, 39310 Ylojarvi, Finland",FI
392,37.789356,29.562336,37.3929047,127.1031512,"101-3 Pangyo-dong, Bundang-gu, Seongnam-si, Gyeonggi-do, South Korea",KR
393,50.058445,8.938669,47.8283237,20.4611166,"3398 Nagytálya, 2502, Hungary",HU
394,52.719143,13.924974,60.115099,12.0498987,"Arko-vegen, 2210 Granli, Noruega",NO
395,48.276505,21.961765,49.9897421,36.3494461,"Saltivs'ke highway, 143, Kharkiv, Kharkiv Oblast, Ukraine",UA
396,36.352413,21.63797,54.2388228,-8.964558,"Unnamed Road, Co. Sligo, Irlanda",IE
397,39.65304,-20.436203,32.8165321,34.9980443,"Ibn Rushd, Haifa, Israel",IL
398,39.23858,3.3854551,41.3819858,-84.0382627,"Ohio 109, Napoleon, Ohio 43545, États-Unis",US
399,42.28904,12.57599,48.0004801,37.7796199,"Torets'ka street, 10-12, Donetsk, Donetsk Oblast, Ukraine",UA
400,24.670612,93.24937,17.9932717,-94.0864116,"A Cuichapa 326, J. Mario Rosado 1a Sección, 96980 Las Choapas, Veracruz, Mexico",MX
401,55.07774,27.540771,47.5576434,7.5771667,"Birmannsgasse 25-27, 4055 Bazylea, Szwajcaria",CH
402,42.477573,24.95382,70.4414191,26.7952101,"Riksveg 98 30, 9740 Lebesby, Norway",NO
403,-61.751247,63.110638,-26.4901085,27.0369582,"R53, South Africa",ZA
404,55.171215,15.858603,45.0426792,7.4122133,"Strada Avigliana, 4, 10090 Trana, Turin, Italy",IT
405,52.895885,14.2553625,55.6193937,22.7201195,"3505, Kražiai 86274, Lithuania",LT
406,46.221714,32.186302,43.5084572,143.693874,"Unnamed Road, Rikubetsugenya Nishi 1 Sen, Rikubetsu-chō, Ashoro-gun, Hokkaidō 089-4300, Япония",JP
407,6.765964,38.764057,-21.6926416,25.8727713,"A14, Botswana",BW
408,42.31291,14.112563,49.4622157,11.1481309,"Rehhofstraße 18, 90482 Nuremberg, Germany",DE
409,60.687176,2.1857283,47.0032794,6.0404312,"D492, 25330 Éternoz, France",FR
410,47.6642,27.781036,56.3145028,44.0671034,"ulitsa Rodionova, 165 корпус 10, Nizhny Novgorod, Nizhny Novgorod Oblast, Russia, 603000",RU
411,3.7797766,17.052975,25.7895697,88.6684147,"Kantaji Temple Road, Bangladesh",BD
412,29.303345,14.047701,38.1382169,21.4761532,"Unnamed Road, Ditiki Achaia 252 00, Greece",GR
413,7.752344,22.990494,38.3927816,-8.3159698,"Unnamed Road, 7580 ポルトガル",PT
414,51.42622,16.304174,46.5137615,14.8605246,"Kopališka pot 11, 2392 Mežica, Slovenia",LT
415,-3.5714684,19.569576,-22.8599422,27.7440679,"Mahalapye, Botswana",BW
416,44.944187,17.43239,-33.7401958,24.7789793,"R331, Afrique du Sud",ZA
417,36.39594,28.905457,41.5563232,14.416357,"SS618, 86096 Macchiagodena Isernia, Italy",IT
418,42.80974,19.06961,45.9477931,13.7190478,"Šmihel 18b, 5261 Šempas, Slovenia",SI
419,43.8179,26.187908,47.4080837,21.7843795,"Monostorpályi, Bajcsy-Zsilinszky u. 64, 4275 Hungary",IS
420,32.58005,87.14129,50.0288734,36.3039915,"Zhulyardi Descent, Kharkiv, Kharkiv Oblast, Ukraine",UA
421,53.128136,11.03577,42.5444342,1.4705768,"CG-4, AD400 La Massana, Andorra",AD
422,26.66623,110.855385,27.3834509,90.5135841,"Sarpang - Gelephu - Trongsa Hwy, Bhutan",BT
423,59.31614,21.530357,59.9114121,71.1658738,"R404, Khanty-Mansiyskiy avtonomnyy okrug, Russia, 628327",GR
424,49.168835,17.645489,56.5528455,22.3131543,"P107, Pampāļi parish, LV-3882, Latvia",LV
425,45.83888,54.66444,48.0643267,7.1369913,"9-11 Route du Linge, 68140 Hohrod, France",FR
426,27.044468,0.93092155,41.5386452,0.2049882,"N-II, 22520 Fraga, Huesca, Spain",ES
427,47.508167,7.6374197,46.4300441,14.2686605,"4290 Podljubelj, Slovénie",SI
428,50.19266,20.18546,-42.9579129,147.5311315,"38-39 Pipe Clay Esplanade, Cremorne TAS 7024, Australia",AU
429,-24.662037,-16.378021,28.2928461,-97.8556045,"3000-3224 Farm to Market 796, Beeville, TX 78102, USA",US
430,41.632366,30.220531,51.490837,6.643706,"Verbandsstraße, 47199 Duisburg, Germany",DE
431,49.269653,3.700982,46.4818168,21.9875352,"DJ792A, Beliu, Romania",RO
432,41.69826,4.1806674,40.2951343,-6.3316391,"CC-V-110, 10630 Casar de Palomero, Cáceres, Spain",ES
433,47.15939,6.06764,43.4786261,-1.4892108,"56 Chemin de Lestanquet, 64100 Bayonne, France",FR
434,48.399395,11.212451,50.9013552,4.5467928,"Stroeykensstraat 22, 3071 Kortenberg, Belgium",BE
435,61.78235,27.359997,56.4463776,27.4103894,"P55, Čornajas pagasts, LV-4617, Łotwa",LV
436,28.429245,93.33503,26.9393268,89.9381904,"Daga Rd, Bhutan",BT
437,35.831177,70.53049,23.9176749,90.1024221,"Dhaka - Aricha Hwy, Bangladesh",BD
438,49.63983,35.22378,4.9261488,-74.428179,"I-50 # 76, Sasaima, Cundinamarca, Colombia",CO
439,46.150307,7.991419,50.8542725,3.364421,"Hazewindstraat 61-73, 8540 Deerlijk, Belgium",BE
440,52.168545,7.8318396,55.504888,21.6494498,"193, Švėkšna 99387, Lithuania",LT
441,49.25689,3.907402,51.9567976,5.9640952,"Van der Hoevensstraat 77, 6931 DB Westervoort, The Netherlands",NL
442,16.362064,15.728958,-24.6179983,25.531906,"Road No 4, Thamaga, Botswana",BW
443,40.91216,34.67446,46.4446486,30.7230668,"Yakova Breusa street, 5, Odesa, Odessa Oblast, Ukraine",UA
444,26.942062,36.89834,-29.9901643,-51.1260566,"Avenida Alcides Maia, 59-259 - Sarandi, Pôrto Alegre - Rio Grande do Sul, 91120-440, Brésil",BR
445,14.464791,-61.24211,53.2994806,-112.6357685,"Alberta 834, Tofield, AB T0B 4J0, Canada",CA
446,36.207485,25.35014,10.1309891,-75.2273514,"Malagana # 2 a 100, Mahates, Bolívar, Kolumbia",CO
447,34.5791,27.484703,49.3045089,-1.2489062,"2-4 Rue Jean Truffaut, Parc Naturel Régional des Marais du Cotentin et du Bessin, 50500 Carentan, France",FR
448,21.564564,13.408813,-26.3791816,31.955276,"MR7, Swaziland",DK
449,34.782547,54.57415,4.5521506,100.7272031,"Jalan Changkat Jering - Sri Manjung - Kampung Koh, 34800 Terong, Perak, Malaysia",MY
450,24.000519,79.71017,32.0781812,34.768641,"Ben Yehuda 41-57, Tel Aviv, Israel",IL
451,47.51005,5.5718617,51.649071,4.6971888,"Bredeweg 4, 4844 PZ Terheijden, The Netherlands",NL
452,44.457714,12.149997,32.0781812,34.768641,"Ben Yehuda 41-57, Tel Aviv, Israel",IL
453,37.327606,8.669971,25.4783652,-108.2219399,"Culiacán - Los Mochis, Sinaloa, Mexico",CH
454,-4.253297,18.100525,37.7672705,-8.3613577,"N263, 7670 ポルトガル",PT
455,50.2867,23.353302,46.0373596,-74.2480644,"113-135 Mount Rainer, Sainte-Agathe-des-Monts, QC J8C 2Z7, Canada",CA
456,44.803326,32.345585,56.0008736,23.5346364,"2908, Sereikiai 81475, Lithuania",LT
457,62.109257,25.59177,57.2097378,25.0421079,"Siguldas iela 1, Gauja National Park, Līgatne, Līgatnes pilsēta, LV-4110, Latvia",CH
458,42.278244,25.41454,-33.3213572,-71.4092225,"Avenida Portales, Casablanca, Région de Valparaíso, Chili",CL
459,29.535686,-9.648389,47.9403165,20.5456215,"3413 Cserépfalu, Berezdalja Way 11, Hungary",HU
460,54.392338,12.413574,51.5750068,-9.3710405,"Unnamed Road, Co. Cork, Ireland",IE
461,34.49086,25.815235,23.493841,89.4314935,"Dauladia - Faridpur - Magura - Jhenaidah - Jessore - Khulna - Mongla Rd, Magura, Bangladesh",BD
462,35.342007,62.265236,23.7163168,89.1559151,"Kushtia - Jhenaidah Hwy, Bangladesh",BD
463,52.618534,13.144258,51.5648821,5.1009988,"Ringbaan Oost 136, Kanaalzone II, 5013 CE Tilburg, The Netherlands",NL
464,53.59554,11.3528185,52.1719937,4.523959,"Provincialeweg, 2353 Leiderdorp, The Netherlands",NL
465,46.076714,10.2088175,37.9143229,-77.5706583,"13530 Verdon Road, Ruther Glen, VA 22546, USA",US
466,44.38256,51.497704,23.874098,90.9853479,"Unnamed Road, Бангладеш",BD
467,5.1730347,102.07803,25.1312736,55.1158182,Crescent Rd - Dubai - Các tiểu Vương quốc Ả rập Thống nhất,AE
468,73.01743,-14.331859,52.4869325,5.6959088,"Palingweg 8, 8256 PA Biddinghuizen, The Netherlands",NL
469,57.203285,7.0647087,52.4752612,5.6803692,"Botweg 1, 8256 PB Biddinghuizen, The Netherlands",NL
470,43.023693,38.55365,14.9119888,104.8759603,"Unnamed Road, Tambon Khok Sawang, Amphoe Samrong, Chang Wat Ubon Ratchathani 34360, Thailand",TH
471,43.851265,10.623678,50.2568686,2.2501504,"D115, 62270 Bonnières, France",FR
472,37.345695,58.455975,24.6642407,120.9185617,"Shuǐyuán Road, Toufen Township, Miaoli County, Тайвань 351",TW
473,-30.260052,-66.15546,-40.2439772,-70.3398808,"RN237, Neuquén, Argentina",AR
474,45.998142,48.352592,-24.1855489,-53.0247436,"Avenida Dezenove de Agosto, 545, Parana, 87360-000, Brazylia",BR
475,47.662853,17.090904,50.6306177,13.7799857,"Hudcovská 76, 415 01 Teplice, Czech Republic",CZ
476,37.303825,17.513102,-34.1209123,18.8331725,"52 Neethling Street, Cape Town 7139, South Africa",ZA
477,22.73358,119.66044,5.1415144,-74.8995983,"I-43 # 1, Armero, Tolima, Kolumbia",CO
478,41.83394,9.322416,40.2225809,-7.864872,"EM508, 3305, Portugal",PT
479,41.834316,13.452592,44.0278418,12.5707097,"Via Alda Costa, 1, 47924 Rimini, Italy",IT
480,-19.012112,10.582753,43.0438002,-90.6564256,"14813-14953 County Road T, Fennimore, WI 53809, USA",HK
481,26.080433,67.54747,12.2909367,105.7503083,"Unnamed Road, Cambodia",EE
482,45.6706,11.515937,35.1078956,136.9538505,"1 Chome-14-2 Nonami, Tenpaku Ward, Nagoja, Prefektura Aichi, Japonia",JP
483,53.657177,16.268396,55.5506575,22.2659733,"E85, 75492, Litwa",IS
484,46.383354,15.747302,48.5105254,19.3073135,"2463, 962 25 Slatinské Lazy, Slovakia",MY
485,25.337376,26.67773,43.7982577,24.0873477,"Strada Nicolae Bălcescu, Dăbuleni, Romania",RO
486,36.572475,65.011314,43.8632161,12.981152,"Località San Biagio, 36B, 61032 Fano Pesaro and Urbino, Italy",IT
487,53.386806,11.135398,51.649071,4.6971888,"Bredeweg 4, 4844 PZ Terheijden, The Netherlands",NL
488,3.7192142,113.54071,10.7209814,99.385552,"4004, Tambon Chum Kho, Amphoe Pathio, Chang Wat Chumphon 86160, Thailand",TH
489,52.09315,14.467367,6.6164833,100.2549219,"7, 02100 Padang Besar, Perlis, Malaysia",MY
490,41.67532,-1.2238989,41.1131713,15.265177,"Contrada Olmo, 9, 83030 Zungoli, Avellino, Italy",IT
491,41.886875,33.348907,-33.4949277,-70.5993844,"Macul 4333-4559, Macul, Santiago Metropolitan Region, Chile",CL
492,37.404667,8.418966,-20.8501609,27.1491023,"A3, Botswana",DE
493,52.144707,8.36246,12.7093601,102.4420745,"3299, Tambon Nong Bon, Amphoe Bo Rai, Chang Wat Trat 23140, Thailand",CZ
494,21.871723,77.05718,1.3343549,103.9201323,"708 Bedok North Rd, Singapore 470708",SG
495,53.973087,39.217957,51.1583258,16.9342609,"Północna 4-6, 54-105 Wrocław, Polska",PL
496,49.567112,5.772471,51.2118339,3.0209157,"Clemensheulestraat 11-17, 8460 Oudenburg, Belgium",BE
497,28.847797,15.971784,31.9854443,34.9626007,"Yitzhak Rabin Highway, Israel",IL
498,37.304813,3.0149088,-15.6709115,-74.5232407,"Panamericana Sur, Peru",PE
499,3.1603804,-66.05654,42.5581535,1.4467652,"CG-4, AD400 La Massana, Andorra",AD
500,50.197124,4.895831,50.4430329,15.9635208,"3073, 552 05 Brzice, Czech Republic",CZ
501,52.11632,27.402615,48.7788083,9.1652936,"Falkertstraße 27, 70176 Stuttgart, Germany",DE
502,32.150063,19.236496,48.9385649,18.0929176,"E75, 913 31 Skalka nad Váhom, Slovakia",SK
503,42.323177,25.670582,41.0104656,140.8896274,"Japan, 〒039-3301 Aomori-ken, Higashitsugaru-gun, Hiranai-machi, Higashitazawa 県道9号線",JP
504,19.021984,49.580406,23.8861277,89.1058197,"Kushtia - Jhenaidah Hwy, Kushita, Bangladesh",BD
505,48.868847,10.103817,47.0819878,7.1258675,"Chemin de la Roche-Au-Cros, 2514 La Neuveville, Elveţia",CH
506,45.891354,15.458354,66.1213553,12.5635224,"Fylkesveg 181 12, 8820 Dønna, Norway",NO
507,-18.308552,10.980489,-35.4769933,-63.1648236,"Ruta Provincial 70, Buenos Aires, Argentinien",AR
508,33.487488,53.104237,25.1128676,55.1088845,Crescent Rd - Dubai - Vereinigte Arabische Emirate,AE
509,52.97946,4.0763407,56.8686955,10.0105504,"Brøndumvej 19, 9520 Skørping, Denmark",DK
510,27.088245,29.671867,50.6145652,27.2659801,"E40, Zhytomyrs'ka oblast, Ukraine",GR
511,20.614737,44.497776,-6.2939238,107.4289676,"Jl. Syeh Quro, Talagasari, Karawang, Jawa Barat 41381, Indonesia",ID
512,54.898193,36.421955,57.0675851,27.2958045,"P47, Balvi parish, LV-4561, Latvia",LV
513,39.23333,14.839729,57.1997281,22.571605,"P120, Lībagu pagasts, LV-3258, Latvia",LV
514,53.994915,25.63604,33.1112414,139.8439913,"Japan, 〒100-1622 Tōkyō-to, Hachijō-machi, Sueyoshi 八丈一周道路",JP
515,-7.281764,-36.492935,-15.836903,-71.0895441,"Salinas and Aguada Blanca National Reservation, 34A, Peru",PE
516,47.914364,19.643002,51.5898989,5.3980232,"Boxtelseweg 9, 5491 XT Sint-Oedenrode, The Netherlands",NL
517,42.46783,23.258667,42.4765685,1.4529428,"Ctra. de Canòlich, AD600 Sant Julià de Lòria, Andorra",AD
518,42.529995,29.652546,23.7131769,88.7661701,"Chuadanga - Meherpur Hwy, Bangladesh",BD
519,52.512356,11.494893,55.8508762,21.3687717,"2316, Raguviškiai 97210, Lithuania",LT
520,56.37853,12.814422,51.8265267,4.4697196,"Dorpsstraat 128, 3274 Heinenoord, The Netherlands",NL
521,41.343685,68.615425,42.5915174,143.2834518,"Hiroo National Hwy, Hokkaidō, Japan",JP
522,59.89241,19.912739,42.8639573,-79.0764126,"4318-4384 Erie Road, Fort Erie, ON L0S 1N0, Canada",CA
523,56.470753,27.428326,50.0816073,8.5803907,"Schwanheimer Bahnstraße 100, 60529 Frankfurt am Main, Duitsland",DE
524,-77.42986,87.4511,-29.9987708,151.6753723,"LOT 14 Old Ben Lomond Road, Ben Lomond Nouvelle Galles du Sud 2365, Australie",AU
525,38.68812,43.671597,22.824537,91.5525901,"Dhaka - Chittagong Hwy, Bangladesh",BD
526,24.576862,65.68307,41.09244,23.923704,"Unnamed Road, Perichora 620 45, Greece",MY
527,50.530224,7.803748,41.6220916,24.953784,"863, 4741 Krastatitsa, Bulgaria",BG
528,53.839764,13.40134,58.7830271,6.0776962,"Fylkesveg 286 70, 4330 Ålgård, Norway",NO
529,46.253006,35.580055,22.4437693,114.0154795,"133 Castle Peak Road (Ping Shan), Ping Shan, Hong Kong",HK
530,47.22713,2.3025513,41.4415217,13.275162,"Località Capo D'Acqua, 20, 03021 Amaseno, Frosinone, República Italiana",IT
531,47.70569,12.299893,47.5703847,18.9556788,"1028 Budapest, Tópart Street 1-3, Hungary",HU
532,52.547237,-24.895844,64.9839948,-22.9180545,"Helgafellssveitarvegur, Iceland",IS
533,35.45714,-0.07442951,37.6048937,127.0600202,"137 Hwarang-ro 32-gil, Seongbuk-gu, Seoul, South Korea",PE
534,37.189903,-8.853159,48.2601156,21.8995833,"3973 Cigánd, Hajnal Street 6, Hungary",HU
535,13.640699,-37.385273,58.1678375,-5.1970313,"A837, Lairg, Highland IV27 4LW, Royaume-Uni",GB
536,49.093845,19.58002,24.9821778,55.0225499,Unnamed Road - Dubai - Spojené arabské emiráty,AE
537,37.342384,16.822927,44.0103803,15.2750569,"D110, 23263, Ždrelac, Croatia",HR
538,3.5364008,110.512634,-7.7118977,110.3517334,"Jl. Pramuka, Kec. Sleman, Sleman, Daerah Istimewa Yogyakarta 55512, Indonesia",ID
539,60.26569,14.736033,4.7520584,-74.0617542,"Calle 168 # 62-2 a 62-100, Bogotá, Cundinamarca, Colombia",AE
540,37.65613,41.59427,53.6158108,10.1506213,"Redderblock 28E, 22145 Hamburg, Germany",DE
541,28.338276,57.94856,27.7017701,128.9083412,"Japon, 〒891-8323 Kagoshima-ken, Ōshima-gun, Isen-chō, Kinoko 県道83号線",JP
542,45.76518,22.813412,2.6904574,101.933517,"30, Jalan Rasah, 70300 Seremban, Negeri Sembilan, Malaysia",MY
543,50.176853,9.659504,55.1186264,9.1862396,"Gammel Tøndervej 34, 6534 Agerskov, Tanska",DK
544,61.803574,-5.6865788,59.6772136,10.9560448,"Fylkesveg 205 30, 1825 Tomter, Norway",NO
545,30.48885,52.57832,25.2555632,55.3841112,217 Al Quds St - Dubai - United Arab Emirates,AE
546,47.516922,39.833538,45.7048548,16.0209918,"Nova cesta 69, 10412, Donja Lomnica, Croatia",HR
547,20.661364,65.48412,42.5220045,141.3208403,"356 Ishiyama, Shiraoi-chō, Shiraoi-gun, Hokkaidō 059-0921, Japan",JP
548,53.499283,10.836028,46.3848987,-63.2081199,"63-295 Macquarrie Road, Lot 33, Wyspa Księcia Edwarda C0A, Kanada",CA
549,36.141094,11.080485,-4.9092807,-81.0551491,"Carretera El Arenal-La Huaca, Peru",PE
550,39.735096,68.56162,-42.9420246,147.2755987,"661 Summerleas Road, Fern Tree TAS 7054, Australia",AU
551,62.026775,-33.173668,63.9638891,-20.2775832,"Landvegur, Iceland",IS
552,40.86857,30.238785,13.9561152,100.9377592,"Unnamed Road, Tambon Bung Nam Rak, Amphoe Bang Nam Priao, Chang Wat Chachoengsao 24170, Thailand",TH
553,40.791275,53.94407,46.2146368,6.0813041,"Route de Peney 27, 1214 Vernier, Switzerland",CH
554,50.01785,25.221386,49.0591551,19.8849551,"Východná 728, 032 32 Východná, Slovakia",SK
555,38.848145,36.24949,57.6523541,25.752042,"Sporta iela 9, Seda, Sedas pilsēta, LV-4728, Latvia",LV
556,78.47635,-16.745316,66.1505472,-15.1726827,"Norðausturvegur, Iceland",IS
557,45.345394,7.3397326,58.4950605,5.8072231,"Nordsjøvegen, 4364 Sirevåg, Norway",AE
558,59.94225,1.7145104,60.2715806,11.5061273,"Sjølivegen, 2164 Skogbygda, Norway",NO
559,41.144695,32.76793,52.5450233,13.3789358,"Hochstraße 23A, 13357 Berlin, Germany",DE
560,46.66132,9.05628,54.3045641,-7.7877177,"89A Gardrum Road, Enniskillen, Fermanagh BT74 9AT, UK",GB
561,35.24195,30.311481,34.6036743,133.8227701,"1956 Hayashima, Tsukubo District, Okayama Prefecture, Japan",JP
562,47.41821,2.8229957,49.4675216,11.1077297,"Thorner Straße 21, 90491 Nuremberg, Germany",DE
563,41.34743,26.0794,24.9859577,55.0199025,Unnamed Road - Dubai - United Arab Emirates,AE
564,54.859585,17.75709,47.7021732,18.015285,"2941 Ács, Igmándi Street, Hungary",HU
565,52.199802,12.1051855,51.9381465,8.5048669,"Buschkampstraße 322, 33659 Bielefeld, Allemagne",DE
566,44.045166,38.332775,23.5622354,119.4772417,"881, Tajvan, Penghu County, Xiyu Township, 148-6",TW
567,39.62081,24.138042,50.1305973,20.0896906,"71, 32-010 Sulechów, Poland",PL
568,33.90029,37.8996,-26.2722395,28.1790981,"Kreupelhout Street, Germiston 1401, South Africa",ZA
569,51.09918,20.903908,46.7330469,7.6257835,"Hännisweg 6, 3645 Thun, Switzerland",CH
570,44.953667,20.33202,54.5416928,18.28992,"Wejherowska, Полша",PL
571,46.06577,36.862823,10.7552952,104.7947989,"Unnamed Road, Cambodia",KH
572,46.908043,10.942483,-30.5213414,29.5831545,"N2, South Africa",ZA
573,43.434303,12.513474,42.631586,27.4854645,"906, 8216 Burgaz, Bulgaristan",BG
574,21.976154,100.94703,-32.0909361,133.4968798,"Denial Bay Road, Nadia SA 5690, Australia",AU
575,16.993017,96.89584,5.4819241,116.982925,"Jln Telupid - Tongod - Penangah, Kota Kinabatangan, Sabah, Malaysia",MY
576,44.40929,39.313522,37.4432574,126.4017452,"928-20 Nambuk-dong, Jung-gu, Incheon, South Korea",KR
577,63.525173,-13.6589575,65.461981,-15.660118,"Þjóðvegur, Iceland",IS
578,46.54848,7.4818335,17.8603624,101.5729512,"2195, Tambon Pak Tom, Amphoe Chiang Khan, Chang Wat Loei 42110, Thailand",TH
579,32.538414,7.953069,-41.454344,-72.916392,"Camino A Alerce, Puerto Montt, Los Lagos Region, Chile",CL
580,4.4975057,15.674628,-23.38521,27.5344222,"R510, South Africa",RU
581,11.633422,72.40019,18.5667056,-97.1018664,"Unnamed Road, Veracruz-Llave, Mexikó",MX
582,24.243553,62.846756,24.9211073,55.1056031,Sheikh Mohammed Bin Zayed Rd - Dubai - United Arab Emirates,AE
583,44.3268,22.048885,26.8362093,-109.6357069,"Azucena 103, 14 de Enero, 85930 Huatabampo, Sonora, Mexico",MX
584,66.01737,16.308926,63.360023,14.8484796,"751, 836 93 Lit, Sweden",SE
585,49.304333,5.7424207,48.3767273,17.6812775,"Lovčická 26-28, 919 27 Brestovany-Horné Lovčice, Slovakia",SK
586,39.882145,14.480878,35.2976864,129.228075,"298-3 Cheonggwang-ri, Ilgwang-myeon, Gijang-gun, Busan, South Korea",KR
587,46.926006,13.700484,39.1351119,25.9303947,"Epar.Od. Kallonis-Skala Eresou, Skala Eresou 811 05, Greece",GR
588,-18.80093,23.252983,-26.9928742,31.7326623,"MR14, Swaziland",SZ
589,44.882877,53.6585,37.5882032,127.0234995,"347-6 Anamdong 1(il)-ga, Seongbuk-gu, Seul, Južna Koreja",KR
590,46.412632,24.938751,47.2287387,2.3410572,"16-18 La Grande Noue, 18110 Allogny, France",FR
591,72.22523,20.125835,52.4086514,-114.9598425,"7327-7407 David Thompson Highway, Alhambra, Alberta T0M 0C0, Kanada",CA
592,53.632824,3.5288372,27.5870202,91.4915538,"Mongar - Trashigang - Trashiyangtse Rd, Trashiyangtse, Bhutan",BT
593,41.468945,5.308478,46.7888584,18.9391045,"7020 Dunaföldvár, Külsőbölcskei Way 19-21, Hungary",HU
594,35.511868,17.907475,46.4460912,25.7584953,"E578, Racu, Romania",RO
595,46.22193,40.36904,17.3822122,103.3042539,"22, Tambon Kho Tai, Amphoe Sawang Daen Din, Chang Wat Sakon Nakhon 47110, Thailand",TH
596,43.85056,42.78232,50.08027,8.6322293,"Saonestraße 3, 60528 Frankfurt, Germany",DE
597,40.130093,71.63084,53.3453153,83.7660928,"prospekt Krasnoarmeyskiy, 106, Barnaul, Altai Krai, Russia, 656907",RU
598,70.77439,16.609474,63.0049403,29.7303084,"Komakantie, 83950 Juuka, Finland",FI
599,52.393627,39.672268,26.9292632,89.9644295,"Daga Rd, Bhutan",BT
600,63.709618,31.499115,63.3456134,21.3125572,"Björkövägen 807, 65870 Korsholm, Finland",FI
601,51.468494,26.629444,54.4006886,24.0957968,"Druskininkų gatvė 40, Alytus 62216, Lithuania",LT
602,72.68973,7.264192,63.8950625,24.4990746,"Toholammintie 137-139, 85410 Sievi, Finlandia",FI
603,52.076736,20.350552,42.8982629,-85.6409298,"1113-1185 36th Street Southeast, Grand Rapids, MI 49508, USA",US
604,54.49409,5.4714484,45.7244084,16.3618363,"Lepšić 3, 10310, Lepšić, Croatia",HR
605,65.74443,24.881046,51.8627153,-120.8634183,"3474 Canim-Hendrix Lake Rd, Forest Grove, BC V0K 1M0, Canada",CA
606,41.58307,17.914776,52.7740645,-7.4998618,"Unnamed Road, Co. Kilkenny, Ireland",IE
607,53.674114,28.036087,-33.6526989,-70.5333907,"Santa Rita, Pirque, Santiago Metropolitan Region, Chile",CL
608,5.4181576,-42.15256,-37.9113917,-69.171326,"Ruta Provincial 5, Neuquén, Argentina",AR
609,47.77483,23.382282,50.9574798,18.2095391,"Nowodworska 4, Kluczbork, Poland",PL
610,64.14577,28.770214,63.189854,15.5314488,"768, 830 76 Stugun, Sweden",SE
611,41.843258,36.613167,5.7417205,-72.9073857,"Calle 47 # 10B-1 a 10B-99, Sogamoso, Boyacá, Kolumbia",CO
612,33.005634,36.1288,23.6687352,119.6044621,"Natik St, Cambridge Bay, NU X0B, Kanada",CA
613,31.912407,53.91194,1.4351542,103.7166995,"51 Lim Chu Kang Lane 6, Singapore 718864",SG
614,-7.8621187,132.11275,-37.2119094,141.0937928,"15 Fullertons Road, Poolaijelo VIC 3312, Australia",AU
615,53.686993,12.991054,47.2902073,26.8209199,"DJ281C, Romania",EE
616,3.1974974,152.63606,23.5133928,89.4616785,"Mawa - Bhanga Hwy, Bangladesh",BD
617,38.012413,43.227882,-26.1512298,28.1074727,"0B Edward Avenue, Johannesburg 2192, Südafrika",ZA
618,39.81368,60.30842,23.3283279,89.998428,"Dhaka - Barisal Hwy, Bangladesh",BD
619,49.853573,50.16635,1.3775105,103.9423469,"623 Elias Rd, Singapore 510623",SG
620,59.084568,30.014595,45.223092,0.4094151,"24 Au Bois Sema, 24600 Saint-Pardoux-de-Drône, Francja",FR
621,45.015305,-9.443552,47.2287387,2.3410572,"16-18 La Grande Noue, 18110 Allogny, France",FR
622,37.74743,21.045258,39.5767576,-0.5170821,"Calle Fuente del Algezar, 46117 San Antonio de Benagéber, Valencia, Spain",ES
623,34.686966,35.591034,37.6362722,126.7934969,"455-3 Baekseok-dong, Ilsandong-gu, Goyang, Gyeonggi-do, Südkorea",KR
624,53.10164,-2.8309631,47.3081825,6.795854,"Rue du Dessoubre, 25190 Saint-Hippolyte, France",FR
625,23.324165,69.566185,36.4764667,23.1582867,"Unnamed Road, Monemvasia 230 53, Greece",GR
626,45.187607,18.884445,42.361032,0.0908119,"A-2205, 22330, Huesca, Spain",ES
627,41.32043,48.39944,45.55708,13.8708789,"6275 Gabrovica pri Črnem Kalu, Slovénie",SI
628,44.143623,34.47239,37.5218802,126.8110718,"434-1 Wonjong 1(il)-dong, Ojeong-gu, Bucheon-si, Gyeonggi-do, South Korea",KR
629,47.72835,28.913574,43.3492099,142.1512656,"Yubari National Hwy, Ashibetsu, Ashibetsu-shi, Hokkaidō 075-0000, Японія",JP
630,4.9482274,27.647377,41.6154266,-5.6482623,"CL-612, 16, 49123 Benegiles, Zamora, España",ES
631,44.906567,31.527847,-29.9901643,-51.1260566,"Avenida Alcides Maia, 59-259 - Sarandi, Pôrto Alegre - Rio Grande do Sul, 91120-440, Brésil",BR
632,37.008778,24.59753,40.4134696,-7.4419568,"N232 18, 6300 Vale de Amoreira, ポルトガル",PT
633,29.027084,91.01475,24.1744881,120.6252425,"No. 118-1, Ānhé Road, Xitun District, Taichung, Taïwan 407",TW
634,28.617336,59.42008,23.9180964,90.1092353,"Dhaka - Aricha Hwy, Bangladesh",BD
635,25.473392,18.902473,-26.2138615,31.9149464,"MR3, Simunye, Swaziland",SZ
636,39.662693,32.950314,49.7978316,14.0012353,"115, Jince, Czech Republic",CZ
637,57.80627,14.016676,59.913407,10.5099903,"Gabbroveien 15, 1352 Kolsås, Norway",NO
638,55.39269,17.756924,53.3201833,34.3129544,"Pochtovaya ulitsa, 46А, Bryansk, Bryansk Oblast, Russia, 241016",RU
639,46.881657,15.275956,52.2137475,4.9313539,"Achterveld 10, 3645 HP Vinkeveen, The Netherlands",NL
640,50.37277,3.626841,51.1621951,6.8667717,"Benrather Schloßallee 89, 40597 Düsseldorf, Tyskland",DE
641,60.779774,18.181732,50.8321194,4.4559598,"Salomélaan 4, 1150 Woluwe-Saint-Pierre, Belçika",BE
642,42.712536,17.111294,44.6988257,26.1337661,"DJ111, Izvorani, Romania",RO
643,46.827267,13.387843,56.8719929,22.2410858,"Kārļa iela, Vārme, Vārme parish, LV-3333, Latvia",LV
644,40.839638,21.010624,25.155773,55.2998538,Muscat St - Dubai - United Arab Emirates,AE
645,44.329464,42.756798,39.0799892,-8.4465683,"Unnamed Road, 2100, Portugal",KH
646,52.006695,4.3297243,56.3189743,-3.1103637,"A92, Cupar, Fife KY15, Reino Unido",GB
647,46.37181,51.88042,27.5033661,90.7303241,"Bumthang - Ura Hwy, Bhutan",BT
648,49.655636,16.790104,53.6924095,-1.1993022,"Cobcroft Lane, Knottingley, North Yorkshire WF11, UK",GB
649,47.111122,16.837006,36.4558818,-86.6383917,"121 Strassle Drive, White House, Tennessee 37188, États-Unis",US
650,48.37046,-0.66917133,41.8692671,140.1513469,"245 Hinokitai, Esashi-chō, Hiyama-gun, Hokkaidō 043-0035, Japan",JP
651,21.758053,68.73816,-29.8117286,30.8417433,"11 Swanfield Road, Pinetown 3610, Afrique du Sud",ZA
652,48.279095,31.668377,23.9941533,120.7667975,"Lane 151, Jiànxíng Road, Caotun Township, Nantou County, Taiwan 542",TW
653,40.34328,21.635109,1.0810851,111.1706816,"AH150, 95000 Sri Aman, Sarawak, Malaysia",MY
654,37.78609,12.651968,-33.0473559,-71.4011881,"Ramón Angel Jara 125-141, Villa Alemana, Valparaíso Region, Chile",CL
655,54.066833,22.891281,52.2509268,5.3375971,"3754 NA Eemdijk, Нидерланды",NL
656,46.67566,8.431057,39.5202911,-3.0134775,"CM-3162, 6, 45820 El Toboso, Toledo, Spain",ES
657,49.40127,4.366582,51.9493792,-8.277969,"Unnamed Road, Co. Cork, Ireland",IE
658,9.345521,105.38036,15.6001944,101.522274,"Unnamed Road, Tambon Sap Yai, Amphoe Sap Yai, Chang Wat Chaiyaphum 36130, Thailand",TH
659,47.612564,49.012745,52.2147818,4.5126804,"A44, Jagtlust, 2171 Sassenheim, The Netherlands",NL
660,26.548565,65.2183,23.8485872,89.8532811,"Dhaka - Aricha Hwy, Bangladesh",BD
661,47.21013,17.900253,57.4285947,24.9257849,"P14, Stalbes pagasts, LV-4151, Lettonie",AE
662,50.13297,12.647702,53.0215819,-6.2228435,"L1076, Co. Wicklow, Ireland",IE
663,54.60851,-13.436404,65.461981,-15.660118,"Þjóðvegur, Iceland",IS
664,51.54616,5.6477385,53.9281992,-8.6077558,"Unnamed Road, Co. Roscommon, Ireland",IE
665,55.547935,19.44717,-25.4104675,-49.4968802,"Estrada de Bateias, 6871 - Centro, Parana, Brazil",BR
666,38.035675,20.802036,51.5898989,5.3980232,"Boxtelseweg 9, 5491 XT Sint-Oedenrode, The Netherlands",NL
667,49.27625,14.539556,42.9520023,16.7352851,"D118, 20270, Blato, Croatia",HR
668,51.752495,4.9875236,46.5232931,-1.0190949,"50-54 Route de Saint-Aubin, 85210 Saint-Étienne-de-Brillouet, France",FR
669,44.3134,15.411647,45.8556572,27.3701509,"E581, Romania",RO
670,41.987244,26.791378,32.4178461,34.9138964,"Yitshak Ben Zvi, Hadera, Israel",IL
671,53.388073,0.7464495,51.4029072,7.0691671,"Wechselpfad 1, 45259 Essen, Tyskland",DE
672,44.68125,20.187061,-37.4135393,144.9652236,"25 King William Court, Wallan VIC 3756, Australia",AU
673,-21.2244,26.965183,-25.8870663,31.5097728,"MR1, Swaziland",SZ
674,47.53768,17.251644,49.2777657,16.0968105,"3923, 675 79 Tasov, Czech Republic",CZ
675,31.744473,26.503723,35.4876817,-97.4593944,"2913-2981 Northeast 18th Street, Oklahoma City, OK 73111, USA",US
676,15.086452,72.88134,42.9935328,11.2897244,"SS223, 58045 Civitella Paganico, Grosseto, Italy",IT
677,79.20359,-16.211102,65.9483462,-18.4992938,"Ólafsfjarðarvegur, Iceland",IS
678,45.46443,8.209589,-18.7065728,-39.8804237,"Avenida Cricaré, 377-669, Espirito Santo, Brazil",BR
679,38.689938,37.46983,46.0224438,7.8074598,"Aegerta, 3929 Täsch, Zwitserland",CH
680,-5.9958763,20.66666,37.2825016,-8.052506,"Unnamed Road, 8100, Portugal",PT
681,43.36202,95.32534,37.5597493,126.9403781,"74-23 Sinchon-dong, Seodaemun-gu, Seoul, South Korea",KR
682,57.16994,6.529599,43.3565393,26.1272812,"51, 7852 Kovachevets, Bulgaria",BG
683,52.878395,17.774426,50.7770022,3.1900546,"Grote Kruisstraat 102, 8930 Menin, Belgique",BE
684,37.46599,27.906002,47.5127001,18.8319071,"2071 Páty, Kossuth Street 15, Hungary",US
685,42.442005,36.823593,1.3856295,104.0005263,"1 Nicoll Dr, Singapore 498985",SG
686,45.99807,52.502747,26.9407937,91.557731,"Unnamed Road, Bhutan",BT
687,43.25633,27.437862,50.8797003,5.9741276,"Welterlaan 35, 6417 CG Heerlen, The Netherlands",NL
688,53.52421,28.77378,50.0987665,36.2823294,"E40, Kharkiv Oblast, Ukraine",UA
689,38.2482,54.740093,22.2839185,113.926245,"Hong Kong, Lantau Island, 東澳古道",HK
690,13.79266,79.46644,23.5133928,89.4616785,"Mawa - Bhanga Hwy, Bangladesh",BD
691,40.794754,7.397935,23.1901291,-102.864378,"Genaro Vázquez, Emiliano Zapata, 99010 Fresnillo, Zacatecas, Mexico",MX
692,48.860657,38.36331,51.7969622,19.4341254,"Gdyńska 5, Łódź, Pologne",PL
693,39.57271,73.04358,46.5049063,-87.1650328,"101-375 Shot Point Dr, Marquette, MI 49855, USA",BW
694,29.49924,-3.0383387,29.2785157,-13.4884991,"Unnamed Road, 35540 Teguise, Las Palmas, Spain",HU
695,51.240353,0.88256335,55.4946168,10.1528454,"Brolundvej 20, 5471 Sonderso, Denmark",DK
696,58.94277,5.001194,65.2864334,21.4878704,"Tistelvägen 13, 941 53 Piteå, Suède",SE
697,38.498146,23.755943,46.3641386,23.0563891,"Câmpeni, Romania",RO
698,-25.367329,11.739858,-24.5658839,25.5276014,"A10, Botswana",BW
699,59.714817,27.28941,56.2400473,26.836042,"P62, Rušonas pagasts, LV-5318, Latvia",LV
700,52.99754,15.927845,63.1729907,17.2505174,"Skärvstavägen 18, 881 30 Sollefteå, Sweden",SE
701,40.251945,59.04148,12.5505862,106.349887,"ប្រាសាទខ្វាន់ពីរ, Cambodia",KH
702,59.37389,18.399128,61.0898476,27.7788883,"14768 103-125, 54710 Lemi, Finland",FI
703,71.145386,20.683922,63.0768984,14.4447609,"592, 832 94 Orrviken, Szwecja",SE
704,42.852085,23.359238,1.259456,103.8083075,"Imbiah Rd, Singapore",SG
705,45.468792,17.158836,4.6557044,-74.0754004,"Carrera 28 # 63D-1 a 63D-99, Bogotá, Cundinamarca, Colombia",CO
706,28.743622,23.352142,-24.385316,30.8689992,"R527, South Africa",ZA
707,33.853127,83.186516,-7.7222078,112.753721,"Unnamed Road, Purwosari, Pasuruan, Jawa Timur 67162, Indonésie",ID
708,51.00056,12.56816,49.9592963,16.1478638,"Hradecká, Karosa, 566 01 Vysoke Myto, Czech Republic",CZ
709,39.97852,25.555195,-24.5455093,25.963094,"A1, Gaborone, Botswana",BW
710,42.6534,23.266521,35.3907051,136.903131,"2 Chome-372 Unumaasahimachi, Kakamigahara, Prefektura Gifu, Japonia",JP
711,50.79716,19.99036,38.9326881,-8.6415523,"Unnamed Road, 2100, Portugal",PT
712,40.127254,8.977213,47.6776153,22.4657045,"Strada Nuferilor, Carei, Roemenië",RO
713,50.80676,10.917045,48.2940476,19.923391,"571021, 980 32 Konrádovce, Slovakia",SK
714,59.456005,16.43325,70.1519449,22.4368096,"Riksveg 882 360, 9550 Øksfjord, Norway",NO
715,37.186543,18.18747,42.2432358,0.7216239,"N-230, 22583 Arén, Huesca, Spain",ES
716,49.57024,22.346783,1.2917125,103.7664709,"W Coast Hwy, Singapore",SG
717,52.874615,20.518726,52.057255,5.4144752,"Rottegatsteeg 1, 3953 MN Maarsbergen, The Netherlands",NL
718,46.9808,16.940838,55.3389926,25.9212592,"111, 30210, Lithuania",LT
719,50.645676,19.8536,51.4302402,24.6007254,"М19, Butsyn, Volyns'ka oblast, Ukraine",AU
720,56.801765,-1.442682,53.0353793,-1.2872484,"B600, Nottingham, Nottinghamshire NG16 3QX, UK",GB
721,29.646591,79.57894,-5.98831,-79.746813,"Avenida Miguel Grau 1014, Olmos, Peru",PE
722,37.75598,26.373383,43.6625063,6.1249169,"8 Lotissement les Terres de Régusse, 83630 Régusse, France",FR
723,56.13141,-4.493945,65.654724,-16.4485392,"Route 1, Iceland",IS
724,66.182,19.061474,63.28481,19.0541071,"1062, 891 96 Arnäsvall, Sweden",SE
725,56.47178,12.577642,-23.5465543,-51.6686084,"BR-376, Parana, 86975-000, Brazil",BR
726,47.413467,62.0679,26.9235107,90.398768,"Sarpang - Gelephu - Trongsa Hwy, Bhutan",BT
727,33.15978,40.64288,50.4570574,34.944555,"Unnamed Road, Trostianets', Sums'ka oblast, Ukraine, 42602",LT
728,47.71465,7.3745747,52.2689642,-2.7200414,"A49, Leominster, Herefordshire HR6 0DL, UK",GB
729,29.292435,93.92904,37.8048426,20.9048465,"Unnamed Road, Zakinthos 291 00, Greece",GR
730,37.80153,24.894459,53.2981475,34.0656249,"Zarechnyy Pereulok, Glinishchevo, Bryansk Oblast, Russia",RU
731,46.494446,15.216193,51.4142165,20.172457,"Droga Wojewódzka 713, Polonia",PL
732,49.824245,12.348006,55.8967348,9.7637635,"Engvej 7, 8700 Horsens, Denmark",DK
733,47.52185,14.368985,55.5155929,25.4823023,"4924, Tirmūnai 28107, Lithuania",LT
734,41.504276,39.39187,51.7680525,5.4969463,"Ussenstraat 100, 5345 HW Oss, The Netherlands",NL
735,21.353706,5.802092,42.4045835,23.8699484,"803, 2050 Ihtiman, Bulgaria",BG
736,61.707935,19.530392,55.1186264,9.1862396,"Gammel Tøndervej 34, 6534 Agerskov, Tanska",DK
737,51.20926,8.751211,56.9573089,9.4112695,"Halkærvej 210, 9240 Nibe, Denmark",GR
738,46.328346,15.879865,45.9140891,16.5143392,"Cugovec, 10345, Cugovec, Croatia",HR
739,53.926575,7.5793724,59.1141587,-2.5521806,"Unnamed Road, Orkney, Orkney KW17 2AG, UK",GR
740,48.569622,38.39158,48.4492991,19.4901876,"050105, Budiná, Slovakia",SK
741,25.715229,-2.6603155,42.5609024,1.5902193,"CG-2, AD100 Canillo, Andorra",AD
742,55.1741,15.305557,47.9955238,0.7890413,"D84, 72320 Valennes, France",FR
743,41.592503,16.023851,56.1007085,26.5446052,"Krasta iela 9-11, Kalupe, Kalupe parish, LV-5450, Latvia",LV
744,31.270245,44.398247,43.4090347,5.1990796,"Chemin des Macreuses, 13700 Marignane, France",FR
745,37.536995,21.840462,26.6242883,128.0540889,"465 Genka, Nago-shi, Okinawa-ken 905-1141, Япония",JP
746,53.40119,22.761185,60.7977213,25.0431661,"Torholanlammintie 8, 12100 Hausjärvi, Finlande",FI
747,36.234245,40.44955,63.7864416,9.813636,"Riksveg 721 120, 7160 Bjugn, Norway",NO
748,26.6352,57.869278,44.3203379,-90.7842191,"West Mission Road, Black River Falls, WI 54615, USA",US
749,52.636417,23.797016,46.3848987,-63.2081199,"63-295 Macquarrie Road, Lot 33, Wyspa Księcia Edwarda C0A, Kanada",CA
750,45.652454,9.5352125,51.1239194,3.3225733,"Berkenstraat 14-24, 8730 Beernem, Βέλγιο",BE
751,14.752935,45.76176,40.9784603,-5.4807255,"Calle la Ruìza, 25, 37340 San Morales, Salamanka, Hiszpania",ES
752,41.656376,56.535057,-37.7646374,176.4883513,"118-718 Pukehina Parade, Pukehina 3189, New Zealand",NZ
753,37.40802,30.262314,-26.5084509,30.0016206,"80 Pet Street, Ermelo 2351, South Africa",ZA
754,43.81761,-2.2212343,42.6191221,1.5397607,"Av. de Sant Pere, AD300 Ordino, Andorra",AD
755,48.64308,23.806168,46.3149537,16.8180152,"Brodarska ulica 15, 40328, Donja Dubrava, Croatie",HR
756,33.738052,17.091541,32.9550701,35.2114311,"8533, Yarka, Israel",NO
757,38.469967,-0.53666496,-33.5807992,-62.6046917,"RN8, Córdoba, Argentina",AR
758,36.241276,50.063766,-33.5445359,115.9493367,"191 Attwood Road, Lowden WA 6240, Australia",AU
759,46.959686,19.96238,46.2000778,14.3287468,"Šutna 55, 4209 Žabnica, Słowenia",SI
760,52.131397,26.301292,10.573481,-75.0109661,"Castillejo, Sabanalarga, Atlantico, Colombia",CO
761,38.139603,-39.850086,-12.4636737,-76.7460056,"Panamericana Sur, Pucusana District, Peru",PE
762,64.968155,18.26635,55.1746913,22.2957812,"4515, 72368, Lithuania",LT
763,49.202217,17.321613,47.616847,-77.2367782,"1404 Trans-Canada Hwy, Réservoir-Dozois, QC J0W, Canada",CA
764,43.85428,6.537072,41.3532174,-6.8513558,"R. do Meio, 5350, Portugal",PT
765,36.10661,17.932507,46.3437093,-74.2592915,"1280-2180 Chemin Régimbald, Saint-Donat-de-Montcalm, QC J0T 2C0, Canada",CA
766,54.8403,8.645205,42.8424922,-79.4814379,"224 Mohawk Point Rd, Lowbanks, ON N0A 1K0, Canada",CA
767,45.844242,8.617319,55.4877591,10.731199,"Stavrevej 27-401, 5300 Kerteminde, Denemarken",DK
768,45.058697,44.601868,-43.3919464,172.6514019,"9 Isaac Wilson Road, Kaiapoi 7630, New Zealand",NZ
769,44.17874,11.374106,46.3191837,27.3958647,"DJ241, Motoșeni, Romania",RO
770,42.51964,12.80066,45.2800836,18.658327,"Gorjani, 32281, Ivankovo, Croatia",HR
771,41.606937,46.21541,23.9893771,120.9199888,"No. 128, Xiàngshàn Road, Puli Township, Nantou County, Taiwan 545",TW
772,42.33265,11.729239,32.0559166,34.8141923,"Golani 9, Ramat Gan, Israel",IL
773,49.12375,23.681847,51.4042893,4.6073577,"Lage Weidenstraat 3, 2990 Wuustwezel, Belgium",BE
774,55.883743,27.264633,47.616847,-77.2367782,"1404 Trans-Canada Hwy, Réservoir-Dozois, QC J0W, Canada",CA
775,47.438477,23.236069,45.8207939,14.6571526,"Gornje Retje 6, 1315 Velike Lašče, Słowenia",SI
776,37.353928,104.43288,35.0846921,129.0256227,"705 Nambumin 2(i)-dong, Seo-gu, Busan, South Korea",KR
777,37.209724,40.185726,62.16145,5.1735825,"Fylkesveg 633 80, 6750 Stadlandet, Norway",CL
778,43.519,20.37233,40.5681182,21.2121296,"EO Kastorias Prespon, Kastoria 521 00, Greece",GR
779,43.625927,32.382057,15.8243853,101.8385058,"Unnamed Road, Tambon Talat Raeng, Amphoe Ban Khwao, Chang Wat Chaiyaphum 36170, Thailand",LT
780,45.9236,23.012833,46.0427098,11.7424145,"Via Piei, 9, 32033 Lamon BL, Italia",IT
781,50.005222,-3.938178,54.3835373,-8.5722222,"Unnamed Road, Co. Sligo, Ireland",IE
782,35.63862,117.28895,22.3129733,114.2642911,"Wan Po Rd, Hang Hau, Hong Kong",HK
783,51.20857,10.104418,62.3114187,17.3732856,"Sandslåvägen 9, 862 33 Kvissleby, Sweden",SE
784,40.511414,20.58525,45.0048911,26.4319042,"Cimitirul Mizil, Mizil, Romania",RO
785,42.17448,-33.34614,23.1901291,-102.864378,"Genaro Vázquez, Emiliano Zapata, 99010 Fresnillo, Zacatecas, Mexico",MX
786,58.377384,13.770242,55.6258036,9.0889567,"Drivvejen 7, 6623 Vorbasse, Denmark",DK
787,44.884884,8.388659,47.2473022,16.6784181,9700 솜버트헤이 Vénusz Street 26 헝가리,HU
788,31.496563,7.711111,39.4461345,22.3123672,"Epar.Od. Agriosikion - Kranona, Kileler 415 00, Greece",GR
789,41.93268,18.40937,69.1171051,-105.0213478,"Natik St, Cambridge Bay, NU, Canada",CA
790,45.384026,21.252224,42.9582315,25.6067922,"55, 5055 Golemanite, Bulgaria",BG
791,49.074306,16.218163,57.3685841,21.5773049,"Dīķu iela 88, Ventspils, LV-3601, Latvia",LV
792,46.400684,11.105889,42.9304622,25.1910786,"44, 5332 Draganovtsi, Bulgaria",BG
793,33.586338,10.577074,42.5475485,1.5919251,"CG-2, AD100 Canillo, Andorra",AD
794,-10.390035,-49.81042,-32.3367801,-69.3824788,"RN149, Mendoza, Argentinien",AR
795,56.44903,2.6617117,51.3517942,5.1432857,"Pikoreistraat 3, 5541 NS Reusel, The Netherlands",NL
796,54.505535,16.875496,50.0948769,18.2580884,"Leona Czugały 12, Racibórz, Polska",PL
797,54.15404,19.196884,54.960538,23.2926608,"140, 71197, Lithuania",LT
798,7.861929,77.17061,25.0615959,55.1529014,Unnamed Road - Dubai - United Arab Emirates,AE
799,-14.7041235,-34.53341,-13.475452,-76.1906558,"Unnamed Road, Tambo de Mora, Перу",PE
800,49.7536,-3.592123,38.6816128,-6.4146795,"Calle Villalba, 64-66, 06200 Almendralejo, Badajoz, Spain",ES
801,43.610844,50.380173,64.2847715,24.7496124,"7890 449-487, 86300 Oulainen, Finland",FI
802,47.800323,5.552145,32.0535579,131.0982562,"Japan, 〒886-0112 Miyazaki-ken, Kobayashi-shi, Sukishimoda 県道26号線",JP
803,50.26871,15.175816,51.1763359,6.8616084,"Peter-Krahe-Straße 32, 40599 Düsseldorf, Allemagne",DE
804,70.15305,15.111928,63.7410864,14.1192746,"689, 830 60 Föllinge, Sweden",SE
805,37.21367,44.578938,50.8850426,17.3733255,"Droga Krajowa 94, Poland",PL
806,49.36644,18.078026,51.9091184,22.4975919,"Łuków, Pologne",PL
807,44.281475,25.687496,-37.8561714,140.5457193,"LOT 1 Kongorong Road, German Creek SA 5280, Australia",AU
808,48.189117,-0.5390382,52.0417588,4.3918582,"Molenweg 15, 2631 AA Nootdorp, The Netherlands",NL
809,40.59054,52.393898,-37.1520578,145.0802985,"LOT 1 Hume Freeway, Tallarook VIC 3659, Australia",AU
810,-5.212247,3.8577213,-31.0994487,149.9021674,"Oxley Highway, Mullaley NSW 2379, Australia",AU
811,17.718372,27.891376,32.1175225,34.803476,"מסוף האוניברסיטה, Tel Aviv",IL
812,50.5665,6.904476,46.5453377,6.5708286,"Chemin du Saugy 1, Arc-en-Ciel, 1023 Crissier, Switzerland",CH
813,14.623384,9.784314,-18.1098509,25.3226349,"A33, Botswana",BW
814,52.310474,1.7150371,50.8737202,4.4710842,"Grote Daalstraat 91-105, 1930 Zaventem, Belgium",BE
815,47.329693,9.527071,59.2847153,13.0391685,"E45, 660 40 Segmon, Szwecja",SE
816,50.676964,22.390614,58.8703372,22.8145219,"Kaasiku, 92123 Hiiumaa, Estonia",EE
817,41.3091,19.672562,56.9564789,23.6736205,"Dzelzceļa iela 36, Jūrmala, LV-2008, Latvia",LV
818,44.64187,32.113895,23.5233471,119.6004169,"880, Taiwan, Penghu County, Magong City, 澎25鄉道1499號",TW
819,38.07462,125.77868,35.2306454,129.0870851,"309-25 Jangjeon 3(sam)-dong, Geumjeong-gu, Busan, Zuid-Korea",KR
820,53.08189,32.286324,46.124685,18.1714378,"7677 Orfű, 6604, Hungary",HU
821,42.32975,60.954117,46.2213679,27.658637,"Strada Islaz, Bârlad, Romania",RO
822,49.341087,30.619362,46.5649869,23.8830626,"Strada Ialomiţei, Aranyosgyéres, Románia",RO
823,36.453228,58.93768,23.3331935,91.2726461,"Dhaka - Chittagong Hwy, Bangladesh",BD
824,16.107506,76.98994,24.2075691,89.0118923,"কলেজ রোড, Gopalpur, Bangladesz",BD
825,64.09329,13.344962,64.6550192,17.0882292,"360, 912 94 Latikberg, Sweden",SE
826,25.812397,83.01263,1.4199424,103.7578967,"9 Woodlands Rd, Singapore 738656",SG
827,40.28154,35.995354,49.8074193,24.1328573,"Lomonosova street, 31, Vynnyky, Lviv Oblast, Ukraine",UA
828,57.444817,15.081863,23.8976083,120.4171424,"No. 232, Section 2, Dòuyuàn Road, Erlin Township, Changhua County, Taiwan 526",TW
829,51.936817,14.536452,-38.8549372,176.0424489,"State Highway, Hatepe 3382, New Zealand",NZ
830,46.242546,2.6378298,45.8542921,21.5544571,"DC66, Romania",RO
831,25.54881,69.77375,24.8909901,55.0590456,Sheikh Mohammed Bin Zayed Rd - Dubai - United Arab Emirates,AE
832,39.720654,104.173485,47.393485,8.5004486,"Bernerstrasse, 8048 Zurich, Switzerland",CH
833,40.086437,43.73236,9.3190206,-75.4157027,"Carrera 4 # 6-2, Sincelejo, Sucre, Colombia",CO
834,-51.897537,-42.242157,-31.6553668,18.7135059,"N7, Vanrhynsdorp 8170, Afrique du Sud",BW
835,55.850903,17.748081,61.207143,7.1895544,"Helgheimsvegen, 6854 Kaupanger, Norway",NO
836,45.777046,40.656166,32.649008,35.0991111,"Sderot Yitshak Rabin, Yokne'am Ilit, Israel",IL
837,43.513752,19.839516,50.8711485,36.4393701,"avtodoroga Krym, Yakovlevo, Belgorod Oblast, Russia",RU
838,52.35841,21.882824,55.6193937,22.7201195,"3505, Kražiai 86274, Lithuania",LT
839,31.996666,46.695824,25.1735808,55.2157739,1 7 B St - Dubai - United Arab Emirates,AE
840,51.711998,17.259445,59.4974583,25.0440913,"Saviranna tee, 74122 Harju County, Estonia",EE
841,29.690868,31.174232,25.407771,55.5086372,Sheikh Ammar Bin Humaid St - Ajmān - United Arab Emirates,AE
842,38.719707,117.75663,37.5405019,126.8489244,"56-23 Hwagokbon-dong, Gangseo-gu, Seoul, Corea del Sur",KR
843,33.262947,57.108906,42.5235367,1.6831886,"Ctra. de Grau Roig, AD200 Encamp, Andorra",AD
844,44.762142,11.703608,56.9894987,22.5351116,"Blaumaņa iela 68, Sabile, Sabiles pilsēta, LV-3294, Latvia",LV
845,8.7288475,27.27147,-20.1793031,25.3548453,"A3, Botswana",BW
846,55.775143,9.5516205,-38.8835505,-62.4907647,"Ruta Nacional 3, Buenos Aires, Argentina",AR
847,31.887978,-46.312897,42.5484866,1.7354655,"Túnel d'Envalira, AD200 Encamp, Andorra",AD
848,49.988792,18.139915,10.242959,-75.4433681,"Turbana # 74 a 100, Turbana, Bolivar, Colombia",CO
849,0.20009184,75.67275,-22.5400503,27.1193837,"Yarona Road, Palapye, Botswana",BW
850,49.002216,13.233128,54.2388228,-8.964558,"Unnamed Road, Co. Sligo, Irlanda",IE
851,46.98489,36.039757,23.587024,120.3822102,"623, Taiwan, Chiayi County, Xikou Township, 嘉88鄉道",TW
852,41.430317,2.3273916,55.1706084,-119.2450026,"AB-43, Wembley, AB T0H 3S0, Canada",CA
853,46.14973,5.6226196,-38.7726025,143.4557829,"3060 Great Ocean Road, Glenaire VIC 3238, Australia",AU
854,45.46514,29.702667,57.1516024,25.7002967,"P30, Taurene parish, LV-4119, Latvia",LV
855,55.17548,9.4927635,48.3092991,18.0893943,"Wilsonovo nábrežie 66, 949 01 Nitra, Slovaquie",SK
856,50.020153,15.289366,45.349993,-73.4724839,"3115-3175 Route Édouard Vii, Saint-Philippe, Quebec J0L 2K0, Kanada",CA
857,4.631959,6.500825,-33.5148884,21.6631277,"R62, Calitzdorp 6660, South Africa",ZA
858,2.6439123,24.748402,-23.4980613,28.39854,"R561, Afrique du Sud",ZA
859,38.138226,1.6720483,42.1600442,12.5542154,"Via del Laghetto, 95, 00065 Rome, Italy",IT
860,-42.957615,-75.74336,-16.099845,-71.6104882,"34A 1500, Perù",PE
861,45.122738,88.27116,-8.6498832,115.2174458,"Jl. Veteran No.70F, Denpasar Utara, Kota Denpasar, Bali 80233, Indonesia",ID
862,49.58209,29.998158,47.9604244,21.7408445,"4400 Nyíregyháza, Lobogó Street 1, Hungary",HU
863,42.13931,8.55811,40.978843,16.4391405,"Contrada Modesti, 70037 Ruvo di Puglia, Bari, Italy",IT
864,-1.5444651,143.05379,23.2310813,90.0203,"Dhaka - Barisal Hwy, Takerhat, Bangladesh",BD
865,25.29176,-14.654044,-33.5594412,-70.5551547,"Los Prensistas 4451-4485, Puente Alto, Région métropolitaine de Santiago, Chili",CL
866,12.938155,101.75692,23.0390096,88.8843728,"terminal, Bangladesh",BD
867,67.7009,19.271706,46.3770761,14.7534086,"Raduha 55, 3334 Luče, Słowenia",SI
868,31.819874,60.62613,23.526283,89.6014316,"Mawa - Bhanga Hwy, Bangladesh",BD
869,47.3455,24.071312,-31.6847326,152.2841497,"2809-2911 Bulga Road, Bobin NSW 2429, Australia",AU
870,54.782448,-0.8253393,50.9140928,3.209141,"Pieter Baesstraat 2-30, 8870 Izegem, Belgique",BE
871,54.736145,29.432846,44.3121689,7.6834191,"Regione Gambarello, 37B, 12013 Chiusa di Pesio, Coni, Italie",IT
872,-3.5409832,-39.653507,33.6628104,-102.4120478,"2501-2811 Farm to Market Road 2306, Levelland, TX 79336, USA",US
873,58.98929,14.492547,44.7860533,-0.2357768,"D11, 33420 Dardenac, France",FR
874,20.442566,102.420586,-6.9561407,110.4613662,"Jl. Kaligawe, Genuk, Kota Semarang, Jawa Tengah 50112, Indonesia",ID
875,50.21242,26.169006,11.0934876,106.1424798,"Unnamed Road, Krong Bavet, Kambodscha",KH
876,36.357166,41.194557,7.8662294,-72.4735327,"Calle 11 # 11-2, Villa del Rosario, North Santander, Colombia",CO
877,50.97585,10.167832,47.9998382,37.7124365,"Vuhil'na street, 28, Donetsk, Oblast de Donetsk, Ukraine",UA
878,43.82412,52.898495,37.6398194,126.7629486,"550-2 Janghang 1(il)-dong, Ilsandong-gu, Goyang-si, Gyeonggi-do, South Korea",KR
879,58.98844,17.711544,53.5686962,-6.9060755,"43-45 Moyview, Co. Meath, Ireland",IE
880,47.551624,33.90766,43.6047918,25.6216143,"5201, 7133 Novgrad, Bulgaria",BG
881,23.487984,11.47961,-27.88143,29.3358357,"R722, South Africa",HK
882,42.842037,8.930052,43.5261808,27.1884045,"701, 9937 Harsovo, בולגריה",BG
883,1.1939545,47.648514,38.1157648,-7.322552,"Unnamed Road, 7875, Portugal",PT
884,51.654865,14.431112,55.6852823,24.1437329,"3415, Naujamiestis 38335, Lithuania",LT
885,19.84991,82.69876,1.3336754,103.9041845,"6 Kaki Bukit Ave 1, Singapore 417940",SG
886,13.837697,-14.744231,22.2003601,114.0175293,"Cheung Chau Family Walk, Cheung Chau, Hong Kong",HK
887,46.104164,21.13615,55.6712727,12.5615747,"Helgolandsgade 19-21, 1650 Copenhagen, Denmark",DK
888,20.900146,137.20718,23.4856858,89.4191757,"Gorsthan Road, Magura, Bangladesh",BD
889,46.58979,16.091534,46.0443953,14.4878945,"Jadranska ulica 2, 1000 Ljubljana, Słowenia",SI
890,56.35786,18.090103,45.0460698,23.9163494,"DJ676D, Pojogi-Cerna, Romania",RO
891,23.066853,66.73528,-7.660333,111.129254,"Jl. Grojogan Sewu, Tawangmangu, Karanganyar, Jawa Tengah 57792, Indonésie",ID
892,44.403736,16.745222,46.1866913,14.3294684,"Sv. Duh 111a, 4220 Škofja Loka, Slovenia",SI
893,10.244797,149.90193,-6.3880246,107.1228934,"Jalan Wijaya Kusuma III, Serang Baru, Bekasi, Jawa Barat 17330, Indonesia",ID
894,11.0126705,162.79832,22.5031273,114.1267955,"39 Lung Sum Ave, Sheung Shui, Hong Kong",HK
895,48.326252,5.662574,6.3395749,100.4203754,"North-South Expy, 06000 Jitra, Kedah, Malaysia",MY
896,50.557896,18.082344,41.2159187,-5.3762542,"ZA-604, 14, 49410 Fuentelapeña, Zamora, Spain",ES
897,38.919968,26.793465,26.1409386,127.7980969,"Hyakuna-707 Tamagusuku, Nanjō-shi, Okinawa-ken 901-1400, Japan",JP
898,53.418434,19.857124,55.4076715,21.6519644,"4209, Gardamas 99417, Lithuania",LT
899,35.3479,40.9952,-37.7646374,176.4883513,"118-718 Pukehina Parade, Pukehina 3189, New Zealand",NZ
900,54.50784,12.027263,52.430705,-8.9610243,"Unnamed Road, Co. Limerick, Ireland",IE
901,24.403149,14.986869,53.3334886,18.2082925,"Główna, Poland",PL
902,24.54029,99.53197,14.4075329,99.0708668,"Unnamed Road, Tambon Tha Kradan, Amphoe Si Sawat, Chang Wat Kanchanaburi 71250, Thailand",TH
903,52.20741,11.669375,39.0034446,21.7785903,"Epar.Od. Karpenisiou - Neraidas 104, Domiani 360 80, Grekland",GR
904,56.328575,20.401321,58.7254333,25.9434652,"Pajusi-Sepasaare-Mällu, 48216 Jõgeva County, Estonia",EE
905,35.932976,56.139214,22.4856941,89.0120064,"Satkhira-Kaliganj Highway, Bangladesh",BD
906,9.281453,112.030594,10.7146421,103.5480248,"Unnamed Road, Cambodia",KH
907,41.903576,12.195204,54.9346435,20.5386381,"Lugovaya ulitsa, 37, Sosnovka, Kaliningrad Oblast, Russia",RU
908,55.540447,22.041187,-28.5283104,32.1520083,"N2, Africa de Sud",ZA
909,44.917175,38.944397,49.9874914,36.3164386,"Saltivs'ke highway, 107-109, Kharkiv, Kharkiv Oblast, Ukraine",UA
910,34.03184,38.54837,51.4388902,4.6967757,"Blauwputten, 2321 Hoogstraten, Belgium",UA
911,52.974667,13.742624,46.2607603,14.6218619,"Brezje nad Kamnikom 3, 1242 Stahovica, Slovenia",SI
912,49.698395,24.750568,48.8419253,19.1150043,"E77, 976 02 Staré Hory, Slovakia",SK
913,18.564205,118.007126,66.0463603,-17.3448832,"Hafnarstétt, Húsavík, Iceland",IS
914,38.10034,12.891053,-17.8563162,25.227868,"A33, Botswana",KR
915,57.01355,21.973713,51.5898989,5.3980232,"Boxtelseweg 9, 5491 XT Sint-Oedenrode, The Netherlands",NL
916,60.480812,8.388086,46.5461779,6.5959634,"Chemin des Vignettes 32, 1008 Jouxtens-Mézery, Switzerland",CH
917,49.706177,23.485455,57.1523297,24.8626024,"Pūpolu iela 3-5, Sigulda, Siguldas pilsēta, LV-2150, Latvia",LV
918,44.632214,15.926646,46.9553175,18.8463354,"2421 Nagyvenyim, Táncsics Street 27-29, Hungary",HU
919,28.010166,15.227174,-20.0010292,23.4133476,"Tsheke Tsheko Road, Maun, Botswana",BW
920,50.28458,12.867444,44.1651777,25.9580274,"Strada Sfântul Nicolae, Uzunu, Romania",RO
921,33.959805,54.6839,50.5501715,15.7739961,"Čermná 174, 543 77 Čermná, Czech Republic",CZ
922,55.532513,7.818229,47.0804736,7.0267212,"Route Principale, 2073 Enges, Switzerland",CH
923,49.090546,20.592,46.399793,15.8583983,"Zidanškova ulica 17, 2250 Ptuj, Slovenia",SI
924,35.244114,36.06067,1.314139,103.9894386,"50 Tanah Merah Ferry Rd, Сингапур 498833",SG
925,24.621582,72.483734,-46.219825,168.6762253,"915 Cross Road, Pebbly Hill 9872, New Zealand",NZ
926,32.794323,2.8248281,-29.5879594,-50.8033888,"Rua Olavo Bilac, 304-386, Rio Grande do Sul, 95650-000, Brazylia",BR
927,56.847767,38.86672,50.0858453,36.3177221,"E40, Kharkiv Oblast, Ukraine",UA
928,41.2969,-2.0506887,43.3226457,-4.3729025,"CA-850, 39595, Cantabria, Spain",ES
929,-118.33,-108.56737,-37.6613828,-69.452372,"RP7, Neuquén, Argentina",AR
930,19.794563,122.800385,1.4291064,103.7754209,"309 Woodlands Ave 1, Singapore 730309",SG
931,-53.258778,-40.78006,-35.1495158,-65.9779266,"Ruta Nacional 188, San Luis, Аргентина",AR
932,51.44348,9.422939,42.5257529,1.7239102,"Unnamed Road, AD200 Encamp, Andorra",AD
933,50.88442,33.827583,50.0059267,36.2357461,"Pravdy avenue, 12, Kharkiv, Kharkiv Oblast, Ukraine",UA
934,39.320984,107.27242,35.1730614,129.1013717,"840 Mangmi-dong, Suyeong-gu, Busan, South Korea",KR
935,54.544895,8.066306,65.9540848,-14.8434837,"Norðausturvegur, Iceland",IS
936,54.502884,22.467514,55.482914,37.5302599,"Ryazanovskoye shosse, Obwód moskiewski, Rosja",RU
937,54.76795,18.96619,43.0438002,-90.6564256,"14813-14953 County Road T, Fennimore, WI 53809, USA",RU
938,53.7097,23.015484,59.4498384,9.0750782,"Reshjemvegen 69, 3800 Bø i Telemark, Norway",NO
939,54.699818,19.571178,2.3865265,-60.8239306,"Unnamed Road, Cantá - RR, 69390-000, Brazil",SG
940,52.94392,9.623128,54.1054255,-7.4208405,"Fay Crescent, Co. Cavan, Irlanda",IE
941,35.53351,4.1822925,-15.9354947,-74.0881876,"1S, Pérou",PE
942,5.1035457,-47.448486,-5.5635274,-80.8072373,"1NK, Peru",PE
943,40.16778,-0.20073986,43.5918981,16.626852,"E65, 21204, Dugopolje, Croatia",NZ
944,25.09782,82.27146,9.7275971,-73.7194798,"US43 # 2 a 74, El Paso, Sesaro departamentas, Kolumbija",CO
945,52.29922,12.002643,45.7154028,21.9719168,"Timiș, Romania",RO
946,55.490932,-2.924572,65.5145949,-19.2994511,"Þjóðvegur, Iceland",IS
947,24.07051,14.717492,10.2540997,-75.3430907,"Carrera 40 # 1 a 99, Arjona, Bolivar, Colombia",CO
948,46.122105,14.7657795,46.7092222,16.0923537,"Lemerje 55, 9201 Puconci, Slovenia",SI
949,53.92203,11.909209,48.949103,20.751586,"536, 053 62 Bystrany, Eslovaquia",SK
950,47.459484,14.982707,49.3744367,3.0642008,"D16, 60350 Hautefontaine, France",FR
951,24.88752,79.92141,4.2009246,114.0589141,"AH150, 98150 Bekenu, Sarawak, Malaysia",MY
952,62.035374,19.237835,60.2612033,10.1888494,"E16 630, 3525 Hallingby, Norway",NO
953,48.147182,20.409882,53.2853401,18.9535679,"Macieja Rataja 8, Wabrzezno, Полша",PL
954,36.27438,47.782852,46.0473928,18.2500111,"7631 Pécs, Kanizsai Dorottya Way 179, Hungary",HU
955,14.904812,27.127773,-28.2865407,-54.22981,"Rua Armindo Utzig, 2-74, Rio Grande do Sul, Brazil",BR
956,48.510143,40.3585,7.6541168,-73.3359823,"I-45A, La Esperanza, Kolumbia",KH
957,44.399082,36.31685,47.1127421,21.2675859,"5525 Füzesgyarmat, 4225, Hungary",HU
958,49.19385,10.347825,53.3337396,6.589008,"Beckeringhstraat 7, 9959 PT Onderdendam, The Netherlands",NL
959,30.026455,45.598213,32.1976486,34.855594,"Patriya 26-36, Ra'anana, Israel",IL
960,23.235302,86.9094,24.972379,55.4141158,E 77 - Dubai - United Arab Emirates,AE
961,7.471505,129.18452,22.4798153,114.0574243,"Yau Pok Rd, Tam Mei, Hong Kong",HK
962,48.502403,15.642238,51.3517942,5.1432857,"Pikoreistraat 3, 5541 NS Reusel, The Netherlands",HU
963,51.650616,16.043056,52.4511382,-1.9410316,"Queen Elizabeth Hospital, Queen Elizabeth Hospital (Stop UV), University of Birmingham, Birmingham, West Midlands B15, UK",GB
964,51.13515,11.120903,45.3589667,8.8122102,"Via Roma, 99, 27023 Cassolnovo פאויה, איטליה",IT
965,49.26838,21.762047,33.2946573,-83.3861579,"Gray Road Southwest, Eatonton, Georgia 31024, Statele Unite ale Americii",US
966,15.587365,77.60108,14.0953681,106.3871106,"Unnamed Road, Cambodia",KH
967,41.74082,32.09549,-30.0146331,30.9265225,"737 Kingsway, Amanzimtoti 4126, Afrique du Sud",ZA
968,40.305367,-18.993954,39.7726259,-8.0024522,"IC8, 6100 ポルトガル",PT
969,6.3790865,23.257347,-26.7174906,31.3497886,"MR9, Swaziland",SZ
970,50.99049,13.273873,42.4196943,-6.1004331,"LE-133, 24731 Santiago Millas, León, Espanja",ES
971,37.45284,29.944519,47.1016559,17.5541234,"8400 Ajka, Babits Mihály Street 1, Hungary",HU
972,41.550404,53.001366,56.3253167,21.3730365,"P113, Dunika parish, LV-3480, Latvia",LV
973,-9.680133,200.69025,1.3150474,103.6719587,"18 Gul Ave, Singapore 629660",SG
974,44.452496,14.94757,48.2129407,2.2984683,"D2152, 45300 Marsainvilliers, France",FR
975,21.818634,19.281723,12.283623,102.9732249,"Unnamed Road, Kambodja",KH
976,21.03362,124.870766,1.6766633,111.0479141,"Jalan Maludam, Sarawak, Malaysia",MY
977,37.853386,71.6559,26.9393268,89.9381904,"Daga Rd, Bhutan",BT
978,45.264706,16.61988,20.6756793,-103.4552915,"Avenida Periférico Manuel Gómez Morin 2400, Ciudad Granja, 45010 Zapopan, JAL, Mexico",MX
979,15.447057,-6.717329,-33.2087852,-63.2857581,"Ruta Provincial 4 131, Córdoba, Argentina",AR
980,53.035786,27.5821,23.4719197,120.3713182,"612, Taiwan, Chiayi County, Taibao City, 嘉64鄉道",TW
981,40.927998,25.89695,19.1712189,-98.3353394,"V. Guerrero, San Pedro Tlaltenango, 72600 Tlaltenango, Puebla, Mexico",MX
982,38.868744,30.776333,42.9461166,-115.3050228,"607-655 West Madison Avenue, Glenns Ferry, ID 83623, USA",US
983,44.079147,8.153864,47.4422891,26.8424288,"DC150, Pârcovaci, Romania",RO
984,46.999256,32.448994,51.4302402,24.6007254,"М19, Butsyn, Volyns'ka oblast, Ukraine",NO
985,37.116726,40.395187,42.5052351,1.5235334,"Carrer Prada Casadet, 4-6, AD500 Andorra la Vella, Andorra",AD
986,46.40357,31.09771,-20.4168735,148.6810307,"71 Leeder Road, Preston QLD 4800, Australia",AU
987,48.17666,16.596092,42.4213153,-71.2439333,"19 Benjamin Road, Lexington, MA 02421, USA",US
988,48.115536,20.27251,41.3549455,15.7802657,"A14, 71045 Orta Nova, Foggia, Italie",IT
989,51.355785,17.225437,4.1849962,-73.6068521,"I-65, Villavicencio, Meta, Colombia",CO
990,48.42854,36.094635,22.9071406,89.9019799,"Patgati Tungipara Road, Tungipara, Bangladesh",BD
991,54.29339,31.11499,56.4866891,24.6644161,"P87, Valle Parish, LV-5106, Latvia",LV
992,21.473125,103.83654,22.9133437,89.8024321,"Dhaka - Khulna Hwy, Bangladesh",BD
993,44.1864,39.37469,50.1256658,19.6170325,"Teńczyńska, Poland",PL
994,45.65049,9.21999,46.8401887,24.7349119,"DC163, Roumanie",NL
995,-22.75829,-38.667057,-15.9354947,-74.0881876,"1S, Pérou",PE
996,51.377605,12.391652,58.7181404,26.5948136,"Laiusevälja-Toovere, 49220 Jõgeva County, Estonia",EE
997,48.92684,8.637355,56.8686955,10.0105504,"Brøndumvej 19, 9520 Skørping, Denmark",DK
998,69.15896,31.75301,56.5528455,22.3131543,"P107, Pampāļi parish, LV-3882, Latvia",LV
999,29.01139,-20.408764,-33.0571537,-71.6393694,"Alfredo Vargas Sotoller 1, Valparaíso, Valparaíso Region, Chile",CL
1000,54.725636,16.796082,51.8723346,4.3661284,"Oudelandseweg 226, 3194 XB Hoogvliet Rotterdam, The Netherlands",NL
1001,63.828716,27.332615,43.4546089,11.2919884,"SS222, 53011 Castellina in Chianti, Siena, Italien",IT
1002,50.473377,29.035522,56.7248939,22.0062916,"P116, Raņķi parish, LV-3326, Latvia",LV
1003,51.38541,13.552415,43.242746,-7.8546832,"LU-P-2301, 27307 Guitiriz, Lugo, Spain",ES
1004,43.792965,58.15171,54.4949136,24.5548875,"4706, 21212, Lithuania",LT
1005,39.24586,27.683609,-27.19059,31.3794812,"MR11, Swaziland",SZ
1006,51.507496,21.538376,56.6584889,22.7533057,"A9, Blīdene parish, LV-3852, Latvia",LV
1007,51.491055,21.279095,46.6796684,16.9145425,"8771 Hahót, E65, Węgry",HU
1008,42.41748,29.523468,43.523396,0.8119587,"D149, 32130 Polastron, France",FR
1009,42.57269,17.932919,44.6062444,26.2154708,"Strada Crizantemelor, Dascălu, Romania",RO
1010,47.246655,9.0270605,49.5289268,21.6885962,"38-450 Trzciana, Pologne",PL
1011,47.90627,19.174938,48.6809606,22.246556,"E58, 072 51 Krčava, Slovakia",SK
1012,44.933872,33.325085,-11.0702905,-77.5991932,"San Martin 285, Huaura, Peru",PE
1013,31.42876,85.87113,-8.3852983,115.3349263,"Jl. Tampaksiring, Tampaksiring, Gianyar, Bali 80661, Indonesia",ID
1014,29.29258,98.40471,1.372516,103.8562108,"529 Ang Mo Kio Ave 10, Singapur 560529",RU
1015,41.422684,30.740192,-36.41834,140.5071828,"Munes Road, Mundulla West SA 5270, Australia",AU
1016,53.504307,21.728035,50.8267309,5.2945375,"Kerselaarstraat 10, 3840 Borgloon, Belgium",BE
1017,53.84737,16.601757,53.853431,-8.2291154,"N61, Co. Roscommon, Ireland",IE
1018,49.922535,94.93766,27.3120493,89.6027391,"Unnamed Road, Bhutan",BT
1019,53.88396,8.6294985,55.8522824,10.574701,"Stadionsvej 22, 8305 Samsø, Denmark",DK
1020,30.917152,54.075974,39.7523686,19.6320257,"Unnamed Road, Ag. Stefanos 490 81, Griekenland",GR
1021,43.006973,12.361507,47.2743952,17.1731857,"9500 Celldömölk, 843, Hungary",HU
1022,60.346527,28.949348,54.3035585,-8.0509198,"Unnamed Road, Co. Leitrim, Ireland",IE
1023,46.053707,43.3042,27.5218205,89.7475334,"Thimphu-Wangdue Phodrang Hwy, Bhutan",GB
1024,44.954536,25.354301,49.9909549,36.3172344,"Ivana Kamysheva street, 66, Kharkiv, Kharkiv Oblast, Ukraine",UA
1025,39.763607,20.09164,31.94448,34.8886008,"Haim Arlozorov 34, Lod, Israel",IL
1026,45.24585,14.5522585,-26.4715671,31.1899078,"D55, Swaziland",SZ
1027,40.145397,-51.10944,65.7670164,-17.1673502,"Kísilvegur, Iceland",IS
1028,42.496426,17.607143,34.044305,-117.6678009,"1648-1700 South Palmetto Avenue, Ontario, CA 91762, USA",US
1029,50.203003,22.43467,49.3875815,1.0697446,"33 Avenue de la Mare aux Daims, 76800 Saint-Étienne-du-Rouvray, France",FR
1030,50.84363,13.438786,48.5398506,19.8637364,"531007, 980 53 Lehota nad Rimavicou, Slovakia",SK
1031,57.079456,7.697622,65.5220487,-19.8495675,"Þjóðvegur, Islandia",IS
1032,47.920547,8.260668,51.2352361,5.5372713,"Merelstraat 29, 3930 Hamont-Achel, Belgique",BE
1033,39.276634,-10.9715395,49.867436,19.489343,"Kasztanowa 19, 34-100 Wadowice, Polska",PL
1034,31.641937,43.598766,-6.3130342,107.9858289,"Jl,Raya. Sukra, Patrol, Indramayu, Jawa Barat 45257, Indonesia",ID
1035,37.026577,34.056572,1.3881352,103.9988825,"1 Nicoll Dr, Singapore 498985",SG
1036,44.479836,14.810887,22.5995312,88.470726,"Kulaura - Barlekha Hwy, Банґладеш",BD
1037,52.90669,16.120876,51.4157288,19.6752453,"Wojska Polskiego 133, Piotrków Trybunalski, Pologne",PL
1038,39.159077,3.8882818,37.8644182,21.877727,"EO Patras Levidiou, Archea Olimpia 270 63, Greece",GR
1039,-2.2172356,119.9172,-37.474097,140.3967875,"221 Walkers Scrub Road, Sebastopol SA 5280, Australia",AU
1040,55.502308,19.439098,55.3883726,11.277948,"Hejningevej 16-18, 4200 Slagelse Municipality, Danimarca",DK
1041,41.02527,15.4132395,46.7589234,-1.6446827,"D948, 85190 Aizenay, France",FR
1042,9.870465,24.249702,-26.4428033,31.3669238,"William Pitcher Rd, Manzini, Swaziland",SZ
1043,33.78978,37.440044,15.1501889,98.5413111,"323, Tambon Nong Lu, Amphoe Sangkhla Buri, Chang Wat Kanchanaburi 71240, Thailand",TH
1044,48.16096,9.225122,-33.0695721,27.2032588,"N2, South Africa",ZA
1045,39.582943,15.980133,42.553477,1.6636886,"Camí Pont de Capigol, AD100 Canillo, Андорра",AD
1046,5.2372603,88.9838,22.4495835,114.0304905,"8 Wang Yip St E, Yuen Long, Hong Kong",HK
1047,-3.4718237,89.312965,-33.8116672,146.3003397,"Rankins Springs-Lake Cargelligo Road, Rankins Springs NSW 2669, Australia",AU
1048,51.614574,6.693079,52.0997667,-2.9330603,"A438, Hereford, Herefordshire HR4, UK",GR
1049,49.1305,36.754128,1.3212089,103.8802911,"206 Aljunied Rd, Singapore 389827",SG
1050,49.9622,5.4753222,50.9108949,-1.8727515,"Hare Lane, Dorset, UK",GB
1051,37.43597,14.392002,32.1442223,34.9559741,"5233, Izrael",IL
1052,47.94817,31.963825,62.477481,6.1823553,"Riksveg 658 480, 6002 Ålesund, Norvège",NO
1053,20.337326,83.12197,22.4454343,114.1320011,"Lam Kam Rd, Lam Tsuen, Hongkong",HK
1054,55.60017,4.5551634,52.4929054,6.1030958,"Zwarteweg 116, 8017 AZ Zwolle, The Netherlands",NL
1055,35.611404,16.602228,32.2978307,34.8567524,"Shmu'el 25, Netanya, Israel",IL
1056,44.799484,29.980751,27.5480806,90.1393181,"Wangdue Phodrang - Nobding Hwy, Bhutan",BT
1057,51.634094,38.560448,57.79059,26.5079836,"Antsla-Haabsaare, 66422 Võru County, Estonia",EE
1058,33.804825,77.150856,10.9085218,106.130546,"Unnamed Road, Cambodia",KH
1059,52.40082,19.191273,50.401142,30.4950395,"Hvardiiska Street, 62, Kyyiv, Kyiv city, Ukraine",UA
1060,48.7772,18.787933,57.2127576,27.5659858,"P42, Susāju pagasts, LV-4582, Latvia",LV
1061,55.508938,12.295092,55.4249525,10.2583715,"Rådyrløkken 36, 5210 Odense, Denmark",DK
1062,57.08429,15.759144,56.4354412,26.7918852,"P58, Stabulnieku pagasts, LV-5333, Latvia",LT
1063,58.993946,-8.597524,55.1076501,9.1110059,"Bedstedvej 12, 6534 Agerskov, Denmark",DK
1064,36.780945,28.582748,2.8493767,111.7457968,"Unnamed Road, Dalat, Sarawak, Malaysia",MY
1065,58.06877,14.047613,48.1185803,18.5301787,"510020, 935 41 Tekovské Lužany, Slovakia",SK
1066,48.66921,18.913185,53.435488,-7.3416885,"Unnamed Road, Co. Westmeath, Ireland",IE
1067,50.972965,13.482378,42.4436133,1.4920595,"Ctra. de la Rabassa, AD600 Sant Julià de Lòria, Andorra",AD
1068,41.84718,40.6708,11.0934876,106.1424798,"Unnamed Road, Krong Bavet, Kambodscha",KH
1069,43.748425,45.02285,54.8054967,23.8438525,"E67, 53285, Lithuania",LT
1070,52.198833,18.77177,58.9198044,24.493331,"Mõisamaa-Kümniku, 78229 Rapla County, Estonia",EE
1071,44.708675,33.637676,-13.6496882,132.130589,"Kakadu Highway, Burrundie NT 0822, Australia",AU
1072,51.200066,18.595161,24.1504576,120.436142,"Zhāngbīn West 4th Road, Xianxi Township, Changhua County, Taiwan 507",TW
1073,41.173523,16.440847,-32.9806153,-71.5313785,"Blasia 245, Viña del Mar, Valparaíso Region, Chile",CL
1074,63.917297,18.317532,47.8169793,19.6286305,"3051 Szarvasgede, 2129, Hungary",HU
1075,59.486156,17.526337,58.7317239,26.3044677,"Siimusti-Kaave, 48413 Jõgeva County, Estonia",EE
1076,33.633575,26.665531,37.0841282,15.2120085,"Autostrada Catania - Siracusa, 96100 Siracusa Syracuse, Italy",IT
1077,32.269672,67.18954,9.2534078,-75.3373018,"Chocó - El Mamon # 2 a 74, Sincelejo, Sucre, Kolumbien",CO
1078,74.95574,13.6557045,63.0768984,14.4447609,"592, 832 94 Orrviken, Szwecja",SE
1079,52.59016,17.310753,58.9198044,24.493331,"Mõisamaa-Kümniku, 78229 Rapla County, Estonia",EE
1080,37.713833,72.10409,70.5446201,22.2346592,"Riksveg 882 15, 9593 Breivikbotn, Norway",NO
1081,35.713192,10.455428,42.6105811,27.1912263,"539, 8118 Vinarsko, Bulgaria",BG
1082,-33.299934,63.515873,-25.9497657,27.6777932,"R563, South Africa",ZA
1083,28.893787,48.51068,-24.9234181,25.4087804,"B105, Botswana",BW
1084,52.570583,12.57146,49.1003642,18.8781077,"Viliama Žingora, 036 01 Martin, Slovakia",SK
1085,38.628433,8.066752,-35.3266726,-69.5994959,"RN40, Mendoza, Argentina",AR
1086,71.29916,24.028782,54.3764517,-116.7610554,"AB-43, Greenview No. 16, AB, Canada",CA
1087,59.07933,8.942505,55.4107239,11.7566409,"Englerupvej 46, 4100 Ringsted, Danemark",DK
1088,57.012424,19.285866,-34.840703,-71.1025397,"Panamericana Sur, Teno, Maule Region, Chile",CL
1089,47.127514,7.081708,-34.0621148,23.0884809,"2 Boyce Close, Knysna 6571, South Africa",ZA
1090,45.602554,22.420944,6.3395749,100.4203754,"North-South Expy, 06000 Jitra, Kedah, Malaysia",MY
1091,36.29663,66.303955,-8.3548057,115.1383325,"Unnamed Road, Penebel, Tabanan, Bali 82152, Indonesia",ID
1092,50.846546,17.796452,55.4561768,9.5550342,"Bjert Vestervang 29, 6091 Bjert, Denmark",DK
1093,46.118305,36.75532,56.2713291,14.753231,"Hemsjövägen 1533, 376 36 Svängsta, Suède",CH
1094,52.377407,7.703329,60.903982,7.1975804,"Skulevegen 2, 5745 Aurland, Norway",NO
1095,44.352776,9.999741,48.0577095,19.4222444,"2673 Csitár, Ságvári Way 3-5, Hungary",HU
1096,23.190498,67.90525,43.5707534,25.3755668,"405, 5282 Tsarevets, Bulgaria",BG
1097,1.33918,99.846634,1.3717535,103.819387,"Oncospermum Trail, Singapur",SG
1098,50.546352,6.688347,50.9201709,4.0185296,"Hoezestraat 65, 9320 Aalst, Belgium",BE
1099,52.066067,10.904323,24.0605015,87.8476086,"Unnamed Road, Bangladesh",BD
1100,28.9435,75.34193,23.3013656,91.2901129,"Dhaka - Chittagong Hwy, Bangladéš",BD
1101,58.274048,-9.533875,69.1085433,-105.1316769,"Gravel Pit Rd, Cambridge Bay, NU, Canada",CA
1102,66.918655,-13.039275,63.6783206,-18.3826141,"Þjóðvegur, Iceland",IS
1103,26.056755,47.13522,43.5918981,16.626852,"E65, 21204, Dugopolje, Croatia",KH
1104,44.593735,29.58538,24.6139414,-101.3736105,"Saltillo - Zacatecas, Pozo Colorado, Zacatecas, Mexico",UA
1105,47.415024,18.95142,26.3953431,128.0012627,"1286 Yonashiroikei, Uruma-shi, Okinawa-ken 904-2421, Япония",JP
1106,28.459656,53.1873,24.9630045,55.188531,D57 - Dubai - United Arab Emirates,AE
1107,38.905144,57.3132,47.2273866,6.0102233,"11 Rue du Petit Chaudanne, 25000 Besançon, France",FR
1108,32.41633,-7.234617,58.5026235,16.8597777,"209, 610 25 Vikbolandet, Sweden",SE
1109,55.61682,11.623932,58.9444006,24.7602046,"Rapla-Järvakandi-Kergu, Raela, 78409 Rapla County, Estonia",EE
1110,39.057472,42.916115,46.8789441,27.8898519,"DJ244F, Dolheşti, Romania",RO
1111,55.92956,20.15266,50.4567435,30.5415959,"ulitsa Parkovaya doroga, Kiev, Kyiv city, Ucrania",UA
1112,42.952103,19.013885,-33.24003,-70.7388008,"Liray, Colina, Santiago Metropolitan Region, Chile",CL
1113,46.95023,24.096436,23.5433995,121.4159135,"Ānyèxi Industry Road, Ruisui Township, Hualian, Tajwan 978",TW
1114,25.77975,99.74496,23.4222985,91.165639,"Dhaka - Chittagong Hwy, Bangladesh",BD
1115,48.328808,26.949501,48.2382433,22.1017071,"4495 Döge, 4145, Hungary",HU
1116,33.225807,84.411964,26.6242883,128.0540889,"465 Genka, Nago-shi, Okinawa-ken 905-1141, Япония",JP
1117,60.68292,20.183659,58.9033559,22.9802659,"Hilleste-Hellamaa, 92318 Hiiumaa, Estonia",EE
1118,40.44475,6.917588,69.0132515,18.6772588,"Riksveg 87 220, 9325 Bardufoss, Noorwegen",NO
1119,24.887684,71.36747,24.9022205,54.9451526,Sheikh Zayed Rd - Dubai - United Arab Emirates,AE
1120,26.84473,83.37709,38.2263153,25.8939545,"Unnamed Road, Chios 821 02, Greece",GR
1121,42.084034,24.095558,-36.0736902,-64.2753816,"RN35, La Pampa, Argentina",AR
1122,37.186726,67.6727,32.8691237,132.7913627,"Japan, 〒787-0556 Kōchi-ken, Tosashimizu-shi, Arinaga 県道344号線",JP
1123,52.975597,8.081032,50.54688,3.8573669,"Rue de Bauffe 5-17, 7050 Jurbise, Belgium",BR
1124,56.53831,18.482601,48.399294,20.2688545,"50, 982 51 Stránska, Slovakia",SK
1125,19.429546,100.0592,1.2982233,103.6229325,"96 Tuas South Ave 3, Singapur 637366",SG
1126,33.14794,32.54156,-22.3275908,-49.0159467,"Rua Teófilo Feliciano da Silva, 175-281 - Núcleo Habitacional José Regino, Bauru - São Paulo, 17031-713, Brazil",BR
1127,40.329857,37.062492,50.1435795,16.081714,"11, 517 21 Týniště nad Orlicí, Czech Republic",CZ
1128,47.01402,27.464611,55.264094,-7.3016956,"3 Rock View, Co. Baie de Donegal, Irlande",IE
1129,60.034313,17.68423,55.1929926,37.7650598,"Kashirskoye shosse, Moskovskaya oblast, Russia",RU
1130,41.71819,25.365208,25.002809,55.1653279,Honeysuckle Pl - Dubai - United Arab Emirates,AE
1131,42.310104,23.951141,-37.5725526,175.5371903,"104-120 Manhire Road, Te Puninga 3374, New Zealand",NZ
1132,59.382523,17.094128,45.5488426,14.0904516,"Obrov, 6243 Obrov, Slovenia",SI
1133,1.8649969,73.39125,-25.3274768,-64.9364754,"Ruta Nacional 9, Salta, Argentina",AR
1134,46.06053,30.459942,45.7066483,21.0608113,"DJ591, Romania",RO
1135,32.983494,107.69812,23.8251282,90.4434085,"Bashundhara-Purbachal Link Rd, Dhaka, Bangladesh",BD
1136,36.49412,36.64767,36.9778922,-78.2820689,"1600-1658 Lunenburg County Road, Victoria, Virginie 23974, États-Unis",US
1137,33.630955,110.74574,37.5591687,126.8388924,"674-1 Deungchon-dong, Gangseo-gu, Séoul, Corée du Sud",IS
1138,46.75154,61.257305,27.1460933,91.6064461,"Unnamed Road, Bhutan",BT
1139,41.166424,12.910939,-23.8663007,27.6527721,"R510, South Africa",ZA
1140,48.253647,9.529655,-33.4033669,-70.6804954,"Bajos de Jiménez 2877-2893, Independencia, Santiago Metropolitan Region, 칠레",CL
1141,53.255817,31.240623,2.8908572,101.9270965,"17, N34, Kampung Solok, 71750 Mantin, Negeri Sembilan, Malaysia",KH
1142,33.75467,35.548527,43.6047918,25.6216143,"5201, 7133 Novgrad, Bulgaria",BG
1143,54.516636,-3.2333164,50.8507005,15.5170243,"Droga Wojewódzka 358, Poland",PL
1144,45.02766,110.090034,35.0846921,129.0256227,"705 Nambumin 2(i)-dong, Seo-gu, Busan, South Korea",KR
1145,35.5047,41.648422,55.2790556,21.4291363,"4213, 99335, Lithuania",LT
1146,53.70959,18.109318,46.4563001,30.6949293,"Mykoly Voronoho street, 16, Odessa, Oekraïne",UA
1147,43.035957,11.603478,50.0338351,13.3402048,"2066, 331 65 Žihle, Czech Republic",CZ
1148,38.60413,12.86584,42.5407498,1.729939,"Carrer de la Solana, 66-68, AD200 Encamp, Andorra",AD
1149,51.05045,18.170002,1.3823638,103.725278,"67 Sungei Tengah Rd, Singapore 699008",SG
1150,35.739853,63.474754,47.9282936,22.1715064,"4335 Kántorjánosi, 4917, Hungary",HU
1151,59.10195,13.536679,58.5612439,24.9778659,"Suurejõe-Vihtra-Jõesuu, Rahnoja, 87622 Pärnu County, Estonia",EE
1152,53.52302,20.332378,56.0141806,23.2759831,"154, 76101, Lithuania",LT
1153,11.893391,68.04805,-28.1988867,152.6734563,"LOT 1 Waterfall Creek Road, Maroon QLD 4310, Australia",AU
1154,51.87176,-0.80117273,51.7175769,0.5888765,"27 Belvedere Road, Danbury, Chelmsford, Essex CM3 4RD, UK",GB
1155,40.47468,4.2089033,39.7058556,-3.8389759,"CM-42, 45430 Almonacid de Toledo, Toledo, Spain",ES
1156,42.02162,-11.558934,64.3577209,-14.9239005,"Þjóðvegur, Iceland",IS
1157,56.790707,26.971382,57.1266485,24.6971964,"E77, Gauja, Inčukalna pagasts, LV-2140, Latvia",LV
1158,44.040638,11.314439,49.6487079,14.7401604,"150, 257 03 Jankov, Czech Republic",CZ
1159,51.15635,34.42502,51.6940867,39.3081054,"avtodoroga Don, Voronezh, Voronezh Oblast, Russia, 394000",RU
1160,33.886192,80.75055,24.0409505,120.7054827,"Fēnggǔ Road, Wufeng District, Táijhong, Taiwan 413",TW
1161,50.941578,9.02714,53.4692094,-113.5541846,"109 Westbrook Drive Northwest, Edmonton, Alberta T6J 2C8, Kanada",CA
1162,51.496235,18.25309,47.1003215,26.3037108,"DC165, Crăcăoani, Romania",RO
1163,23.828743,126.711205,22.404547,113.9669865,"Ming Kum Rd, Tuen Mun, Hong Kong",HK
1164,7.631319,86.8503,1.305643,103.772807,"26 College Ave E, Singapore 138677",SG
1165,37.7538,44.85782,42.7662695,140.2823786,"Unnamed Road, Suttsu-gun, Hokkaidō, Japan",JP
1166,49.968792,28.600838,47.1093432,17.9184398,"8200 Veszprém, Haszkovó Street 31, Hungary",HU
1167,42.71546,18.055305,45.7142232,21.2063461,"Aleea Nicoreşti, Timișoara, Romania",IS
1168,52.5423,3.1101933,51.9689732,6.212787,"Keppelseweg 41, 7031 EB Wehl, The Netherlands",NL
1169,42.00952,45.076153,42.5918325,1.4436706,"Ruta General 11.1, AD400 La Massana, Andorra",AD
1170,40.90357,81.7425,48.1561384,17.1238475,"Legionárska 23, 811 07 Bratislava, Slovakia",SK
1171,26.924274,66.190674,36.2265067,23.0829215,"μονοπ. Φάρου Αβλέμονα, Avlémonas 802 00, Greece",GR
1172,37.02182,-40.464424,28.7351269,-106.1460043,"U. Magisterial, José Vasconcelos, Pistolas Meneses, 31137 Chihuahua, Mexico",MX
1173,36.28463,79.42579,35.0846921,129.0256227,"705 Nambumin 2(i)-dong, Seo-gu, Busan, South Korea",KR
1174,-10.07154,101.00399,-34.0679524,146.7208686,"Unnamed Road, Barellan NSW 2665, Australia",AU
1175,40.17035,12.136953,36.5851451,-4.8526195,"A-355, 29610 Ojén, Province de Málaga, Espagne",ES
1176,37.154926,3.2119436,-32.833047,-70.5340897,"E-765, Valparaíso Region, Chile",CL
1177,43.45744,12.968606,51.9293589,-8.3228851,"Unnamed Road, Co. Cork, Irlande",IE
1178,45.37681,35.310745,49.6684285,18.6424905,"Na aleji 117, 739 61 Trinec, Czech Republic",CZ
1179,23.429554,72.89754,12.5737489,105.2578283,"Unnamed Road, Cambodia",KH
1180,55.338734,26.146683,58.7254333,25.9434652,"Pajusi-Sepasaare-Mällu, 48216 Jõgeva County, Estonia",EE
1181,42.282417,26.138561,-8.5312454,115.1069462,"Jl. Raya Denpasar Gilimanuk, Kerambitan, Tabanan, Bali 82111, Indonesia",ID
1182,55.4792,25.189137,70.0102323,22.0488744,"E6 100, 9161 Burfjord, Norway",NO
1183,35.63484,39.76161,51.8073961,19.5363787,"Opolska 75, Łódź, Polonia",IS
1184,-11.247233,8.664811,46.5930419,30.7873322,"Henerala Bocharova street, 28, Odessa, Ukraine",UA
1185,-46.0564,-95.645386,-41.0400423,-67.6456601,"RP66, Río Negro, Argentina",AR
1186,12.469646,-10.809487,-45.7447497,-72.0016475,"Ruta 7, Coihaique, Aisén Region, Chile",CL
1187,45.452385,28.748577,40.4190483,-3.542011,"Avenida de Madrid, 32, 28822 Coslada, Madrid, Spain",ES
1188,39.425488,14.659453,41.1194653,16.4412182,"SP231, 70037 Ruvo di Puglia, Bari, Italy",IT
1189,30.534378,62.6007,4.8227268,-73.6745581,"I-50, Gacheta, Cundinamarca, Colombia",CO
1190,47.505398,11.180492,51.8794451,-9.1174744,"Unnamed Road, Co. Cork, Ireland",IE
1191,55.262825,18.908688,51.5898989,5.3980232,"Boxtelseweg 9, 5491 XT Sint-Oedenrode, The Netherlands",NL
1192,49.472775,26.55849,23.9176749,90.1024221,"Dhaka - Aricha Hwy, Bangladesh",BD
1193,-33.07063,99.88057,-32.0461662,145.9998169,"Kidman Way, Nymagee NSW 2831, Australia",AU
1194,44.274372,39.921715,57.244784,24.4472755,"P6, Ainava, Saulkrastu lauku teritorija, LV-2160, Latvia",LV
1195,35.169643,33.33384,15.6010669,105.0713521,"Unnamed Road, Tambon Kradian, Amphoe Trakan Phuet Phon, Chang Wat Ubon Ratchathani 34130, Thaimaa",TH
1196,53.17589,11.16491,52.0417588,4.3918582,"Molenweg 15, 2631 AA Nootdorp, The Netherlands",NL
1197,56.80302,17.466892,60.1749687,10.2654185,"Hønengata 45-47, 3513 Hønefoss, Norway",NO
1198,39.12721,5.8455753,42.075815,13.3859216,"A25, 67068 Scurcola Marsicana, L'Aquila, República Italiana",IT
1199,59.55703,10.773942,55.3554676,9.3579507,"Buen 2, 6070 Christiansfeld, Denmark",DK
1200,15.0006485,18.36839,42.575283,26.1539728,"E773, 8876 Staro selo, Bulgarie",BG
1201,45.964024,11.967637,55.0967574,25.2375159,"2804, 33271, Lithuania",LT
1202,58.289032,18.713455,53.576097,-116.1144248,"Yellowhead Hwy, Yellowhead County, AB T0E, Canada",CA
1203,38.419804,26.69072,-25.9044778,31.3131854,"MR1, Suazi",KH
1204,21.681286,47.7901,22.3557708,114.1654801,"Kowloon Hills Fitness Trail, Lion Rock, Hong Kong",HK
1205,57.86652,23.141544,55.8364131,9.3848576,"Midtjyske Motorvej, 7323 Give Municipality, Denmark",DK
1206,23.093258,83.30602,1.25016,103.8436695,"1 Paradise Island, Singapore 098468",SG
1207,52.833324,20.566227,42.9582315,25.6067922,"55, 5055 Golemanite, Bulgaria",BG
1208,44.888668,14.472545,19.0550095,100.4576896,"Unnamed Road, Tambon Khun Kuan, Amphoe Pong, Chang Wat Phayao 56140, Thailand",TH
1209,58.143803,8.027818,45.8207939,14.6571526,"Gornje Retje 6, 1315 Velike Lašče, Słowenia",SI
1210,42.069035,38.777416,32.8015439,35.0969265,"Lilienblum 11-25, Kiryat Ata, Israel",IL
1211,6.7764616,-17.525616,-32.9955273,24.5477429,"R339, Afrique du Sud",ZA
1212,71.704025,18.783127,52.4978736,-116.0033026,"14502 David Thompson Hwy, Clearwater County, AB T0M, Canada",CA
1213,55.10068,17.82012,43.2112054,26.8023411,"5102, 7740 Nadarevo, Bulgaria",BG
1214,46.16034,7.836074,46.0725737,18.2334078,"7622 Pecz, Alsó-malom Street 7, Węgry",HU
1215,57.436535,5.4825172,59.9114121,71.1658738,"R404, Khanty-Mansiyskiy avtonomnyy okrug, Russia, 628327",LT
1216,55.419518,14.235794,53.1241448,-1.8310081,"Beresford Lane, Peak District National Park, Buxton, Staffordshire SK17 0HH, Royaume-Uni",GB
1217,26.600018,65.49173,23.0735425,89.2346331,"Jessore - Rajarhat - Monirampur - Keshabpur - Chuknagar Rd, Бангладеш",BD
1218,55.0404,6.213354,63.1348368,29.4547338,"15804 522-620, 83900 Juuka, Finlande",FI
1219,44.084843,13.340749,32.2708084,34.844308,"Menachem Savidor 4-56, Netanya, Israel",IL
1220,59.70168,9.878054,43.2678371,23.4521238,"E79, 3040 Vratsa, Bulgaria",BG
1221,51.321415,16.426153,51.2590105,7.072752,"Wiedener Straße 65, 42327 Wuppertal, Germany",DE
1222,21.933681,64.69243,1.3239613,103.6384373,"3 Tuas Ave 18A, シンガポール",SG
1223,34.32563,116.18221,37.5008544,127.1156458,"181-1 Songpa 2(i)-dong, Songpa-gu, Seoul, South Korea",KR
1224,49.341923,-1.7702184,46.0716543,14.5717447,"Cesta na Ježah 6e, 1260 Ljubljana - Polje, Słowenia",SI
1225,52.384663,16.425434,48.399294,20.2688545,"50, 982 51 Stránska, Slovakia",SK
1226,43.33414,12.285538,-37.0409403,-72.3801087,"O-50, Cabrero, Biobío Region, Chile",CL
1227,37.81406,-14.423066,11.2487611,-73.8295799,"I-90 # 76, Santa Marta (Distrito Turístico Cultural E Histórico), Magdalena, Kolumbia",CO
1228,38.255974,-0.7852888,54.0902497,-124.1111506,"Stuart Lake Hwy, Vanderhoof, BC V0J 3A2, Canada",CA
1229,26.075539,54.4349,13.5431503,104.8660881,"Unnamed Road, Cambodia",KH
1230,41.916447,2.7261763,45.1064398,39.0115307,"ulitsa Yagodina (Kalinino), 72 корпус 1, Krasnodar, Krasnodar Krai, Russia, 350000",RU
1231,55.808117,14.968857,46.4157933,-66.4649782,"5544 NB-8, Astle, NB E6A 1N9, Kanada",CA
1232,24.439034,84.57559,-45.3952379,-72.5495823,"Ruta 240, Aysén, Aisén Region, Chile",CL
1233,46.395077,28.471806,31.9598273,34.8614429,"Eitan Street, Nir Cvi, Izrael",HK
1234,46.62118,17.590202,47.4175885,7.1022801,"E27, 2900 Pruntrut, Schweiz",HU
1235,42.501102,16.122345,42.9841897,25.40373,"4041, 5386 Karaivantsa, Bulgaria",BG
1236,36.673664,-15.345927,37.5251091,-2.9040097,"GR-8100, 18812 Freila, Grenade, Espagne",ES
1237,48.955963,15.4958935,44.9754814,27.0638935,"DJ214A, Luciu, Roumanie",RO
1238,28.431728,18.451073,-17.8563162,25.227868,"A33, Botswana",KH
1239,44.88813,6.1363997,52.1461523,4.6765025,"Rigolettohof 36-38, 2402 EX Alphen aan den Rijn, The Netherlands",NL
1240,50.37875,49.958755,22.3831203,114.246351,"Maclehose Trail Sec. 4, Ma On Shan, Hong Kong",HK
1241,41.744568,13.861174,22.2704023,113.8876923,"Hong Kong, Lantau Island, 東澳古道",HK
1242,36.8366,19.113705,47.4175885,7.1022801,"E27, 2900 Pruntrut, Schweiz",HU
1243,33.955887,22.417702,31.9641638,34.7776143,"Beit Yehoshua 3, Rishon LeZion, Israel",IL
1244,41.94013,18.882149,58.655184,23.6129752,"Kõmsi-Mõisaküla-Salevere, 90111 Lääne County, Estonia",EE
1245,60.546196,22.33339,52.3824677,5.2173479,"Markerdreef, Markerkant, 1316 Almere, Nederländerna",NL
1246,15.379266,60.266922,13.9797971,107.0757142,"Unnamed Road, Cambodia",KH
1247,42.527355,-11.000796,50.4915981,30.4375115,"Zoryanyi lane, 4, Kyyiv, Kyiv city, Ukraine",UA
1248,49.556885,15.588359,53.8016493,-8.5934365,"Unnamed Road, Co. Roscommon, Ireland",IE
1249,9.831985,40.281303,24.9532652,55.3081307,E 77 - Dubai - Các tiểu Vương quốc Ả rập Thống nhất,AE
1250,45.38882,34.96852,5.5798591,115.5881394,"Unnamed Road, Kuala Penyu, Sabah, Malaisie",MY
1251,42.023785,38.050095,31.1595742,130.9526397,"Japonska, Kagoshima-ken, Kimotsuki-gun, Kimotsuki-chō 県道74号線",JP
1252,43.14732,83.20818,5.6051983,-75.8136872,"Jardín - Tamesis, Jardín, Antioquia, Colombia",NL
1253,31.244255,-22.502995,-33.1270612,-71.5699715,"Cardenal Samoré, Valparaíso, Valparaíso Region, Chile",CL
1254,54.64354,13.201726,53.9841629,-6.5033003,"R178, Co. Louth, Ireland",IE
1255,51.246555,25.541267,44.3121689,7.6834191,"Regione Gambarello, 37B, 12013 Chiusa di Pesio, Coni, Italie",IT
1256,57.786877,16.433636,66.9874663,14.7658081,"Fylkesveg 495 20, 8110 Moldjord, Norway",NO
1257,42.29198,30.6181,-38.265264,142.2676795,"LOT 1 Terka Road, Kirkstall VIC 3283, Australia",AU
1258,57.249714,14.100532,40.6647147,23.6423804,"EO Thessalonikis Kavalas, Volvi 570 21, Greece",GR
1259,53.827003,2.45474,55.5942318,9.4935234,"Hovedvejen 8, 6052 Viuf, Denmark",DK
1260,61.0068,10.882693,59.1061742,12.1635581,"Herrenäs Rönningen 2, 666 91 Bengtsfors, Sweden",SE
1261,33.96924,45.04595,-6.4680658,107.4438619,"Jl. Tol Cipularang, Babakancikao, Purwakarta, Jawa Barat 41151, Indonesien",ID
1262,58.6629,11.806885,44.7791533,-0.6094729,"77-81 Cours du Général de Gaulle, 33170 Gradignan, France",FR
1263,51.193943,10.078564,-37.0096605,175.0464092,"164 Monument Road, Clevedon, Auckland 2582, New Zealand",NZ
1264,49.19802,6.546476,55.2558571,10.1654316,"Langstedvej 12, 5620 Glamsbjerg, Denmark",DK
1265,39.39916,24.103615,8.7918666,-75.6998435,"Carrera 3, San Carlos, Córdoba, Kolumbia",CO
1266,44.54112,8.7250805,55.249294,9.2898704,"Odinsvej 471, 6500 Vojens Municipality, Danemark",DK
1267,47.775414,38.47027,41.8596,13.9200688,"Strada Statale 479, 67038 Scanno, L'Aquila, Italy",IT
1268,25.000248,79.013824,11.1743994,104.5009333,"Unnamed Road, Cambodia",KH
1269,61.87582,33.72716,63.081083,29.2390644,"15811 1120-1204, 83870 Juuka, Finland",FI
1270,30.301056,79.0204,27.3648009,89.9123973,"Wangdue - Tsirang Hwy, Bhutan",BW
1271,39.295086,42.20125,-21.1674696,27.4951849,"Maun Road, Francistown, Botswana",BW
1272,51.1329,14.106458,51.0541274,4.567498,"Berkenhoekstraat 14, 2861 Sint-Katelijne-Waver, Belgium",BE
1273,52.304974,13.426413,6.436314,116.4804765,"Jln Kota Belud - Kudat, 89150 Kota Belud, Sabah, Malaysia",MY
1274,57.644108,29.473625,55.8880997,21.2741193,"Vytauto gatvė 120, Kretinga 97133, Lithuania",CZ
1275,40.09222,24.034756,25.2307789,-107.8973171,"Culiacán - Los Mochis, Bacamacari, Sinaloa, Mexico",MX
1276,35.400154,9.828001,-25.7249197,26.019403,"R49, Ottoshoop 2866, South Africa",ZA
1277,44.66527,2.698213,44.9139505,-0.7224322,"25-27 Route de Joli Bois, 33160 Saint-Aubin-de-Médoc, France",FR
1278,21.908363,-38.16623,37.5759304,13.1779987,"Strada Provinciale 37, 92010 Caltabellotta, Agrigento, Italy",IT
1279,41.684444,25.563103,51.0530526,17.7458222,"Łączańska, 46-100 Namysłów, Poland",PL
1280,41.82619,60.246346,23.8019945,89.286911,"চরপাড়া Dhaka - Kushtia Hwy, Khoksha, Bangladesh",BD
1281,51.296883,14.779882,27.5033661,90.7303241,"Bumthang - Ura Hwy, Bhutan",BT
1282,58.282192,40.27349,55.84405,-118.2681335,"Range Rd 24, Wanham, AB T0H 3P0, Canada",CA
1283,31.104572,68.07671,23.5501739,90.6662166,"N1, Gazaria, Bangladesh",BD
1284,31.360657,46.2762,32.1011912,34.8070912,"Israel National Trail, Tel Aviv, Israel",IL
1285,45.044487,7.612484,50.8396051,4.2298319,"Sint-Annastraat 1, 1701 Dilbeek, Belgium",BE
1286,37.913567,0.48420215,-32.5624645,-63.5111275,"RN158, Córdoba, Argentina",AR
1287,53.68146,15.446698,42.2566923,23.3044785,"6206, 2650 Sapareva Banya, Bulgaria",BG
1288,56.622044,13.705026,64.014488,10.50761,"Fylkesveg 52 180, 7170 Åfjord, Norwegen",NO
1289,47.37556,21.341946,24.2183093,120.6587457,"Rénhé North Road, Daya District, Taichung City, Taiwan 428",TW
1290,43.29684,10.075601,49.7980512,14.8664107,"113, 257 26 Divišov, Czech Republic",PE
1291,50.465504,42.635704,24.6329646,121.6095004,"Qīngshuǐ Bridge, Yilan, Tajwan",TW
1292,52.614574,8.009062,42.6626444,26.6868934,"7, 8883 Gorno Aleksandrovo, Bulgarie",BG
1293,41.302876,16.976665,-21.7686462,-43.2948173,"Rua Aristóteles Evaristo do Nascimento, 622 - Jardim Esperança, Minas Gerais, Brésil",BR
1294,47.12677,29.812973,52.406439,16.851135,"Strzegomska, 60-194 Poznan, Poland",PL
1295,44.093754,14.17495,23.4422802,121.3810277,"Lèdé Road, Yuli Township, Hualien County, Taiwán 981",TW
1296,35.488712,44.063007,46.1590917,23.8841057,"DC34, Tiur, Roemenië",RO
1297,25.729774,96.635925,25.2712332,55.2911454,Al Khaleej Rd - Dubai - United Arab Emirates,AE
1298,38.633152,37.630005,1.3636599,103.8667586,"49A Serangoon Garden Way, Singapore 555945",SG
1299,55.21259,8.598299,55.7858219,9.6427244,"Bredalvej 16, 8722 Hedensted, Denmark",DK
1300,54.104557,24.348736,58.6213234,25.1246213,"Laupa-Suurejõe, 87629 Pärnu County, Estonia",EE
1301,43.15904,15.015819,19.4890289,-100.9212673,"Michoacán 49, Michoacán, Mexico",MX
1302,48.450466,33.395985,42.6262176,1.5512214,"Ctra. de Sorteny, AD300 Ordino, Andorra",AD
1303,31.30346,114.10662,37.491024,127.1455677,"292-13 Geoyeo-dong, Songpa-gu, Seoul, South Korea",KR
1304,42.449955,22.851955,49.8078805,17.7714707,"44337, 747 84 Radkov, Czech Republic",CZ
1305,44.063667,43.000023,49.8526248,19.0716966,"Barkowska 272, 43-346 Bielsko-Biala, Poland",PL
1306,-50.703762,151.01271,1.6946566,110.0549643,"Jalan Lundu - Sampadi, 94500 Lundu, Sarawak, Malaysia",MY
1307,48.639793,11.61781,62.16145,5.1735825,"Fylkesveg 633 80, 6750 Stadlandet, Norway",GB
1308,24.410915,80.05242,22.9768467,89.4711826,"Jessore - Khulna Hwy, Phultala, Bangladesh",BD
1309,44.722744,33.650154,-31.685512,-53.0421298,"BR-293, ריו גראנדה דו סול, 96490-000, ברזיל",BR
1310,42.763577,20.453247,-30.3640029,27.5747594,"4100 Road to Nowhere, Iqaluit, NU X0A, Canada",CA
1311,38.71479,26.041386,-37.0560746,144.2001932,"68 Tomkies Road, Castlemaine VIC 3450, Australia",AU
1312,49.85729,14.816037,-38.1037657,175.7259255,"743 Old Taupo Road, Waotu 3481, New Zealand",NZ
1313,51.42856,11.489987,52.700689,-6.2671079,"R772, Co. Wexford, Ireland",TH
1314,29.890163,69.595406,27.080095,89.8738139,"Daga Rd, Daga, Bhutan",BT
1315,21.815115,22.880531,-17.8563162,25.227868,"A33, Botswana",KR
1316,-58.4782,-34.919598,-23.7088498,22.8262872,"A2, Botswana",BW
1317,51.325497,1.5634733,26.6713485,142.148542,"Japan, 〒100-2211 Tōkyō-to, Ogasawara-mura, Hahajima 都道241号線",JP
1318,64.89158,11.717727,62.0525478,22.6887482,"13247 523-563, 39920 Karvia, Finlandia",FI
1319,51.627476,11.773803,47.5163644,8.5612335,"Winterthurerstrasse 81, 8180 Bülach, Switzerland",CH
1320,53.810406,15.688065,55.0912487,24.3979373,"1514, 55490, Lithuania",LT
1321,29.558304,54.024284,2.3877721,111.9579573,"Lorong Bahagia 9, 96000 Sibu, Sarawak, Maleisië",MY
1322,56.586964,20.317158,42.5469834,1.5220641,"Carrer de les Costes de Giberga, 39, AD400 La Massana, Andorra",AD
1323,43.60454,-1.15347,19.2968429,-98.2721335,"Independencia 11, Xilotzinco, 90110 Tlaxcala, Mexico",MX
1324,27.563927,50.989803,23.535247,89.7517639,"Mawa - Bhanga Hwy, Bangladesh",BD
1325,43.837498,23.59832,40.1129485,18.1169897,"Via Guglielmo Oberdan, 14, 73040 Neviano Lecce, Italien",IT
1326,45.394547,6.830856,48.2097957,17.2165841,"Pri struhe 42-44, 831 07 Vajnory, Slovakia",SK
1327,50.08262,11.728868,55.4789595,10.2913947,"Langehede 36, 5471 Sonderso, Denmark",DK
1328,12.982146,52.875843,24.951151,55.3852484,E 77 - Dubai - United Arab Emirates,AE
1329,48.551296,29.094147,8.1236518,-73.5767755,"I-45 # 31 a 75, Rio de Oro, Cesar, Colombia",CO
1330,37.45046,25.966587,23.7912904,120.3796271,"Wénhuà Road, Erlun Township, Yunlin County, Taiwan 649",TW
1331,45.494198,11.478219,39.5401146,21.9121722,"Epar.Od. Faneromeni-Nomis, Farkadona 421 00, Greece",GR
1332,45.353275,20.16711,51.9567976,5.9640952,"Van der Hoevensstraat 77, 6931 DB Westervoort, The Netherlands",NL
1333,47.70967,0.77680886,23.5225248,120.3651336,"616, Taiwan, Chiayi County, Xingang Township, 166縣道",TW
1334,47.81746,18.594913,44.0534964,-88.7338523,"4442 Wisconsin 116, Omro, WI 54963, USA",US
1335,61.71915,16.918583,45.2892331,-73.3581941,"1050-1382 CH Des Patriotes, Saint-Jean-sur-Richelieu, QC J2Y 1H4, Canada",CA
1336,7.426873,-18.658352,37.6438494,21.3189601,"Epar.Od. Pirgou-Katakolon, Katakolo 270 67, Grækenland",GR
1337,57.190853,16.621159,8.3463071,-75.5538771,"I-25 # 30 a 38, Planeta Rica, Cordoba, Colombia",CO
1338,55.249664,27.402077,60.0310398,30.2857859,"Novoselkovskaya ulitsa, 23, Saint Petersburg, Russia, 190000",RU
1339,50.64887,7.8691254,46.3185177,13.5400098,"Čezsoča 123, 5230 Bovec, Słowenia",SI
1340,54.069103,8.578789,4.7223037,-74.0805848,"Carrera 80 # 128B-1 a 128B-99, Bogotá, Cundinamarca, Colombia",CO
1341,46.73853,50.85582,23.3571749,90.0000284,"Dhaka - Barisal Hwy, Bangladesh",BD
1342,34.09799,60.209538,37.5144656,127.1035965,"27 Sincheon-dong, Songpa-gu, Seoul, South Korea",KR
1343,39.367992,73.03832,2.6845759,101.4804217,"Unnamed Road, Kampung Batu Lapan, Tanjong Sepat, Selangor, Malaysia",MY
1344,31.067684,79.97541,22.395775,114.355424,"Sai Kung Sai Wan Rd, Hong Kong",HK
1345,70.902794,-19.414955,63.8473024,-22.3792602,"427, Islandia",IS
1346,44.32283,22.822395,4.8996123,-74.3160772,"Facatativá # 2 a 100, La Vega, Cundinamarca, Kolumbia",CO
1347,54.200798,30.374298,47.5235311,17.2741685,"9313 Rábacsanak, Hunyadi Street 168, Hungary",HU
1348,12.272325,35.598755,37.5595607,-96.9984339,"183rd Street, Douglass, KS 67039, USA",US
1349,35.12634,44.100296,2.8067424,101.9176578,"329, Jalan Mantin, 70200 Mantin, Negeri Sembilan, Malaisie",MY
1350,-6.525384,19.023289,-33.9423116,24.3094964,"R62, Kareedouw 6400, South Africa",ZA
1351,15.689223,2.3355947,-29.9897526,-71.0610236,"Ruta 41, La Serena, Coquimbo Region, Chile",CL
1352,41.632412,51.69219,44.7100259,37.7759975,"ulitsa Parkhomenko, 11, Novorossiysk, Krasnodar Krai, Russia, 353922",RU
1353,41.132996,62.86269,6.0048443,-73.5879437,"I-45A, Santander, Kolumbia",CO
1354,61.802547,16.069695,56.9894987,22.5351116,"Blaumaņa iela 68, Sabile, Sabiles pilsēta, LV-3294, Latvia",LV
1355,46.184032,16.75322,42.4990107,1.53065,"Urb. Comella Parc, AD500 Andorra la Vella, Andorra",AD
1356,-3.7325888,182.15047,27.0518453,142.1912391,"Japan, 〒100-2101 Tōkyō-to, Ogasawara-mura, Chichijima 都道240号線",JP
1357,45.995872,12.596727,43.0147002,23.474167,"161, 2152 Rashkovo, Bulgaria",US
1358,-2.319848,44.042656,22.7737821,89.1960026,"Khulna - Satkhira Rd, Bangladesh",BD
1359,39.56144,-8.408828,57.4485549,-1.9201481,"1 Hatton Farm Road, Hatton, Peterhead, Aberdeenshire AB42 0QN, Royaume-Uni",GB
1360,45.426777,6.1018457,55.8294512,9.8360071,"Krokusvej 67, 8700 Horsens, Denmark",DK
1361,43.004276,21.605003,48.0004801,37.7796199,"Torets'ka street, 10-12, Donetsk, Donetsk Oblast, Ukraine",UA
1362,53.012074,5.360804,26.9499764,-82.2434772,"5400-5408 White Avenue, Port Charlotte, Floride 33981, États-Unis",US
1363,-10.405534,-69.17379,-35.6536496,-70.2015677,"RP226, Mendoza, Argentina",AR
1364,17.218254,-12.742572,-47.2796229,-71.4751713,"RP41, Santa Cruz, Argentina",BW
1365,48.042553,27.943638,50.8267309,5.2945375,"Kerselaarstraat 10, 3840 Borgloon, Belgium",BE
1366,42.83601,-1.0961466,51.6866879,4.1961505,"Helledijk, 3255 Oude-Tonge, The Netherlands",NL
1367,24.915783,80.05599,1.40111,110.6588857,"Unnamed Road, Simunjan, Sarawak, Malaysia",MY
1368,37.18917,23.534935,-43.2813389,172.251759,"130 Mcjarrows Road, Starvation Hill 7495, New Zealand",NZ
1369,61.794415,24.15773,67.8109563,23.182561,"99, 984 99 Pajala, Sweden",SE
1370,17.817028,24.133503,35.205288,128.9917719,"1157-1 Gupo 2(i)-dong, Buk-gu, Busan, South Korea",KR
1371,55.432034,17.84763,68.9058026,27.0080399,"Saarikoskentie 2, 99870 Inari, Finland",FI
1372,41.365475,15.937535,45.3699619,4.7408717,"Le Biez, 42520 Saint-Pierre-de-Bœuf, France",FR
1373,44.880814,21.818115,54.2706261,23.9123028,"2512, Noragėliai 67225, Lithuania",LT
1374,30.400982,13.616608,46.2489434,16.3043532,"Ulica bana Jelačića 116, 42201, Beretinec, Croatia",HR
1375,37.004547,63.106133,47.8031461,22.2182085,"4341 Nyírvasvári, 4915, Hungría",HU
1376,50.89662,11.152908,51.5890814,-9.1645484,"Unnamed Road, Co. Cork, Ireland",IE
1377,52.731857,41.467205,37.4918264,127.0985011,"707-3 Suseo-dong, Gangnam-gu, Seoul, South Korea",KR
1378,-10.266671,28.04385,-26.3028982,31.876244,"MR3, Hlane National Park, Swaziland",SZ
1379,31.229736,32.614388,27.7017701,128.9083412,"Japon, 〒891-8323 Kagoshima-ken, Ōshima-gun, Isen-chō, Kinoko 県道83号線",JP
1380,18.40186,88.64433,25.0092173,55.5045607,E 77 - Dubai - United Arab Emirates,AE
1381,46.281036,44.571564,50.3755358,14.499267,"Pod Chloumečkem 3472, 276 01 Melnik, Czech Republic",CZ
1382,55.74792,12.423956,45.2879302,-79.1956808,"1003-1071 Brunel Road, Huntsville, ON P0B, Canada",CA
1383,39.703014,-32.03441,58.5499726,49.6863211,"Р169, Kirov, Kirov Oblast, Russia, 610913",RU
1384,38.91577,16.565971,44.354459,1.4972071,"A20, 46230 Cieurac, France",FR
1385,55.342606,4.1810975,65.6126911,-18.5039302,"Þjóðvegur, Iceland",IS
1386,35.775448,75.1977,49.9834783,36.3064358,"Dons'kyi lane, 3, Kharkiv, Oblast de Kharkiv, Ukraine",UA
1387,51.269196,16.342201,43.6688271,22.6782484,"102, Granitovo, Bulgarie",BG
1388,-19.332542,13.834946,-23.1156051,27.1243018,"Mahalapye, Botswana",BW
1389,50.090973,21.559544,46.4157933,-66.4649782,"5544 NB-8, Astle, NB E6A 1N9, Kanada",CA
1390,46.0576,20.71465,58.6288387,25.6547837,"Põltsamaa-Võhma, Koksvere, 70604 Viljandi County, Estonia",HU
1391,37.812927,33.89515,38.0633754,-7.1468876,"R. da Fonte de Arouche, 7875 Santo Aleixo da Restauração, Portugal",PT
1392,46.617077,17.79758,-39.5997613,175.8176904,"211 Te Moehau Road, Taihape 4795, New Zealand",NZ
1393,28.821522,54.73317,-8.5312454,115.1069462,"Jl. Raya Denpasar Gilimanuk, Kerambitan, Tabanan, Bali 82111, Indonesia",ID
1394,24.140827,41.745895,-34.9050913,117.6114861,"812 Redmond W Rd, Redmond West WA 6327, Australia",KH
1395,43.751633,82.50758,37.4333312,127.1282687,"4807 Sujin 2(i)-dong, Sujeong-gu, Seongnam-si, Gyeonggi-do, South Korea",KR
1396,53.003353,5.911929,52.8440957,16.9382828,"Unnamed Road, Polska",PL
1397,37.352192,53.088,1.311294,103.9506966,"E Coast Park Service Rd, Singapore",SG
1398,45.627514,13.617839,64.035064,-22.7025737,"Vallargata, Sandgerði, Islandia",PE
1399,34.194202,51.79512,37.1449625,140.3066056,"Japan, Fukushima Prefecture, Nishishirakawa District, Izumizaki, Kitahirayama 県道75号線",JP
1400,45.598583,25.700726,17.2221294,103.4410671,"Unnamed Road, Tambon Tha Sila, Amphoe Song Dao, Chang Wat Sakon Nakhon 47190, Thailand",TH
1401,47.7587,-8.1515875,20.9439112,-87.3239713,"Carretera Federal 180, Leona Vicario, Quintana Roo, Mehhiko",MX
1402,39.965664,8.407979,-26.5127635,31.3774186,"Second Avenue, Manzini, Swaziland",SZ
1403,48.688263,9.990181,50.9108949,-1.8727515,"Hare Lane, Dorset, UK",GB
1404,48.573833,6.604705,45.5576019,5.966848,"411-437 Rue de l'Église, 73490 La Ravoire, France",LT
1405,46.572823,-27.854836,64.9481597,25.5477387,"Tulipiipuntie 10, 90420 Oulu, Finland",GB
1406,52.798683,29.056835,60.2428633,25.0168136,"Gamla Helsingevägen 2, 00700 Helsinki, Finland",SG
1407,49.20349,65.07647,24.9276445,121.2407152,"No. 43, Lane 620, Section 3, Lónggāng Road, Zhongli City, Taoyuan County, Taiwan 320",TW
1408,50.980778,25.618687,54.1586211,-2.6519256,"3 Keer Holme Lane, Carnforth LA6, UK",GB
1409,46.991943,16.910707,42.4689268,1.4926697,"Av. Rocafort, 21, AD600 Sant Julià de Lòria, Andorra",AD
1410,36.78372,-2.8785343,44.484794,22.1221621,"Mehedinți, Romania",RO
1411,37.523544,5.1701484,41.3856503,14.78413,"SP143, 82020 Circello, Benevento, Italy",IT
1412,59.11716,19.86547,56.9854574,23.4685598,"Malienas iela 16, Ķemeru nacionālais parks, Lapmežciems, Lapmežciema pagasts, LV-3118, Latvia",HK
1413,48.782436,20.817043,43.2112054,26.8023411,"5102, 7740 Nadarevo, Bulgaria",BG
1414,46.56644,10.333684,-33.7401958,24.7789793,"R331, Afrique du Sud",ZA
1415,42.36451,11.086909,46.1397316,21.5284784,"DN7, Sâmbăteni, Romania",RO
1416,47.968098,29.435268,12.1344669,106.9132528,"76, Cambodia",KH
1417,36.15364,20.499893,-39.4227425,174.1114962,"691 Rowan Road, Kaponga 4679, New Zealand",NZ
1418,18.976936,62.66213,39.3237947,24.0937996,"Unnamed Road, Kira Panagia 370 05, Greece",GR
1419,35.3529,51.523438,32.4266545,34.9080545,"4, Hadera, Israël",IL
1420,20.280117,73.86609,15.6010669,105.0713521,"Unnamed Road, Tambon Kradian, Amphoe Trakan Phuet Phon, Chang Wat Ubon Ratchathani 34130, Thaimaa",TH
1421,27.631481,-0.7123728,47.013334,26.9452087,"Strada Mare, Adjudeni, Romania",RO
1422,52.730038,16.354881,56.5787307,21.1389811,"P111, Medze parish, LV-3461, Latvia",LV
1423,57.745907,12.476789,61.7849917,9.3710241,"Fylkesveg 436, 2670 Otta, Noruega",NO
1424,44.71908,53.527412,-36.996069,174.9005447,"7-9 Sesame Grove, Goodwood Heights, Auckland 2105, New Zealand",BE
1425,40.10662,59.00927,-8.829275,115.084607,"Jl. Pedestrian Walk, Kuta Sel., Kabupaten Badung, Bali, Indonesia",ID
1426,39.514748,19.53341,23.670658,120.3311373,"Ānwu Road, Yuanchang Township, Yunlin County, Taiwan 655",TW
1427,46.229427,25.474773,49.8059604,17.258637,"44417, Mutkov, République tchèque",CZ
1428,49.30376,13.59879,35.0295204,138.9491236,"Shimoda Hwy, Sōkōji, Izunokuni-shi, Shizuoka-ken 410-2302, Japan",JP
1429,47.002407,19.361832,49.3875815,1.0697446,"33 Avenue de la Mare aux Daims, 76800 Saint-Étienne-du-Rouvray, France",FR
1430,37.978706,75.12272,37.451782,127.0009988,"451-9 Gwacheon-dong, Gwacheon-si, Gyeonggi-do, South Korea",KR
1431,39.42573,-24.121445,4.6009097,-74.1331338,"Carrera 53 # 39S-2 a 39S-100, Bogota, Cundinamarca, Kolumbia",CO
1432,52.42492,25.327736,46.4314885,9.8375788,"Senda Aguagliöls 12, 7513 Silvaplana, Zwitserland",CH
1433,52.541534,-6.115184,46.8011787,16.9304566,"8925 Nemeshetés, 7363, Hungary",HU
1434,14.110811,-13.348238,-29.0022622,134.7491164,"LOT 2089 The Painters Road, Coober Pedy SA 5723, Australia",AU
1435,35.2481,80.05072,3.5947398,113.6717413,"AH150, 98200 Miri, Sarawak, Malaysia",MY
1436,53.504654,19.766094,68.9629561,23.088906,"Riksveg 93 2910, 9520 Kautokeino, Norway",NO
1437,45.119823,16.644127,56.783834,37.8270874,"Р104, Obwód twerski, Rosja",RU
1438,43.19705,6.8589816,41.3549455,15.7802657,"A14, 71045 Orta Nova, Foggia, Italie",IT
1439,48.577946,7.149142,37.3312486,-8.0500321,"Unnamed Road, 7700, Portugal",PT
1440,38.726612,32.810886,-26.6968938,27.8272698,"19-21 Becqueral Street, Vanderbijlpark 1900, Republika Południowej Afryki",ZA
1441,53.315266,18.12159,-4.7823774,-48.0764163,"Rua Jaderlândia, 1-449, Pará, 68638-000, Brazylia",BR
1442,40.333256,10.268258,-24.4850129,26.028638,"A1, Botswana",BW
1443,35.715805,6.8474827,40.9562059,-7.5774806,"N226, 3620, Portugal",PT
1444,26.678738,29.019958,33.0158929,35.1354577,"89, Israel",IL
1445,53.078266,20.271618,50.0134188,36.1978307,"Besarabska Street, 25, Kharkiv, Kharkiv Oblast, Ukraine",UA
1446,60.02608,10.011135,56.0810308,12.243831,"Tulstrupvej 125, 3230 Graested, Denmark",DK
1447,35.227608,19.200706,59.5589381,15.591389,"859, 710 41 Fellingsbro, Sweden",BW
1448,28.011192,70.22865,22.3074,114.1699028,"2 Saigon St, Yau Ma Tei, Hong Kong",HK
1449,47.58962,15.156684,55.2736092,-3.4247549,"B7076, Moffat, Dumfries and Galloway DG10 9PW, UK",GB
1450,33.81873,38.0944,22.4120169,113.9823973,"8 Castle Peak Rd, Tuen Mun, Hong Kong",HK
1451,37.400875,16.9375,41.6339458,24.3044622,"Змеица - Чала, 4834, Bulgaria",BG
1452,41.814545,14.298979,-10.634179,-76.5746324,"100, Peru",PE
1453,41.930023,10.099789,-26.2176529,28.1423022,"18 Harriet Avenue, Germiston 1400, South Africa",ZA
1454,52.19534,5.14487,56.2501837,14.529528,"Rosenhillsvägen 40, 293 73 Jämshög, Sweden",SE
1455,47.763767,39.589394,54.6722507,25.1621137,"Dubliškių gatvė, Vilnius 02300, Lithuania",LT
1456,49.4314,9.154728,54.9050026,9.6139112,"Brovej, 6320 Egernsund, Denmark",TH
1457,56.62596,16.12991,56.184805,10.1710687,"Herredsvej 152, 8210 Aarhus, Denmark",DK
1458,59.01899,23.793457,59.6058103,25.918736,"Neeme tee 54-58, Lahemaa rahvuspark, Käsmu, 45601 Lääne-Viru County, Estonia",EE
1459,32.989956,23.251278,32.6891728,35.2406688,"Yarden 6, Migdal HaEmek, Israel",IL
1460,41.990765,17.400291,22.1988463,-102.2944849,"Pabellón de Arteaga-Rincón de Romos, Pabellón de Hidalgo, Aguascalientes, Mexico",MX
1461,43.358173,3.5466852,48.3032413,20.3188533,"571041, 980 44 Lenartovce, Slovakia",SK
1462,17.635876,101.776085,37.5402739,126.7615153,"248-4 Byeongbang-dong, Gyeyang-gu, Incheon, Coreea de Sud",KR
1463,52.648815,4.002841,-34.0239893,22.8225204,"Stingray Close, Sedgefield 6573, South Africa",ZA
1464,35.158085,31.467152,42.8716608,22.7555348,"813, Vrabcha, Bulgaria",BG
1465,52.715466,17.552723,1.1174743,111.8580572,"2118, 95800 Engkilili, Sarawak, Malaysia",MY
1466,32.883892,35.940727,46.3506033,18.6917201,"7100 Szekszárd, Kálvin tér 1-3, Hungary",HU
1467,55.02262,5.321141,49.4437126,8.5780317,"Trautenfeldstraße 6, 68229 Mannheim, Germany",DE
1468,-3.6572924,106.59764,22.3941083,113.91799,"Lung Kwu Tan Rd, Tuen Mun, Hong Kong",HK
1469,60.56045,22.735252,55.9548188,23.4425754,"150, 76112, Lithuania",LT
1470,57.158257,-14.078916,53.1471405,-4.199429,"3 Ffordd Minffordd, Llanrug, Caernarfon LL55 4PE, Yhdistynyt kuningaskunta",NO
1471,48.699474,32.652172,-12.0465333,-77.0431471,"Miguel Baquero, Lima 15082, Peru",PE
1472,27.725193,51.267124,39.3358979,22.4258632,"Epar.Od. Farsalon-Asprogion, Farsala 403 00, Greece",GR
1473,55.198723,10.792373,51.4485999,4.4942575,"Nieuwmoersesteenweg 121, 2910 Essen, Belgique",BE
1474,-0.27264595,-11.053037,-25.1622766,25.534441,"A2, Botswana",BW
1475,34.51477,67.381584,24.972379,55.4141158,E 77 - Dubai - United Arab Emirates,AE
1476,39.50082,3.0545397,-31.7178127,27.9591392,"R61, Engcobo 5050, South Africa",ZA
1477,36.778706,48.33277,16.7864984,103.0609462,"Unnamed Road, Tambon Ban Fang, Amphoe Kranuan, Chang Wat Khon Kaen 40170, Thailand",TH
1478,47.35815,29.46164,1.3148992,103.8162315,"Tyersall Ave, Singapur",SG
1479,56.780293,15.30073,50.4738536,30.6368619,"Sholom-Aleikhema street, 17, Kiev, Kyiv city, Ukraine",UA
1480,27.061314,73.29513,22.9017588,89.0202411,"Jessore - Satkhira Hwy, Bangladesh",BD
1481,56.177933,20.205322,56.1961673,26.9548885,"E262, Rušonas pagasts, LV-5329, Latvia",LV
1482,48.25038,7.0231724,49.0874905,-0.0442709,"D101, 14270 Biéville-Quétiéville, France",FR
1483,47.001537,36.529953,5.0682326,-75.8777991,"Viterbo - Apia, Viterbo, Caldas, Kolumbia",CO
1484,49.192192,14.590907,-26.7929225,31.3473097,"MR9, Swaziland",SZ
1485,59.225018,20.461212,46.6739748,6.3633035,"Bois-de-Ban, 1325 Vaulion, Switzerland",CH
1486,54.07601,16.785606,28.1288173,-97.2089261,"1467 Farm to Market 136, Bayside, TX 78340, USA",US
1487,47.012417,37.43042,54.6910794,25.2537372,"Traidenio gatvė 13-15, Vilnius 08119, Lituanie",LT
1488,45.61098,14.442678,43.7493036,23.2577536,"81, Traykovo, בולגריה",BG
1489,-9.018565,139.23665,31.7945463,35.2126865,"Ibn Hazel 4-8, Jerusalem, Israel",IL
1490,22.79626,3.313016,-15.9376289,-71.195905,"Salinas and Aguada Blanca National Reservation, 34A 10, Peru",PE
1491,32.853184,74.1305,27.3265131,90.5837093,"Unnamed Road, Bhutan",BT
1492,4.4319134,21.972504,-26.4520709,31.4963764,"MR3, Swaziland",SZ
1493,52.75025,9.174614,46.7993633,-76.1662251,"QC-117, Lac-Pythonga, QC J0W, Canada",CA
1494,40.030567,48.91439,46.5294104,6.6527353,스위스 1012 로잔 떵쁠르 가 10,CH
1495,48.28863,6.9884157,57.3685841,21.5773049,"Dīķu iela 88, Ventspils, LV-3601, Latvia",LV
1496,45.926975,22.12249,46.3715171,16.4192305,"Poljska ulica 27, 40000, Strahoninec, Croatie",HR
1497,50.118164,21.632267,56.4501525,27.4071885,"P55, Čornajas pagasts, LV-4617, Latvia",LV
1498,41.006897,58.309235,1.3775105,103.9423469,"623 Elias Rd, Singapore 510623",SG
1499,53.77434,-8.209093,64.2637692,-15.2090206,"Dalbraut, 780 Höfn, Iceland",IS
1500,37.803555,46.217293,5.3261895,-75.637438,"US29, Quinchia, Risaralda, Colombia",CO
1501,35.480934,44.04671,6.9891655,116.7732397,"Jln Tajau Tiga Papan, 89050 Kudat, Sabah, Malaysia",MY
1502,55.243744,13.483281,64.825712,-22.4019186,"Kolviðarnesvegur, 311, Islande",IS
1503,57.258007,19.494614,59.2229745,23.6896549,"Harju-Risti-Riguldi-Võntküla, Nõva, 91101 Lääne County, Estonia",EE
1504,56.111824,8.074293,52.7942244,-2.1053423,"39 Vauban Drive, Stafford, Staffordshire ST17 4LD, UK",GB
1505,53.80631,9.372543,52.8773248,-0.7661031,"Knipton Lane, Grantham, Leicestershire NG32, UK",GB
1506,47.02936,10.880361,57.9145041,27.4142587,"Ilumetsa-Rõssa, 64111 Põlva County, Estonia",EE
1507,-5.7472677,-10.709882,47.1230112,-119.1293288,"2488 Road Q Northeast, Moses Lake, WA 98837, USA",US
1508,28.037628,-5.908654,40.4201942,-7.9417453,"N230, 3405, Portugalia",PT
1509,59.46883,12.518824,-45.4102099,167.728663,"Te Anau-Milford Highway, Te Anau 9600, New Zealand",NZ
1510,44.07313,19.994003,42.5795753,1.4804635,"Carretera de Prats Sobirans, AD400 La Massana, Andorra",AD
1511,22.90751,76.15316,1.3520448,103.6905225,"96 Nanyang Cres, Singapore",SG
1512,38.797115,33.79403,25.2248802,55.42556,47th St - Dubai - Förenade Arabemiraten,AE
1513,57.328186,-31.125164,52.4342079,-2.3344347,"77 Lowe Lane, Alveley, Bridgnorth, Shropshire WV15 6HX, UK",GB
1514,40.14722,38.04455,53.1930027,21.4521385,"07-420 Siarcza Łąka, Polen",PL
1515,73.9159,-1.9072866,66.1505472,-15.1726827,"Norðausturvegur, Iceland",IS
1516,51.633106,10.984721,51.9885623,4.1983917,"Galgeweg 11, 2671 MR Naaldwijk, Nizozemsko",NL
1517,33.461853,61.376713,1.8500172,111.1746051,"Jalan Krian, 95300 Kabong, Sarawak, Malaysia",MY
1518,47.615513,26.999432,56.4037607,22.3547494,"Parka iela 4, Ezere, Ezere parish, LV-3891, Latvia",LV
1519,55.51759,14.469905,52.6569535,-6.6639592,"N80, Co. Carlow, Irlande",IE
1520,63.060116,18.77356,55.2828795,25.2710548,"2806, Girsteitiškis 33148, Lithuania",LT
1521,60.503536,17.135658,61.7310284,15.2057108,"Norrbyvägen, 820 50 Los, Sweden",SE
1522,48.420456,23.794514,47.9998382,37.7124365,"Vuhil'na street, 28, Donetsk, Oblast de Donetsk, Ukraine",UA
1523,14.527531,13.123271,-26.3795827,31.0638072,"MR19, Swaziland",SZ
1524,25.708038,98.15446,22.3806765,113.9713056,"22 Hoi Wing Rd, Tuen Mun, Hong Kong",HK
1525,3.9211597,108.934204,-7.0816168,112.5717176,"Jl. Raya Sembayat No.35, Manyar, Gresik, Jawa Timur 61151, Indonesien",ID
1526,46.529945,26.749218,49.2269311,-65.9438263,"130 Rue Principale O, Ruisseau-à-Rebours, QC G0E 2C0, Canada",CA
1527,40.45657,6.7008514,48.4492991,19.4901876,"050105, Budiná, Slovakia",SK
1528,50.968197,2.4677405,51.3517942,5.1432857,"Pikoreistraat 3, 5541 NS Reusel, The Netherlands",HU
1529,39.190952,39.12793,5.8164161,100.9358884,"K702, Kampung Keda Ulu Legong, 09100 Baling, Kedah, Malaysia",MY
1530,47.827885,37.639038,45.0643466,26.332064,"DC69, Malu Roșu, Romania",RO
1531,47.564472,14.7035675,51.1254678,5.1905211,"Heidehuizen 1, 2491 Balen, Belgium",NL
1532,50.22328,8.687154,-24.7019136,-50.9313674,"Rodovia José Adamowicz, Paraná, Brésil",BR
1533,53.390575,21.397934,57.2978979,24.9368782,"E264, Straupes pagasts, LV-4152, Latvia",LV
1534,36.973045,95.14392,37.5221056,127.1606201,"86 Gamcho-ro, Hanam-si, Gyeonggi-do, Südkorea",KR
1535,43.100048,8.669276,43.6086068,16.8486642,"D220, 21245, Tijarica, Croatia",HR
1536,36.02147,54.88282,4.4072962,-75.1660057,"Vía Bogotá 118 # 1 a 99, Ibagué, Dipartimento di Tolima, Colombia",CO
1537,51.951847,49.776314,53.4830269,-2.3898788,"M62, Worsley, Manchester, Greater Manchester M30 8JW, UK",BW
1538,37.774693,18.696354,-33.8791294,18.53184,"10 Driebergen Street, Le Cap 7441, Afrique du Sud",ZA
1539,28.885715,35.61191,-33.3079833,-70.8563415,"Irene Frei, Lampa, Santiago Metropolitan Region, Chile",CL
1540,44.975483,27.314964,49.1717732,21.6618364,"15, 091 01 Stropkov, Slovakia",SK
1541,47.14533,37.823692,1.3125156,103.9013935,"66 Tembeling Rd, Singapore 423587",SG
1542,51.5305,16.451958,41.2667267,-8.604227,"Praça Alberto Ferreira Lima da Hora 61, 4475, Portugal",PT
1543,24.771564,53.869606,-25.0761996,31.0267098,"Kiepersol Road, South Africa",ZA
1544,49.325367,8.588308,46.1088126,15.5701837,"Buče 33-35, 3255 Buče, Slovenia",SI
1545,47.458202,9.078038,55.5790843,11.3829526,"Jyderupvej 83, 4291 Ruds-Vedby, Denmark",DK
1546,34.67259,44.563564,27.0981117,142.2124805,"Japon, 〒100-2101 Tōkyō-to, Ogasawara-mura, Chichijima 都道240号線",JP
1547,40.92684,46.98149,27.0756616,91.5154883,"Unnamed Road, Bhutan",BT
1548,18.903763,84.4366,56.7764974,16.4769608,"Revsuddevägen, 380 30 Rockneby, Suède",SE
1549,45.67186,12.81756,28.0609883,-15.7306474,"GC-200, 35489 Agaete, Las Palmas, Spain",CL
1550,48.664368,1.3620691,50.1506168,4.589548,"Rue du Grand Ry, 5600 Philippeville, Belgium",BE
1551,45.812275,12.417161,23.8418528,120.4880734,"524, Taiwan, Changhua County, Xizhou Township, 廣東巷",TW
1552,-14.264312,-55.591717,-50.3538114,-72.5032146,"RP11, Santa Cruz, Argentinië",AR
1553,22.385712,88.3802,24.9498958,55.3687806,E 77 - Dubai - United Arab Emirates,AE
1554,47.48354,11.702011,36.7653551,136.9774677,"Japan, 〒933-0968 Toyama-ken, Takaoka-shi, Kuniyoshi 県道32号線",JP
1555,41.432335,4.8968267,53.4319718,-2.5881725,"101 Myddleton Lane, Winwick, Warrington WA2 8LR, UK",GB
1556,52.84696,11.568584,-33.7554902,24.6708768,"R332, Republika Południowej Afryki",ZA
1557,48.345463,26.090366,27.4638542,90.5007355,"Sarpang - Gelephu - Trongsa Hwy, Bhutan",BT
1558,41.799107,13.593036,40.2611816,23.4965414,"Unnamed Road, Psakoudia 630 71, Greece",GR
1559,59.886436,17.909836,45.2879302,-79.1956808,"1003-1071 Brunel Road, Huntsville, ON P0B, Canada",CA
1560,-20.336517,-46.70571,-43.6085422,-65.916921,"RP10, Chubut, Argentina",AR
1561,53.578995,12.984066,19.1992412,-98.2521732,"Avenida Manantiales 6, Manantiales, 90740 Zacatelco, Tlaxcala, Estados Unidos Mexicanos",MX
1562,54.292065,4.2470894,51.575763,7.3568379,"Strünkedestraße 193, 44359 Dortmund, Germany",DE
1563,43.538147,21.919773,45.747346,12.4534309,"Via Fossadelle di Sopra, 1, 31047 Ponte di Piave, Treviso, Italy",IT
1564,53.979225,16.458344,56.8837267,21.2012013,"Dzintaru iela 97-99, Pāvilosta, Pāvilostas pilsēta, LV-3466, Latvia",LT
1565,50.650944,64.589325,23.2362502,120.2278521,"Zhōngshān Road, Xiaying District, Tainan City, Taiwan 735",TW
1566,58.83977,15.867917,56.8719929,22.2410858,"Kārļa iela, Vārme, Vārme parish, LV-3333, Latvia",LV
1567,49.499798,33.38648,-22.4871558,-51.67685,"Estrada Municipal Doutor José Joaquim de Araújo, 2, São Paulo, 19230-000, Brazil",BR
1568,30.639362,28.807182,40.9307904,24.9446547,"Unnamed Road, Avdira 670 61, Greece",GR
1569,21.304897,-6.587023,49.3855358,-98.6117178,"Manitoba 23, Saint Leon, MB R0G 2E0, Canada",CA
1570,21.608253,-27.966854,41.6072254,-8.8058345,"Urbanização Foz do Neiva 15, 4740-018, Portugal",PT
1571,53.828426,3.1664221,48.7356598,5.3086357,"D120, 55310 Salmagne, France",FR
1572,26.115131,79.755615,-7.2094156,112.4728481,"Unnamed Road, Gresik, Jawa Timur 61172, Indonesia",ID
1573,45.351574,10.001035,49.8393512,0.6661709,"Rue de l'Aérodrome, 76460 Saint-Sylvain, France",FR
1574,55.37601,39.096474,59.3840977,25.3102438,"Anija, 74415 Harju County, Estonia",EE
1575,51.13403,23.89233,54.5542008,23.1698604,"5116, Geisteriškiai 70321, Lithuania",LT
1576,46.695484,17.745388,-31.5040108,137.1007904,"Stuart Highway, Mount Gunson Australia Południowa 5710, Australia",AU
1577,42.259758,3.215712,27.3803995,89.4325698,"Bonday Lam Rd, Paro, Bhutan",BT
1578,58.771473,21.251392,58.9033559,22.9802659,"Hilleste-Hellamaa, 92318 Hiiumaa, Estonia",EE
1579,42.024918,10.442006,-50.4417639,-73.1418228,"RP11, Santa Cruz, Argentinien",AR
1580,52.995773,10.651593,45.0426792,7.4122133,"Strada Avigliana, 4, 10090 Trana, Turin, Italy",IT
1581,47.178112,16.66927,43.3370061,24.3212746,"E83, Sadovets, Bulgarien",KH
1582,53.40318,26.58971,51.0972846,-3.9082676,"1 Thorn Park Cottages, Brayford, Barnstaple, Devon EX32 7PS, UK",GB
1583,39.64139,29.317093,-38.212725,143.6389595,"1265 Colac-Ballarat Road, Beeac VIC 3251, Australia",AU
1584,50.26389,16.54667,47.5110541,7.5505368,"Bielstrasse 51, 4104 Oberwil, Schweiz",CH
1585,30.40797,83.568565,37.5261097,127.0140685,"380 Apgujeong-dong, Gangnam-gu, Seoul, South Korea",KR
1586,23.798553,68.149734,41.5031622,-90.4675735,"1100-1156 52nd Street Court, Moline, IL 61265, USA",US
1587,47.16512,9.486231,50.8256483,4.0357466,"Elsbeekstraat 23, 9402 Ninove, Belgium",BE
1588,48.709328,23.018486,53.6294404,10.1308204,"Pferdekoppel 4-9, 22159 Hamburg, Germany",DE
1589,45.26386,25.653866,53.5637069,20.9734537,"Gnieźnieńska 2, Шчитно, Полша",PL
1590,44.90861,-10.288502,42.5245908,1.5628475,"Av. de la Bartra, AD200 Encamp, Andorra",AD
1591,30.216286,75.48716,45.4534126,14.8903115,"D3, 51311, Skrad, Croatia",BE
1592,33.62552,96.21547,22.451893,114.001587,"Tin Yiu Rd, Tin Shui Wai, Hong Kong",HK
1593,46.953846,14.3791275,50.0106521,36.1930771,"Sirykivs'ka street, 102, Charkov, Oblast Charkov, Oekraïne",UA
1594,-0.61029005,42.808876,25.1501628,55.6335819,E 102 - Sharjah - United Arab Emirates,AE
1595,22.734604,-4.098281,42.4602028,1.5156452,"Ctra. de la Peguera, AD600 Sant Julià de Lòria, Andorra",AD
1596,37.8673,21.863811,23.8538231,120.3265199,"Lane 254, Běipíng Road, Dacheng Township, Changhua County, Taiwan 527",TW
1597,40.420254,66.09132,2.6231057,101.7031562,"Persiaran Sepang Timur, Pantai Sepang Putra, 43950 Tanjong Sepat, Selangor, Malajsie",MY
1598,22.343365,60.391968,-6.9666343,110.2813233,"Jalur Pantura, Kaliwungu, Kendal, Jawa Tengah 51372, Индонезия",ID
1599,26.18182,14.030715,42.364898,2.8590717,"GI-504, 7, Capmany, Girona, Spain",ES
1600,34.737747,7.7265244,31.7882183,35.2232866,"Hasidei Karlin 3-7, Jerusalem, Israel",IL
1601,40.199863,-13.085742,43.0190562,-4.8713357,"N-621, 108, 24913 Boca de Huérgano, León, Hiszpania",ES
1602,47.829617,3.092434,45.9798556,27.7642651,"DJ251A, Drăgușeni, Rumunia",CL
1603,39.399654,71.51411,32.8365103,35.0689874,"Dov Frommer 3, Haifa, Israel",IL
1604,-32.66363,20.683891,-22.509417,27.6445982,"Serowe, Botswana",BW
1605,34.8855,75.93447,44.6070679,27.3179317,"Amara, Romania",RO
1606,22.199562,38.56485,-29.6905719,-51.0634811,"Rua Helmuth Blos, 23-155, Campo Bom - Rio Grande do Sul, Brazil",BR
1607,46.199863,46.658916,47.2561589,7.6843384,"E25, 4538 Oberbipp, Switzerland",CH
1608,38.625114,63.708553,42.9408926,144.4854237,"Ponmataitoki-12 Konbumorimura, Kushiro-chō, Kushiro-gun, Hokkaidō 085-2273, Japon",JP
1609,-28.611546,86.90203,-16.7716692,-49.3166844,"Avenida Princesa Isabel, 950-1014 - Jardim Buriti Sereno, Aparecida de Goiânia - Goiás, 74943-820, Brazil",BR
1610,52.003445,13.401261,57.6882267,-2.0197858,"23 Hillcrest, Fraserburgh, Aberdeenshire AB43, UK",GB
1611,45.43205,1.7994485,55.5973544,12.5823737,"Kongelundsvej 490, 2770 Kastrup, Denmark",DK
1612,43.2992,22.022297,38.0270676,-1.3397529,"B-11, 30191 Campos del Río, Murcia, Spain",ES
1613,54.376507,11.471302,48.8419253,19.1150043,"E77, 976 02 Staré Hory, Slovakia",SK
1614,51.37033,13.793441,46.5461779,6.5959634,"Chemin des Vignettes 32, 1008 Jouxtens-Mézery, Switzerland",CH
1615,30.564243,81.73997,27.3265131,90.5837093,"Unnamed Road, Bhutan",BT
1616,38.571056,45.426582,11.092859,104.3828431,"Unnamed Road, Cambodia",KH
1617,48.215904,8.588713,43.6433768,22.6561225,"1401, 3916 Dabravka, Bulgaria",BG
1618,48.713387,13.84641,43.1053317,-79.1341483,"8082-8164 Pinellas Park Drive, Niagara Falls, ON L2H, Canada",CA
1619,44.26092,24.844383,23.6974336,88.6020272,"Mujibnagar Road, Purandarpur, Bangladeš",BD
1620,-28.118076,16.27866,-24.2260168,26.1718687,"A1, Botswana",BW
1621,-30.20087,18.213306,-27.4118951,-70.2589622,"Doce, Copiapó, Atacama Region, Chile",CL
1622,38.42776,52.387844,26.9461955,90.2274012,"Tsirang - Sarpang Hwy, Bhutan",BT
1623,51.82694,11.826127,46.0626084,16.2384412,"Vrbovo, 49283, Vrbovo, Croatia",HR
1624,51.651882,26.260471,-26.0281856,31.1997984,"MR1, Swaziland",SZ
1625,49.055065,21.506405,58.5441024,22.8496793,"Tagavere-Randküla, 94660 Saaremaa, Estonia",BT
1626,51.08136,18.78703,44.9301802,25.3040223,"DJ702A, Drăgăieşti Pământeni, Romania",RO
1627,50.23947,19.012691,50.4319443,30.4279218,"Mykhaila Dontsya street, 13, Kiev, Kyiv city, Ucrania",UA
1628,30.408669,96.927864,25.0119422,55.5253321,E 77 - Dubai - United Arab Emirates,AE
1629,38.972095,38.495438,53.050551,19.9560884,"Olszewska, 09-300 Żuromin, Polen",PL
1630,47.083473,21.315456,49.0250529,14.1711087,"122, 384 11 Netolice, République tchèque",CZ
1631,41.876713,3.0983458,25.2643854,121.4926759,"Tiánliáo Road, Sanzhi, Nouveau Taipei, Taïwan 252",TW
1632,31.53022,-61.336555,-16.4922462,-71.8393696,"Panamericana Sur, El Cruce, Peru",PE
1633,51.468533,16.509007,57.1523297,24.8626024,"Pūpolu iela 3-5, Sigulda, Siguldas pilsēta, LV-2150, Latvia",LV
1634,49.597965,28.231697,46.0725737,18.2334078,"7622 Pecz, Alsó-malom Street 7, Węgry",HU
1635,44.06557,18.67609,46.3566037,0.3872013,"Haute Belle, 86160 Magné, France",FR
1636,39.937527,8.541561,51.6841427,-9.2360392,"Unnamed Road, Co. Cork, Irland",IE
1637,45.78339,10.620376,-33.8344916,18.9538561,"R45, South Africa",ZA
1638,43.741665,51.679527,55.767783,21.4340251,"2230, 96201, Lithuania",LT
1639,52.185005,13.725385,-30.0020785,-50.1458045,"Avenida Deputado Osvaldo Bastos, 194-260, Rio Grande do Sul, 95590-000, Brazylia",BR
1640,44.57164,41.252518,-27.0306169,30.7556522,"R543, South Africa",ZA
1641,51.431705,15.979344,9.4750503,-75.4963561,"US90 # 1 a 2, Toluviejo, Sucre, Colombia",CO
1642,47.92001,52.448906,53.8625293,-9.2300061,"Unnamed Road, Co. Mayo, Ireland",IE
1643,45.113308,25.402218,58.7727267,25.4855427,"Oisu-Kärevere-Taikse, 72309 Järva County, Estonia",EE
1644,42.05746,51.600754,-9.0252529,-76.064434,"5N, Peru",PE
1645,43.807858,5.1652126,42.5783362,1.6319365,"CG-2, AD100 Canillo, Andorra",AD
1646,61.656948,5.3933163,55.3390838,11.3591281,"Koldekildevej 3, 4200 Slagelse Municipality, Denmark",DK
1647,10.385951,-2.2998552,-11.3712688,-77.4415016,"Panamericana Norte, Peru",PE
1648,32.6659,-7.8968534,16.0006061,-95.4436074,"Salina Cruz - Santiago Pinotepa Nacional, Oaxaca, Estados Unidos Mexicanos",MX
1649,49.45632,39.00529,49.816577,24.00273,"Knyahyni Ol'hy street, 25, Lviv, Lviv Oblast, Ukraine",UA
1650,48.58975,15.659361,48.5635343,17.9941386,"Vozokany 116, 956 05 Vozokany, Slovakia",SK
1651,35.19057,38.67909,-8.382094,115.0332453,"Jl. Antosari Pupuan, Pupuan, Tabanan, Bali 82163, Indonesia",ID
1652,45.75169,10.60614,43.9845308,-78.1731995,"Baltimore Road & Macdonald-Cartier Freeway, Baltimore, ON K0K 1C0, Canada",CA
1653,49.225674,10.110794,49.0141338,21.8384872,"558009, 067 22 Ohradzany, Słowacja",SK
1654,36.709824,71.29756,24.7190763,125.3384898,"Arazato-1405-226 Ueno, Miyakojima-shi, Okinawa-ken 906-0000, Japan",JP
1655,6.3313684,104.43014,-33.4283406,-70.6617585,"Presidente Eduardo Frei Montalva, Independencia, Santiago Metropolitan Region, Chile",CL
1656,48.0184,22.396072,40.0508616,21.337214,"Unnamed Road, Mavronoros 511 00, Greece",GR
1657,49.28756,6.0394483,40.1007255,15.5734989,"Strada Provinciale 210, 84079 Vibonati, Salerno, Italy",IT
1658,47.043648,21.03004,42.7576817,25.7077988,"55, 6197 Pchelinovo, Bulgaria",BG
1659,48.681515,-8.289728,45.8297884,15.4303263,"Dolšce 16, 8311 Kostanjevica na Krki, Slovénie",SI
1660,63.843792,17.098057,56.4187708,24.0604731,"P103, Rundāles pagasts, LV-3921, Latvia",LV
1661,27.41415,31.972279,55.2790556,21.4291363,"4213, 99335, Lithuania",LT
1662,38.48279,10.012053,46.0844101,-64.9943598,"47234-47260 Homestead Rd, Moncton, NB E1G, Canada",CA
1663,53.69015,24.743011,37.5336701,140.9457396,"Yotsuguri-24-15 Odakaku Kawabusa, Minamisōma-shi, Fukushima-ken 979-2164, Japan",JP
1664,15.942874,-30.631855,42.556672,1.6894405,"CG-2, AD200 Encamp, Andorra",AD
1665,49.187527,9.133142,49.3320882,14.3606583,"Slabčice 38, 398 43 Slabčice, Czech Republic",CZ
1666,-22.997524,-76.56631,41.4607657,-3.9049228,"SG-242, 40314 Fuentesoto, Segovia, Spain",ES
1667,34.847282,24.085552,-26.4123161,31.7837114,"MR3, Mpaka, Swaziland",SZ
1668,37.333534,34.68741,11.0120143,103.6674068,"Unnamed Road, ឃុំ ជ្រោយស្វាយ, Kambodža",KH
1669,-28.695686,20.476917,-27.2953317,31.8653099,"MR11, Lavumisa, Swaziland",SZ
1670,20.091106,84.49787,59.4908084,24.8865584,"Maikellukese tee 40, 11914 Tallinn, Estonia",EE
1671,-15.654149,10.895156,-22.077826,27.2749981,"A1, Botswana",BW
1672,14.248327,105.96165,-8.3852983,115.3349263,"Jl. Tampaksiring, Tampaksiring, Gianyar, Bali 80661, Indonesia",ID
1673,56.275055,6.315685,55.7039448,9.9747882,"Fjordager 12, 7130 Juelsminde, Danmark",DK
1674,46.12163,34.89414,1.4586244,103.8419621,"53 Jln Mempurong, Singapore",SG
1675,58.121956,4.3109865,55.2542274,26.5654949,"4427, Svylė 30173, Lithuania",LT
1676,45.562046,26.41608,-8.4066899,-78.8225042,"Panamericana Norte, Перу",PE
1677,49.547024,24.039566,58.9659964,26.8135373,"Alekere-Laekannu, 42111 Ida-Viru County, Estonia",EE
1678,56.686657,32.384953,59.0486876,24.0364095,"Risti-Kuijõe, 90902 Lääne County, Estonia",EE
1679,46.655506,8.105161,51.6755348,-8.7838547,"Unnamed Road, Co. Cork, Ierland",IE
1680,47.715153,31.07386,53.5686962,-6.9060755,"43-45 Moyview, Co. Meath, Ireland",IE
1681,32.423584,59.683537,19.6952717,-96.4128028,"Poza Rica - Veracruz, Palma Sola, Veracruz, Mexico",NZ
1682,52.494934,17.649025,55.3812889,10.5210528,"Marslev Stationsvej 7, 5290 Marslev, Tanska",DK
1683,52.22096,20.155327,58.5419525,7.8484569,"Fylkesveg 292 50, 4735 Evje, Norway",NO
1684,39.730755,43.909973,4.7930773,-74.3809489,"Zipacón - Facatativá # 1 a 5, Zipacon, Cundinamarca, Colombia",CO
1685,38.239193,34.61374,-6.7206476,106.8860632,"Jl. Tapos, Ciawi, Bogor, Jawa Barat 16720, Indonesia",ID
1686,13.638124,86.85669,5.0989693,-75.5648679,"Calle 10N # 1, Manizales, Caldas, Colombia",CO
1687,10.451034,136.0432,1.3418183,103.6794886,"50 Nanyang Dr, Singapore 637553",SG
1688,45.357067,20.375607,46.7009461,20.1747753,"6640 Csongrád, Levendula Street 9, Hungary",HU
1689,31.224613,41.241253,19.9758157,-96.6080515,"Poza Rica - Veracruz, Los Pozos, 93980 Emilio Carranza, Veracruz, Mexico",MX
1690,42.317795,14.697957,46.6101435,15.238725,"Spodnja Vižinga 39, 2360 Radlje ob Dravi, Słowenia",SI
1691,41.52989,13.000022,39.7546849,19.9045275,"Unnamed Road, Meggoulas 491 00, Greece",GR
1692,19.709852,17.23156,-30.9772474,151.581948,"189 North Street, Walcha Noua Ţară a Galilor din Sud 2354, Australia",AU
1693,32.293404,15.733928,9.7371166,-75.5303991,"Carrera 18, San Onofre, Sucre, Kolumbia",CO
1694,40.850147,86.69284,22.3434543,114.0542863,"Kap Shui Mun Bridge, Hong Kong",HK
1695,46.083187,31.680061,27.0100824,90.5583611,"Sarpang - Gelephu - Trongsa Hwy, Bhutan",BT
1696,22.882576,84.10858,51.1621951,6.8667717,"Benrather Schloßallee 89, 40597 Düsseldorf, Tyskland",DE
1697,52.436634,17.758802,51.0370436,5.7195591,"Schoolstraat 30-48, 3650 Dilsen-Stokkem, Belgium",BE
1698,50.883938,21.023193,55.1367069,23.6925143,"1925, 54291, Lithuania",LT
1699,45.5983,7.1996574,39.0034446,21.7785903,"Epar.Od. Karpenisiou - Neraidas 104, Domiani 360 80, Grekland",GR
1700,51.056576,19.715542,53.7081451,-1.814261,"10 Church Lane, Halifax, West Yorkshire HX3 9TD, UK",GB
1701,44.100094,40.86315,4.923101,-74.0953838,"Calle 8 # 2-100, Tabio, Cundinamarca, Kolumbia",CO
1702,57.794827,36.27812,58.4721738,8.7778718,"Nyli Terrasse 6B, 4844 Arendal, Norway",NO
1703,36.35264,40.651283,22.442254,114.0662615,"Kam Tin Bypass, Kam Tin, Hong Kong",HK
1704,52.11459,20.321514,55.8967348,9.7637635,"Engvej 7, 8700 Horsens, Denmark",DK
1705,50.964066,16.828253,53.2965893,34.8072247,"E101, Bryansk Oblast, Russia",RU
1706,34.64597,84.20832,37.5114547,126.5242687,"465-22 Unbuk-dong, Jung-gu, Incheon, South Korea",KR
1707,41.71063,11.862703,45.2901609,27.6598683,"DJ221, Găvani, Romania",RO
1708,-38.703545,-77.69962,-49.6770475,-72.7710318,"Ruta Provincial 21, Santa Cruz, Argentina",AR
1709,57.562546,24.519287,49.8163154,24.0774946,"Pasichna street, 98, Lwów, Obwód lwowski, Ukraina",UA
1710,44.61017,55.42144,27.224313,-97.7915182,"Weiss Road, Sarita, TX 78385, USA",US
1711,43.196064,13.41792,7.1371379,-73.1243207,"Calle 10 # 23-2 a 23-100, Bucaramanga, Santander, Kolumbia",CO
1712,-3.1199217,-47.96067,-33.109736,21.3851763,"N1, South Africa",ZA
1713,42.762356,21.057827,52.368079,-113.7859484,"Alberta 597, Blackfalds, AB T0M 0J0, Canada",CA
1714,52.964626,20.275028,63.7592506,26.4959431,"16053 211-359, 74700 Kiuruvesi, Finland",FI
1715,54.11392,7.913957,57.1599962,10.1456585,"Søndermarken 6, 9320 Hjallerup, Denmark",DK
1716,34.802975,-47.694435,-18.9550966,-48.248171,"Avenida Seme Simão, 1322-1448 - Jardim Botanico, Uberlândia - Minas Gerais, Brazil",BR
1717,37.364246,66.75241,-4.9345752,-80.5467021,"Unnamed Road, Peru",PE
1718,46.440582,19.108936,38.6892502,1.4067943,"PMV-820-1, 07860 Cap de Barbaria, Balearic Islands, Spain",ES
1719,48.28097,2.9341464,45.9579833,18.3519769,"7766 Peterd, 5711, Hungary",HU
1720,32.808556,70.32311,1.2623677,111.3896125,"Unnamed Road, 95000 Sri Aman, Sarawak, Malaysia",MY
1721,50.83678,8.716811,44.7090512,15.1439246,"A1, 53224, Ličko Lešće, Croatia",HR
1722,49.525578,9.969494,48.3710587,19.416553,"050103, Šuľa, Slovakia",SK
1723,54.279785,17.849285,59.9995302,10.6195217,"Sørkedalsveien, 0758 Oslo, Norway",NO
1724,54.778706,-6.4832487,54.6801815,20.590398,"Okruzhnaya doroga, 280в, Kaliningrad, Kaliningrad Oblast, Russia, 236028",RU
1725,39.857098,60.443222,25.1582843,55.4072187,Persia N7 - Dubai - United Arab Emirates,AE
1726,36.7758,19.280365,38.2445653,-1.3757788,"A-30, 30530 Cieza, Murcia, Spain",ES
1727,44.608944,10.071609,46.7432899,5.120869,"N78, 71440 Thurey, France",FR
1728,45.981815,17.421173,-45.8390614,-71.8504732,"X-695, Coyhaique, XI Región, Chile",US
1729,50.009953,39.32456,55.688042,52.3541829,"avtodoroga Volga, 1Б, Naberezhnye Chelny, Republic of Tatarstan, Russia, 423800",RU
1730,44.710957,11.27955,4.9771511,-73.7459905,"Unnamed Road, Sesquilé, Cundinamarca, Colombia",NO
1731,23.444431,27.5234,37.7666463,-8.0964573,"N2, 7780 Castro Verde, Portugal",PT
1732,24.516521,74.58921,35.2269819,129.1637803,"884 Bansong 2(i)-dong, Haeundae-gu, Busan, South Korea",KR
1733,30.639503,-73.44206,20.4339707,-101.7345095,"López Mateos 41, Los Presidentes, 36900 Pénjamo, Guanajuato, Mexico",MX
1734,53.013805,19.850002,57.5919819,18.5947634,"625, Sweden",SE
1735,10.4685,127.7853,22.3776962,114.1233977,"Ma Sim Pai Rd, Lo Wai, Hong Kong",HK
1736,46.792408,17.169334,58.9086222,22.388638,"Puski-Kõpu-Ristna, Hiiumaa, Estland",EE
1737,35.488033,41.260506,62.16145,5.1735825,"Fylkesveg 633 80, 6750 Stadlandet, Norway",GB
1738,33.284153,30.720627,41.8369898,2.4682703,"GI-543, 29, 17401 Arbúcies, Girona, Spain",ES
1739,49.40418,18.015926,45.2365188,15.3760312,"D23, 47264, Kamenica Skradnička, Croatia",HU
1740,42.55767,13.33727,39.1351119,25.9303947,"Epar.Od. Kallonis-Skala Eresou, Skala Eresou 811 05, Greece",GR
1741,42.98518,-20.21328,48.7322984,18.1778654,"Dolné Držkovce 303, 956 54 Veľké Držkovce, Slovakia",SK
1742,-0.4856043,161.2693,-33.1251171,119.0314826,"Magenta Road, Newdegate Australia Zachodnia 6355, Australia",AU
1743,45.290195,27.657501,46.4627343,6.3371443,"Avenue de la Gare 20, 1180 Rolle, Switzerland",CH
1744,52.647686,7.5884156,52.5621064,-9.2041369,"Unnamed Road, Co. Limerick, Irland",IE
1745,21.645626,112.89654,37.5110696,127.1961968,"10 Daeseong-ro, Hanam-si, Gyeonggi-do, South Korea",KR
1746,43.72631,6.136368,46.1749093,13.7049424,"Volče 42c, 5220 Tolmin, Słowenia",SI
1747,43.50436,24.865425,42.9520023,16.7352851,"D118, 20270, Blato, Croatia",HR
1748,29.039497,25.681164,40.8637588,25.6226367,"EO2, Alexandroupoli 681 00, Grecia",GR
1749,62.752823,31.757267,48.1333344,-77.3777539,"100 QC-113, Val-d'Or, QC J0Y, Canada",CA
1750,50.834103,19.89935,55.7081357,-2.4909763,"A697, Duns, Scottish Borders TD10 6XF, UK",GB
1751,54.249577,22.902676,45.1915716,13.6548736,"D302, 52440, Kadumi, Kroatien",HR
1752,38.882507,63.941406,50.08027,8.6322293,"Saonestraße 3, 60528 Frankfurt, Germany",DE
1753,46.25485,12.636029,58.9832687,22.7737891,"Heltermaa-Kärdla-Luidja, 92421 Hiiumaa, Estonia",EE
1754,-25.071125,178.41171,-35.8929596,137.3105611,"Грегорс-роуд, Седдон Южная Австралия 5223, Австралия",AU
1755,11.075793,92.58008,11.445779,104.18489,"Unnamed Road, ឃុំ ក្រាំងដីវ៉ាយ, Cambodia",KH
1756,53.48814,3.0971036,53.2239136,-8.815414,"Unnamed Road, Co. Zatoka Galway, Irlandia",IE
1757,49.468647,17.36972,55.6257661,12.4928343,"Søliljevej 28, 2650 Hvidovre, Denmark",US
1758,29.34259,59.376408,-7.8942802,110.7525599,"Unnamed Road, Semin, Kabupaten Gunung Kidul, Daerah Istimewa Yogyakarta 55854, Indonesia",ID
1759,42.224796,8.028278,47.4175885,7.1022801,"E27, 2900 Pruntrut, Schweiz",US
1760,65.63706,28.912891,58.3575583,26.6255891,"Tartu–Viljandi–Kilingi-Nõmme, Haage, 61402 Comté de Tartu, Estonie",PT
1761,41.624065,-8.16117,43.4588624,10.9153004,"SP62, Volterra, Pisa, Italy",IT
1762,50.4781,12.039852,41.3666301,14.8591461,"Contrada Pianella, 82024 Colle Sannita, Benevento, Italy",IT
1763,62.100414,11.23027,52.9985584,-7.0566633,"Unnamed Road, Co. Kildare, Ireland",IE
1764,43.73036,30.002666,52.3720301,9.6624379,"In der Steinbreite 95-99, 30455 Hanover, Germany",DE
1765,20.286526,60.089417,-41.4721395,-72.9870352,"Pasaje Dos 205-2041, Puerto Montt, Région des Lacs, Chili",CL
1766,43.765957,26.616512,45.0048911,26.4319042,"Cimitirul Mizil, Mizil, Romania",RO
1767,32.717644,12.926795,38.8140208,-7.6028173,"N381, 7100 Estremoz, Portugal",PT
1768,50.4344,16.387589,54.7383684,17.8346878,"Frederyka Kowalewskiego, Poland",PL
1769,50.842354,13.422074,55.747858,25.704287,"3631, 42262, Lithuania",LT
1770,53.419594,11.142936,65.8316808,24.1376711,"Torggatan 21, 953 37 Haparanda, Sweden",SE
1771,43.661625,11.592387,52.4853624,13.4813197,"Bulgarische Straße 62, 12435 Berlin, Germany",DE
1772,42.728886,13.852445,53.4824828,-2.9567723,"7 Leckwith Road, Bootle, Merseyside L30, UK",GB
1773,52.63691,15.781905,42.8256359,12.4201506,"Località Ilci, 29A, 06059 Todi, Perugia, Italy",IT
1774,46.182957,11.190372,45.2917377,11.6078753,"Via Priara, 17, 35034 Lozzo Atestino Pádua, República Italiana",IT
1775,39.3758,23.900063,37.6446431,-8.0000808,"Unnamed Road, 7780, Portugal",PT
1776,41.619476,26.157944,-29.6322052,-50.8549449,"Rua Antônio Gomes de Morais, 67 - Morada do Funil, Parobé - Rio Grande do Sul, 95630-000, Brazil",BR
1777,40.9867,24.550106,1.2777489,103.8413266,"1B Cantonment Rd, Singapore 085201",SG
1778,6.457301,106.44788,22.978285,120.2050131,"No. 12, Lane 287, Nánmén Road, Nan District, Tainan City, Taiwan 702",TW
1779,8.5128145,113.39927,1.3877415,103.646663,"Bridge Eins, Singapore",SG
1780,49.20064,14.984244,54.4162079,16.5525099,"Droga Wojewódzka 205, Poland",PL
1781,54.083176,15.19818,60.8215772,15.0036889,"Byängsgattu 33, 793 70 Tällberg, Sweden",SE
1782,70.54818,30.442547,44.9384672,21.6606468,"DJ571, Rumunia",RO
1783,32.244606,43.77437,24.9711317,55.1542628,D57 - Dubai - United Arab Emirates,AE
1784,5.4753094,43.457184,-21.1946392,27.4874429,"A1, Francistown, Botswana",BW
1785,51.972054,20.453358,-38.0574869,175.9493031,"Leslie Road, Ngatira 3485, New Zealand",NZ
1786,49.139317,8.299929,54.0155136,-8.5514433,"R294, Co. Sligo, Ireland",IE
1787,41.786945,25.584091,2.7779243,101.4713594,"5, 42700 Banting, Selangor, Malaysia",MY
1788,42.815746,36.572075,45.0460571,28.6141577,"DN22A, Nalbant, Romania",CL
1789,47.32101,29.264812,55.9477812,25.5786204,"Vilties gatvė 26, Rokiškis 42154, Lithuania",LT
1790,53.96047,20.564857,46.5386283,6.5175373,"Route de Bremblens, 1027 Lonay, Switzerland",CH
1791,54.50046,27.20517,52.0376974,8.4885073,"Morgenbreede 41, Bielefeld University, 33615 Bielefeld, Germany",DE
1792,54.98036,16.806185,55.4237968,9.1592616,"Industriparken 16, 6630 Rodding, Denmark",DK
1793,41.277615,41.02568,1.3618195,103.9920881,"T1 Departure Cres, Singapore",SG
1794,42.371975,56.456932,31.9961764,131.3136169,"Japan, 〒880-1101 Miyazaki-ken, Higashimorokata-gun, Kunitomi-chō, Honjō 県道356号線",JP
1795,42.31612,3.2896395,49.0865406,14.8440074,"Novosedly nad Nežárkou 205, 378 17 Novosedly nad Nežárkou, Czech Republic",KR
1796,9.697385,113.19476,23.1519268,91.3244697,"Dhaka - Chittagong Hwy, Bangladeš",BD
1797,43.901516,1.4425216,32.6314324,35.123777,"66, Israel",IL
1798,13.530258,37.028698,-31.9698083,-62.287262,"RP13, Córdoba, Argentina",AR
1799,44.670605,60.731438,23.5225248,120.3651336,"616, Taiwan, Chiayi County, Xingang Township, 166縣道",TW
1800,56.894833,7.205117,55.4332431,10.6114364,"Ladbyvej 163, 5300 Kerteminde, Denemarken",DK
1801,37.22357,-21.656815,-21.9701423,-47.42703,"Avenida América do Sul, 342-430 - Vila Esperança, Pirassununga - São Paulo, 13635-101, Brazil",BR
1802,61.12603,24.42081,59.0444506,11.8301001,"2183, 668 91 Ed, Sweden",SE
1803,47.77341,9.415356,42.8469374,26.6566354,"7006, 8463 Sadovo, Bulgaria",BG
1804,-4.409211,-25.009804,-49.4015712,-67.8585283,"Ruta Nacional 3, Santa Cruz, Argentina",AR
1805,12.005846,-8.315086,38.2599876,23.0047624,"Epar.Od. Thivas-Paralia Sarantis 838, Thiva 320 10, Greece",GR
1806,38.294342,42.32673,52.0756378,5.0325635,"Mauritslaan 1, 3454 XP De Meern, The Netherlands",NL
1807,52.995865,28.404907,43.44917,144.2208778,"Akan-Odan Rd, Kushiro-shi, Hokkaidō, Japan",JP
1808,48.28811,30.765987,40.2582176,-86.0692307,"3116 South 300 West, Tipton, IN 46072, USA",US
1809,39.520176,28.179794,41.945615,-6.9556997,"Unnamed Road, 5320, Portugal",PT
1810,48.265163,14.79057,43.3605414,25.5924138,"502, Klimentovo, Bulgaria",BG
1811,51.367905,27.418251,51.6482068,4.8572791,"Van Dubbelmondestraat 21, 4901 VH Oosterhout, The Netherlands",NL
1812,28.041374,-1.7770576,56.2283967,23.9795485,"2932, Lauksodis, Lithuania",LT
1813,54.234608,14.651209,52.5803142,16.7172028,"Obornicka, 64-514 Lulinek, Polska",PL
1814,54.54931,20.65789,53.5590081,-2.1411663,"A627(M), Oldham, Greater Manchester, UK",GB
1815,53.027046,0.86846757,55.6428897,11.3495233,"Grydemøllevej 4, 4470 Svebølle, Denmark",DK
1816,51.74494,20.333061,27.4634681,90.1692339,"Unnamed Road, Bhutan",BT
1817,13.644868,193.05656,22.3825081,114.1959837,"34 Tai Chung Kiu Road, Sha Tin, Hong Kong",HK
1818,46.70379,18.418404,40.8133167,-4.8625112,"A-50, 05350 Riocabado, Ávila, Spain",ES
1819,51.116215,12.291667,43.6847226,26.4070887,"2003, 7038 Senovo, Bulgaria",BG
1820,-48.456596,48.56169,-28.2202489,117.8636095,"LOT 153 Great Northern Highway, Cooladar Hill WA 6638, Australia",AU
1821,44.408504,40.523388,22.1681734,114.2605106,"Po Toi Country Trail, Po Toi, Hong Kong",HK
1822,25.351906,53.75183,42.4436133,1.4920595,"Ctra. de la Rabassa, AD600 Sant Julià de Lòria, Andorra",AD
1823,39.373684,37.74958,42.5063832,1.5158277,"Carrer Mestre Xavier Plana, 1-3, AD500 Andorra la Vella, Andorra",AD
1824,49.283504,33.863342,60.4405312,9.3145385,"Riksvei 7 590, 3539 Flå, Noorwegen",NO
1825,10.6933775,89.67782,25.2005107,55.5191446,Amardhi St - Dubai - United Arab Emirates,AE
1826,54.41731,11.418885,55.3322118,8.9025485,"Ribevej 99, 6510 Gram, Denmark",DK
1827,12.027925,44.155464,-22.9220605,-49.6227739,"Rua França, 245 - Parque das Nações, São Paulo, 18900-000, Brazil",BR
1828,44.581005,31.490799,27.5494586,89.6515598,"Dechenchholing-Dodena Lam, Bhutan",BT
1829,5.6907816,98.40618,13.6066072,106.3688686,"Unnamed Road, Kambodsja",KH
1830,46.74104,13.065642,52.5336678,19.6651933,"Stanisława Sołdka 13, Płock, Polen",PL
1831,34.1848,62.396164,24.2229584,120.6243103,"Kēyǎ West Road, Daya District, Taichung City, Taiwan 428",TW
1832,9.184495,70.43522,4.6502323,118.6580984,Malaysia,MY
1833,35.50704,53.454285,-6.9854152,-79.6307321,"Panamericana Norte 109, Peru",PE
1834,50.39224,23.448135,55.0766034,37.8937048,"Moskovskoye Bolshoye koltso, Obwód moskiewski, Rosja",RU
1835,43.803017,23.247993,31.9739691,34.7839739,"HaYasmin 8, Rishon LeZion, Israel",IL
1836,41.03421,51.372623,-7.3213335,-79.3645094,"PE 08 16, Peru",PE
1837,61.087852,33.03172,68.9058026,27.0080399,"Saarikoskentie 2, 99870 Inari, Finland",FI
1838,41.9043,45.67811,4.9746222,-75.340045,"Nevado Del Ruiz # 1 a 36, Villamaría, Caldas, Colombia",CO
1839,45.10006,9.249949,-37.108699,175.0908948,"353-355 Gelling Road, Hunua 2583, Nowa Zelandia",NZ
1840,-40.3472,-67.56568,-46.2401626,-71.4939188,"RP45, Santa Cruz, Argentina",SI
1841,70.48498,20.679325,65.7817321,20.9262178,"666, 942 92 Älvsbyn, Sweden",SE
1842,47.677525,12.674078,-33.0154844,27.849417,"125 Dunoon Road, East London 5209, South Africa",ZA
1843,51.13132,27.684174,58.816358,24.1968702,"Silla-Jädivere, 78103 Rapla County, Estonia",EE
1844,36.18282,59.614113,-15.4512817,-47.5960274,"Rua A - Setor Leste, Planaltina - Goiás, Brazil",BR
1845,46.297913,19.389683,-34.0150084,18.6893216,"Old Faure Road, Cape Town 7525, South Africa",ZA
1846,37.84457,9.6200485,43.342394,16.7219768,"D113, 21424, Pražnica, Croatie",HR
1847,37.72546,43.70086,54.0125205,23.9826442,"Druskininkų gatvė 15-17, Druskininkai 66166, Lithuania",LT
1848,31.891563,42.007744,31.8015443,35.1812485,"Shderot Ben Gurion פינת 1, Jerusalem, Israel",IL
1849,51.982975,7.1084166,66.4347615,23.6939604,"Tengeliöntie 748-750, 95630 Ylitornio, Finlandia",FI
1850,34.830162,-19.06662,42.627679,1.5237155,"Av. de Tristaina, AD300 Ordino, Andorra",AD
1851,60.318127,12.705629,61.1643827,28.7962823,"Kaskikatu 5-7, 55610 Imatra, Finland",FI
1852,51.76561,18.002369,64.035064,-22.7025737,"Vallargata, Sandgerði, Islandia",PE
1853,57.520645,4.0951576,51.1440193,3.0407871,"Bekegemstraat 2-6, 8480 Ichtegem, Belgium",BW
1854,50.24464,23.243519,49.4005076,20.9509385,"Czarny Potok 13-17, 33-380 Krynica, Poland",PL
1855,24.527504,-3.3620596,-26.2720794,31.0890015,"MR3, Swaziland",SZ
1856,43.925793,61.359352,-8.7414001,115.5995859,"Unnamed Road, Nusapenida, Klungkung, Bali 80771, Indonesia",ID
1857,40.015377,51.864567,1.7661193,109.8438198,"Jalan Kg Belungei, 94500 Lundu, Sarawak, Malaysia",MY
1858,31.900578,65.118904,23.874098,90.9853479,"Unnamed Road, Бангладеш",BD
1859,32.098488,-5.367081,24.7279905,125.426715,"Japan, 〒906-0000 Okinawa-ken, Miyakojima-shi, Gusukube 県道235号線",JP
1860,38.68497,45.924053,26.0045073,-97.7708921,"Carretera Federal 2, Tamaulipas, Mexique",MX
1861,45.090637,36.830242,27.065196,142.2123071,"Japan, 〒100-2101 Tōkyō-to, Ogasawara-mura, Chichijima 都道240号線",JP
1862,56.85026,2.410574,44.0723321,0.7760644,"Rue des Pyrénées, 82340 Dunes, France",FR
1863,45.891262,33.882683,53.2095876,50.2379894,"Srednesadovaya ulitsa, 14, Samara, Samara Oblast, Russia, 443058",RU
1864,59.786697,19.322598,-26.6726136,31.4166329,"MR9, Swaziland",SZ
1865,43.196384,37.65747,44.1091619,15.2598284,"Jadranska turstička cesta, 23000, Zadar, Croatia",HR
1866,41.21584,6.0027657,42.5364021,1.5872049,"Carrer del Riu Aixec, AD200 Encamp, Andorra",AD
1867,46.490837,24.689964,45.349993,-73.4724839,"3115-3175 Route Édouard Vii, Saint-Philippe, Quebec J0L 2K0, Kanada",CA
1868,39.890453,8.177618,45.3286351,19.0477023,"Ulica bana Josipa Jelačića, 32000, Vukovar, Croatia",HR
1869,44.94882,6.3489504,52.100526,-4.6140481,"A487, Cardigan, Ceredigion SA43 1RG, UK",GB
1870,40.780533,44.083202,23.7537651,88.6656739,"Chuadanga - Meherpur Hwy, Bangladesh",BD
1871,40.432682,16.005878,54.9347235,21.7056366,"A216, Kaliningrad Oblast, Russia",RU
1872,48.90597,82.02625,7.0792455,-73.0865702,"Calle 30A # 10A-1 a 10A-99, Floridablanca, Santander, Kolumbia",CO
1873,52.097828,5.751029,49.1003642,18.8781077,"Viliama Žingora, 036 01 Martin, Slovakia",SK
1874,68.06774,25.268467,66.4701752,22.5015079,"E10, 956 91 Överkalix, Sweden",SE
1875,56.09199,17.466137,54.1030531,-8.7747125,"16 Cúil Buí, Co. Sligo, Ireland",IE
1876,11.851386,61.012203,14.6513511,102.9950588,"Unnamed Road, Tambon Tako Ta Phi, Amphoe Prakhon Chai, Chang Wat Buri Ram 31140, Thailand",TH
1877,42.178555,21.375996,63.7628284,9.7871088,"Riksveg 710, 7160 Bjugn, Norvège",NO
1878,55.24054,25.227665,40.6647147,23.6423804,"EO Thessalonikis Kavalas, Volvi 570 21, Greece",GR
1879,52.867897,-1.243278,66.0357653,15.0670139,"Blå vägen, 920 66 Hemavan, Svezia",HU
1880,15.429338,54.058254,-17.0670252,-71.6074021,"Carretera Panamericana Sur, Peru",PE
1881,43.947674,8.561259,47.1003215,26.3037108,"DC165, Crăcăoani, Romania",RO
1882,38.540855,33.6752,46.3873687,14.1007911,"Sebenje 25, 4260 Bled, Slovenia",SI
1883,12.998501,88.545815,24.8980283,54.9412191,Sheikh Zayed Rd - Dubai - United Arab Emirates,AE
1884,49.293365,13.013316,58.61812,25.7398243,"Kõo-Kolga-Jaani, 70505 Viljandi County, Estonia",EE
1885,38.24922,46.572155,-38.3039984,142.4895296,"163-185 Plummers Hill Road, Woodford VIC 3281, Australia",AU
1886,25.568142,13.620039,-22.9661512,-49.8480561,"Avenida Jacinto Ferreira de Sá, 2167 - Vila Sandano, Ourinhos - São Paulo, 19914-080, Brazil",BR
1887,56.180447,2.009672,49.3451958,21.5451767,"557018, 089 01 Vyšná Jedľová, Slovakia",SK
1888,37.350063,95.27958,41.4851649,141.0069304,"Hamanasu Line, Ikokuma, Kazamaura-mura, Shimokita-gun, Aomori-ken 039-4502, Japan",JP
1889,20.2869,104.04692,24.9211073,55.1056031,Sheikh Mohammed Bin Zayed Rd - Dubai - United Arab Emirates,AE
1890,29.2877,42.90975,12.3097544,103.6184437,"Unnamed Road, Cambodia",KH
1891,20.457096,30.290665,-24.855926,25.8710126,"Lesetlhana Road, Ramotswa, Botswana",BW
1892,21.956347,48.575516,18.6204281,-99.0108094,"Morelos Alpuyeca - Tepalcingo, Animas, Morelos, Mexico",MX
1893,40.058727,34.650097,25.0863219,55.2291673,Unnamed Road - Dubai - United Arab Emirates,AE
1894,17.347773,-25.0784,52.5410581,49.8448157,"Unnamed Road, Tashiro, Miyako-shi, Iwate-ken 027-0067, Japan",JP
1895,16.778135,108.39202,26.8977588,89.5277486,"Phuntsholing - Thimphu Hwy, Bhutan",BT
1896,47.58185,34.832466,37.6000387,126.8721513,"226-1 Hwajeon-dong, Deokyang-gu, Goyang-si, Gyeonggi-do, South Korea",KR
1897,46.42732,29.002563,60.595934,5.5293694,"Riksveg 567 550, 5283 Fotlandsvåg, Noorwegen",NO
1898,34.150864,31.109955,-38.0574869,175.9493031,"Leslie Road, Ngatira 3485, New Zealand",NZ
1899,54.827644,17.221508,46.5133071,15.6627505,"Ledina 26, 2000 Maribor, Slovenia",SI
1900,53.342766,14.716014,54.8320437,23.2147474,"2602, Bliuviškiai 71273, Lithuania",LT
1901,50.253452,8.525563,42.5063832,1.5158277,"Carrer Mestre Xavier Plana, 1-3, AD500 Andorra la Vella, Andorra",AD
1902,43.083035,20.624027,49.2222256,18.6075616,"18, 013 41 Dolný Hričov, Slovakia",SK
1903,53.551113,21.706203,45.8400276,14.6330656,"106 109, 1315 Velike Lašče, Slovenia",SI
1904,55.06907,16.757301,58.4745921,25.634628,"Taari-Auksi, 70202 Viljandi County, Estonia",EE
1905,18.06345,-9.038616,42.4045835,23.8699484,"803, 2050 Ihtiman, Bulgaria",BG
1906,50.86365,56.06811,51.0662482,3.0948178,"Werkenstraat 12, 8820 Torhout, Belgique",BE
1907,46.311455,30.947655,50.0025247,18.4710423,"Wincentego Witosa, 44-300 Wodzisław Śląski, Pologne",PL
1908,-28.35973,187.52693,-31.3624878,115.828703,"LOT 2016 Coonabidgee Road, Coonabidgee WA 6503, Australia",AU
1909,49.006382,17.606966,58.6833794,15.2481795,"1096, 590 34 Tjällmo, Sweden",SE
1910,49.641945,-12.63842,46.2484122,3.9952069,"Le Goutillon, 71110 Artaix, France",FR
1911,44.55305,13.785115,47.6607872,20.3495978,"3359 Tenk, 31, Hungary",HU
1912,44.64162,8.987253,59.1537822,26.0966258,"Betooni 3, Tamsalu, 46107 Lääne-Viru County, Estonia",EE
1913,40.59531,16.589298,46.8151808,-60.8418188,"23213 Cabot Trail, Pleasant Bay, NS B0E 2P0, Kanada",CA
1914,55.186108,9.469179,58.9832687,22.7737891,"Heltermaa-Kärdla-Luidja, 92421 Hiiumaa, Estonia",EE
1915,11.028831,-36.89344,-11.4233322,-76.7928404,"Unnamed Road, Peru",PE
1916,54.608547,31.931557,41.474866,-2.2944544,"SO-330, 13, 42225 Maján, Soria, Spain",ES
1917,55.182552,14.230155,45.5888467,-84.5729209,"4155-4285 Riggsville Rd, Cheboygan, MI 49721, Stany Zjednoczone",UA
1918,48.419884,22.62777,49.9637539,36.2891412,"Teplovozna street, 3, Kharkiv, Kharkiv Oblast, Ukraine",UA
1919,62.103794,12.502784,66.0586558,-16.444644,"Norðausturvegur, Iceland",IS
1920,50.647114,27.140324,54.0662342,24.0964532,"2519, Dzūkijos nacionalinis parkas 65319, Lithuania",LT
1921,56.120018,15.249973,58.3257663,16.0985423,"765, Åtvidaberg Ö, Svezia",SE
1922,37.34554,65.33214,2.8117647,101.4956979,"Jalan Sultan Abdul Samad, Banting, 42700 Banting, Selangor, Malasia",MY
1923,27.607414,61.33185,13.951458,101.0567328,"Unnamed Road, Tambon Don Koka, Amphoe Bang Nam Priao, Chang Wat Chachoengsao 24170, Tajska",TH
1924,32.914997,-5.770417,39.2094146,25.8980069,"Unnamed Road, Lesvos 811 03, Greece",GR
1925,44.63301,24.986443,-29.3936251,115.0097238,"LOT 3042 Brand Highway, Mount Adams WA 6525, Australia",AU
1926,51.714878,21.070099,45.6509383,8.2693109,"Via Ortali, 4-5, 13868 Sostegno Biella, Italy",IT
1927,38.962597,32.25813,32.1976486,34.855594,"Patriya 26-36, Ra'anana, Israel",IL
1928,56.22292,24.3788,50.9110985,3.7949884,"Delftselaan 10, 2512 RE The Hague, The Netherlands",NL
1929,43.954197,23.1763,49.9716302,36.2203708,"Kotlyarevs'koho street, 16-18, Kharkiv, Oblast de Kharkiv, Ukraine",UA
1930,39.325306,8.323883,48.0386299,17.3892578,"063012, 930 51 Veľká Paka, Slovakia",SK
1931,57.099545,15.703008,55.0253369,-1.4742758,"66 Barnstaple Road, North Shields, Tyne and Wear NE29 8QG, UK",GB
1932,45.53848,14.141991,42.1782655,25.2158383,"66, 6257 Plodovitovo, Bulgaria",BG
1933,8.149921,140.38156,1.486939,103.769893,"16, Jalan Keris, Taman Sri Tebrau, 80050 Johor Bahru, Johor, Malaysia",MY
1934,63.691994,24.043,69.9360195,23.2468986,"Kautokeinoveien 22, 9518 Alta, Norwegia",NO
1935,56.371918,5.5834827,53.4324733,-6.4543576,"3 Tetrarch Grove, Clonee, Co. Meath, Ireland",IE
1936,29.768112,21.17035,-26.2709402,31.0743089,"MR3, Swaziland",MY
1937,53.77428,7.3996983,49.5927923,0.4864415,"Rue des Arbreaux, 76210 Bolbec, France",FR
1938,47.062798,6.4050665,53.7500565,-1.7333846,"14 Mill Carr Hill Road, Oakenshaw, Bradford, West Yorkshire BD12, UK",GB
1939,32.434013,108.91506,22.3815205,113.9770538,"6 Sam Shing St, Tuen Mun, Hongkong",HK
1940,51.42581,33.925507,-46.2888654,168.2507337,"292 Argyle-Otahuti Road, Waianiwa 9874, New Zealand",SI
1941,47.044277,24.339909,19.1977588,-99.5186819,"Micheladas, Colonia San Isidro, 52600 San Pedro Tlaltizapan, State of Mexico, Mexico",MX
1942,45.84541,24.2192,40.2448133,16.0781505,"Strada Statale 598, 85010 Gallicchio, Potenza, Italy",IT
1943,-14.590278,-10.364786,20.2804351,-103.4408329,"Vicente Guerrero Poniente 654, El Panteón, 45800 Jocotepec, Jalisco, Mexique",MX
1944,45.74734,10.077051,45.2800836,18.658327,"Gorjani, 32281, Ivankovo, Croatia",HR
1945,27.64375,184.32155,37.5041908,126.8633577,"320-3 Gocheok 1(il)-dong, Guro-gu, Seoul, South Korea",KR
1946,48.553593,10.694352,35.1688071,129.1657896,"1363-9 Jwa 3(sam)-dong, Haeundae-gu, Busan, South Korea",KR
1947,65.32411,23.534813,61.4714251,-135.7701557,"Klondike Hwy, Yukon, Unorganized, YT Y0B, Canada",CA
1948,59.01799,19.493801,42.8824588,-7.5601913,"LU-P-2406, 27181 Guntín, Prowincja Lugo, Hiszpania",ES
1949,34.5333,-4.354003,-24.6528072,25.8820384,"A1, Gaborone, Botswana",BW
1950,26.587185,53.645966,24.9040998,54.9472457,Sheikh Zayed Rd - Dubai - United Arab Emirates,AE
1951,1.7776384,26.811737,-24.5449907,25.9621927,"A1, Gaborone, Botswana",BW
1952,32.830677,61.796814,42.5306763,1.5010273,"Ctra. de Sispony, AD400 La Massana, Andorra",AD
1953,48.931835,20.224308,55.9477812,25.5786204,"Vilties gatvė 26, Rokiškis 42154, Lithuania",LT
1954,50.056976,17.239916,40.2165629,21.2578109,"Unnamed Road, Vouchorina 500 02, Greece",GR
1955,49.417538,21.472271,62.5794965,22.5601052,"17283 179-195, 61230 Kurikka, Finland",FI
1956,50.23801,14.049224,55.4237968,9.1592616,"Industriparken 16, 6630 Rodding, Denmark",DK
1957,25.337616,-29.956253,41.5386452,0.2049882,"N-II, 22520 Fraga, Huesca, Spain",ES
1958,40.405872,65.98803,35.0874474,128.8791661,"215-5 Sinho-dong, Gangseo-gu, Busan, South Korea",KR
1959,34.09955,62.287197,1.314139,103.9894386,"50 Tanah Merah Ferry Rd, Сингапур 498833",SG
1960,49.08279,16.353178,49.5246089,16.2568481,"Doktora Veselého 856, 593 01 Bystřice nad Pernštejnem, Czech Republic",CZ
1961,38.90918,41.915306,35.1846475,128.9859644,"11 Sasang-ro 447(sabaeksasipchil), Sasang-gu, Busan, South Korea",KR
1962,40.776672,14.934484,-37.7492346,175.2167228,"Waikato Expressway, Burbush, Horotiu 3288, New Zealand",NZ
1963,-48.835743,193.4484,-30.6397833,145.1667005,"Mulya Road, Louth NSW 2840, Australia",AU
1964,25.107986,12.2859335,37.9892644,-7.2921423,"N385, 7875 Sobral da Adiça, ポルトガル",PT
1965,40.496254,7.336535,57.028679,9.9304982,"Fasanvej 2, 9000 Aalborg, Denmark",GB
1966,52.22806,9.812878,64.7764628,-14.4700409,"Þjóðvegur, Iceland",IS
1967,28.449398,-30.981018,42.5995862,1.6375459,"Ctra. de Ransol, AD100 Canillo, Andorra",AD
1968,48.435844,-0.72265196,28.0609883,-15.7306474,"GC-200, 35489 Agaete, Las Palmas, Spain",CL
1969,29.63586,69.74708,22.8151346,120.3956345,"824, Taiwan, Kaohsiung City, Yanchao District, 鞍平巷",TW
1970,5.55993,-19.962921,-32.3589814,124.7638431,"Eyre Highway, Caiguna WA 6443, Australia",AU
1971,5.265689,124.93899,38.2958662,25.9450704,"Unnamed Road, Chios 821 02, Greece",GR
1972,27.971401,60.296703,22.2704383,114.206915,"Wilson Trail Sec. 2, Tai Tam, Hong Kong",HK
1973,44.464993,26.970764,27.4487489,91.1724055,"Unnamed Road, Autsho, Bhutan",BT
1974,48.185253,33.656406,53.2853401,18.9535679,"Macieja Rataja 8, Wabrzezno, Полша",PL
1975,34.733364,11.982345,-20.4564363,-54.5920437,"Rua Piratininga, 1185-1305 - Centro, Campo Grande - Mato Grosso do Sul, Brazylia",BR
1976,29.897423,47.440575,23.9053356,90.0440079,"Dhaka - Aricha Hwy, Bangladesh",BD
1977,25.843857,36.95971,39.5745039,-8.7900177,"R. João Dias 20, 2480 ポルトガル",PT
1978,50.729443,0.22456455,45.2908913,16.0711935,"D6, 44403, Dolnjaki, Croatia",HR
1979,11.631039,101.01794,22.2704488,114.2436751,"11 Chong Fu Rd, Chai Wan, Hong Kong",HK
1980,34.711647,71.33151,-7.8160686,112.0625823,"Jl. Erlangga, Ngasem, Kediri, Jawa Timur 64182, Indonesia",ID
1981,52.281155,34.165115,46.7157509,6.4130155,"9, 1337 Vallorbe, Szwajcaria",NZ
1982,11.3606415,139.92531,-8.6498832,115.2174458,"Jl. Veteran No.70F, Denpasar Utara, Kota Denpasar, Bali 80233, Indonesia",ID
1983,32.172337,61.2918,40.5795728,24.6569512,"Unnamed Road, Thasos 640 02, Greece",GR
1984,45.489704,61.04223,43.4195537,24.4973977,"305, 5850 Yasen, Bulgaristan",BG
1985,39.275692,47.661194,27.1461556,91.6064891,"Unnamed Road, Bhutan",BT
1986,46.546856,14.556122,53.7172467,-6.3515826,"101 Greenlanes, Drogheda, Co. Louth, Ireland",IE
1987,37.29671,31.222443,58.032616,38.8043901,"Р104, Rybinsk, Oblast de Iaroslavl, Russie, 152900",RU
1988,40.451138,26.31408,39.7202966,-9.0471711,"São Pedro de Moel - Pataias, 2445 Pataias, Portugal",PT
1989,53.549488,4.6358933,36.3523542,139.1482507,"1 Kamimasudamachi, Maebashi, Gunma Prefecture, Japan",JP
1990,22.386894,96.50585,25.2792022,55.303216,D85 - Dubai - United Arab Emirates,AE
1991,38.9346,27.17205,-37.5047489,175.1495994,"475B Te Ohaki Road, Te Ohaki 3771, New Zealand",NZ
1992,45.838863,15.952381,48.399294,20.2688545,"50, 982 51 Stránska, Slovakia",SK
1993,34.927982,58.14281,27.3106661,91.0641247,"Bumthang - Ura Hwy, Bhutan",BT
1994,34.224552,-3.5382395,-46.2315917,-71.557039,"RP45, Santa Cruz, Argentina",AR
1995,48.983593,2.6755996,22.4023808,114.2444112,"Ma On Shan Country Trail, Ma On Shan, Hong Kong",HK
1996,59.755405,-22.79583,69.1299109,-104.9924286,"Ovayok Road, Cambridge Bay, NU X0B, Canada",CA
1997,22.582012,38.836525,-23.4980613,28.39854,"R561, Afrique du Sud",ZA
1998,60.85396,23.357777,65.7777683,13.2292597,"Fylkesveg 244 260, 8658 Mosjøen, Norway",NO
1999,51.078423,20.82594,53.2596505,-106.7899523,"Saskatchewan 3, Mont Nebo, SK S0J 1X0, Canada",CA
0,61.095867,28.208199,62.741049,14.5851187,"546, 840 40 Svenstavik, Sweden",BT
1,40.525173,-4.996401,40.2484757,8.8247943,"SP57, 08010 Birori, Nuoro, Italy",IT
2,27.903378,-38.366734,-19.5714916,-44.0583355,"Rua Santa Juliana, 683 - Bom Jesus, Matozinhos - Minas Gerais, 35720-000, Brazil",BR
3,32.71321,51.940407,49.177457,19.2131431,"070001, 027 21 Žaškov, Slovakia",SK
4,48.275005,20.813076,-38.1037657,175.7259255,"743 Old Taupo Road, Waotu 3481, New Zealand",NZ
5,33.05854,91.733154,2.8117647,101.4956979,"Jalan Sultan Abdul Samad, Banting, 42700 Banting, Selangor, Malasia",MY
6,36.72059,35.191864,4.2210449,-74.9407438,"I-40, Coello, Tolima, Colombia",CO
7,43.932713,27.650337,56.2790855,13.8080566,"1935, 280 23 Hästveda, Sweden",SE
8,45.82446,5.649828,44.0278418,12.5707097,"Via Alda Costa, 1, 47924 Rimini, Italy",IT
9,25.79821,68.235466,25.1405764,55.133394,Crescent Rd - Dubai - United Arab Emirates,AE
10,46.938023,9.575153,45.9579833,18.3519769,"7766 Peterd, 5711, Hungary",HU
11,67.36065,27.6447,55.1029968,21.8678096,"4230, 99295, Lithuania",LT
12,58.5966,13.574168,47.8169793,19.6286305,"3051 Szarvasgede, 2129, Hungary",HU
13,13.592318,82.51632,1.3111738,103.9503989,"E Coast Park Service Rd, Singapore",SG
14,45.0937,14.438376,46.0478138,14.2769646,"Setnik 29, 1355 Polhov Gradec, Slovenia",SI
15,39.997944,35.252598,23.0791695,120.1575287,"Section 5, Gōngxué Road, Annan District, Tainan City, Taiwan 709",TW
16,49.30235,17.725931,38.6758949,-27.3289406,"Canada do Pilar 105, 9700, Portogallo",PT
17,57.784653,18.244179,65.8527098,20.3970404,"ÖHN 5, 942 95 Vidsel, Швеция",SE
18,65.44658,15.356854,14.7035596,101.9610884,"Unnamed Road, Tambon Tum, Amphoe Pak Thong Chai, Chang Wat Nakhon Ratchasima 30150, Thailand",TH
19,47.94396,14.731252,42.4818111,1.4540002,"Ctra. de Canòlich, AD600 Sant Julià de Lòria, Andorra",AD
20,35.902794,8.743404,19.1986729,-97.7986672,"11 Oriente, Nopalucan de La Granja, Puebla, Mexico",MX
21,27.203007,54.567158,-20.4564363,-54.5920437,"Rua Piratininga, 1185-1305 - Centro, Campo Grande - Mato Grosso do Sul, Brazylia",BR
22,36.802055,25.95229,-27.627694,-48.6680374,"Rua Açucena, 1-131 - Jardim das Palmeiras, Palhoça - Santa Catarina, 88133-700, Brazil",BR
23,3.951631,123.563896,16.9314129,100.5316482,"Unnamed Road, Tambon Ban Klang, Amphoe Wang Thong, Chang Wat Phitsanulok 65220, Thailand",TH
24,36.263313,3.8876548,33.8692017,-98.6379773,"7181 Parker Ranch Road, Wichita Falls, TX 76310, USA",US
25,51.689053,28.692764,6.6834303,116.9456923,"Unnamed Road, 89100 Kota Marudu, Sabah, Malaysia",MY
26,31.651455,18.224411,19.1898168,-103.7505543,"Carretera Federal 110, Colima, Mexico",MX
27,35.224686,69.98412,1.4400932,103.7836949,"35 Marsiling Ind Estate Rd 3, Singapore 739257",SG
28,55.189133,7.882654,45.9480518,1.5443014,"Le Masjoubert, 23430 Saint-Martin-Sainte-Catherine, France",FR
29,42.050026,15.1864,34.5631087,134.3500543,"Japan, 〒761-4401 Kagawa-ken, Shōzu-gun, Shōdoshima-chō, Yoshida 県道26号線",JP
30,29.226974,17.660345,-26.4600716,31.1600548,"MR19, Swaziland",SZ
31,27.321396,-17.853912,43.0438002,-90.6564256,"14813-14953 County Road T, Fennimore, WI 53809, USA",HK
32,16.526997,31.11068,-6.6326908,111.5149105,"Jl. Sunan Bonang, Sluke, Rembang, Jawa Tengah 59272, Indonesia",ID
33,49.723515,10.746726,45.0297506,15.1717667,"D23, 53261, Križpolje, Croatie",HR
34,47.04542,8.552815,25.3444186,55.4394532,Unnamed Road - Sharjah - United Arab Emirates,AE
35,29.508171,83.70101,11.1948036,103.5684337,"AH123, ឃុំ កណ្ដោល, Cambodia",KH
36,66.68226,23.039635,66.8673647,21.1912893,"818, 980 41 Hakkas, Suède",SE
37,63.808323,11.375264,60.6809954,13.7728966,"Östra Bangatan, 782 34 Malung, Sweden",SE
38,7.6267095,126.69204,-6.9215538,110.2042077,"Jl. Soekarno-Hatta No.193, Kendal, Kendal, Jawa Tengah 51313, Indonesia",ID
39,35.808548,66.54417,51.7557943,19.3077326,"Rszewska 29, 95-050 Konstantynów Łódzki, Poland",PL
40,57.70152,24.206753,22.4678297,114.039822,"Yau Pok Rd, Hongkong",HK
41,43.10449,39.608955,26.6713485,142.148542,"Japan, 〒100-2211 Tōkyō-to, Ogasawara-mura, Hahajima 都道241号線",JP
42,44.87889,30.5271,51.8794451,-9.1174744,"Unnamed Road, Co. Cork, Ireland",IE
43,57.50472,12.2791195,-33.6298095,19.4020322,"R43, Worcester 6849, South Africa",ZA
44,43.44011,36.14815,23.055574,120.0866956,"709, Taïwan, Tainan, Annan District, 城西街三段",TW
45,49.398525,27.61142,50.4988763,30.4303645,"Kvitnevyi lane, 2, Kyyiv, Kyiv city, Ukraine",UA
46,31.446941,84.38558,23.6532582,89.1991286,"Kushtia - Jhenaidah Hwy, Bangladesh",BD
47,15.941746,131.34381,1.3298894,103.9308756,"412 Bedok North Ave 2, Singapore 460412",SG
48,44.591717,9.412016,48.3710587,19.416553,"050103, Šuľa, Slovakia",SK
49,40.31702,23.882542,23.579846,88.9485896,"Jhenaidah - Chuadanga Rd, Bangladesh",BD
50,47.317844,50.65645,56.6584889,22.7533057,"A9, Blīdene parish, LV-3852, Latvia",LV
51,68.85485,-3.830875,65.6126911,-18.5039302,"Þjóðvegur, Iceland",IS
52,42.015102,39.33925,52.1227524,4.3590251,"Nassaulaan 15-17, 2243 HJ Wassenaar, The Netherlands",NL
53,55.177982,19.591927,46.6739748,6.3633035,"Bois-de-Ban, 1325 Vaulion, Switzerland",CH
54,-97.96677,-165.43083,-6.7435555,-79.4998769,"6A 630, Перу",PE
55,44.395283,12.6811075,36.897144,139.9580038,"7 Chome-249-5 Nishimishima, Nasushiobara-shi, Tochigi-ken 329-2756, Japan",JP
56,56.244175,0.27993178,44.6204453,26.2776076,"DJ200, Romania",RO
57,59.122837,2.3436956,53.0215819,-6.2228435,"L1076, Co. Wicklow, Ireland",IE
58,3.2992244,27.371414,-26.4123161,31.7837114,"MR3, Mpaka, Swaziland",SZ
59,49.700497,30.701855,30.8799929,-83.7746924,"5571 Coffee Road, Boston, Géorgie 31626, États-Unis",US
60,42.082775,42.640133,50.9691196,6.9488091,"Niehler Kirchweg 32, 50733 Cologne, Germany",DE
61,-8.823372,-56.052925,-26.2958286,-69.6570652,"C-13, Diego de Almagro, Atacama Region, Chile",CL
62,41.84757,19.605007,52.6629039,17.5508225,"Gnieźnieńska, 62-270 Kłecko, Polska",PL
63,45.570423,13.601705,-37.6519243,176.1952728,"476A Maunganui Road, Mount Maunganui, Tauranga 3116, New Zealand",NZ
64,53.066235,6.9259443,54.1514358,-7.2198361,"Unnamed Road, Co. Monaghan, Ireland",IE
65,12.021312,98.788895,13.5431503,104.8660881,"Unnamed Road, Cambodia",KH
66,50.994785,37.726498,65.4839926,29.5146046,"Hossantie 338, 89920 Suomussalmi, Finland",FI
67,50.10968,18.943485,60.7837355,25.9787291,"172 348-398, 16270 Orimattila, Finland",FI
68,24.720585,79.1135,1.3252485,103.9736777,"21 Changi Coast Rd, Singapour 499805",SG
69,31.058033,71.33132,25.3144722,55.399128,First Industrial St - Sharjah - Vereinigte Arabische Emirate,AE
70,64.85071,19.324562,52.8969056,5.0696999,"Noorderdijkweg 24, 1771 MJ Wieringerwerf, The Netherlands",NL
71,47.948875,30.912731,1.383967,103.8906174,"151 Compassvale Bow, Singapore 544997",SG
72,57.368828,20.345512,57.1266485,24.6971964,"E77, Gauja, Inčukalna pagasts, LV-2140, Latvia",LV
73,48.97153,27.655132,4.6266467,-74.0619428,"Entrada A La TV2 # 1, Bogota, Cundinamarca, Kolumbia",CO
74,48.82652,13.469315,55.2272739,10.0956609,"Hårbyvej, 5683 Haarby, Danmark",DK
75,47.51679,12.147124,49.4797935,20.0264223,"Adama Mickiewicza 2, Nowy Targ, Polonia",PL
76,35.227455,87.953285,22.4120169,113.9823973,"8 Castle Peak Rd, Tuen Mun, Hong Kong",HK
77,18.679207,112.22956,24.9554574,121.6940327,"232, Tajwan, Nowe Tajpej, Pinglin District, 上坑子口路",TW
78,30.76305,33.597588,38.7404707,22.619195,"Epar.Od. Thivas - Thermopilon, Molos Agios Konstantinos 350 09, Grekland",KH
79,14.4189825,56.542046,31.4232478,34.5771075,"Yuval 42, Netivot, Israel",IL
80,36.624718,42.310005,27.4168909,89.2199443,"Unnamed Road, Bhutan",BT
81,42.74309,58.794548,22.4781753,114.0632761,"Mouton Ave, Tam Mei, Hong Kong",HK
82,24.643246,63.893776,40.2847732,141.2333813,"Japan, 〒028-6102 Iwate-ken, Ninohe-shi, Shimotomai 県道32号線",JP
83,21.992981,42.80537,-33.6999118,148.7786855,"LOT 170 Binni Creek Road, Woodstock NSW 2793, Australia",AU
84,19.801506,51.35458,24.8999808,55.0468301,Unnamed Road - Dubai - United Arab Emirates,UA
85,38.605457,13.906823,-30.7320547,-70.9595955,"D-55, Monte Patria, Coquimbo Region, Chile",CL
86,52.9713,20.156712,52.7116743,23.4202122,"Droga Wojewódzka 689, Polen",PL
87,50.472652,14.208701,53.904257,16.7731267,"78-425 Biały Dwór, Poland",PL
88,-15.811719,38.827415,-26.5005013,31.4790866,"MR8, Swaziland",SZ
89,40.70275,49.939777,32.8142209,34.9571881,"Harotem 41-45, Haifa, Israel",IL
90,43.478523,8.915027,42.5597009,1.6855801,"CG-2, AD100 Canillo, Andorra",AD
91,37.14794,62.167713,4.4847097,118.6079559,"Unnamed Road, 91308 Semporna, Sabah, Malaysia",MY
92,48.198936,18.20427,55.1532497,10.2110235,"Stenbækvej 35-39, 5642 Millinge, Danemark",DK
93,49.64401,11.614131,55.5815723,38.9352708,"Ulitsa MTS, 2, Kurovskoye, Moskovskaya oblast, Russia",RU
94,49.19296,13.317054,57.7508366,27.2500907,"Külaoru-Hinsa, 65223 Võru County, Estonia",EE
95,45.363384,14.148682,41.1555728,14.2087781,"Via Lardino, 81041 Vitulazio Caserta, Italy",IT
96,49.9993,11.048439,-29.7286067,31.0806513,"M4, Umhlanga 4320, South Africa",ZA
97,54.63915,13.079825,59.1922227,9.5844649,"Maribakkane 19, 3728 Skien, Norway",NO
98,24.73014,95.81432,23.3571749,90.0000284,"Dhaka - Barisal Hwy, Bangladesh",BD
99,39.858326,93.47866,43.6163308,39.7252382,"Donskaya ulitsa, 40, Soczi, Kraj Krasnodarski, Rosja, 354000",RU
100,52.64549,13.036069,42.5405868,1.5201471,"Camí Ral, AD400 La Massana, Andorra",AD
101,41.56238,22.16365,-33.5855544,-70.6331066,"Ciudad de México, La Pintana, Santiago Metropolitan Region, Chile",CL
102,5.499605,30.344078,-22.4143832,28.3938889,"Moritz, Botswana",BW
103,50.74368,32.5276,46.5574328,22.9047968,"Poiana Horea, Romania",RO
104,50.166557,10.40639,55.3510687,12.356136,"Råmosevej 1, 4672 Klippinge, Denmark",DK
105,28.676945,80.51348,37.6429901,126.7863617,"1341 Baekseok-dong, Ilsandong-gu, Goyang-si, Gyeonggi-do, South Korea",KR
106,23.892368,-29.930817,65.9244696,-22.9742956,"61, Iceland",IS
107,41.05064,15.307831,12.5931476,102.8485738,"Unnamed Road, Cambodia",KH
108,40.89375,25.34533,51.0139239,-103.0569553,"Saskatchewan 15, Fenwood, SK S0A 0Y0, Canada",CA
109,49.658165,9.398523,51.7475638,5.833689,"Steegstraat 24, 5439 NL Linden, The Netherlands",NL
110,48.13871,9.667391,43.6140864,26.8181184,"2005, 7449 Bogdantsi, Bulgaria",BG
111,47.15646,51.547478,32.0095251,34.8160029,"Tsahal Road פינת 4, Azor, Israel",IL
112,51.2811,20.075932,48.7533826,19.1635282,"Pod Hôrkou 10, 974 11 Banská Bystrica, Slovakia",SK
113,36.112617,30.987839,31.9666608,34.9234818,"1, Israel",IL
114,44.680782,14.50168,-31.6445016,115.7013828,"41 Camborne Parkway, Butler Australia Zachodnia 6036, Australia",AU
115,31.431366,109.0775,32.1000371,34.8516552,"Martin Gehl, Petah Tikva, Israel",IL
116,44.946247,13.755214,63.4308913,-18.8795902,"Þjóðvegur, Iceland",IS
117,49.993156,21.065002,61.2691734,27.8462885,"Kuivasensaarentie 575, 54950 Savitaipale, Finland",FI
118,19.236404,104.996895,8.7549577,-75.8872882,"Carrera 3 # 26-2 a 26-100, Monteria, Cordoba, Colombia",CO
119,25.525795,87.4591,22.7848248,91.5676936,"Dhaka - Chittagong Hwy, Mirsharai, Bangladesh",BD
120,61.114117,12.011556,63.4877557,26.51182,"16036 334-358, 74680 Kiuruvesi, Finland",FI
121,41.097824,22.512627,63.7642945,-68.5363823,"1820 Qaqqamiut, Iqaluit, NU X0A, Canada",CA
122,51.040062,28.516506,1.0368607,110.8184603,"AH150, 94700 Serian, Sarawak, Malaysia",MY
123,57.24769,30.79691,57.1971436,15.2570358,"976, 360 70 Åseda, Sweden",SE
124,44.20493,16.573677,52.1553756,-0.4661687,"18 Kestrel Road, Bedford, Bedford Borough MK41, Royaume-Uni",GB
125,30.494034,65.90792,51.0759914,3.4737836,"Kraenepoelpad 21, 9880 Aalter, Belgium",BE
126,51.06744,12.875165,54.9292509,9.2256206,"Saksborgvej 11, 6360 Tinglev, Denmark",DK
127,-12.097928,-34.44738,-30.5566881,-71.224227,"D-525, オバエ コキンボ チリ",CL
128,56.81845,17.196178,57.244784,24.4472755,"P6, Ainava, Saulkrastu lauku teritorija, LV-2160, Latvia",LV
129,68.85349,25.020382,63.0159226,14.0954093,"578, 830 24 Oviken, Sweden",SE
130,48.531918,10.215144,41.4597125,-5.6502891,"Carretera Madridanos, 15, 49150 Moraleja del Vino, Zamora, Spain",ES
131,34.705242,131.42348,35.1699764,129.0959727,"48 Geumnyeon-ro, Yeonje-gu, Busan, South Korea",KR
132,58.92354,21.780724,65.0376746,18.4135225,"Norrvägen, 920 41 Björksele, Sweden",SE
133,45.04658,-8.020209,50.270599,-107.9854843,"Trans-Canada Highway, Webb, SK S0N 2X0, Canada",CA
134,33.031628,62.04128,1.298824,103.853511,"111 Middle Rd, Singapur",SG
135,44.670788,29.46186,46.9586367,20.2293298,"5430 Tiszaföldvár, Kurázsi Fő Way 32, Hungary",HU
136,38.836475,13.673626,58.5068967,13.8903868,"2935, 541 91 Skövde, Sweden",SE
137,40.809273,13.48118,32.8165321,34.9980443,"Ibn Rushd, Haifa, Israel",IL
138,24.131062,64.67792,22.3482009,114.0606326,"33 Pak Yan Rd, Ma Wan, Hong Kong",HK
139,18.983658,92.62931,22.3941083,113.91799,"Lung Kwu Tan Rd, Tuen Mun, Hong Kong",HK
140,39.22078,58.518547,31.3724506,34.8090841,"Sderot Rimon, Lehavim, Israel",IL
141,50.871395,-8.930377,54.1514358,-7.2198361,"Unnamed Road, Co. Monaghan, Ireland",IE
142,28.412205,16.360867,43.4090347,5.1990796,"Chemin des Macreuses, 13700 Marignane, France",FR
143,47.361168,19.578049,46.4662192,30.7193696,"Bohdana Khmel'nyts'koho street, 54, Odesa, Odessa Oblast, Ukraine",UA
144,37.813663,30.376816,2.8054323,101.706555,"32, 43900 Sepang, Selangor, Малайзия",MY
145,40.237713,18.810085,-25.4104675,-49.4968802,"Estrada de Bateias, 6871 - Centro, Parana, Brazil",BR
146,50.885555,29.838741,-35.9372781,174.4093379,"50 Applecross Road, Waipu 0582, New Zealand",NZ
147,14.564451,-43.79725,42.5688019,1.6784359,"CG-2, AD100 Canillo, Andorra",AD
148,16.09792,121.62679,22.5049981,114.1299057,"155 Jockey Club Rd, Sheung Shui, Hong Kong",HK
149,17.767818,20.833141,37.92242,24.031455,"Arfara, Chamolia 190 03, Greece",GR
150,60.93841,16.077763,61.5957598,25.8854161,"Ylemmäistentie 520, 19600 Hartola, Finlande",MY
151,55.494194,12.107211,51.0370436,5.7195591,"Schoolstraat 30-48, 3650 Dilsen-Stokkem, Belgium",BE
152,48.44811,12.806658,48.2936744,19.6613047,"585, 985 32 Panické Dravce, Slovakia",SK
153,10.969855,97.938446,65.3073,27.3182272,"Sotkajärventie 790-1192, 93100 Pudasjärvi, Finland",FI
154,57.841724,-2.4331694,65.304925,-20.9070209,"Miðfjarðarvegur, Iceland",LT
155,-70.364914,246.0845,-31.3624878,115.828703,"LOT 2016 Coonabidgee Road, Coonabidgee WA 6503, Australia",AU
156,31.269405,25.596565,28.3284776,129.2869754,"Japan, 〒894-3213 Kagoshima-ken, Ōshima-gun, Yamato-son, Shidokan 県道79号線",JP
157,61.610523,6.2828255,59.5704279,17.4871053,"Skörbyleden 18, 746 41 Bålsta, Sweden",SE
158,50.243267,21.280842,-43.5874284,172.5133372,"44-46 Stonebridge Way, Prebbleton 7604, New Zealand",NZ
159,3.389253,28.84282,-22.509417,27.6445982,"Serowe, Botswana",BW
160,39.761402,-4.0959883,37.6490324,-3.4346602,"A-324, 23560 Huelma, Jaén, Spain",ES
161,52.175945,14.594722,21.0082174,-89.5743053,"Calle 25ᶜ, La Florida, 97138 Merida, Yucatan, Mexico",CZ
162,50.71424,25.943478,45.8207939,14.6571526,"Gornje Retje 6, 1315 Velike Lašče, Słowenia",SI
163,26.79736,17.353601,46.478751,0.0632616,"E5, 86600 Curzay-sur-Vonne, France",FR
164,54.080486,24.782757,51.9309544,5.763103,"Heterensestraat 4, 6675 MA Valburg, The Netherlands",NL
165,50.49846,16.8367,59.662844,16.7302999,"695, 725 96 Västerås, Schweden",SE
166,63.48261,13.553984,54.5459837,23.1355893,"5122, 70323, Lithuania",LT
167,20.333065,-38.01341,61.0593966,7.8153634,"Riksveg 630 20, 6888 Borgund, Norway",NO
168,50.08836,16.340569,47.5862576,-59.1403395,"Trans-Canada Highway, Channel-Port aux Basques, NL A0M, Canada",CA
169,37.905,8.069817,41.4580826,-5.6396552,"ZA-610, 7, 49157 Madridanos, Prowincja Zamora, Hiszpania",ES
170,54.791256,13.517314,44.580291,10.7620528,"Via San Lorenzo, 42013 Casalgrande, Reggio Emilia, Italy",IT
171,26.500854,15.101972,-26.3150675,31.1172095,"MR3, Mbabane, Swaziland",SZ
172,31.911736,43.910973,23.5332406,90.8317235,"N1, Bangladesh",BD
173,-16.67987,19.99717,-22.8297288,26.9837275,"A1, Botswana",BW
174,27.690918,26.876816,24.9502086,55.255306,D57 - Dubai - アラブ首長国連邦,AE
175,7.637786,-31.753242,50.432299,45.4320507,"Р228, Volgograd Oblast, Russia",RU
176,43.23666,16.034096,-33.5452629,149.6465338,"Lagoon Road, The Lagoon NSW 2795, Australia",AU
177,63.1518,27.944473,65.3038331,13.511759,"Fylkesveg 273 26, 8680 Trofors, Norway",NO
178,50.02677,16.719929,47.260031,1.5903649,"9 Rue Basse, 41130 Selles-sur-Cher, Francja",FR
179,45.0073,3.0485053,50.4547431,4.1881359,"Place Adolphe Caffet 12, 7100 La Louvière, Belgium",US
180,20.430973,94.18496,43.1116858,-7.8460617,"LU-232, 14, Friol, Lugo, Spain",ES
181,8.773556,80.21316,-8.72977,115.1649208,"Jl. Kartika No.88, Kuta, Kabupaten Badung, Bali 80361, Indonesia",ID
182,63.490696,28.6678,27.5631943,91.5062469,"Mongar - Trashigang - Trashiyangtse Rd, Trashiyangtse, Bhutan",BT
183,19.904858,111.6412,31.0710621,-94.0277476,"Bright Berry, Brookeland, TX 75931, USA",US
184,45.250546,14.520301,50.9668686,-4.3254826,"2 Dyers Moor, Parkham, Bideford, Devon EX39 5PR, UK",GB
185,44.67786,41.530075,49.6850531,13.9908181,"Ke Korábu, 261 01 Příbram, Czech Republic",CZ
186,-4.950098,-0.0716753,48.1799119,40.4555036,"Bel. Kalitva - Likhovskoy, Rostov Oblast, Russia",RU
187,21.013096,107.47373,1.3586584,103.6225922,"Malaysia-Singapore Second Link, Kampung Ladang, 81550 Gelang Patah, Johor, Malaisie",MY
188,58.503796,25.467392,51.6084824,16.8731418,"Stanisława Kamińskiego 15-19, 63-900 Rawicz, Poland",PL
189,34.00276,15.022466,32.1803345,34.9579333,"Yitzhak Rabin Highway, Israel",IL
190,-5.4318047,-29.282978,-40.29412,-64.0895663,"Ruta Nacional 250, Río Negro, Argentina",AR
191,59.684914,6.060173,57.5260975,21.8607136,"P124, Ance parish, LV-3601, Latvia",LV
192,41.605576,15.20467,37.8230795,-1.4360286,"N-340, 30840 Alhama de Murcia, Murcia, Španělsko",ES
193,30.557167,45.54854,39.3149783,20.5838677,"Unnamed Road, Souli 462 00, Greece",GR
194,38.00996,53.746475,55.7801442,38.4733794,"Promyshlennyy proyezd, Elektrostal, Moskovskaya oblast, Russie",RU
195,44.56315,33.13834,46.7983275,4.7633954,"13 Rue de l'Église, 71640 Dracy-le-Fort, Francija",FR
196,18.805439,23.104462,39.5745039,-8.7900177,"R. João Dias 20, 2480 ポルトガル",PT
197,59.06803,24.612679,64.0770614,-21.9449117,"Helluhraun, Hafnarfjörður, Islande",AU
198,44.381138,46.122375,43.7260608,-79.3617059,"1-19 Suncrest Drive, Toronto, Ontario M3C 2L2, Kanada",CA
199,30.800465,102.29699,6.0048443,-73.5879437,"I-45A, Santander, Kolumbia",CO
200,51.30834,10.105707,46.4484855,16.1684105,"Mihalovci 19, 2259 Ivanjkovci, Slovenien",SI
201,42.810516,37.523857,22.7903974,89.4665599,"Khulna - Satkhira Rd, Bangladesh",BD
202,13.843496,79.57399,23.0813629,89.8626732,"Tekerhat - Gopalganj Rd, بنگلادش",KR
203,46.77371,55.116035,56.3145028,44.0671034,"ulitsa Rodionova, 165 корпус 10, Nizhny Novgorod, Nizhny Novgorod Oblast, Russia, 603000",RU
204,51.00319,6.273981,50.3702735,4.1111734,"Rue Charles Gantois 2-24, 7120 Estinnes, Belgique",BE
205,28.524174,49.904633,24.8808177,55.0431132,Sheikh Mohammed Bin Zayed Rd - Dubai - United Arab Emirates,AE
206,55.190723,17.253092,55.4561768,9.5550342,"Bjert Vestervang 29, 6091 Bjert, Denmark",DK
207,52.656055,17.02576,47.5833231,5.0559742,"D120, 21120 Marey-sur-Tille, France",CH
208,52.063168,10.854209,50.8294109,4.4492923,"Avenue Alfred Madoux 89, 1150 Woluwe-Saint-Pierre, Belgium",BE
209,49.222675,44.917107,-8.246845,115.1001888,"Jl. Raya Pancasari, Buleleng, Bali, Indonesia",ID
210,30.514027,113.76589,48.1561384,17.1238475,"Legionárska 23, 811 07 Bratislava, Slovakia",SK
211,39.969646,9.957069,56.6721127,24.3631625,"P89, Baldones lauku teritorija, LV-2125, Latvia",BT
212,49.562603,24.847786,-33.7425447,-71.4043699,"G-808, San Antonio, Valparaíso Region, Chile",CL
213,41.61889,63.360645,25.0532923,121.1912727,"337, Taiwan, Taoyuan County, Dayuan Township, 桃43鄉道",TW
214,51.307102,21.26073,42.5258126,1.5662816,"Av. de la Bartra, AD200 Encamp, Andorra",AD
215,54.337193,22.259125,51.8749407,5.9695788,"Nijmeegsestraat 1, 6691 CJ Gendt, The Netherlands",NL
216,50.16566,11.975278,45.9139241,-0.5597139,"D127, 17400 Mazeray, France",FR
217,36.44215,-14.941022,-6.9751955,-78.5695158,"3N 98, Pérou",PE
218,19.611332,-7.9594603,47.1230112,-119.1293288,"2488 Road Q Northeast, Moses Lake, WA 98837, USA",US
219,36.921566,41.555054,47.4920249,8.7449565,"Tösstalstrasse 106, 8400 Winterthour, Suisse",CH
220,54.00661,10.892962,55.668933,11.9032974,"Lejregårdsvej 7, 4060 Kirke Såby, Denmark",DK
221,41.87614,10.525193,49.4734699,15.531128,"Smrčná 142, 588 01 Smrčná, Czech Republic",CZ
222,35.86922,28.954578,37.5668747,126.9734656,"5-2 Jeong-dong, Jung-gu, Seul, Coreea de Sud",KR
223,60.714554,17.287247,59.4660284,10.8376751,"Riksveg 115 40, 1591 Sperrebotn, Norway",NO
224,49.340126,13.857116,58.655184,23.6129752,"Kõmsi-Mõisaküla-Salevere, 90111 Lääne County, Estonia",EE
225,58.33392,11.364669,60.738966,24.7504796,"Lehtolantie 15, 11100 Riihimäki, Finland",FI
226,42.251324,71.20977,9.9020573,-74.1244097,"I-80 # 2 a 100, Ariguaní (El Difícil), Magdalena, Colombia",CO
227,-1.3966436,-36.87955,-42.494262,-64.7200487,"Ruta Provincial 2, Chubut, Argentinië",AR
228,42.545593,38.236614,4.5783201,-74.1453593,"Carrera 51 # 1 a 99, Bogota, Cundinamarca, Kolumbia",CO
229,31.217518,13.309301,-25.1122157,23.2747378,"A20, Botswana",BW
230,50.076637,9.558351,43.5021615,16.26126,"Tudorski put 14, 21223, Okrug Gornji, Croatia",HR
231,44.634823,12.166783,23.6974336,88.6020272,"Mujibnagar Road, Purandarpur, Bangladeš",BD
232,48.34952,24.927155,48.6582514,17.5497186,"Baranecká 55, 906 13 Brezová pod Bradlom, Slovakia",SK
233,52.58764,26.687847,55.813906,21.6873066,"Saulėtekio g., Kule 90370, Litwa",NL
234,47.15303,11.499112,42.1357434,24.8005746,"g.k. Trakia 83-А, 4023 Plovdiv, Bulgarie",BG
235,50.896736,27.815247,45.9480518,1.5443014,"Le Masjoubert, 23430 Saint-Martin-Sainte-Catherine, France",FR
236,42.618507,25.930752,46.0138594,4.0083933,"377-661 Chemin des Sources, 42155 Ouches, France",HU
237,25.2986,14.932582,64.7992057,25.4182833,"Raahentie 33, 91900 Liminka, Finland",FI
238,9.390055,-27.758926,-40.9098295,147.6824118,"Gunnston, 2828 Waterhouse Rd, Waterhouse TAS 7262, Australia",BR
239,-43.394566,35.724735,-18.6512538,25.6220214,"A33, Botswana",BW
240,27.260727,4.7292166,38.7462296,-7.8361726,"Unnamed Road, 7040, Portugal",PT
241,50.059704,22.880089,1.4167652,103.9167684,"Punggol Promenade Nature Walk, Singapore",SG
242,46.666195,21.801888,47.1485565,27.6817516,"DJ249A, Iași, Romania",RO
243,59.40662,26.152176,64.1026086,-21.8502764,"Skógarsel, Reykjavik, Iceland",IS
244,49.5214,18.988583,59.1813917,26.9223424,"Lüganuse-Oandu-Tudu, 46623 Lääne-Viru County, Estonia",EE
245,56.844524,13.180286,59.9549171,11.0688158,"Magnus gate 15-17, 2004 Lillestrøm, Norway",NO
246,47.203644,17.755861,11.8035784,104.9731445,"NR6, Cambodia",KH
247,37.43389,40.574863,59.8896675,29.6851561,"Koltsevaya Avtomobilnaya Doroga, Óblast de Leningrado, Rusia",RU
248,33.016228,43.63169,47.2350047,19.9604355,"2740 Abony, 3119, Hungary",HU
249,3.8479347,106.54203,-7.6027504,110.4496317,"Unnamed Road, Cangkringan, Sleman, Daerah Istimewa Yogyakarta 55583, Indonesia",ID
250,19.728565,86.89242,45.7947652,15.9250789,"Zagrebačka Avenue, 10000, Zagreb, Croatia",RU
251,33.02776,61.183777,32.291951,34.9168346,"HaZamir, Tzur Moshe, Israel",IL
252,28.963013,61.659454,27.0106948,90.5594394,"Sarpang - Gelephu - Trongsa Hwy, Bhutan",BT
253,36.04872,-14.999625,64.8870515,-14.4858498,"Þjóðvegur, Iceland",IS
254,44.36033,11.100217,27.5870202,91.4915538,"Mongar - Trashigang - Trashiyangtse Rd, Trashiyangtse, Bhutan",BT
255,50.606174,20.600605,53.4830269,-2.3898788,"M62, Worsley, Manchester, Greater Manchester M30 8JW, UK",BW
256,64.79197,21.24405,64.9698606,20.7945096,"Drängsmark, 934 95 Kåge, Sweden",SE
257,25.645096,69.10048,4.6266467,-74.0619428,"Entrada A La TV2 # 1, Bogota, Cundinamarca, Kolumbia",CO
258,36.82057,-7.9739943,37.5251091,-2.9040097,"GR-8100, 18812 Freila, Grenade, Espagne",ES
259,49.213394,-8.213635,21.0082174,-89.5743053,"Calle 25ᶜ, La Florida, 97138 Merida, Yucatan, Mexico",CZ
260,26.925678,18.819363,44.580291,10.7620528,"Via San Lorenzo, 42013 Casalgrande, Reggio Emilia, Italy",IT
261,42.47063,12.748148,41.4415217,13.275162,"Località Capo D'Acqua, 20, 03021 Amaseno, Frosinone, República Italiana",IT
262,49.839314,11.750987,44.3639747,8.1639477,"SP28bis, 17017 Roccavignale, Savone, Italie",IT
263,45.47872,13.486846,55.9454331,26.5920897,"Mazā Medus iela 28-30, Daugavpils, LV-5413, Latvia",LV
264,18.22556,24.801071,35.1486408,128.8744354,"31 Mieum-ro, Gangseo-gu, Busan, South Korea",KR
265,35.49042,31.81113,-27.9697472,26.8055598,"11813-11814 Fonya Crescent, Welkom 9478, South Africa",ZA
266,45.33569,4.49195,54.930222,-7.7310742,"Ballyboe, Co. Donegal, Ireland",IE
267,53.261047,16.096739,48.3975766,17.3828866,"502008, Štefanová, Slovakia",SK
268,43.17909,13.523632,4.9374125,-73.8369476,"Carrera 12 # 8-1 a 8-99, Guatavita, Cundinamarca, Colombia",CO
269,42.072002,30.219574,-21.1010195,-56.5118953,"MS-178, Mato Grosso do Sul, 79290-000, Brazil",BR
270,15.234845,-18.393536,46.2042855,-100.9836522,"BIA Road 7, Selfridge, Dakota du Nord 58568, États-Unis",US
271,53.930355,24.19149,59.425147,13.4381895,"Tömvägen 5, 653 50 Karlstad, Sweden",SE
272,47.57008,55.434258,26.0045073,-97.7708921,"Carretera Federal 2, Tamaulipas, Mexique",MX
273,43.472942,8.918143,45.5491533,9.8996564,"Via Villasche, 25032 Chiari, Brescia, Italy",IT
274,54.648922,8.810659,56.7667504,24.7625022,"P8, Rembates pagasts, LV-5016, Latvia",LV
275,13.692863,37.774788,-24.2373448,23.264808,"A2, Botswana",BW
276,46.73097,12.531489,41.6161661,-83.4586641,"3715 Curtice Road, Northwood, OH 43619, USA",US
277,55.425022,17.759392,52.3365472,9.711251,"Am Finkenherd 6, 30459 Hanover, Germany",DE
278,37.171814,9.4276905,43.3730489,11.7693861,"Strada Provinciale 73 bis, 52041 Civitella in Val di Chiana, Arezzo, Italy",IT
279,36.965954,39.12834,39.82551,-7.6548354,"R. da Fonte, 6000, Portugal",PT
280,33.666374,0.25548935,-45.2550569,170.2689657,"9750 Kyeburn-Hyde Road, Tiroiti 9397, New Zealand",NZ
281,32.483433,103.11466,25.3144722,55.399128,First Industrial St - Sharjah - Vereinigte Arabische Emirate,AE
282,52.38704,9.153063,56.3500744,8.6246107,"Herningvej 59, 7500 Holstebro, Denmark",DK
283,-3.2769957,129.8393,1.3455278,103.9251938,"61 Tampines Ave 1, Singapore 529776",SG
284,55.528896,23.759491,-26.24367,27.9135342,"5106-5107 Mooki Street, Soweto 1804, South Africa",ZA
285,47.503654,7.738117,53.1632065,-2.122329,"Beat Lane, Macclesfield, Staffordshire SK11 0RU, UK",GB
286,53.845505,29.216446,49.4698987,8.5409321,"E50, 68239 Mannheim, Germany",DE
287,50.764797,75.250534,28.3496995,129.4883873,"Japan, 〒894-0773 Kagoshima-ken, Amami-shi, Naze Ōaza Asato 国道58号線",JP
288,18.18275,15.10055,-23.9132377,26.3784849,"A1, Botswana",BW
289,10.922758,28.001194,-26.114236,32.0003158,"MR3, Swaziland",SZ
290,45.839825,19.510643,-33.5882369,-70.6504207,"Tucapel 1885-1965, La Pintana, Santiago Metropolitan Region, Chile",CL
291,22.39273,58.34041,14.1368236,105.3238917,"Unnamed Road, Cambodia",KH
292,52.344975,16.960285,43.0392243,25.8926079,"4004, 5090 Zlataritsa, Bulgaria",ID
293,30.084476,72.62131,63.620727,8.6703642,"Fylkesveg 381 290, 7250 Melandsjø, Norway",NO
294,-69.95434,190.68102,-34.6762017,139.4254406,"LOT 398 Black Hill Road, Cambrai SA 5353, Australia",AU
295,53.276012,10.027817,55.2542274,26.5654949,"4427, Svylė 30173, Lithuania",LT
296,-28.001125,11.703952,-24.5902154,26.0655905,"Tlokweng, Gaborone, Botswana",BW
297,15.908838,37.07783,46.0492183,18.2074347,"7634 Pécs, Nyugati Ipari Way, Hungary",HU
298,-15.677241,36.09676,32.988114,35.5481092,"Yonatan Shaber, Hatzor HaGlilit, Israel",IL
299,52.848724,18.573406,56.6499261,22.4758257,"Mežrūpniecības iela 3, Mežvidi, Novadnieki parish, LV-3801, Latvia",LV
300,51.277866,16.006779,51.6989965,5.5382819,"Loosbroekseweg 54-56, 5388 VP Nistelrode, The Netherlands",NL
301,51.70889,22.643696,51.1268644,5.0200246,"Lindenstraat 14-30, 2440 Geel, Belgique",BE
302,47.744915,25.449081,64.4601112,11.5450675,"Navarvegen 7-11, 7820 Namsos, Norway",NO
303,47.506474,16.424854,40.978843,16.4391405,"Contrada Modesti, 70037 Ruvo di Puglia, Bari, Italy",IT
304,46.833885,23.353546,48.0003426,37.6122398,"Kostyantynivs'ka street, 3, Donetsk, Donetsk Oblast, Ukraine",UA
305,-7.7777395,-50.14322,-9.5657956,-77.594982,"14A 320, Peru",PE
306,16.457985,16.371517,11.6435537,104.1340883,"Unnamed Road, ឃុំ តាសាល, Cambodia",KH
307,33.631763,57.94866,-26.2262558,31.0380077,"MR3, Ngwenya, Swaziland",SZ
308,44.628654,-28.583912,-33.3219451,-71.4079109,"Avenida Portales, Casablanca, Valparaíso Region, Chile",CL
309,39.39095,9.674059,38.0815465,-7.9633479,"Unnamed Road, 7800, Portugal",PT
310,52.15498,12.810833,40.8165902,8.4758114,"SP81, 07037 Sorso, Sassari, Italie",IT
311,49.937214,20.319038,41.3310618,-7.7003785,"EM1231, 5000, Portugal",KR
312,42.50766,5.5868883,46.3149537,16.8180152,"Brodarska ulica 15, 40328, Donja Dubrava, Croatie",HR
313,44.563744,-18.110432,47.8428289,-111.6285624,"1648-1698 Highway 379, Dutton, MT 59433, USA",US
314,21.936249,96.893486,-6.444858,106.9855046,"Jl. Klp. Manunggal, Klp. Nunggal, Bogor, Jawa Barat 16710, Indonesië",ID
315,-1.7665701,41.438583,-24.1931506,30.4097104,"R36, South Africa",ZA
316,-17.589115,97.899,9.0780556,99.8936111,"4232, Tambon Khanom, Amphoe Khanom, Chang Wat Nakhon Si Thammarat 80210, Thailand",TH
317,44.867115,34.89103,-35.1632869,173.2049971,"920 Kaitaia-Awaroa Road, Ahipara 0481, New Zealand",NZ
318,53.65173,4.80991,52.7132388,-0.7457357,"19 Whissendine Road, Ashwell, Oakham, Rutland LE15 7LT, UK",PE
319,40.601707,-14.061202,-5.4039015,-79.6299523,"2 A 590, Peru",PE
320,47.45953,15.299052,23.5389062,120.3142945,"Taiwan, Chiayi County, 嘉66鄉道",TW
321,3.1362226,103.80117,25.1057739,92.1756915,"Lala Khal Road, Bangladesh",BD
322,46.992573,43.9336,24.9699431,55.1166165,Unnamed Road - Dubai - Các tiểu Vương quốc Ả rập Thống nhất,AE
323,1.4403572,117.07637,1.2962589,103.7735539,"Research Link, Singapore",SG
324,37.22343,8.715592,-34.7567241,-68.0278649,"RN143, Mendoza, Argentina",AR
325,37.743458,30.714111,50.4350189,19.945445,"Sportowa, 32-250, Poland",PL
326,-27.010471,63.162827,-23.2198836,20.2631505,"Unnamed Road, Botswana",EE
327,54.67109,-8.23429,51.6938532,-3.0393905,"37-41 Greys Road, Pontypool, Torfaen NP4, UK",GB
328,51.979862,13.409673,1.3260819,103.6463425,"3 Tuas Ave 8, Singapore",SG
329,50.64982,9.455021,57.2978979,24.9368782,"E264, Straupes pagasts, LV-4152, Latvia",LV
330,47.63238,39.905296,27.080095,89.8738139,"Daga Rd, Daga, Bhutan",BT
331,46.996227,28.506786,25.155773,55.2998538,Muscat St - Dubai - United Arab Emirates,AE
332,48.25089,24.412254,49.1612757,14.7372153,"00352, 391 81 Vlkov, Czech Republic",CZ
333,46.742493,14.158044,56.9246144,21.8360184,"Baznīcas iela, Īvande, Īvande parish, LV-3313, Latvia",LV
334,17.31852,139.43675,-7.7222078,112.753721,"Unnamed Road, Purwosari, Pasuruan, Jawa Timur 67162, Indonésie",ID
335,-4.270665,166.87195,52.8302181,-6.9358341,"Kilkenny Road, Carlow, Ireland",IE
336,36.247677,32.5021,22.2724408,114.2898139,"High Junk Peak Country Trail, Clear Water Bay, Hong Kong",HK
337,27.674969,6.901153,23.950508,-100.9948104,"Cedral - San Tiburcio, San Luis Potosí, Mexique",MX
338,37.169918,28.554451,42.8716608,22.7555348,"813, Vrabcha, Bulgaria",BG
339,53.071163,14.806115,-33.3644845,-70.5785469,"La Cumbre 1326-1398, Vitacura, Santiago Metropolitan Region, Chile",CL
340,44.536694,28.093853,44.9461746,7.3276588,"Via Coassoli, 86, 10060 Cantalupa Turin, Italy",IT
341,41.874935,21.464367,45.8318738,13.8446885,"5295 Šmarje, Slovenia",SI
342,49.77451,14.238246,45.2365188,15.3760312,"D23, 47264, Kamenica Skradnička, Croatia",BW
343,5.7764854,24.527973,-26.4901085,27.0369582,"R53, South Africa",ZA
344,26.495174,38.30861,-12.2669733,-76.8786056,"Antigua Panamericana Sur, Lima, Peru",PE
345,45.263393,45.502,1.4167652,103.9167684,"Punggol Promenade Nature Walk, Singapore",SG
346,47.510036,33.51554,48.9909342,14.6170272,"1468, 373 72 Hvozdec, Czech Republic",CZ
347,40.314114,50.434937,31.9961764,131.3136169,"Japan, 〒880-1101 Miyazaki-ken, Higashimorokata-gun, Kunitomi-chō, Honjō 県道356号線",JP
348,49.705387,6.304378,37.6454654,22.8457736,"Epar.Od. Argous - Arachneou, Nafplio 210 55, Greece",GR
349,25.826107,-66.078636,-16.4922462,-71.8393696,"Panamericana Sur, El Cruce, Peru",PE
350,55.342533,27.681263,46.1648147,14.5175376,"Selo pri Vodicah 1, 1217 Vodice, Slovenia",SI
351,-15.165088,107.526024,-36.567715,144.3727006,"1545 Bendigo-Tennyson Road, Kamarooka VIC 3570, Australia",AU
352,35.569748,23.881393,8.8545989,-75.2790003,"Calle 12, La Union, Sucre, Kolumbia",CO
353,60.460426,19.293034,-44.7279311,171.0171819,"233 Mill Road, Waimate 7978, New Zealand",NZ
354,53.33598,12.815462,52.0997667,-2.9330603,"A438, Hereford, Herefordshire HR4, UK",UA
355,32.827576,115.34462,25.0596112,121.6635397,"No. 247, Xiùfēng Road, Xizhi, Nowe Tajpej, Tajwan 221",TW
356,47.674095,16.83628,43.5093055,23.0468837,"1, 3482 Vinište, Bulgaria",BG
357,42.42229,18.4707,41.09244,23.923704,"Unnamed Road, Perichora 620 45, Greece",KR
358,49.939663,13.777322,45.6249265,16.737188,"Podgarić, 43233, Šimljanik, Croatia",HR
359,16.66871,79.87418,25.2005107,55.5191446,Amardhi St - Dubai - United Arab Emirates,AE
360,52.292217,-1.0894327,56.0802285,8.9836304,"Skærbækvej 28, 7400 Herning, Denmark",DK
361,54.33673,19.339745,60.9037905,10.0780328,"Lillehammervegen 798-804, 2881, Norway",NO
362,32.12162,48.761288,13.9797971,107.0757142,"Unnamed Road, Cambodia",KH
363,38.254078,38.134274,11.2448209,104.5255129,"Unnamed Road, Cambodia",KH
364,51.88676,18.784298,-29.7448497,24.752799,"R48, Luckhof 9982, Afrique du Sud",ZA
365,43.09145,38.201942,10.3895276,-73.0290336,"Calle 2F # 7-1 a 7-99, Manaure Balcón Del César, Cesar, Colombia",CO
366,49.35042,20.964474,45.0460698,23.9163494,"DJ676D, Pojogi-Cerna, Romania",RO
367,56.282795,7.6253567,52.5621064,-9.2041369,"Unnamed Road, Co. Limerick, Irland",IE
368,42.125427,17.953526,68.7355069,16.9478885,"Riksveg 848 80, 9450 Hamnvik, Norway",BW
369,37.343792,39.588905,55.4946168,10.1528454,"Brolundvej 20, 5471 Sonderso, Denmark",DK
370,44.25242,40.545364,11.8310041,105.672031,"Unnamed Road, Cambodia",KH
371,33.3935,-14.142316,32.7128813,35.4823485,"767, Yavne'el, Israel",IL
372,50.17878,11.37469,50.7877375,4.2016048,"Molenborrestraat 26-32, 1600 Sint-Pieters-Leeuw, Belçika",BE
373,50.87852,11.717284,52.4069233,9.6603344,"Hogrefestraße 8, 30419 Hanower, Niemcy",SG
374,42.496677,56.996666,22.3716742,113.9538329,"Lung Mun Rd, Tuen Mun, Hongkong",HK
375,33.92388,110.950325,35.1123983,128.8704513,"779-1 Noksan-dong, Gangseo-gu, Busan, South Korea",KR
376,44.028423,14.710853,32.1865223,34.8581978,"HaShahar 23-33, Ra'anana, Israel",IL
377,3.7222042,98.06647,40.8637588,25.6226367,"EO2, Alexandroupoli 681 00, Grecia",GR
378,33.48543,-3.6864085,46.2269978,14.7355441,"Gradišče v Tuhinju 1b, 1219 Laze v Tuhinju, Słowenia",SI
379,28.350674,59.039528,11.2487611,-73.8295799,"I-90 # 76, Santa Marta (Distrito Turístico Cultural E Histórico), Magdalena, Kolumbia",CO
380,31.047203,52.917892,-11.7326019,-49.0998733,"Rua Antônio de Almeida Veras, 1065-1277 - Alto da Boa Vista, Tocantins, 77425-340, Brésil",BR
381,37.22086,152.15532,37.6679052,127.0461946,"726-46 Banghak 1(il)-dong, Dobong-gu, Seoul, South Korea",KR
382,38.26875,9.231051,23.9366838,121.5549483,"Chéngzhōng 2nd Street, Jian Township, Hualien County, Taiwan 973",TW
383,42.11875,32.739727,23.309822,89.8585176,"Dhaka - Khulna Hwy, Muksudpur, Bangladesh",BD
384,27.383045,23.525764,-24.6880021,25.8793608,"Bishops, Gaborone, Botswana",BW
385,48.420837,4.9356995,67.4177284,-133.9619157,"Dempster Highway, Tsiigehtchic, NT X0E, Canada",CA
386,46.211586,17.386955,-26.8551591,-52.9880616,"Avenida Mato Grosso, 588-696, Santa Catarina, 89870-000, Brazil",BR
387,20.327316,12.99942,42.22018,-5.7502883,"LE-412, 32, 24791 Roperuelos del Páramo, León, Spain",ES
388,44.05829,58.04377,2.594585,-75.4209034,"RT45 # 1, Hobo, Huila, Colombia",CO
389,53.766346,24.083569,48.6665479,21.9920491,"555, 072 13 Palín, Slovakia",SK
390,51.785877,14.958068,53.9281992,-8.6077558,"Unnamed Road, Co. Roscommon, Ireland",IE
391,46.03064,36.27561,54.3673122,23.7857583,"1108, Kumečiai 64262, Lithuania",LT
392,39.394196,13.518611,39.1373138,-9.3814955,"R. Dr. João de Barros 1, 2560-487 Silveira, ポルトガル",PT
393,-30.642006,30.5309,-23.1156051,27.1243018,"Mahalapye, Botswana",BW
394,52.578197,2.8700848,50.9158229,3.3480016,"Sparrestraat 4-6, 8710 Wielsbeke, Belgium",BE
395,53.22196,17.297094,53.4561756,-6.1861153,"2-34 Seabury Wood, Malahide, Co. Dublin, Ireland",IE
396,52.112194,10.864136,55.7099931,9.4677096,"Vardevej 359, 7100 Vejle County, Denmark",DK
397,41.158634,44.225204,42.6196325,-6.4641911,"Plaza Indust.Pibas, 5, Parque Industrial del Bierzo Alto, 24318 Bembibre, León, Spain",ES
398,33.959167,96.35381,47.393485,8.5004486,"Bernerstrasse, 8048 Zurich, Switzerland",CH
399,63.130516,26.288067,58.5720516,15.2950079,"34, 590 31 Borensberg, Sweden",SE
400,20.72676,91.35917,-7.0002441,112.5890591,"Jl. Pelita III No.40, Sidayu, Gresik, Jawa Timur 61153, Indonesia",ID
401,57.294445,11.133017,50.4495641,4.6493063,"Rue Trieu des Dames 11-17, 5190 Jemeppe-sur-Sambre, Belgium",BE
402,44.446438,53.812313,55.6712727,12.5615747,"Helgolandsgade 19-21, 1650 Copenhagen, Denmark",DK
403,27.784908,-3.9719925,-4.4852264,-80.4000719,"1NN, El Alamor, Perú",PE
404,37.75041,9.905811,55.3389926,25.9212592,"111, 30210, Lithuania",LT
405,47.528934,10.485098,42.5681766,1.6785764,"CG-2, AD100 Canillo, Andorra",AD
406,18.231724,18.11658,-17.8563162,25.227868,"A33, Botswana",KH
407,47.35202,19.553547,51.4636735,-9.7859392,"Unnamed Road, Co. Cork, Ireland",IE
408,30.90474,-27.100067,63.7369886,-68.4938844,"2444 Paurngaq, Iqaluit, NU X0A, Canada",CA
409,52.391552,33.424282,43.6847226,26.4070887,"2003, 7038 Senovo, Bulgaria",BG
410,51.91054,17.223917,52.3452097,-9.3628419,"Unnamed Road, Co. Kerry, Ireland",IE
411,47.676952,15.53626,57.2555038,9.9275776,"Sdr Omfartsvej 166, 9700 Bronderslev, Denmark",DK
412,17.650919,-10.185478,41.2728351,-6.5538654,"R. da Forja, 5200, Portugal",PT
413,40.623013,27.914005,54.1004769,-112.652162,"Alberta 28, Warspite, AB T0A 3N0, Canada",CA
414,22.277737,64.99316,26.9407937,91.557731,"Unnamed Road, Bhutan",BT
415,-18.250359,-74.90758,-46.2401626,-71.4939188,"RP45, Santa Cruz, Argentina",SI
416,48.242527,8.266926,42.5080778,1.5230042,"Carrer les Canals, 6, AD500 Andorra la Vella, Andora",AD
417,49.04975,28.404907,45.6191258,9.2025725,"Via Francesco Baracca, 37, 20832 Desio Monza et de la Brianza, Italie",IT
418,41.746784,35.535103,47.5010752,39.9701876,"avtodoroga Don, Oblast de Rostov, Russie",RU
419,52.23038,-0.6417737,52.6681805,-0.5900387,"46 Willoughby Drive, Empingham, Rutland LE15, Royaume-Uni",GB
420,56.021732,18.75813,65.6935461,25.9019608,"Oijärventie 3688-3706, 95160 Ii, Finland",FI
421,53.86787,2.487464,53.8398645,-6.5889167,"R165, Co. Louth, Ireland",IE
422,35.711323,6.4355845,32.4328681,-115.2702111,"Baja California 2, Ejido Guanajuato, Baja California, Mexico",HK
423,41.991573,6.925,49.1669076,20.9820085,"Moyzesova, 082 71 Lipany, Slovakia",SK
424,41.120495,4.553684,51.7652063,-104.1085607,"SK-16, Wynyard, SK S0A 4T0, Канада",CA
425,21.848728,51.886433,2.2618071,103.6023409,"Jalan Mersing, Kampung Temigol, 86000 Kluang, Johor, Malaysia",MY
426,39.71861,33.017735,44.1046775,15.2792612,"Ulica Grgura Barskog Zadranina 17, 23000, Zadar, Croatia",HR
427,46.265194,12.212611,36.6658166,24.8576026,"Unnamed Road, Folegandros 840 11, Grekland",GR
428,22.199291,69.59336,22.4512394,114.1697798,"Tai Po Tai Wo Rd, Tai Po, Χονγκ Κονγκ",HK
429,51.10633,16.295841,45.2768974,25.5014955,"DN71, Romania",RO
430,36.703426,7.999778,41.5070844,-5.1049646,"N-122, 401, 47114 Torrecilla de la Abadesa, Valladolid, Spain",ES
431,36.01413,23.62944,41.8369898,2.4682703,"GI-543, 29, 17401 Arbúcies, Girona, Spain",ES
432,22.670456,142.40643,1.2980055,103.8855409,"30 Meyer Rd, Singapūras 437861",SG
433,62.927166,14.825549,51.8019821,-1.8949661,"A429, Cheltenham, Gloucestershire GL54 3JS, UK",GB
434,39.180126,33.488365,2.8721658,101.844577,"6, Jalan Enam Kaki, Kampung Kuala Pajam, Beranang, Selangor, Malaysia",MY
435,52.090862,21.88084,53.810477,-9.4956793,"Unnamed Road, Co. Mayo, Ireland",IE
436,-22.883488,-26.351616,-42.711734,-66.1613618,"RP4, Chubut, Argentina",AR
437,50.382874,15.825019,61.4970014,23.7189194,"Pyynikintie 64, 33240 Tampere, Finland",FI
438,42.99577,9.9918375,47.947141,21.7862051,"4551 Nyíregyháza, Derüs Street 15-17, Hungary",HU
439,42.09023,10.457139,43.8318722,0.0054974,"D109, 32370 Bourrouillan, France",FR
440,51.444904,15.949558,46.3175448,15.0156884,"Podgorje pri Letušu 5, 3327 Šmartno ob Paki, Słowenia",SI
441,43.037895,12.454242,43.3586699,3.2534768,"D612, 34500 Béziers, France",FR
442,32.4268,27.075085,41.702202,-6.1439601,"Calle Barceo Domez de Alba, Samir de los Caños, Zamora, España",ES
443,25.525368,58.542526,1.2962589,103.7735539,"Research Link, Singapore",SG
444,-17.605598,17.203983,-20.1895258,25.2798813,"A3, Botswana",BW
445,54.99123,29.17957,52.3630382,9.7375963,"Arthur-Menge-Ufer 1, 30169 Hanovre, Allemagne",DE
446,60.44903,18.63218,47.5049964,26.5196044,"DJ208C, Liteni, Romania",RO
447,50.78609,13.04237,46.1648147,14.5175376,"Selo pri Vodicah 1, 1217 Vodice, Slovenia",SI
448,51.41746,12.122361,23.4330232,120.5269451,"No. 585-1, Zhōngzhèng Road, Zhongpu Township, Chiayi County, Taiwan 606",TW
449,44.72533,29.942375,41.7703948,-8.7790126,"N302, 4925, Portugal",PT
450,43.875126,14.387529,55.1029968,21.8678096,"4230, 99295, Lithuania",LT
451,3.2103148,-68.02739,-25.8965665,-70.4768286,"Panamericana Norte, Taltal, Antofagasta Region, Chile",CL
452,56.163048,19.839077,22.4430822,114.0720994,"Kong Tai Rd, Kam Tin, Hong Kong",HK
453,37.50387,39.62521,23.2774863,91.3009311,"Dhaka - Chittagong Hwy, Bangladesh",BD
454,52.165726,12.779626,56.0004882,22.6008667,"E272, Pabalvė 88200, Lituanie",LT
455,44.15338,19.674316,47.1213938,17.156821,"9545 Jánosháza, Széchenyi Street 25-27, Hungary",HU
456,29.943909,18.792492,-8.3772935,-78.6601773,"Unnamed Road, Peru",PE
457,27.73397,39.90462,25.407771,55.5086372,Sheikh Ammar Bin Humaid St - Ajmān - United Arab Emirates,AE
458,53.039562,20.742905,46.390372,14.6248598,"Logarska Dolina 14, 3335 Solčava, Slovenia",SI
459,-14.645225,-74.07618,-30.806412,-71.4040728,"D-649, Ovalle, Coquimbo Region, Chile",CL
460,49.551006,18.97499,49.2854577,19.8450317,"Droga Wojewódzka 958, Poland",PL
461,32.43364,19.691093,-15.7905494,-47.9703286,"Scia Q 14 Conjunto 10 12, 8 - Brasília National Park, Brasilia - Federal District, Brazil",BR
462,47.69266,39.528,54.4162079,16.5525099,"Droga Wojewódzka 205, Poland",PL
463,36.500206,21.613804,36.2265067,23.0829215,"μονοπ. Φάρου Αβλέμονα, Avlémonas 802 00, Greece",GR
464,38.191948,81.98254,22.7034549,89.6969161,"Bagerhat - Khulna Hwy, Bangladesh",BD
465,5.183505,-26.083168,49.963512,-108.9399442,"Unnamed Road, Piapot, Saskatchewan S0N 1Y0, Kanada",CA
466,53.16982,19.506718,54.6722507,25.1621137,"Dubliškių gatvė, Vilnius 02300, Lithuania",LT
467,45.929962,44.3381,23.874098,90.9853479,"Unnamed Road, Бангладеш",BD
468,4.285139,144.14247,38.6758949,-27.3289406,"Canada do Pilar 105, 9700, Portogallo",PT
469,-3.1724796,138.26888,-37.0065472,142.8642055,"Navarre Road, Concongella VIC 3381, Australia",AU
470,45.963524,10.88228,45.6180684,25.6686543,"Centura Săcele, Săcele, Romania",RO
471,47.93964,14.598473,45.5039172,15.5265387,"Ulica Mirka Seljana 43, 47000, Károlyváros, Horvátország",GB
472,45.486164,23.881268,59.6772136,10.9560448,"Fylkesveg 205 30, 1825 Tomter, Norway",NO
473,31.962471,20.350483,11.0185206,103.7871266,"National Hwy 4, Камбоджа",KH
474,50.134872,7.574374,56.9564789,23.6736205,"Dzelzceļa iela 36, Jūrmala, LV-2008, Latvia",LV
475,22.10698,101.36417,27.0100824,90.5583611,"Sarpang - Gelephu - Trongsa Hwy, Bhutan",BT
476,43.388,47.111084,5.2940783,101.9852278,"D29, 18200 Dabong, Kelantan, Malaysia",MY
477,46.036083,25.19804,46.1799074,14.3307297,"Virmaše 123, 4220 Škofja Loka, Slovenia",SI
478,53.323246,10.343331,42.5421928,1.5916884,"CG-2, AD200 Encamp, Andorra",AD
479,42.48287,11.161069,19.4890289,-100.9212673,"Michoacán 49, Michoacán, Mexico",MX
480,12.803394,41.202415,-23.1015578,30.3974041,"R524, 0985, South Africa",ZA
481,50.277348,15.292409,48.7479153,19.1363754,"E77, 974 01 Banská Bystrica, Slovaquie",SK
482,-10.321506,36.197273,-26.7521696,31.8888286,"MR8, Swaziland",SZ
483,35.69151,54.90422,45.0557497,39.1152164,"1-y Stanovoy proyezd, 4-6, Znamenskiy, Krasnodar Krai, Russia, 350000",RU
484,-4.4084663,25.735561,-27.2497673,31.433823,"MR11, Swaziland",SZ
485,49.682095,8.684566,52.0778564,16.6215398,"Juliana Niemcewicza 11, 64-000 Koscian, Poland",PL
486,49.861835,25.158665,58.007536,56.2473741,"ulitsa Pushkina, 25, Perm, Perm Krai, Russia, 614068",RU
487,52.188072,17.896248,55.8607192,9.8707385,"Strandpromenaden 27, 8700 Horsens, Denmark",DK
488,58.61417,23.060196,56.4354412,26.7918852,"P58, Stabulnieku pagasts, LV-5333, Latvia",NO
489,49.044907,12.928052,39.4687228,-3.2290645,"CM-3012, 7, Alcázar de San Juan, Ciudad Real, Spain",ES
490,47.05299,9.918118,52.1107378,-7.6774223,"R672, Co. Waterford, Ireland",IE
491,29.436726,62.94132,26.4856465,90.5526287,"Dhaka - Barisal Hwy, Bangladesh",BD
492,56.8104,17.619808,1.2889851,103.7703323,"33 Harbour Dr, Singapore 117606",SG
493,16.025524,-4.036848,-28.7221862,24.3565061,"N8, South Africa",ZA
494,38.32333,121.3845,35.188082,128.9824182,"53 Nakdong-daero 1446(cheonsabaek, Sasang-gu, Busan, South Korea",KR
495,43.798473,13.680333,23.4378161,120.3735501,"608, Taiwan, Chiayi County, Shuishang Township, 嘉40-1鄉道",TW
496,46.149387,15.113075,58.9706318,9.1685919,"Fylkesveg 256 540, 3760 Neslandsvatn, Norway",NO
497,55.65347,14.589004,58.0629122,25.0208749,"Mõisaküla-Jäärja, 86205 Pärnu County, Estonia",EE
498,65.30984,20.901085,65.8527098,20.3970404,"ÖHN 5, 942 95 Vidsel, Швеция",SE
499,44.885677,20.826279,24.151074,120.5986021,"Jīngkē North Road, Nantun District, Taichung City, Taiwan 408",TW
500,38.635754,27.503109,46.5265046,6.5698032,"Route de la Plaine 5, 1022 Chavannes-près-Renens, Switzerland",CH
501,40.892803,11.371296,27.3106661,91.0641247,"Bumthang - Ura Hwy, Bhutan",BT
502,52.72645,2.529089,46.4638853,13.9432373,"Dovje, 4281 Mojstrana, Słowenia",SI
503,69.45116,9.826979,70.0016971,29.2121019,"E6 110, 9840 Varangerbotn, Norway",IS
504,52.9957,5.7077017,48.6368456,22.1607806,"552032, 072 53 Bežovce, Slovakia",SK
505,40.7887,10.201191,43.3468093,23.1062576,"815, 3527 Bistrilitsa, Bulgaria",BG
506,38.850746,23.874546,-34.9055796,117.7932139,"Hazzard Road, Green Valley WA 6330, Australia",AU
507,41.5284,31.411701,42.0880791,-7.7783654,"Rúa Principal, 43, 32693 Vilariño das Poldras, Ourense, Espanja",ES
508,41.755985,84.124306,35.0806828,128.8739751,"311-11 Sinho-dong, Gangseo-gu, Busan, South Korea",KR
509,48.087383,19.952831,42.062753,24.5535368,"8602, 4225 Perushtitsa, Βουλγαρία",BG
510,51.66792,21.163357,46.6101435,15.238725,"Spodnja Vižinga 39, 2360 Radlje ob Dravi, Słowenia",SI
511,-6.5678434,103.39492,25.1057739,92.1756915,"Lala Khal Road, Bangladesh",BD
512,42.080807,11.68876,47.4680562,-0.7134867,"11 Rue Saint-Exupéry, 49170 Saint-Léger-des-Bois, France",FR
513,51.489185,19.03564,50.0040019,16.7493491,"Červená Voda 3, 561 69 Červená Voda, Czech Republic",CZ
514,35.696087,22.1745,47.1485565,27.6817516,"DJ249A, Iași, Romania",RO
515,50.87338,17.632107,52.2141056,21.0329041,"Agrykola 1, Varsovia, Polonia",PL
516,39.5299,18.268623,42.5381722,1.4918619,"Ctra. de la Caubella, AD400 La Massana, Andorra",AD
517,34.809338,28.536812,22.4422477,114.0705052,"Chi Ho Rd, Kam Tin, Hong Kong",HK
518,33.844383,54.83001,23.0990817,89.7601313,"Dhaka - Khulna Hwy, Bangladesh",BD
519,29.523853,95.85639,46.9586367,20.2293298,"5430 Tiszaföldvár, Kurázsi Fő Way 32, Hungary",HU
520,56.832127,25.25866,58.0890227,27.4640547,"Räpina-Kahkva, Sillapää, 64420 Põlva County, Estonia",EE
521,-27.92352,22.50681,-23.7752106,24.7683412,"Kweneng West, Botswana",BW
522,50.661987,13.057387,41.8596,13.9200688,"Strada Statale 479, 67038 Scanno, L'Aquila, Italy",IT
523,51.809193,12.5936575,53.718721,10.0849129,"Segeberger Chaussee, 22397 Hamburg, Tyskland",DE
524,39.32462,72.54222,50.8810774,4.6908401,"Brusselsestraat 204, 3000 Leuven, Belgium",BE
525,28.720867,38.845795,-25.0935137,-50.1899816,"Rua Visconde de Macaé, 295-381 - Nova Rússia, Ponta Grossa - Parana, 84053-190, Brazil",BR
526,53.00302,21.693192,53.4224466,19.5431051,"Droga Wojewódzka 538, Pologne",PL
527,52.595184,8.071989,32.0735909,34.8206606,"Hurgin 7-25, Ramat Gan, Israel",IL
528,41.09853,40.584442,-21.1010195,-56.5118953,"MS-178, Mato Grosso do Sul, 79290-000, Brazil",BR
529,38.02603,35.504482,-19.9816151,23.4511249,"Koro, Maun, Botswana",BW
530,49.01005,10.33301,62.066357,5.5715553,"Riksveg 61 50, 6144 Sylte, Norvège",NO
531,46.84889,30.674656,63.7164527,11.2538142,"Fylkesveg 122, 7600 Levanger, Norge",NO
532,16.670467,70.299774,22.4738949,89.5979362,"Khulna - Mongla Hwy, Mongla, Bangladesh",BD
533,48.732822,9.692346,52.100526,-4.6140481,"A487, Cardigan, Ceredigion SA43 1RG, UK",GB
534,37.352875,78.83662,35.1563226,128.9919381,"38-4 Jugam-ro, Sasang-gu, Busan, South Korea",KR
535,8.33699,66.14968,-18.983229,140.4358429,"Burke Developmental Road, Stokes QLD 4823, Australia",AU
536,48.387817,38.35737,44.7791533,-0.6094729,"77-81 Cours du Général de Gaulle, 33170 Gradignan, France",FR
537,46.566643,40.987022,37.0369783,-79.9056519,"Jamestown Road, Rocky Mount, VA 24151, USA",US
538,52.164536,39.14982,52.3824677,5.2173479,"Markerdreef, Markerkant, 1316 Almere, Nederländerna",NL
539,45.44618,11.790799,40.1309432,20.9691264,"Epar.Od. Samarinas - Fourkas, Grevena 510 32, Grækenland",GR
540,18.767132,75.833145,-19.5714916,-44.0583355,"Rua Santa Juliana, 683 - Bom Jesus, Matozinhos - Minas Gerais, 35720-000, Brazil",BR
541,27.293419,48.28414,1.7583022,110.3192568,"1101, 93050 Kuching, Sarawak, Malaysia",MY
542,55.681545,39.693283,50.0288734,36.3039915,"Zhulyardi Descent, Kharkiv, Kharkiv Oblast, Ukraine",UA
543,49.105976,5.3710613,49.7980512,14.8664107,"113, 257 26 Divišov, Czech Republic",US
544,56.523365,20.230148,35.1493083,128.8705909,"34-15 Mieum-dong, Gangseo-gu, Busan, South Korea",KR
545,41.382126,41.119602,52.4044233,9.8046393,"Meersmannufer 11, 30655 Hanover, Germany",DE
546,47.26383,19.36137,56.7281893,37.6018089,"Р112, Moskovskaya oblast, Russie",RU
547,63.49618,15.209531,59.3060987,9.1164907,"Vrangfossvegen 868, 3825 Lunde, Norway",NO
548,45.506027,9.89031,54.591129,25.3522521,"Mechanizatorių gatvė, Rudamina 13246, Litauen",LT
549,58.1054,31.607342,59.3549549,13.7876572,"ARNÖN 210, 660 57 Väse, Sweden",KH
550,47.885193,24.722862,45.7161573,11.4648062,"Via Santa Rosa, 36010 Zané Vicenza, Italy",IT
551,45.033474,11.813435,36.7942211,21.840297,"Epar.Od. Koronis-Kamarias, Pilos Nestor 240 04, Greece",GR
552,49.29877,4.7178397,43.2209618,13.3119029,"Strada Provinciale 53, 62029 Tolentino, Macerata, Italië",IT
553,48.87265,19.667576,2.9018825,101.8678174,"Jalan Semenyih, 43000 Beranang, Selangor, Malaysia",MY
554,36.876366,9.337294,38.7404707,22.619195,"Epar.Od. Thivas - Thermopilon, Molos Agios Konstantinos 350 09, Grekland",GR
555,38.433025,5.550394,42.4929584,1.4994714,"CG-1, AD500 Andorra la Vella, Andorra",AD
556,48.519436,2.907922,51.6583473,-9.3520954,"Unnamed Road, Co. Cork, Ireland",IE
557,41.345295,15.381541,50.3167032,14.7193757,"27220, 294 78 Dolní Slivno, Czech Republic",CZ
558,28.038551,101.08262,27.88351,128.9330603,"1610 Tete, Tokunoshima-chō, Ōshima-gun, Kagoshima-ken 891-7421, Japan",JP
559,45.16518,48.402416,42.9747781,25.3312194,"4041, 5374 Yantra, Bulgaria",BG
560,32.09474,18.743908,-5.0026364,-81.0678328,"Unnamed Road, Colán, Peru",PE
561,55.22582,14.685585,61.202647,6.5254476,"Sognefjordvegen 21, 6899 Balestrand, Norway",NO
562,43.51304,28.289143,-26.5994848,31.1517241,"MR4, Swaziland",SZ
563,46.903534,22.290623,-2.8902352,-58.9841424,"AM-010, Itacoatiara - AM, 69100-000, Brasilien",HU
564,16.699831,12.259696,-25.7808011,25.1543644,"B101 Road, South Africa",ZA
565,44.078686,33.55432,35.0806828,128.8739751,"311-11 Sinho-dong, Gangseo-gu, Busan, South Korea",KR
566,51.628555,18.822342,54.817936,23.116096,"1912, Degutinė 71297, Lituanie",LT
567,41.256496,62.592957,-12.0622821,-77.0952454,"Avenida Venezuela, San Miguel District 15088, Peru",PE
568,31.097748,57.472733,52.5523972,13.1955134,"Askanierring 57, 13585 Berlin, Germany",DE
569,-54.67708,-4.444434,-19.9769498,26.1607635,"A33, Botswana",LT
570,37.966682,53.994896,5.1258552,-74.9003299,"43 - Palo Cabildo, Armero-Guayabal, Tolima, Colombia",CO
571,49.169685,31.03556,55.5868775,9.2109997,"Margretenborgvej 17, 6600 Vejen, Denmark",DK
572,41.133823,42.275772,-3.7498162,-38.5287303,"Avenida Treze de Maio, 447-591 - Fatima, Fortaleza - Ceará, 60040-530, Brazil",BR
573,32.236763,57.386696,56.4903789,-3.096128,"13 Kirk Road, Dundee, Angus DD2, UK",GB
574,66.11996,9.2763,66.6501518,19.8669336,"818, 962 99 Jokkmokk, Sweden",SE
575,49.55087,16.63131,59.9187773,10.5931882,"Bærumsveien 194, 1357 Bekkestua, Norway",NO
576,42.559566,12.227807,52.1398234,5.3573952,"Utrechtseweg 291, 3818 EH Amersfoort, The Netherlands",NL
577,34.637043,43.341652,53.8825725,22.6956887,"Droga Wojewódzka 661, Poland",PL
578,36.563133,33.1851,12.283623,102.9732249,"Unnamed Road, Kambodja",KH
579,47.00562,27.371922,49.4067206,22.1567012,"892, Polska",PL
580,42.78906,12.230619,15.1119659,103.4911581,"Unnamed Road, Tambon Ka Ko, Amphoe Mueang Surin, Chang Wat Surin 32000, Thailand",TH
581,-4.4809465,38.099,-26.8954723,31.6766118,"MR14, Sithobela, Swaziland",SZ
582,45.21189,13.065422,54.7644682,37.9965604,"Р115, Bogoslovskoye, Tula Oblast, Russia",RU
583,32.84676,9.485561,42.4045835,23.8699484,"803, 2050 Ihtiman, Bulgaria",BG
584,48.365147,38.782604,27.3143143,91.3384094,"Mongar - Trashigang - Trashiyangtse Rd, Yadi, Bhutan",BT
585,50.372448,4.814073,46.418209,15.8695808,"Jadranska ulica 15, 2250 Ptuj, Słowenia",SI
586,-24.71558,58.22509,24.9883384,55.0212371,D53 - Dubai - United Arab Emirates,AE
587,16.18729,126.02439,-12.9536192,-38.4589731,"Rua Silveira Martins, 2387-2401 - Engomadeira, Salwador - Bahia, Brazylia",BR
588,55.886303,20.207783,57.79059,26.5079836,"Antsla-Haabsaare, 66422 Võru County, Estonia",EE
589,43.13652,15.89935,42.4566487,1.4787141,"Ctra. de Fontaneda, AD600 Sant Julià de Lòria, Andorra",AD
590,47.311497,19.618324,56.4554691,27.5229237,"Rēzeknes iela 2, Stoļerova, Stoļerovas pagasts, LV-4642, Latvia",LV
591,57.886925,25.405132,57.1516024,25.7002967,"P30, Taurene parish, LV-4119, Latvia",LV
592,38.010334,15.121612,11.016457,-74.8444981,"Carrera 51B # 1 a 99, Puerto Colombia, Atlántico, Kolumbia",CO
593,34.207493,89.52302,-6.050922,107.4076704,"Jl. Cemara Jaya, Pedes, Karawang, Jawa Barat 41353, Indonesia",ID
594,-12.046248,10.6433325,-20.4723592,24.4991213,"Xhumaga, Botswana",BW
595,-3.3079882,-54.79176,37.9646643,24.7506179,"Unnamed Road, Andros 845 01, Greece",GR
596,41.485107,19.281826,25.1265689,55.208014,757 Sheikh Zayed Rd - Dubai - United Arab Emirates,AE
597,65.55093,22.990547,48.6736669,-54.0967318,"NL-1, Glovertown, NL A0G 2L0, Canada",CA
598,60.877033,15.019155,51.3326356,3.2969982,"Kragendijk 124-134, 8300 Knokke-Heist, Belgium",BE
599,10.978034,2.21634,-26.9159344,31.3383031,"MR9, Nhlangano, Swaziland",SZ
600,50.04763,22.76989,45.5430242,20.8507707,"DN59B, Roemenië",RO
601,42.84448,34.47519,54.988374,-7.9134663,"Unnamed Road, Co. Donegal, Ireland",IE
602,44.877014,23.84177,46.6532712,27.6740119,"DJ207E, Brodoc, Romania",RO
603,46.39146,20.916615,37.2518946,140.3015342,"Chigire-65-46 Hodowara, Sukagawa-shi, Fukushima-ken 962-0045, Japan",JP
604,5.6826525,105.6677,23.5436787,89.5335446,"Mawa - Bhanga Hwy, Bangladesh",BD
605,52.453167,23.42049,6.5978062,-73.1587887,"Barichara, San Gil, Santander Department, Colombia",CO
606,49.611057,33.315254,40.6175328,23.7752242,"Epar.Od. Stavrou-Neas Chalkidikis, Aristotelis 630 74, Greece",GR
607,41.790363,16.88916,43.4425742,-8.1363108,"Carretera Fonfría, 15611 Cabanas, A Coruña, Spain",ES
608,61.16688,20.826973,-19.5904326,-40.1939023,"BR-101, Espirito Santo, Brazil",BR
609,41.599957,3.4846594,-33.9423116,24.3094964,"R62, Kareedouw 6400, South Africa",ZA
610,39.39034,62.417263,22.4333652,89.043889,"Satkhira - Kalaroa Rd, Bangladesh",BD
611,45.67952,26.184113,-32.7448998,-71.4741487,"F-30-E, Puchuncaví, Valparaíso Region, Chile",CL
612,42.450485,26.305355,53.3384022,-8.9494577,"N17, Co. Galway, Ireland",IE
613,46.881954,11.978717,53.0353793,-1.2872484,"B600, Nottingham, Nottinghamshire NG16 3QX, UK",GB
614,45.68497,16.249939,-30.1526535,-51.2048711,"Avenida do Altos do Santa Rita, 509-589 - Hipica, Porto Alegre - Rio Grande do Sul, 91755-016, Brazylia",BR
615,44.74644,46.73807,51.8997232,5.7760665,"Valburgsestraat 22, 6677 PC Slijk-Ewijk, The Netherlands",NL
616,18.498608,68.00479,-36.7618528,145.575812,"48-50 Mansfield Road, Euroa VIC 3666, Australia",AU
617,59.326405,19.124897,57.3121937,25.6482569,"E77, Rauna parish, LV-4131, Lettonie",KH
618,54.86471,15.64317,56.4699519,23.3850821,"P95, Tērvetes pagasts, LV-3730, Latvia",LV
619,21.759094,102.78603,22.2885634,113.9417325,"33 Tat Tung Rd, Tung Chung, Hong Kong",HK
620,46.23616,35.7382,51.5750068,-9.3710405,"Unnamed Road, Co. Cork, Ireland",IE
621,53.507267,16.988474,46.0884873,3.443733,"27 Rue de la Gare, 03270 Hauterive, Francja",AE
622,47.369743,14.749535,5.7036859,100.9167833,"Unnamed Road, 09100 Baling, Kedah, Malaysia",MY
623,54.91844,31.514927,55.8743369,26.5275568,"Stacijas iela 42, Daugavpils, LV-5401, Latvia",LV
624,46.396748,47.50367,43.9374584,-79.1024568,"3602-4000 Sideline 16, Pickering, Ontario L1Y 1A2, Kanada",CA
625,22.827972,66.65994,4.2597766,-74.5992037,"I-40 # 1 a 56, Melgar, Tolima, Colombia",CO
626,8.11021,33.475327,-24.6131293,25.9529418,"Kgope, Gaborone, Botswana",BW
627,48.128216,29.785404,11.0934876,106.1424798,"Unnamed Road, Krong Bavet, Kambodscha",KH
628,39.07374,26.577919,-21.1330771,27.4307177,"A30, Botswana",BW
629,64.185905,5.1502123,56.1524746,9.7075752,"Linåvej 62, 8600 Silkeborg, Denmark",DK
630,50.645473,10.987838,48.2276102,19.6169321,"3138 Ipolytarnóc, 2205, Hongarije",HU
631,49.251972,23.793026,26.9433502,-104.6245114,"Carretera Federal 49de Cuota, Chihuahua, Mexico",MX
632,-4.7832956,43.669807,-26.4063211,31.0833706,"MR19, Swaziland",SZ
633,48.115135,14.631106,47.8655216,18.7510283,"564, 943 65 Bajtava, Slovakia",SK
634,52.950207,14.419988,60.3047598,17.7553752,"735, 748 96 Tobo, Suède",SE
635,33.200535,67.05362,26.9004311,91.5020939,"Unnamed Road, Bhutan",BT
636,35.787907,-21.707603,42.6312706,1.5168846,"Av. de Tristaina, AD300 Ordino, Andorra",AD
637,51.20454,13.316188,51.0720884,13.6653624,"E55, 01157 Dresde, Allemagne",DE
638,47.392258,20.113194,46.7993633,-76.1662251,"QC-117, Lac-Pythonga, QC J0W, Canada",CA
639,30.821434,-4.249053,47.3675534,20.3909522,"5061 Tiszasüly, 3224, Hungary",HU
640,52.42275,10.2904215,55.4568286,9.6044814,"Varmarkvej 24-26, 6092 Sønder Stenderup, Denmark",DK
641,48.66886,67.10094,53.2135756,50.1816754,"Moskovskoye shosse, 35, Samara, Samara Oblast, Russia, 445240",RU
642,42.226803,42.83085,24.9388946,55.0565658,Unnamed Road - Dubai - Förenade Arabemiraten,AE
643,59.383595,-1.9767895,45.694322,-62.2852864,"4264 Shore Rd, Merigomish, NS B0K 1G0, Canada",CA
644,19.670109,78.55504,13.9797971,107.0757142,"Unnamed Road, Cambodia",KH
645,45.71741,17.268322,58.1608305,7.9885753,"Egsveien, 4615 Kristiansand, Reino da Noruega",NO
646,62.194977,1.0148399,-46.2888654,168.2507337,"292 Argyle-Otahuti Road, Waianiwa 9874, New Zealand",SI
647,44.568817,5.96925,49.7980512,14.8664107,"113, 257 26 Divišov, Czech Republic",US
648,46.239246,17.007286,57.9972839,22.1276452,"Mäebe-Kargi, 93246 Saaremaa, Estonia",EE
649,32.368427,16.766415,63.7181056,-68.5143394,"Akilliq, Iqaluit, NU, Canada",CA
650,49.78474,8.521852,42.5452988,1.4829278,"CG-4, AD400 La Massana, Andorra",AD
651,39.64328,62.06736,31.2385333,34.77376,"Sderot Johana Jabotinsky 13, Beersheba, Israel",IL
652,38.597553,29.6566,49.0927351,-53.8075154,"NL-320, Indian Bay, NL A0G 2V0, Canada",CA
653,35.944546,53.905693,53.4435091,-6.7770112,"Unnamed Road, Co. Meath, Ireland",IE
654,8.9778385,131.30678,24.1197883,120.6172781,"Gāotiě 3rd Road & Section 3, Gāotiě Road, Taichung City, Taiwan",TW
655,50.939045,6.449321,48.76376,44.5563384,"ulitsa Kuznetsova, 32, Volgogrado, Óblast de Volgogrado, Rusia, 400007",RU
656,41.248077,33.38587,-33.7790672,150.9291218,"38-40 Oldfield Road, Seven Hills NSW 2147, Australia",AU
657,45.4513,19.504333,48.2095858,19.1357274,"75, 991 41 Čelovce, Slovakia",SK
658,27.139107,65.3842,1.2971707,103.9031092,"910 ECP, Singapore 449889",SG
659,48.82043,19.174477,45.6045819,14.2363,"Šembije 33, 6253 Knežak, Słowenia",SI
660,38.915577,54.453926,-5.98831,-79.746813,"Avenida Miguel Grau 1014, Olmos, Peru",PE
661,42.581,66.94526,22.4191344,113.9833265,"Lam Tei Main St, Tuen Mun, Hong Kong",HK
662,-5.529277,-44.321774,-37.2401264,-73.2303487,"Ruta 160, Biobío Region, Chile",CL
663,51.077057,22.952309,48.2095858,19.1357274,"75, 991 41 Čelovce, Slovakia",SK
664,54.609917,22.879646,60.2487652,25.8965794,"Tirmontie 597-599, 07360 Porvoo, Finland",FI
665,52.435444,18.569298,50.0148468,36.2357966,"ulitsa Krymskaya, Kharkiv, Ukraine, 61000",UA
666,43.801296,18.711472,46.1809728,16.3327488,"Remetinec, 42220, Remetinec, Croatie",HR
667,51.237843,25.736214,46.0478138,14.2769646,"Setnik 29, 1355 Polhov Gradec, Slovenia",SI
668,46.65742,17.325317,49.3875815,1.0697446,"33 Avenue de la Mare aux Daims, 76800 Saint-Étienne-du-Rouvray, France",FR
669,44.87987,10.753528,43.6687167,26.1566198,"E70, 7081 Pisanets, Bulgaria",BG
670,61.704243,18.162045,62.1808088,24.7287531,"Isohiekantie 156, 42560 Keuruu, Finland",FI
671,35.391483,13.244577,-28.0037751,152.0037265,"112 Jonel Park Road, Allora QLD 4362, Australia",AU
672,49.584206,22.699028,-27.6230047,-65.659771,"Ruta Provincial 308, Tucumán, Argentina",AR
673,9.253231,-2.107276,-22.4039807,27.2083271,"A1, Botswana",BW
674,16.123997,116.92368,1.3898742,103.6470293,"Bridge Eins, Singapore",SG
675,30.013248,74.05068,1.2333324,111.645491,"AH150, Spalau, 95700 Betong, Sarawak, Malaysia",MY
676,31.109688,69.430275,59.5757752,25.9585057,"Mere 46, Lahemaa rahvuspark, Võsu, 45501 Lääne-Viru County, Estonia",EE
677,43.96934,41.46485,50.761943,14.5493064,"Nádražní 256, 473 01 Nový Bor, Czech Republic",CZ
678,48.934868,12.048051,49.3628852,17.5653511,"Bořenovice 50, 769 01 Bořenovice, Czech Republic",CZ
679,-66.390686,210.97115,-31.9225127,149.0203924,"Mendooran Road, Mendooran NSW 2842, Australia",AU
680,18.356049,13.744779,47.4080837,21.7843795,"Monostorpályi, Bajcsy-Zsilinszky u. 64, 4275 Hungary",AU
681,43.84019,19.18346,52.9301505,36.0356742,"Avtovokzalnaya ulitsa, 48, Oryol, Oryol Oblast, Federação Russa, 302010",RU
682,46.136974,-5.08042,-37.646978,-72.5916616,"Ruta 180, Negrete, Biobío Region, Chile",CL
683,38.033703,19.201828,56.1983259,-3.4232111,"18 Queich Place, Kinross, Perth and Kinross KY13 8DF, UK",GB
684,40.86996,21.98893,-30.0146331,30.9265225,"737 Kingsway, Amanzimtoti 4126, Afrique du Sud",ZA
685,49.973736,35.242584,44.0743087,142.1412508,"Japan, Hokkaidō, Uryū-gun, Horokanai-chō 国道275号線",JP
686,47.43557,18.250565,45.667792,22.1608736,"DJ681, Roemenië",RO
687,48.385067,2.2535124,46.2604088,15.5255747,"Nova vas pri Šmarju 10, 3240 Šmarje pri Jelšah, Slovénie",SI
688,54.40345,10.844825,50.9201709,4.0185296,"Hoezestraat 65, 9320 Aalst, Belgium",BE
689,45.73676,9.058894,-15.7235843,-52.2549757,"BR-158, Mato Grosso, 78600-000, Brazil",BR
690,51.77477,16.83081,2.5009864,-60.8830441,"BR-174, Boa Vista - RR, Brazil",CH
691,39.409573,-6.6326094,18.8527584,-96.9183068,"Ex-vía FFCC, Las Flores, 94950 Amatlán de los Reyes, Veracruz de Ignacio de la Llave, Mexico",MX
692,36.99299,16.469172,39.1318428,21.2110001,"Unnamed Road, Georgios Karaiskakis 470 48, Greece",GR
693,53.247707,5.157423,53.8456993,20.5347916,"Romana Domagały, Pologne",PL
694,53.517002,23.343948,43.3193524,25.0877361,"301, 5913 Asenovtsi, Bulgarije",BG
695,35.077103,21.436993,20.4718765,-100.5386006,"Morelos, Guanajuato, Mexico",MX
696,40.404762,35.768158,25.0402682,55.4370859,E66 - Dubai - Vereinigte Arabische Emirate,AE
697,55.79454,7.880378,43.6565424,144.0734618,"Japan, 〒092-0223 Hokkaidō, Abashiri-gun, Tsubetsu-chō, Mito 道道588号線",JP
698,41.321922,8.828602,-33.778865,25.3755945,"R334, Uitenhage 6229, South Africa",ZA
699,41.71683,38.317738,12.5505862,106.349887,"ប្រាសាទខ្វាន់ពីរ, Cambodia",KH
700,40.33371,15.856029,-26.4788363,31.2791613,"MR3, Swaziland",SZ
701,46.692783,8.0801935,48.7533826,19.1635282,"Pod Hôrkou 10, 974 11 Banská Bystrica, Slovakia",SK
702,61.92941,19.229336,56.3468864,27.5105967,"P55, Rāzna National Park, Kaunatas pagasts, LV-4622, Latvia",LV
703,-1.0712843,106.82947,32.7129517,34.949245,"7110 פינת 2, Israel",IL
704,53.40367,27.067257,4.2644893,-74.568264,"Túnel Del Sumapaz, Melgar, Tolima, Kolumbia",CO
705,62.33753,11.524498,64.1830292,11.8922147,"E6 120, 7732 Steinkjer, Norway",NO
706,43.963146,43.36931,45.2995071,14.5570826,"E65, 51222, Bakar, Croatia",HR
707,55.014324,15.706118,41.5744425,-81.2186752,"364-374 Wilson Mills Road, Chardon, OH 44024, USA",US
708,29.967651,13.096061,64.1157089,-21.880143,"Viðigrund, Kópavogur, Islandia",IS
709,22.512363,48.662384,24.9630045,55.188531,D57 - Dubai - United Arab Emirates,AE
710,-0.908391,51.338226,-27.1053278,31.0741307,"MR9, Swaziland",SZ
711,50.820507,12.83932,59.1537822,26.0966258,"Betooni 3, Tamsalu, 46107 Lääne-Viru County, Estonia",EE
712,54.910885,9.752916,50.54688,3.8573669,"Rue de Bauffe 5-17, 7050 Jurbise, Belgium",BR
713,46.223053,42.219257,-37.5697215,-60.8032527,"Coronel Lavalle, Buenos Aires, Argentina",AR
714,19.018997,18.643139,-24.6256773,25.8580041,"Molepolole Road, Gaborone, Botswana",BW
715,47.728615,17.373222,52.8969056,5.0696999,"Noorderdijkweg 24, 1771 MJ Wieringerwerf, The Netherlands",NL
716,40.287025,19.688892,34.5631087,134.3500543,"Japan, 〒761-4401 Kagawa-ken, Shōzu-gun, Shōdoshima-chō, Yoshida 県道26号線",JP
717,41.952538,15.67277,32.4777548,-114.7810996,"Avenida Francisco Eusebio Kino 295, Comercial, 83449 San Luis Río Colorado, Sonora, Mexique",MX
718,48.82906,25.756557,-30.1526535,-51.2048711,"Avenida do Altos do Santa Rita, 509-589 - Hipica, Porto Alegre - Rio Grande do Sul, 91755-016, Brazylia",BR
719,50.545322,18.63261,42.5688088,-83.3562708,"4741 Fairway Ridge South, West Bloomfield Township, MI 48323, USA",US
720,-17.846134,118.82827,11.0467216,105.2102658,"Unnamed Road, Cambodia",KH
721,14.731683,-21.549438,-35.0563141,-63.1691975,"RN188, Buenos Aires, Argentina",AR
722,49.62061,19.696026,50.7196355,15.0665256,"Dlouhý Most 275, 463 12 Dlouhý Most, Czech Republic",CZ
723,50.94917,25.373909,56.5369498,9.0367902,"Sdr Boulevard 224, 7800 Skive, Denmark",DK
724,52.09672,45.3583,59.8110508,10.2709084,"Joseph Kellers vei 5, 3408 Tranby, Norway",NO
725,29.900684,56.29171,51.0904476,-115.2208674,"AB-1A, Bighorn No. 8, AB T0L, Canada",CA
726,46.844364,13.002199,44.115245,-80.1786301,"556300-556598 Mulmur Melancthon Townline, Shelburne, Ontario L0N 1S6, Kanada",CA
727,39.429874,13.422326,-5.1694793,-80.630954,"Gardenias, Piura, Peru",PE
728,45.28233,14.72297,50.937246,4.0625128,"Bergekouter 34, 9300 Aalst, Belgium",BE
729,57.358173,8.250073,63.6368858,22.726819,"Skeppsbyggarevägen, 68600 Pedersöre, Finland",FI
730,47.633404,19.449596,56.2455768,22.7441503,"Dabikinės gatvė 46, Akmenė 85377, Lithuania",LT
731,50.71822,18.330833,50.6902843,15.407152,"29063, 512 11 Vysoké nad Jizerou, Czech Republic",CZ
732,31.594707,54.818924,25.1400055,121.7977093,"No. 345-363, Běiníng Road, Zhongzheng District, Keelung City, Taiwan 202",TW
733,54.139423,20.938,57.1266485,24.6971964,"E77, Gauja, Inčukalna pagasts, LV-2140, Latvia",LV
734,37.44554,59.455067,35.2306454,129.0870851,"309-25 Jangjeon 3(sam)-dong, Geumjeong-gu, Busan, Zuid-Korea",KR
735,43.524857,19.459976,13.1309946,105.2461205,"Unnamed Road, Sandan, Cambodia",KH
736,50.45314,22.350994,45.6823973,-76.7395579,"489-773 Grants Settlement Rd, Foresters Falls, ON K0J 1V0, Canada",CA
737,45.600597,12.8724375,48.2936744,19.6613047,"585, 985 32 Panické Dravce, Slovakia",SK
738,53.150345,2.8670368,22.8437649,89.2899842,"Jessore-Satkhira Road, Bangladesh",BD
739,48.063267,30.61724,4.6490013,-74.0555208,"Carrera 4 # 66-2 a 66-100, Bogota, Cundinamarca, Kolumbia",CO
740,47.77181,7.0070677,49.6383022,5.3496045,"N840, 6823 Florenville, Belgique",BE
741,7.4325085,162.17938,1.3050433,103.8317368,"Paterson Rd, Singapore",SG
742,52.44947,18.34476,60.5740906,15.8587114,"E16, Sweden",SE
743,54.779156,13.017199,48.3767273,17.6812775,"Lovčická 26-28, 919 27 Brestovany-Horné Lovčice, Slovakia",SK
744,36.9985,49.375954,-33.0675393,-71.5848956,"Río Bueno 186-202, Valparaíso, Valparaíso Region, Chile",CL
745,50.266094,18.272816,-23.5918194,-50.1428113,"Rodovia Transbrasiliana, Paraná, Brésil",BR
746,36.01361,6.6326017,38.2599876,23.0047624,"Epar.Od. Thivas-Paralia Sarantis 838, Thiva 320 10, Greece",GR
747,48.11989,31.548298,36.1592976,-75.8590247,"7695-7711 Caratoke Highway, Powells Point, Caroline du Nord 27966, États-Unis",US
748,47.502346,18.084503,-34.0712375,18.8290244,"Curlew Way, Cape Town 7130, South Africa",ZA
749,14.997966,100.332085,19.2306667,101.0671048,"Unnamed Road, Tambon Phu Kha, Amphoe Pua, Chang Wat Nan 55120, Thailand",TH
750,34.69279,44.31202,39.0939617,-95.5669481,"2380-2698 Barton Road, Grantville, KS 66429, USA",US
751,40.641422,22.886246,57.598382,34.5193641,"Yamskaya ulitsa, 88-90, Wysznij Wołoczok, Obwód twerski, Rosja",RU
752,41.86722,35.80978,11.092859,104.3828431,"Unnamed Road, Cambodia",KH
753,51.342968,9.507772,44.0723321,0.7760644,"Rue des Pyrénées, 82340 Dunes, France",FR
754,47.349728,24.583565,-32.7742434,115.8669766,"245-249 Coolup Valley Road, Coolup WA 6214, Australia",AU
755,9.166642,-9.826029,-32.4880103,24.7823793,"R63, South Africa",ZA
756,39.48061,33.083557,27.0309296,89.5883963,"Phuntsholing - Thimphu Hwy, Bhutan",BT
757,48.321514,0.42835593,49.4700618,11.0973391,"Steigerwaldstraße 32, 90409 Nuremberg, Germany",DE
758,31.173435,-16.055286,-24.4034355,-53.4982141,"Rua Piratininga, 605-629, Parana, 85935-000, Brazil",BR
759,58.894215,26.271294,48.5487713,19.4127923,"Milana Rastislava Štefánika 55, 962 12 Detva, Slovakia",SK
760,47.53482,18.10048,57.2127576,27.5659858,"P42, Susāju pagasts, LV-4582, Latvia",LV
761,42.930965,5.3635426,53.12082,18.0604221,"Iławska 22, Bydgoszcz, Polska",PL
762,52.48332,8.894382,51.0174128,7.0072736,"Knochenbergsweg 3, 51373 Leverkusen, Germany",DE
763,32.964344,52.433113,28.4587891,129.7189029,"2168 Kasarichō Ōaza Ushuku, Amami-shi, Kagoshima-ken 894-0501, Japan",JP
764,45.945415,3.500292,42.5607406,1.4956923,"CG-4, 82, AD400 Erts, Andorra",AD
765,55.67441,17.46243,45.8297884,15.4303263,"Dolšce 16, 8311 Kostanjevica na Krki, Slovénie",SI
766,34.95062,37.884842,-33.1270612,-71.5699715,"Cardenal Samoré, Valparaíso, Valparaíso Region, Chile",CL
767,23.094456,121.95837,1.3050433,103.8317368,"Paterson Rd, Singapore",SG
768,55.86769,15.170522,52.5625662,5.6433015,"Rozentuin 31, 8255 JG Swifterbant, The Netherlands",NL
769,56.7074,-3.0290794,51.0972846,-3.9082676,"1 Thorn Park Cottages, Brayford, Barnstaple, Devon EX32 7PS, UK",GB
770,-102.61077,-116.295494,-40.2439772,-70.3398808,"RN237, Neuquén, Argentina",AR
771,58.789284,15.684777,52.6326329,-8.2749797,"Unnamed Road, Co. Limerick, Irlande",IE
772,44.15015,23.935246,4.959534,116.4619247,"Jln Nabawan-Kalabakan, Pandawan, Nabawan, Sabah, Malaysia",MY
773,57.11497,16.330006,27.5033661,90.7303241,"Bumthang - Ura Hwy, Bhutan",BT
774,45.82201,28.739319,-30.9813834,150.2920607,"7315 Oxley Highway, Gunnedah NSW 2380, Australia",AU
775,43.939102,52.42023,37.6599941,127.1162987,"342-3 Byeollae-dong, Namyangju-si, Gyeonggi-do, South Korea",KR
776,43.48131,22.497746,52.2137475,4.9313539,"Achterveld 10, 3645 HP Vinkeveen, The Netherlands",NL
777,47.180782,12.367263,46.2678243,15.3704408,"Jarmovec 6, 3222 Dramlje, Slovenia",SI
778,0.94220304,14.711236,43.4987176,11.8624836,"Sc Patrignone - Bivio Stroppiello, 52100 Arezzo, Italy",IT
779,43.47595,49.776115,37.5145356,126.8633412,"South Korea, Seoul, Sinjeong-dong, 1302 목동13단지아파트",KH
780,36.352543,67.20317,43.0025688,17.5514336,"D8, 20356, Podgradina, Croatia",HR
781,44.159966,16.804527,40.8632462,16.7503775,"SP236, 70020 Santeramo in Colle, Bari, Italy",IT
782,46.089294,14.816775,15.6001944,101.522274,"Unnamed Road, Tambon Sap Yai, Amphoe Sap Yai, Chang Wat Chaiyaphum 36130, Thailand",TH
783,48.323772,9.78075,45.9994828,14.331601,"Drenov Grič 43, 1360 Vrhnika, Słowenia",SI
784,39.678543,21.308372,19.2392949,-98.248186,"Cristóbal Colón 2, San Juan Huactzinco, 90190 San Juan Huactzinco, Tlaxcala, Mexikó",MX
785,32.86111,41.163948,37.5402739,126.7615153,"248-4 Byeongbang-dong, Gyeyang-gu, Incheon, Coreea de Sud",KR
786,38.260067,12.513627,31.7522634,130.1948084,"5896 Hashima, Ichikikushikino-shi, Kagoshima-ken 896-0064, Japan",JP
787,65.33248,21.947327,58.4409894,25.6634248,"Taari-Auksi, 70202 Viljandi County, Estonia",EE
788,38.886986,39.520454,-7.3535445,112.6139871,"Jl. Sumput No.1, Driyorejo, Gresik, Jawa Timur 61177, Indonesia",ID
789,42.580753,10.0302725,48.1028114,19.5622149,"3170 Szécsény, Fő Way 41, Hungary",HU
790,36.74903,40.856865,-33.4382717,-70.5678766,"Príncipe de Gales 6174-6254, La Reina, Santiago Metropolitan Region, Chile",CL
791,16.503113,94.50673,14.6793719,98.365119,"Unnamed Road, Tambon Pilok, Amphoe Thong Pha Phum, Chang Wat Kanchanaburi 71180, Thailand",TH
792,36.979763,35.18712,25.1128676,55.1088845,Crescent Rd - Dubai - Vereinigte Arabische Emirate,AE
793,15.019821,26.86385,-24.6194593,25.8444358,"Molepolole Road, Gaborone, Botswana",BW
794,46.257755,7.206538,50.9167229,17.1362789,"55-216 Polwica, Poland",PL
795,42.567944,36.7137,56.5764667,9.1325234,"Hobrovej, 7840 Højslev, Denmark",DK
796,-35.770126,2.0113115,42.628325,1.4959969,"Ctra. d'Arcalís, AD300 Ordino, Andorra",AD
797,56.11697,4.6685357,53.4891127,19.7595255,"19 Stycznia, Lubawa, لهستان",PL
798,34.397213,40.437077,52.1396434,-8.4336073,"Unnamed Road, Co. Cork, Irlande",IE
799,48.674618,27.020306,-46.2329396,168.2400295,"178 Spar Bush-Bay Road, Northope 9874, New Zealand",NZ
800,52.817577,10.334331,62.8260359,30.1712038,"Karhusalontie 209, 81200 Joensuu, Finland",FI
801,49.82987,17.767574,56.4501525,27.4071885,"P55, Čornajas pagasts, LV-4617, Latvia",LV
802,52.983696,-0.07996845,56.0656954,-3.4144787,"2 Norway Gardens, Dunfermline, Fife KY11 8JW, UK",GB
803,40.53653,38.995472,9.7275971,-73.7194798,"US43 # 2 a 74, El Paso, Sesaro departamentas, Kolumbija",CO
804,49.416256,28.372196,55.5723719,11.8486653,"Lerbjergvej 2, 4330 Hvalso, Denmark",DK
805,18.667957,61.26907,24.8910439,55.0591307,Sheikh Mohammed Bin Zayed Rd - Dubai - Các tiểu Vương quốc Ả rập Thống nhất,AE
806,42.561314,58.678448,31.7771157,130.9987196,"Japan, 〒885-0113 Miyazaki Prefecture, Miyakonojo, Shonaicho 県道31号線",JP
807,15.919205,28.91344,-31.5040108,137.1007904,"Stuart Highway, Mount Gunson Australia Południowa 5710, Australia",AU
808,54.36836,11.315608,46.5867032,15.6692798,"Pekel, Slovenia",SI
809,45.801296,36.106575,22.2753197,113.9443117,"Wong Lung Hang Rd, Lantau Island, Hong Kong",HK
810,42.66733,37.857105,19.9758157,-96.6080515,"Poza Rica - Veracruz, Los Pozos, 93980 Emilio Carranza, Veracruz, Mexico",MX
811,48.854973,16.04509,55.434293,12.9842149,"585, 236 91 Höllviken, Sweden",SE
812,49.413883,38.361336,42.5120341,27.1656544,"539, 8108 Troyanovo, Bulgarije",BG
813,43.81057,8.283657,28.0294412,-81.7673696,"2879 Avenue G Northwest, Уинтер Хейвен, Флорида 33880, Соединенные Штаты Америки",US
814,52.111614,20.112259,-38.1037657,175.7259255,"743 Old Taupo Road, Waotu 3481, New Zealand",NZ
815,52.080914,15.27461,45.4598855,14.1370093,"Unnamed Road, 52421, Vodice, Croatia",HR
816,42.6012,43.65061,56.6491071,25.1222015,"Birzes iela 1A, Skrīveri, Skrīveru novads, LV-5125, Latvia",LV
817,47.87736,21.016811,55.5309649,25.1072772,"Stoties gatvė 12, Anykščiai 29111, Lithuania",LT
818,56.13893,24.891552,56.0195161,12.5631132,"Støberivej 1, 3000 Helsingor, Denmark",DK
819,59.47221,17.924309,-27.0306169,30.7556522,"R543, South Africa",ZA
820,28.40657,70.80191,26.6652714,142.1534287,"Japan, 〒100-2211 Tōkyō-to, Ogasawara-mura, Hahajima 都道241号線",JP
821,9.933434,55.596428,-19.5750656,-44.0313482,"Rua Nossa Senhora da Conceição, 1-151 - Lagoa Santo Antonio, Pedro Leopoldo - Minas Gerais, 33600-000, Brazylia",BR
822,9.787419,45.911377,-24.6194593,25.8444358,"Molepolole Road, Gaborone, Botswana",BW
823,40.043564,36.545135,45.3163698,8.8402696,"Via Marsala, 13, 27029 Vigevano Pavia, Italië",IT
824,64.66919,4.471159,62.5267906,17.5883418,"Västansjövägen, 860 35 Söråker, Sweden",SE
825,40.159924,34.02367,10.4958935,-74.5182421,"Pivijay # 99, Pivijay, Magdalena, Kolumbia",CO
826,23.950684,24.67152,44.4181204,27.769679,"Ialomița, Romania",RO
827,60.594234,9.666271,51.3326356,3.2969982,"Kragendijk 124-134, 8300 Knokke-Heist, Belgium",BE
828,35.513985,-41.871964,63.7369886,-68.4938844,"2444 Paurngaq, Iqaluit, NU X0A, Canada",CA
829,45.77524,10.790739,45.8500852,12.6598204,"SP43, 33087 Villaraccolta-buset Pordenone, Italy",IT
830,42.245045,15.054097,51.9640761,5.6308469,"Haarweg 26, 6709 PK Wageningen, The Netherlands",NL
831,43.850277,18.724747,32.692425,35.3197795,"HaGefen 16, Nazareth Illit, Israel",IL
832,50.304115,51.85357,22.8228845,89.3349395,"Khulna - Satkhira Rd, Bangladesh",BD
833,44.356194,16.946568,54.9891999,23.9452805,"222, Voškoniai, Lithuania",LT
834,52.84816,10.892136,55.0767947,10.3214428,"Svendborgvej 288, 5600 Faaborg, Tanska",DK
835,58.998486,-10.747724,50.3100949,-113.0641194,"Township Rd 160, Champion, AB T0L 0R0, Kanada",CA
836,50.680485,37.05181,43.474454,144.3017001,"Akan-Odan Rd, Okushunbetsu, Teshikaga-chō, Kawakami-gun, Hokkaidō 088-3228, Japan",JP
837,23.423843,14.278076,-30.7659714,-70.9429794,"D-55, Monte Patria, Coquimbo, Chili",CL
838,38.17707,69.98183,-20.5746946,-48.5560648,"Avenida Ibirapuera, 937-1039 - City Barretos, Barretos - São Paulo, Brazil",BR
839,45.936996,38.684303,26.6543822,142.1540844,"Japon, 〒100-2211 Tōkyō-to, Ogasawara-mura, Hahajima 都道241号線",JP
840,52.16158,12.885386,49.1612757,14.7372153,"00352, 391 81 Vlkov, Czech Republic",CZ
841,49.703266,10.538442,48.5398506,19.8637364,"531007, 980 53 Lehota nad Rimavicou, Slovakia",SK
842,51.457134,22.179585,50.0946933,-125.2015766,"Heriot Bay Road, Campbell River, BC V9W 5E3, Canada",CA
843,28.252693,122.03523,-33.4796254,-70.578798,"Vespucio Sur Express, Macul, Santiago Metropolitan Region, Chile",CL
844,47.318233,38.868576,27.0569804,89.9019135,"Daga Rd, Bhutan",BT
845,44.350563,39.599884,43.777732,16.6082868,"D1, 21233, Satrić, Croatia",HR
846,-1.4210405,196.29588,18.7444121,99.0206952,"Soi Ban San Khue 4 Mu 8, Tambon Nong Phueng, Amphoe Saraphi, Chang Wat Chiang Mai 50140, Thailand",TH
847,45.03175,37.33162,43.5261808,27.1884045,"701, 9937 Harsovo, בולגריה",BG
848,51.32485,30.82668,70.4866558,24.1595946,"Riksveg 94 600, 9620 Kvalsund, Reino da Noruega",NO
849,18.068043,-1.233365,45.6747481,16.0793767,"A11, 10410, Okuje, Croatia",HR
850,35.787914,-5.838067,42.576472,1.6248929,"CG-2, AD100 Canillo, Andorra",AD
851,22.86684,66.18344,-33.4952965,150.4033424,"128 Mount Irvine Rd, Mount Wilson NSW 2786, Australien",FI
852,38.078506,99.01816,52.0606003,5.2141451,"Schoudermantel, 3981 Bunnik, The Netherlands",NL
853,36.59407,33.019684,25.0356043,55.5920968,Dubai-Hatta Rd - Dubai - United Arab Emirates,AE
854,50.777107,12.6138115,44.0318904,24.1451349,"DJ604, Marotinu de Jos, Romania",RO
855,34.582893,29.309563,59.4271741,24.944586,"Nehatu-Loo-Lagedi, Loo, 74201 Harju County, Estonia",EE
856,54.510693,18.600636,-25.8752343,148.5526312,"8687 Carnarvon Highway, Injune Queensland 4454, Australie",AU
857,35.880222,22.558254,49.8334176,23.9947928,"Mykoly Zerova street, 4, Lwów, Obwód lwowski, Ukraina",UA
858,45.920727,50.453472,43.5103603,16.4718429,"Ulica Matice hrvatske 51, 21000, Split, Croatie",HR
859,49.382435,19.710514,57.6012572,39.8765501,"Moskovskiy prospekt, 89, Yaroslavl, Yaroslavl Oblast, Russia, 150000",RU
860,-3.3100023,-5.449062,-11.2164768,-77.5532676,"Panamericana Norte, Peru",PE
861,47.192623,14.058654,43.4994167,-8.2457915,"Camino Iglesia, 5, 15405 Ferrol, A Coruña, Spain",ES
862,44.733757,13.1442175,45.3253342,14.8552191,"Poljička ulica 1, 51315, Mrkopalj, Croatie",HR
863,35.873898,87.00402,37.4555366,127.0204098,"359-1 Juam-dong, Gwacheon-si, Gyeonggi-do, South Korea",KR
864,48.68137,49.169052,1.3398301,103.9331085,"806 Bedok Reservoir Rd, Singapore 479243",SG
865,47.725487,5.637779,41.9794515,3.04472,"Barri Castell d'Empordà, 16C, 17115 Castell d'Empordà, Girona, Spain",ES
866,49.121567,-0.7047677,67.1363555,24.069122,"Lohinivantie 43, 95800 Kolari, Finland",CL
867,51.338993,1.9317749,55.2736092,-3.4247549,"B7076, Moffat, Dumfries and Galloway DG10 9PW, UK",GB
868,58.31128,24.078732,56.7248939,22.0062916,"P116, Raņķi parish, LV-3326, Latvia",LV
869,53.72037,-3.664279,58.0629122,25.0208749,"Mõisaküla-Jäärja, 86205 Pärnu County, Estonia",EE
870,65.93563,3.935726,52.7621096,-112.229356,"Alberta 855, Daysland, AB T0B 1A0, Canada",CA
871,27.150288,34.41323,-7.5080058,-46.0405847,"Rua Bela Vista, 1-67, Maranhão, 65800-000, Brazil",BR
872,54.135098,2.2091875,51.5750068,-9.3710405,"Unnamed Road, Co. Cork, Ireland",IE
873,48.854836,19.276878,47.4604181,8.4407857,"Alter Bahnhof 2, 8107 Buchs, Switzerland",CH
874,42.559032,70.036476,37.5468269,126.8707464,"508-2 Mok 2(i)-dong, Yangcheon-gu, Seoul, South Korea",KR
875,31.291622,47.42962,23.5433995,121.4159135,"Ānyèxi Industry Road, Ruisui Township, Hualian, Tajwan 978",TW
876,56.159157,36.89682,57.1165753,23.2312433,"Pļavas iela 1, Ķesterciems, Engure parish, LV-3113, Latvia",LV
877,42.832645,30.397617,22.9598778,120.3876129,"Nánpíng Road, Longqi District, Tainan City, Taiwan 719",TW
878,48.933376,13.803346,39.4212583,-9.1118586,"N360, 2500-303, Portugal",PT
879,53.09198,5.4078455,55.7858219,9.6427244,"Bredalvej 16, 8722 Hedensted, Denmark",DK
880,44.454113,13.902156,49.2881896,13.3814079,"1718, 341 42 Kolinec, Czech Republic",CZ
881,45.61443,25.476418,53.4656915,21.4863972,"Droga Krajowa 59, Poland",PL
882,29.226757,15.056907,-7.6040886,109.5087552,"Gg. Nanas Gombong, Gombong, Kebumen, Jawa Tengah 54414، إندونيسيا",ID
883,45.58317,23.830833,38.3585153,-94.0305347,"1444-1498 Missouri 18, Urich, MO 64788, USA",US
884,56.634647,20.872047,65.6879019,-18.1147907,"Höfðahlíð, Akureyri, Iceland",IS
885,34.878532,22.234947,47.2851345,-71.3499335,"Unnamed Road, Sainte-Brigitte-de-Laval, QC G0A 3K0, Canada",CA
886,42.937107,28.61924,48.2878569,18.1344725,"Dolná 4-6, 949 07 Nitra-Janíkovce, Slovakia",SK
887,49.86194,10.83456,42.6113311,1.5390494,"Av. de la Font de Canyar, AD300 Ordino, Andorra",AD
888,55.740574,12.901195,-45.6694488,170.6376373,"824 Coast Road, Seacliff 9471, New Zealand",NZ
889,28.059853,44.520866,34.8713222,-120.4426565,"4590,4592 Coachman Way, Orcutt, Californie 93455, États-Unis",US
890,54.686924,30.109444,56.9129369,23.8825813,"Viestura iela 6, Dzilnuciems, Babīte parish, LV-2107, Latvia",LV
891,18.359146,47.81835,22.2301139,114.2597563,"Unnamed Road, Hong Kong",HK
892,54.67559,26.153992,46.4314885,9.8375788,"Senda Aguagliöls 12, 7513 Silvaplana, Zwitserland",CH
893,58.733715,13.050853,57.5682894,-4.4200065,"B9163, Dingwall, Highland IV7, UK",GB
894,29.371578,42.597004,30.7887255,130.2660158,"Unnamed Road, Iōjima, Mishima-mura, Kagoshima-gun, Kagoshima-ken 890-0901, Japan",JP
895,20.052387,103.482506,25.1307587,55.1168372,Crescent Rd - Dubai - United Arab Emirates,AE
896,55.916733,10.952519,55.7039448,9.9747882,"Fjordager 12, 7130 Juelsminde, Danmark",DK
897,55.94956,18.272675,57.1250973,23.0096192,"P128, Zentenes pagasts, LV-3113, Latvia",LV
898,58.51695,-5.365427,53.7339262,-7.0045559,"Unnamed Road, Co. Meath, Ireland",IE
899,-23.89737,128.05441,23.0990817,89.7601313,"Dhaka - Khulna Hwy, Bangladesh",BD
900,57.470257,3.0865057,59.804318,10.3833704,"Heggedalsveien 50, 1385 Asker, Norway",NO
901,50.832024,30.259636,60.0191429,30.2540523,"Dolgoozyornaya ulitsa, 20 корпус 1, Saint Petersburg, Russia, 190000",RU
902,51.163017,28.588531,4.0856729,114.8277504,"Marudi, Sarawak, Malaysia",MY
903,38.400745,6.944029,47.2902073,26.8209199,"DJ281C, Romania",EE
904,20.56041,91.05199,22.3044963,114.2265883,"15 Laguna St, Laguna City, Hong Kong",HK
905,-3.007946,66.607544,-24.5246365,25.8537906,"A1, Gaborone, Botswana",BW
906,44.76965,27.792336,40.6443814,15.4983037,"Strada Provinciale 51 di Balvano, Balvano, Potenza, Italy",IT
907,49.42509,9.000748,54.988374,-7.9134663,"Unnamed Road, Co. Donegal, Ireland",IE
908,-0.87404394,25.045132,-22.5758686,27.6550858,"Serowe, Botswana",BW
909,31.9136,32.003166,13.8799059,103.4111683,"Unnamed Road, Cambodia",KH
910,39.572308,-1.5232553,47.5127001,18.8319071,"2071 Páty, Kossuth Street 15, Hungary",US
911,28.271297,65.682434,1.2942526,103.8644655,"Republic Blvd, Singapore",SG
912,55.316868,21.24099,48.4493691,19.5348751,"Hradná, 985 52 Divín, Slovakia",SK
913,40.519444,33.27865,25.2429346,55.2755186,149 Al Mina Rd - Dubai - United Arab Emirates,AE
914,48.82125,5.9852567,43.2112054,26.8023411,"5102, 7740 Nadarevo, Bulgaria",BG
915,31.515614,64.10651,11.092859,104.3828431,"Unnamed Road, Cambodia",KH
916,22.336184,76.04181,58.3037991,24.7704695,"Paikuse-Tammuru, 86605 Pärnu County, Estonia",EE
917,53.94989,17.040218,51.9689732,6.212787,"Keppelseweg 41, 7031 EB Wehl, The Netherlands",NL
918,26.527916,48.710644,38.2263153,25.8939545,"Unnamed Road, Chios 821 02, Greece",GR
919,39.653618,40.02744,4.239476,114.0619891,"AH150, 98000 Miri, Sarawak, Malaysia",MY
920,47.88167,2.6046972,57.9972839,22.1276452,"Mäebe-Kargi, 93246 Saaremaa, Estonia",EE
921,37.20743,81.94765,-36.996069,174.9005447,"7-9 Sesame Grove, Goodwood Heights, Auckland 2105, New Zealand",BE
922,54.647343,42.520264,49.6383022,5.3496045,"N840, 6823 Florenville, Belgique",BE
923,24.821247,37.804512,37.5440655,126.9142033,"74-29 Hapjeong-dong, Mapo-gu, Seoul, South Korea",KR
924,49.4961,20.312931,45.3517365,25.5430032,"Strada Gheorghe Doja, Sinaia, Romania",RO
925,42.090084,-3.7969031,37.6240297,22.0572732,"Epar.Od. Dimitsanas - Karkalous, Gortynia 220 07, Greece",GR
926,35.755558,53.023167,4.7004078,-74.2235077,"I-50 # 2 a 100, Mosquera, Cundinamarca, Colombia",CO
927,35.996845,49.527275,-26.4830806,31.3067088,"MR3, Matsapha, Swaziland",SZ
928,32.8747,48.00364,25.0357984,55.5923318,Dubai-Hatta Rd - Dubai - United Arab Emirates,AE
929,16.331661,97.07939,1.3877415,103.646663,"Bridge Eins, Singapore",SG
930,23.622623,52.166374,25.0663507,55.3059778,Unnamed Road - Dubai - United Arab Emirates,AE
931,28.475368,18.568138,-32.833047,-70.5340897,"E-765, Valparaíso Region, Chile",CL
932,44.001083,15.642148,42.6289593,24.9528462,"607, 4370 Kalofer, Bulgaria",IS
933,36.507336,24.513618,54.5416928,18.28992,"Wejherowska, Полша",PL
934,51.497856,13.257258,58.5429222,6.2193104,"E39 1097-1137, 4376 Helleland, Norway",NO
935,50.939476,11.473655,48.2158106,0.1154547,"Salverts, 72170 Beaumont-sur-Sarthe, France",FR
936,47.27271,53.611107,-4.6777063,-79.8858109,"Unnamed Road, Peru",PE
937,38.73025,34.248688,45.707572,18.0748619,"D34, 31531, Viljevo, Croatia",HR
938,48.598648,9.44231,54.0282682,38.3087051,"Parkovaya ulitsa, 8, Novomoskovsk, Tula Oblast, Russia, 301650",RU
939,46.493786,24.339275,48.4882705,-0.5770139,"36-38 Le Bourg, 61330 Loré, France",FR
940,46.278316,13.05102,43.4090347,5.1990796,"Chemin des Macreuses, 13700 Marignane, France",FR
941,43.700684,27.41399,-43.4617362,172.0244982,"182 Deans Road, Darfield 7571, New Zealand",NZ
942,45.484005,14.650001,60.1992551,16.9505041,"56, 740 45 Tärnsjö, Sweden",SE
943,26.077576,9.240009,-26.2720794,31.0890015,"MR3, Swaziland",SZ
944,46.588367,9.063047,42.5309511,1.5079006,"Ctra. de Sispony, 6, AD400 La Massana, Andorra",AD
945,43.292797,29.367172,54.7203992,25.2266867,"Taikos gatvė 18, Wilno 05218, Litwa",MY
946,38.40998,39.96083,26.7673268,128.2580987,"Unnamed Road, Sate, Kunigami-son, Kunigami-gun, Okinawa-ken 905-1425, Japan",JP
947,43.554787,19.226696,49.3821881,17.4458719,"Říkovice 138, 751 18 Říkovice, Czech Republic",NZ
948,45.687267,24.49709,-29.7286067,31.0806513,"M4, Umhlanga 4320, South Africa",ZA
949,59.692028,41.898735,59.0486876,24.0364095,"Risti-Kuijõe, 90902 Lääne County, Estonia",EE
950,44.5986,7.427964,46.771118,9.8369694,"Clavadeler Alp, 7272 Davos, Szwajcaria",CH
951,27.06018,101.15421,16.1401375,99.5626358,"Unnamed Road, Tambon Pho Thong, Amphoe Pang Sila Thong, Chang Wat Kamphaeng Phet 62120, Thailand",TH
952,23.620903,56.45927,4.7930773,-74.3809489,"Zipacón - Facatativá # 1 a 5, Zipacon, Cundinamarca, Colombia",CO
953,31.706413,26.983635,32.7341258,35.0381527,"721, Israel",IL
954,48.247387,29.94423,-30.2137804,30.7635223,"65 Dahlia Road, Craigieburn 4170, South Africa",ZA
955,45.89665,20.855808,43.6847226,26.4070887,"2003, 7038 Senovo, Bulgaria",BG
956,49.17711,8.194817,43.203431,25.2274496,"403, 5234 Dimcha, Bulgaria",BG
957,33.013824,64.786995,27.6627839,90.7482937,"Unnamed Road, Bhutan",LT
958,50.9424,15.089596,55.7292049,36.2969713,"A108, Moskovskaya oblast, Russia",RU
959,50.035423,30.29177,46.7356577,16.2926399,"Selo 63, 9207 Prosenjakovci, Slovénie",SI
960,50.37737,25.684845,35.1688071,129.1657896,"1363-9 Jwa 3(sam)-dong, Haeundae-gu, Busan, South Korea",KR
961,62.881077,-1.5434675,65.6352121,-18.027274,"Eyjafjarðarbraut eystri, Iceland",IS
962,-0.15037346,28.255802,40.7106775,9.7017342,"Via Torquato Tasso, 104, 08020 Budoni, Olbia-Tempio, Italy",IT
963,52.330456,12.073025,52.2885188,4.7081901,"Rijnlanderweg 878, 2132 ML Hoofddorp, Pays-Bas",NL
964,26.999168,44.759205,32.435872,34.9153692,"Ahad Ha'Am 5-7, Hadera, Israel",IL
965,42.8965,4.572329,47.947141,21.7862051,"4551 Nyíregyháza, Derüs Street 15-17, Hungary",HU
966,57.556896,18.334133,55.4946168,10.1528454,"Brolundvej 20, 5471 Sonderso, Denmark",DK
967,37.815758,44.758553,50.4056456,4.3426145,"N54, 6140 Fontaine-l'Evêque, Belgique",BE
968,35.71753,13.421819,40.3873609,22.3785553,"Epar.Od. Mandraki, Katerini 601 00, Greece",GR
969,1.4612584,88.3461,-32.7392114,-70.7664538,"Ruta 60, Valparaíso Region, Chile",CL
970,52.37519,12.040911,50.8023156,3.3604827,"Paridaanstraat 13, 8550 Zwevegem, Belgium",BE
971,56.092922,10.254156,60.7003118,17.1478053,"Nybyggarvägen 3, 806 42 Gävle, Sweden",SE
972,31.71056,68.63056,23.7537651,88.6656739,"Chuadanga - Meherpur Hwy, Bangladesh",BD
973,37.45092,-12.04154,-28.6939292,-56.2424633,"Ruta Nacional 14, Corrientes, Argentina",AR
974,59.338875,-25.946438,65.1102117,-14.3305924,"92, Iceland",IS
975,50.371994,14.565715,52.4069233,9.6603344,"Hogrefestraße 8, 30419 Hanower, Niemcy",SG
976,61.651337,23.647911,63.3795985,29.926706,"Yläviekintie 59, 81700 Lieksa, Finland",FI
977,53.63071,20.597248,15.216302,103.1610748,"Unnamed Road, Tambon Don Mon, Amphoe Satuek, Chang Wat Buri Ram 31000, Thailand",TH
978,30.299698,49.56021,32.518132,35.0017454,"Ha-Dekel Giv'at Ada 1, Binyamina-Giv'at Ada, Israel",IL
979,43.171017,4.19752,12.7093601,102.4420745,"3299, Tambon Nong Bon, Amphoe Bo Rai, Chang Wat Trat 23140, Thailand",MY
980,51.114895,7.076157,35.2577493,128.5139814,"산1 Jung-ri, Naeseo-eup, Masanhoewon-gu, Gyeongsangnam-do, Южная Корея",KR
981,15.241829,76.09648,14.8470135,103.3156426,"Unnamed Road, Tambon Ban Prue, Amphoe Krasang, Chang Wat Buri Ram 31160, Thailand",TH
982,53.393448,16.188543,57.2000463,26.6876361,"P27, Ozolkalns, Beļavas pagasts, LV-4409, Latvia",LV
983,40.345203,47.154255,25.1403695,55.1322195,Crescent Rd - Dubai - United Arab Emirates,AE
984,50.047367,15.403496,14.6765087,104.3198717,"24, Tambon Samrong Phlan, Amphoe Phrai Bueng, Chang Wat Si Sa Ket 33180, Thajsko",TH
985,37.893288,15.641924,46.3609116,20.7289665,"6917 Nagyér, 4426, Hungary",HU
986,19.547874,-23.090622,65.6459407,-16.3548439,"Route 1, Iceland",IS
987,43.98837,-4.195451,23.9829637,120.984404,"Dànǎn Road, Puli, Contea di Nantou, Taiwan 545",TW
988,65.7773,22.830002,59.4660284,10.8376751,"Riksveg 115 40, 1591 Sperrebotn, Norway",NO
989,47.933838,25.343464,42.4990107,1.53065,"Urb. Comella Parc, AD500 Andorra la Vella, Andorra",AD
990,59.751358,9.2251425,53.1084128,5.6537088,"It Sân 2, 8735 HK Itens, The Netherlands",NL
991,47.25016,9.686941,56.6294927,21.2946957,"P112, Tadaiķi parish, LV-3452, Latvia",KH
992,53.651073,13.318709,56.7477841,24.8338276,"Atpūtu iela 15, Lielvārde, Lielvārdes pilsēta, LV-5070, Lettonie",LV
993,50.960186,22.723465,48.5398506,19.8637364,"531007, 980 53 Lehota nad Rimavicou, Slovakia",SK
994,53.32336,7.076491,39.3470631,-9.075247,"R. do Bairro Novo 3, 2510, Portugal",PT
995,46.37827,8.640007,52.0707827,-8.2933078,"R614, Co. Cork, Ireland",IE
996,54.10425,21.944214,2.6443224,101.6611644,"5, Kampung Bukit Bangkong, 43950 Sungai Pelek, Selangor, Malaysia",MY
997,47.519436,10.632612,45.4557621,18.4677996,"Slavonika, 31403, Beketinci, Croatia",HR
998,56.146656,17.915417,58.6658476,12.5300548,"2171, 464 93 Mellerud, Szwecja",SE
999,40.582153,47.348503,4.0697235,101.7805466,"C5, 27650 Sungai Koyan, Pahang, Malaysia",MY
1000,42.740067,31.773594,53.201038,50.1000423,"Volzhskiy prospekt, 1, Samara, Samara Oblast, Russia, 443010",RU
1001,51.505238,16.19506,60.6809954,13.7728966,"Östra Bangatan, 782 34 Malung, Sweden",SE
1002,35.026947,62.364914,25.3157388,55.5147822,E 88 - Sharjah - United Arab Emirates,AE
1003,55.735733,14.681926,48.7293351,-0.2522923,"D909, 61210 La Fresnaye-au-Sauvage, France",FR
1004,44.13893,-12.897006,41.1131713,15.265177,"Contrada Olmo, 9, 83030 Zungoli, Avellino, Italy",IT
1005,51.42933,11.341391,44.5584999,2.7732675,"Vieillescazes, 12190 Espalion, France",FR
1006,37.367966,66.87283,37.5405019,126.8489244,"56-23 Hwagokbon-dong, Gangseo-gu, Seoul, Corea del Sur",KR
1007,52.834846,22.833221,60.1021065,5.2232975,"Riksveg 546 670, 5392 Storebø, Norway",NO
1008,23.8689,42.66472,23.8322969,120.6435121,"No. 10, Section 2, Míngsōng Road, Mingjian Township, Nantou County, Taiwan 551",TW
1009,47.565395,33.100155,-38.0574869,175.9493031,"Leslie Road, Ngatira 3485, New Zealand",NZ
1010,39.71097,17.690487,40.8268402,21.4350292,"EO Ptolemaidas Florinas Florinas Nikis, Florina 531 00, Greece",GR
1011,45.72024,10.093283,42.5134553,1.5294781,"Roc del Pouets, AD500 Andorra la Vella, Andorra",AD
1012,0.7648368,15.600699,-22.1563973,28.0364745,"A15, Botswana",BW
1013,48.22893,18.890217,57.8120507,39.5074377,"Р151, Yaroslavl Oblast, Russia",HK
1014,47.200626,47.721107,53.7845451,-1.5407378,"2 Leathley Road, Leeds, West Yorkshire LS10 1BG, UK",GB
1015,53.125317,21.89325,55.38533,25.660429,"2813, 28348, Lithuania",LT
1016,52.712,13.454617,45.4534126,14.8903115,"D3, 51311, Skrad, Croatia",BE
1017,43.45814,31.54168,27.065196,142.2123071,"Japan, 〒100-2101 Tōkyō-to, Ogasawara-mura, Chichijima 都道240号線",JP
1018,50.292645,10.287602,56.4037607,22.3547494,"Parka iela 4, Ezere, Ezere parish, LV-3891, Latvia",LV
1019,52.12368,20.27806,-32.9280271,-71.2887048,"Ruta 60, Quillota, Valparaíso Region, Chile",CL
1020,24.045616,85.9379,46.3873687,14.1007911,"Sebenje 25, 4260 Bled, Slovenia",SI
1021,48.078053,21.760952,43.8845198,39.3943528,"Magistralnaya ulitsa, Lazarevskiy, Krasnodar Krai, Russia",RU
1022,52.393154,21.306026,2.7013674,101.7987103,"1266, 71350 Kota, Negeri Sembilan, Malaysia",MY
1023,39.933346,23.634838,15.9225293,105.0006501,"Unnamed Road, Tambon Non Sawang, Amphoe Kut Khaopun, Chang Wat Ubon Ratchathani 34270, Thailand",TH
1024,53.757168,-4.0985813,-23.1767403,-46.9021086,"Avenida Prefeito Luís Latorre, 1623-1707 - Retiro, Jundiaí - São Paulo, Brazil",BR
1025,35.36018,29.92284,47.013334,26.9452087,"Strada Mare, Adjudeni, Romania",RO
1026,53.629894,17.050446,46.124685,18.1714378,"7677 Orfű, 6604, Hungary",HU
1027,54.801388,13.001454,47.3500102,8.4715119,"Uetlibergtunnel, 8143 Stallikon, Suisse",CH
1028,23.931759,70.08614,1.4158156,103.7174365,"Neo Tiew Lane 1, Singapore",SG
1029,36.795578,59.80967,-33.0675393,-71.5848956,"Río Bueno 186-202, Valparaíso, Valparaíso Region, Chile",CL
1030,29.83031,67.108284,17.4610982,100.7881176,"1237, Tambon Bo Phak, Amphoe Chat Trakan, Chang Wat Phitsanulok 65170, Thailand",TH
1031,60.478546,23.97366,46.7709221,17.2928336,"8315 Gyenesdiás, Kossuth Lajos Street 54-56, Hungary",HU
1032,45.366352,14.868699,47.8046631,23.2825145,"DJ109I, Nagyhegy, Romania",RO
1033,-16.52922,73.87423,-21.1835874,-50.4616806,"Rua Vereador Aldo Campos, 2927-2987 - Paraíso, Araçatuba - État de São Paulo, 16050-145, Brésil",BR
1034,52.567265,17.657696,52.9866983,5.5395018,"De Band 12, 8614 JE Oudega Gem Wymbritserad, The Netherlands",EE
1035,54.68974,15.940599,53.6294404,10.1308204,"Pferdekoppel 4-9, 22159 Hamburg, Germany",DE
1036,48.66879,35.78937,49.510062,8.5530327,"Magdeburger Straße, 68309 Mannheim, Germany",DE
1037,55.063595,17.359898,-26.6698404,26.3637693,"R503, South Africa",ZA
1038,51.20386,19.704285,58.2267178,26.6088028,"Tatra-Otepää-Sangaste, 62009 Tartu County, Estonia",EE
1039,56.00904,9.763346,52.0866959,8.4596773,"Schröttinghausener Straße 59, 33824 Werther, Germany",DE
1040,47.09088,53.010296,22.4120705,114.2114582,"Hyatt Regency Hong Kong Shatin Podium, Tate's Cairn Hwy, Ma Liu Shui, Hong Kong",HK
1041,54.26999,13.634704,42.9747781,25.3312194,"4041, 5374 Yantra, Bulgaria",BG
1042,47.01305,32.032722,65.3038331,13.511759,"Fylkesveg 273 26, 8680 Trofors, Norway",NO
1043,52.743587,27.039883,37.3219283,139.3295524,"Unnamed Road, Tadami-machi, Minamiaizu-gun, Fukushima-ken, Japan",JP
1044,40.926228,13.448937,56.115715,10.1111204,"Genvejen, 8361 Hasselager, Dania",DK
1045,50.23694,16.26788,60.0956032,22.4207743,"Verkviksvägen 161, 25870 Kimitoön, Finland",BR
1046,32.88963,9.0227785,42.8278674,12.5088667,"Località Viepri, 8-11, 06056 Viepri, Perugia, Italy",IT
1047,36.755676,26.037235,-26.0860172,28.2661655,"23-25 Witstinkhout Avenue, Kempton Park 1619, South Africa",ZA
1048,26.118587,47.871853,-12.0802808,-76.50981,"Unnamed Road, Antioquía, Peru",PE
1049,44.53542,14.757369,-32.9280271,-71.2887048,"Ruta 60, Quillota, Valparaíso Region, Chile",CL
1050,40.87161,6.615453,-6.7975071,110.9509389,"Jl. Raya Pati-Kudus, Jekulo, Kudus, Jawa Tengah 59382, Indonesia",ID
1051,50.010807,15.423976,49.9228433,21.3857087,"39-231 Siedliska-Bogusz, Polonia",PL
1052,57.154022,41.234764,56.2803965,-3.3972957,"M90, Perth, Perth and Kinross PH2, UK",GB
1053,38.885967,42.2902,45.9798556,27.7642651,"DJ251A, Drăgușeni, Rumunia",CL
1054,28.381073,62.78997,23.472494,120.2342346,"No. 83, Section 3, Sìwéi Road, Puzi City, Chiayi County, Taiwan 613",TW
1055,18.512337,120.53416,12.1785857,104.3875607,"Unnamed Road, ឃុំ ក្រាំងស្គារ, Kambodsja",KH
1056,51.469807,11.588052,48.8133892,14.3537405,"157, 382 32 Mirkovice, Czech Republic",CZ
1057,50.890316,44.487526,26.8579288,91.4685124,"Jigme Namgal Lam Road, Deothang, Bhutan",BT
1058,43.869038,24.583038,44.4795371,26.1482064,"Strada Escalei, Bucharest, Romania",RO
1059,50.473797,37.0314,41.6282032,-4.7345681,"Calle Daniel del Olmo González, 8, 47008 Valladolid, Spain",ES
1060,44.559914,45.15605,59.8896675,29.6851561,"Koltsevaya Avtomobilnaya Doroga, Óblast de Leningrado, Rusia",RU
1061,39.774044,11.307811,-26.3728241,30.9299223,"MR19, Swaziland",SZ
1062,35.854137,42.75795,57.6019684,18.353198,"FOLLINGBO SVAJDE 125, 621 91 Visby, Sweden",SE
1063,9.308732,39.701828,-23.7572014,24.7583528,"Kweneng West, Botswana",BW
1064,25.80687,73.724495,37.7911219,-77.1508819,"186-222 Vessels Ln, Aylett, VA 23009, USA",RU
1065,41.490715,32.501305,-8.5713384,115.3334352,"Jl. Lg Gambir No.32, Blahbatuh, Gianyar, Bali 80581, Indonesia",ID
1066,54.769176,13.570676,48.5439191,4.3627818,"D48, 10240 Dampierre, Francija",FR
1067,64.04208,20.597622,60.2131837,25.0687764,"Ratasmyllynkuja 3, 00900 Helsinki, Finland",FI
1068,46.979275,33.09909,47.1485565,27.6817516,"DJ249A, Iași, Romania",RO
1069,52.993496,20.061035,57.8120507,39.5074377,"Р151, Yaroslavl Oblast, Russia",US
1070,59.811184,15.986751,44.6563738,0.0705773,"5 Le Grand Champ, 33580 Le Puy, France",FR
1071,-13.343858,26.467583,-31.8080917,25.7669784,"R390, South Africa",ZA
1072,25.241974,63.27236,27.0100824,90.5583611,"Sarpang - Gelephu - Trongsa Hwy, Bhutan",BT
1073,49.48537,11.407628,53.2960903,14.8644266,"1355Z, Poland",PL
1074,39.661804,28.314857,23.8976083,120.4171424,"No. 232, Section 2, Dòuyuàn Road, Erlin Township, Changhua County, Taiwan 526",TW
1075,18.629559,53.94776,11.3003026,105.054889,"Unnamed Road, Cambodia",KH
1076,53.845882,13.599283,52.038468,-8.9868187,"Unnamed Road, Co. Cork, Ireland",IE
1077,31.143196,58.80252,17.5865494,103.4239791,"2091, Tambon Khok Si, Amphoe Sawang Daen Din, Chang Wat Sakon Nakhon 47110, Thailand",TH
1078,39.16569,18.198692,45.2578914,10.3791298,"Via Parmesane, 62, 25010 Remedello di Sotto Brescia, Italie",IT
1079,46.872387,13.146949,55.528436,8.4333969,"Ravnsbjergvej 1, 6710 Esbjerg, Denmark",DK
1080,-45.970634,-80.95514,-23.9818736,-70.2861279,"Panamericana Norte, 安托法加斯塔安托法加斯塔大区智利",CL
1081,53.775112,14.53568,47.4604181,8.4407857,"Alter Bahnhof 2, 8107 Buchs, Switzerland",CH
1082,43.208225,-9.15442,47.7853296,22.7876348,"DJ194B, Vetiş, Romania",RO
1083,2.383,15.358791,-24.4747551,23.8469094,"A2, Botswana",BW
1084,22.402859,12.089888,-26.2709402,31.0743089,"MR3, Swaziland",RU
1085,50.541847,25.664024,50.8737202,4.4710842,"Grote Daalstraat 91-105, 1930 Zaventem, Belgium",BE
1086,56.45784,12.546826,56.9564789,23.6736205,"Dzelzceļa iela 36, Jūrmala, LV-2008, Latvia",LV
1087,50.65471,12.588204,5.5798591,115.5881394,"Unnamed Road, Kuala Penyu, Sabah, Malaisie",MY
1088,46.545033,19.118244,47.3931951,8.4788968,"Hermetschloostrasse 37, 8048 Zurich, Suisse",CH
1089,34.707783,11.980763,51.81804,21.9538033,"Unnamed Road, Polska",KH
1090,49.759712,35.30069,51.5081417,5.3949653,"De Leeuwerikstraat 17, 5683 BN Best, The Netherlands",NL
1091,51.877293,12.559558,46.8637712,7.2686295,"Schneidersmatt, 3184 Flamatt, Switzerland",CH
1092,45.771923,21.22248,47.747413,24.1995383,"DJ186, Rozavlea, Romania",RO
1093,48.140438,20.088661,30.2359556,130.4583304,"259 Yudomari, Yakushima-chō, Kumage-gun, Kagoshima-ken 891-4407, Japan",JP
1094,52.631298,2.8767579,52.4131424,-8.9555881,"L1337, Co. Limerick, Ireland",IE
1095,49.195667,45.098423,1.2777316,103.6213185,"Tuas South Ave 5, Singapore",SG
1096,19.383877,-27.828697,42.9404815,23.2655811,"8102, Svidnya, Bulgaria",BG
1097,56.863834,16.47108,50.937246,4.0625128,"Bergekouter 34, 9300 Aalst, Belgium",BE
1098,28.864117,53.13514,14.986851,99.631609,"Unnamed Road, Tambon Wang Khan, Amphoe Dan Chang, Chang Wat Suphan Buri 72180, Thailand",TH
1099,56.597713,8.671667,48.1832735,11.4453949,"Stromeyerstraße 2-6, 80999 Munich, Germany",DE
1100,53.21799,22.770168,49.4067206,22.1567012,"892, Polska",PL
1101,39.060543,34.369644,40.4190483,-3.542011,"Avenida de Madrid, 32, 28822 Coslada, Madrid, Spain",ES
1102,43.54922,13.173413,22.5995312,88.470726,"Kulaura - Barlekha Hwy, Банґладеш",BD
1103,49.832005,29.95654,41.4020073,-75.7038429,"7 Stauffer Industrial Park, Taylor, Pennsylvanie 18517, États-Unis",US
1104,53.94802,11.557438,54.7577604,24.7858827,"221, Vievininkai 21368, Lithuania",LT
1105,-10.675666,-51.59549,-15.7985617,-70.1422239,"122, Peru",PE
1106,17.66428,76.794914,9.2970747,-75.4091398,"Calle 24A # 9-2 a 9-100, Sincelejo, Sucre, Colombia",CO
1107,60.850307,5.7659693,63.6368858,22.726819,"Skeppsbyggarevägen, 68600 Pedersöre, Finland",FI
1108,17.385002,71.235504,12.1278645,105.8009199,"Unnamed Road, Cambodgia",KH
1109,46.562252,29.114353,45.9477931,13.7190478,"Šmihel 18b, 5261 Šempas, Slovenia",SI
1110,55.69576,10.908332,36.0362239,136.2614025,"4 Goshimacho, Fukui, Fukui Prefecture, Japan",JP
1111,51.296646,11.78741,43.3830141,0.3270477,"D567, 32170 Sarraguzan, France",PT
1112,55.402546,10.437932,37.925306,139.2811963,"Unnamed Road, Shibata-shi, Niigata-ken, Japan",JP
1113,22.09325,6.780614,-23.9132377,26.3784849,"A1, Botswana",BW
1114,55.685204,23.912708,-40.5694353,175.2665597,"12 Paeroa Road, Levin 5572, New Zealand",NZ
1115,40.557507,63.17527,49.4437126,8.5780317,"Trautenfeldstraße 6, 68229 Mannheim, Germany",DE
1116,45.496464,64.16466,1.2799181,103.8556055,"18 Marina Blvd, Singapore",SG
1117,30.92595,23.62318,42.5227556,1.5217967,"CG-3, AD400 La Massana, Andorra",AD
1118,47.7733,25.841095,-12.0558158,-77.1180819,"Av Villegas, Callao 07001, Peru",PE
1119,58.80835,6.5824633,51.4444226,6.9619777,"Brandenburger Straße 21, 45145 Essen, Germany",DE
1120,45.472073,15.0857935,-35.0124374,139.001913,"LOT 1 Burnbrae Road, Harrogate SA 5244, Australia",AU
1121,49.92091,-1.6099637,43.523396,0.8119587,"D149, 32130 Polastron, France",FR
1122,22.967611,95.73042,35.0845006,128.8826475,"19-198 Sinho-dong, Gangseo-gu, Pusan, Corée du Sud",KR
1123,54.925854,16.01884,55.7847656,11.5581805,"Gislingevej, 4571 Grevinge, Denmark",DK
1124,35.88227,82.46355,35.1699764,129.0959727,"48 Geumnyeon-ro, Yeonje-gu, Busan, South Korea",KR
1125,22.340456,34.05436,-9.0252529,-76.064434,"5N, Peru",PE
1126,40.590755,32.552784,-27.9905552,26.7201698,"10-12 Mount Currie Street, Welkom 9459, Republika Południowej Afryki",ZA
1127,50.70178,-10.007042,4.6422294,-74.1721909,"Carrera 92A # 40AS-2 a 40AS-100, Bogota, Cundinamarca, Kolumbia",CO
1128,47.079662,12.290357,51.312865,10.5690178,"Holzthalebener Str. 15, 99996 Menteroda, Germany",AU
1129,42.614277,11.478606,-41.3298877,-72.9733497,"Colón 807-838, Puerto Varas, Los Lagos, Chili",CL
1130,53.852272,16.04148,46.239302,6.0857701,"Avenue Auguste-François-Dubois 30-40, 1217 Meyrin, Switzerland",CH
1131,5.3784,15.356838,-28.6050167,-58.7215775,"RN12, Corrientes, Argentina",AR
1132,18.796303,75.65635,8.3463071,-75.5538771,"I-25 # 30 a 38, Planeta Rica, Cordoba, Colombia",CO
1133,41.13145,10.272722,22.3534918,114.1527704,"Maclehose Trail Sec. 6, Kam Shan, Hong Kong",HK
1134,6.0116005,144.86922,22.254943,113.913803,"Ngong Ping Fun Walk, Lantau Island, Hong Kong",HK
1135,26.543812,78.53616,27.4680713,89.7045582,"Unnamed Road, Yusipang, Bhutan",BT
1136,44.7206,15.278008,43.3951111,-5.2106298,"AS-260, 33548 Parrés (Santa María Magdalena), Asturias, Spain",ES
1137,41.87694,38.538322,46.064868,14.5757935,"Jarše, Slovenia",LT
1138,44.09031,10.975911,24.2501304,121.1660252,"Zhongbu Cross-island Hwy, Heping District, Taichung City, Taiwan 424",TW
1139,53.881863,23.34539,56.9129369,23.8825813,"Viestura iela 6, Dzilnuciems, Babīte parish, LV-2107, Latvia",LV
1140,36.493504,63.822525,27.0811782,89.8735781,"Daga Rd, Daga, Bhutan",BT
1141,52.31384,3.9564857,45.6883736,14.8527049,"Unnamed Road, 1332 Stara Cerkev, Slovenia",SI
1142,-25.820225,46.783356,-25.9561855,31.247268,"MR1, Piggs Peak, Swaziland",SZ
1143,53.07256,27.023941,53.4161675,-122.6233525,"Unnamed Road, Fraser-Fort George E, BC V0J, Canada",CA
1144,55.660484,16.38924,46.4881775,17.8069634,"7452 Somogyaszaló, Kossuth Lajos Street, Hungary",HU
1145,40.308643,11.168147,40.725292,22.8553931,"Unnamed Road, Oreokastro 545 00, Greece",GR
1146,55.441597,15.225551,55.2558571,10.1654316,"Langstedvej 12, 5620 Glamsbjerg, Denmark",DK
1147,42.843727,32.21696,24.9829673,55.6359002,Dubai-Hatta Rd - Sharjah - United Arab Emirates,AE
1148,59.47136,14.705172,43.2678371,23.4521238,"E79, 3040 Vratsa, Bulgaria",BG
1149,41.305668,16.924221,32.0559166,34.8141923,"Golani 9, Ramat Gan, Israel",IL
1150,43.53664,17.6125,47.9604244,21.7408445,"4400 Nyíregyháza, Lobogó Street 1, Hungary",HU
1151,25.849796,59.24893,25.271139,55.307485,130 Al Khaleej Rd - Dubai - United Arab Emirates,AE
1152,42.55972,39.832153,27.224057,90.6197323,"Unnamed Road, Bhutan",BT
1153,38.107822,13.397819,-24.1855489,-53.0247436,"Avenida Dezenove de Agosto, 545, Parana, 87360-000, Brazylia",BR
1154,55.97026,27.269737,-37.8175978,175.3014808,"2 Cromwell Drive, Fitzroy, Hamilton 3206, New Zealand",NZ
1155,-28.388401,108.82576,10.9622098,103.2494186,"Unnamed Road, ឃុំ តានួន, Cambodia",KH
1156,40.32287,33.4986,22.4189227,89.0454931,"Satkhira - Kalaroa Rd, Bangladesh",BD
1157,45.73556,28.619858,46.2299865,7.3750801,"Cours Roger-Bonvin, 1950 Sion, Switzerland",CH
1158,45.052135,25.156044,50.9594546,5.7753615,"Merodestraat 36, 6171 XN Stein, Nederland",NL
1159,57.826504,26.318058,62.6332575,24.0496324,"68 844-884, 63700 Ähtäri, Finland",FI
1160,29.059093,8.974712,48.2129407,2.2984683,"D2152, 45300 Marsainvilliers, France",FR
1161,26.85429,49.449608,-7.3763105,108.5422744,"Jl. St. Banjar, Pataruman, Kota Banjar, Jawa Barat 46322, Indonesia",ID
1162,54.053528,20.029087,52.0518142,-9.7686503,"Unnamed Road, Co. Kerry, Ireland",IE
1163,49.38181,10.415034,46.1897701,14.3028345,"Pevno 20, 4220 Škofja Loka, Słowenia",SI
1164,60.750347,6.682641,52.7979791,-9.4609333,"Unnamed Road, Co. Clare, Ireland",IE
1165,48.283848,21.18443,-37.1735638,174.990929,"421 Hillview Road, Bombay 2675, New Zealand",NZ
1166,51.85851,19.39687,52.2958647,4.8913875,"Amsteldijk Zuid 50, 1184 VD Amstelveen, The Netherlands",NL
1167,30.73685,58.370686,11.3175345,105.3875454,"Unnamed Road, Cambodia",AU
1168,49.731693,20.753265,-30.8522644,30.3492652,"Louis Botha Avenue, Margate 4275, South Africa",ZA
1169,60.09828,15.18279,55.9984308,38.564233,"Severnyy proyezd, Chernogolovka, Maskvos sritis, Rusija",RU
1170,54.879215,9.969345,23.5731934,120.395785,"623, Taiwan, Chiayi County, Xikou Township, 嘉77鄉道",TW
1171,45.48502,11.470858,43.6433768,22.6561225,"1401, 3916 Dabravka, Bulgaria",BG
1172,32.48052,62.84923,18.6549304,-88.2217949,"Unnamed Road, Quintana Roo, Mexico",MX
1173,43.140816,5.6094747,50.9013552,4.5467928,"Stroeykensstraat 22, 3071 Kortenberg, Belgium",BE
1174,8.924007,21.621803,-22.2154994,-54.7937081,"Rua José de Alencar, 1214-1328 - Vila Esperança, Dourados - Mato Grosso do Sul, 79831-160, Brazil",BR
1175,28.080696,86.523506,23.4893971,91.0007747,"N1, Chandina, Bangladesh",BD
1176,40.975277,28.51426,22.4871627,88.1870787,"Jhenaidah Bypass Road, Jhenaidah, Bangladesh",BD
1177,24.912888,57.79425,-33.0682278,-71.3689595,"Nva Toltén, Villa Alemana, 발파라이소 칠레",CL
1178,27.550797,68.63476,-9.0888126,-75.7282498,"PE 5N, Peru",PE
1179,-26.325787,-100.96983,-15.8727927,-73.4399026,"104, Perú",PE
1180,56.16263,17.208992,41.5744425,-81.2186752,"364-374 Wilson Mills Road, Chardon, OH 44024, USA",US
1181,50.171204,12.475743,-28.878411,27.8778491,"De Villiers Street, Ficksburg 9730, Republika Południowej Afryki",ZA
1182,65.64685,-16.498093,65.7186411,-23.1711447,"Vestfjarðavegur, Iceland",IS
1183,54.86463,26.464176,48.9909342,14.6170272,"1468, 373 72 Hvozdec, Czech Republic",CZ
1184,51.82324,10.761241,52.450468,1.4714902,"Rectory Lane, Bungay, Suffolk NR35, UK",GB
1185,38.27424,15.133775,49.2269311,-65.9438263,"130 Rue Principale O, Ruisseau-à-Rebours, QC G0E 2C0, Canada",CA
1186,55.5258,8.182268,47.4808691,8.0972356,"E60, 5078 Effingen, Suisse",CH
1187,-10.050729,122.53663,8.8867186,99.2203309,"44, Tambon Chapthawi, Amphoe Ban Na Doem, Chang Wat Surat Thani 84240, Thailand",TH
1188,46.46416,14.023926,44.4765072,6.0494597,"Basse Rue, 05000 Châteauvieux, France",FR
1189,46.3574,9.717986,46.3766927,16.5309722,"Glavna ulica 34-36, 40321, Mala Subotica, Croatia",HR
1190,46.50593,22.603214,1.2813033,103.6251755,"Tuas South Ave 12, Singapore",SG
1191,44.984196,26.851109,56.6022813,22.8856853,"Upes iela 11, Zebrene, Zebrene Parish, LV-3731, Latvia",LV
1192,-25.795643,23.680634,-27.2314749,31.7084142,"MR11, Swaziland",SZ
1193,37.029675,33.686832,-19.9816151,23.4511249,"Koro, Maun, Botswana",BW
1194,57.52333,32.07893,45.7244084,16.3618363,"Lepšić 3, 10310, Lepšić, Croatia",HR
1195,49.485195,16.855217,52.2447552,6.4374312,"Brummelaarsweg 14, 7475 RJ Markelo, The Netherlands",NL
1196,44.162537,12.238404,28.3448861,129.5697962,"534 Naze Ōaza Sakibaru, Amami-shi, Kagoshima-ken 894-0776, Japan",JP
1197,38.349937,34.54882,52.4205075,16.7818013,"Ogrodowa 134, 62-081 Przeźmierowo, Poland",PL
1198,48.30923,11.394275,47.6275229,19.1488388,"2120 Dunakeszi, Fóti Way 41, Hungary",HU
1199,48.809395,20.72628,23.6955164,120.2580727,"No. 120, Chāngnán Road, Dongshi Township, Yunlin, Tajwan 635",TW
1200,54.326145,3.7799087,52.0417588,4.3918582,"Molenweg 15, 2631 AA Nootdorp, The Netherlands",NL
1201,49.694874,6.727535,52.0522158,21.4563581,"6A, 05-340 Człekówka, Poland",PL
1202,42.175762,67.188644,23.2266177,90.0198932,"Dhaka - Barisal Hwy, Takerhat, Bangladesh",BD
1203,37.596745,15.197885,40.8133167,-4.8625112,"A-50, 05350 Riocabado, Ávila, Spain",ES
1204,50.05023,15.100465,49.2223135,21.3727092,"545018, 086 21 Nižná Voľa, Slovakia",GR
1205,26.125088,57.113926,2.7828737,101.8007595,"362, 71900 Labu, Negeri Sembilan, Malaysia",KH
1206,39.756126,54.39938,60.1732607,24.1233199,"11131 2-20, 02590 Siuntio, Finland",FI
1207,47.372395,17.13156,49.0591551,19.8849551,"Východná 728, 032 32 Východná, Slovakia",SK
1208,51.470196,20.761677,1.2513621,103.8247028,"15 Artillery Ave, Singapore 099949",SG
1209,58.59576,17.346046,-39.925979,175.0171491,"31-33 Stafford Street, Springvale, Whanganui 4501, New Zealand",NZ
1210,48.467693,26.917614,49.3875815,1.0697446,"33 Avenue de la Mare aux Daims, 76800 Saint-Étienne-du-Rouvray, France",FR
1211,42.762157,74.720566,35.1300032,129.0618541,"1642 Beomil 5(o)-dong, Dong-gu, Busan, South Korea",KR
1212,37.9136,41.78909,-13.7238493,-75.895771,"Libertadores 220, Peru",PE
1213,60.967926,16.951906,-46.2315704,168.0303659,"104 Omutu Road, Gropers Bush 9883, New Zealand",NZ
1214,61.21326,42.568474,61.5508753,23.5747853,"Kolmenkulmantie 2-4, 33470 Ylojarvi, Finland",FI
1215,11.503991,54.73118,32.7762021,35.0463771,"75, Nesher, Israel",IL
1216,42.37919,22.767052,4.7520584,-74.0617542,"Calle 168 # 62-2 a 62-100, Bogotá, Cundinamarca, Colombia",AE
1217,51.9788,2.5471306,27.0294432,89.907739,"Daga Rd, Bhutan",BT
1218,47.248066,17.490166,-40.0139031,175.4011146,"5931-5933 Jeffersons Line, Marton 4788, New Zealand",NZ
1219,6.7195725,34.885445,13.9307215,106.1468686,"Unnamed Road, Kambodža",KH
1220,43.913666,38.200687,35.1741142,129.0358504,"601-29 Buam 3(sam)-dong, Busanjin-gu, Busan, South Korea",KR
1221,74.47206,18.01049,65.6168663,21.4291505,"Älvsbyvägen, 975 91 Luleå, Sweden",SE
1222,51.38786,12.130597,1.326555,103.7662719,"103 Sunset Way, Singapore 597136",SG
1223,46.06686,15.534319,-37.5725526,175.5371903,"104-120 Manhire Road, Te Puninga 3374, New Zealand",NZ
1224,55.093586,-3.048605,49.6199766,0.2030775,"5 Hameau d'Ecultot, 76280 Gonneville-la-Mallet, France",FR
1225,-9.760732,17.234554,-22.2568073,28.1132175,"Selebi-Phikwe, Botswana",BW
1226,44.349102,23.075687,51.5719386,5.4736084,"Sluitappel 34, 5491 TS Sint-Oedenrode, The Netherlands",NL
1227,74.28489,-3.2751393,70.8967003,27.7327175,"Riksveg 888, 9740, Norway",NO
1228,40.8101,39.77601,-33.9846381,19.2983073,"R43, South Africa",ZA
1229,0.09407711,28.005733,20.6523352,-103.0426902,"Mexico 80, Jalisco, Mexique",MX
1230,-22.110611,74.55063,-25.3066673,27.192732,"Unnamed Road, Mabele-a-Podi, 0354, South Africa",NL
1231,38.53277,27.965412,-26.8542489,27.9044767,"R57, Pietų Afrika",ZA
1232,36.96921,40.332573,35.2641523,129.1060469,"744-3 Seon-dong, Geumjeong-gu, Busan, South Korea",KR
1233,-9.196727,85.861946,-30.7733931,117.4171465,"LOT 1 Koorda North West Road, Newcarlbeon WA 6475, Australia",AU
1234,57.556587,15.719249,49.4805472,15.7874967,"34822, 588 13 Polná, Czech Republic",BT
1235,44.70989,23.026703,51.2033009,3.3536507,"Gentse Steenweg 53, 8340 Damme, Belçika",BE
1236,-17.185982,109.809166,11.0185206,103.7871266,"National Hwy 4, Камбоджа",KH
1237,47.971695,16.895336,4.5107504,-75.7041417,"Armenia - La Tebaida # 2, Armenia, Quindío, Kolumbia",CO
1238,55.575237,2.9389887,54.930222,-7.7310742,"Ballyboe, Co. Donegal, Ireland",IE
1239,58.729115,17.205044,58.816358,24.1968702,"Silla-Jädivere, 78103 Rapla County, Estonia",EE
1240,43.82945,29.722618,35.2164876,129.2245784,"289-4 Yeonhwa-ri, Gijang-eup, Gijang-gun, Busan, South Korea",KR
1241,44.602192,30.394577,16.7400885,100.6693588,"Unnamed Road, Tambon Chomphu, Amphoe Noen Maprang, Chang Wat Phitsanulok 65190, Thailand",TH
1242,3.6443024,-38.53458,2.5009864,-60.8830441,"BR-174, Boa Vista - RR, Brazil",CH
1243,30.499249,79.203224,31.9598273,34.8614429,"Eitan Street, Nir Cvi, Izrael",US
1244,13.475557,85.28469,24.9635828,55.4071812,E 77 - Dubai - United Arab Emirates,AE
1245,42.72473,22.941498,54.0125205,23.9826442,"Druskininkų gatvė 15-17, Druskininkai 66166, Lithuania",LT
1246,42.07444,39.730087,-38.1662411,145.1189366,"19 Marcus Road, Frankston South VIC 3199, Australia",AU
1247,37.58027,43.9132,42.7689239,24.0509882,"E871, 2087 Chelopech, Bulgaristan",BG
1248,53.59532,12.869316,52.8969056,5.0696999,"Noorderdijkweg 24, 1771 MJ Wieringerwerf, The Netherlands",NL
1249,35.549435,-49.035213,18.1364387,-94.4862353,"Topacio, 24 de Octubre, 96536 Coatzacoalcos, Veracruz, Mexico",MX
1250,17.780012,64.88802,-41.482807,147.1501805,"Midland Highway, Kings Meadows TAS 7249, Australia",AU
1251,52.254402,19.29229,43.5576321,-5.9277576,"Calle Alcalde Francisco Orejas, 2, 33401 Aviles, Asturias, Spain",ES
1252,37.23606,7.5731936,42.1079569,-5.659995,"A-66, 49692 Adanero, Ávila, Spain",ES
1253,50.721054,-1.329412,52.8696399,-9.3179626,"Unnamed Road, Co. Clare, Ireland",IE
1254,47.540146,29.11739,47.7284681,19.9118764,"3212 Gyöngyöshalász, M3, Ungarn",HU
1255,46.553684,22.213009,48.3574264,-1.9775148,"Le Plessix, 22630 Évran, France",FR
1256,51.73709,16.263649,53.8825725,22.6956887,"Droga Wojewódzka 661, Poland",PL
1257,35.559742,56.138702,37.5452994,127.0746693,"500-22 Hwayang-dong, Gwangjin-gu, Seoul, South Korea",KR
1258,44.05301,18.377327,-41.3351557,173.0976642,"238-272 Golden Hills Road, Brightwater 7091, New Zealand",CL
1259,46.367126,44.084545,23.0052185,89.4222906,"Jessore - Khulna Hwy, Noapara Paurasava, Bangladesh",BD
1260,42.228363,2.875623,63.0373841,7.7334803,"Møstveien 87, 6523 Frei, Norway",NO
1261,47.58588,20.579746,-33.9846381,19.2983073,"R43, South Africa",ZA
1262,57.636406,17.307297,52.9604724,5.9045662,"Karturf 86, 8447 DR Heerenveen, The Netherlands",NL
1263,54.475807,16.360111,54.6614707,23.0307221,"S. Nėries gatvė 71, Vilkaviškis 70171, Lithuania",LT
1264,46.258,6.2240996,52.5388878,13.2804175,"Goebelplatz 5, 13627 Berlin, Germany",DE
1265,36.020134,24.11227,55.8177072,21.6445756,"3213 42, Kuliai 90370, Litva",CL
1266,-10.1582155,-61.741585,-27.2186432,-66.8029492,"RN40, Catamarca, Argentina",AR
1267,64.60062,21.11943,68.4790774,28.4504781,"91 4496-4506, 99800 Inari, Finland",BW
1268,34.3992,44.943394,50.1039857,16.2627358,"Jiráskova 263, 517 42 Doudleby nad Orlicí, Czech Republic",CZ
1269,25.97369,12.117734,46.0688725,5.2043069,"161 Chemin du Mas Vernon, 01240 Dompierre-sur-Veyle, France",FR
1270,67.345116,20.364216,-43.4617362,172.0244982,"182 Deans Road, Darfield 7571, New Zealand",NZ
1271,31.702522,95.2429,23.8818458,90.0305198,"108, Road-1, Belayet Hossain Khan Road Dhaka - Aricha Hwy, Manikganj 1800, Bangladesh",BD
1272,52.186802,21.67566,56.267591,15.2358069,"27, Ronneby NV, Sweden",SE
1273,51.20305,11.267827,-43.3919464,172.6514019,"9 Isaac Wilson Road, Kaiapoi 7630, New Zealand",NZ
1274,-30.24538,55.817867,-28.0174372,114.5452115,"Binnu Road West, West Binnu Australia Zachodnia 6532, Australia",AU
1275,32.831837,35.505028,32.9043742,35.2890731,"Duchifat 10-24, Karmiel, Israel",IL
1276,37.72408,10.410878,44.5346602,15.3445655,"D25, 53000, Kaniža Gospićka, Croatia",HR
1277,37.28094,6.352508,62.6725745,-116.1967801,"Yellowknife Hwy, Fort Smith, Unorganized, NT X0E, Canada",CA
1278,5.85917,-28.93481,32.8150964,35.1491122,"70, Schefar'am, Israel",IL
1279,20.55446,37.295444,-24.6194593,25.8444358,"Molepolole Road, Gaborone, Botswana",BW
1280,-2.128252,132.02159,62.5072935,6.0983427,"Riksveg 658, 6050 Valderøya, Norway",NO
1281,34.226948,30.835556,-16.3055726,-48.9451858,"Rua Colômbia, 308-374 - Vila Santa Isabel, Anápolis - Goiás, 75083-260, Brazil",BR
1282,14.15402,25.987381,-13.7238493,-75.895771,"Libertadores 220, Peru",PE
1283,38.430923,48.42756,23.6980134,89.7215527,"Dhaka - Faridpur Hwy, Bangladesh",BD
1284,42.787853,-13.8879,46.945793,9.5456058,"A13, 7205 Zizers, Switzerland",CH
1285,50.132282,34.741787,25.2792022,55.303216,D85 - Dubai - United Arab Emirates,AE
1286,38.707783,27.491142,23.2672523,89.1610194,"Jessore - Jenaidah Hwy, Bangladesh",BD
1287,-2.726884,-74.35316,-15.8727927,-73.4399026,"104, Perú",PE
1288,53.193153,43.062614,58.1576228,7.1669166,"Fylkesveg 554 130, 4580 Lyngdal, Norway",NO
1289,50.14139,11.52356,50.9201709,4.0185296,"Hoezestraat 65, 9320 Aalst, Belgium",BE
1290,53.240597,25.689621,50.0059267,36.2357461,"Pravdy avenue, 12, Kharkiv, Kharkiv Oblast, Ukraine",UA
1291,34.501133,54.03701,12.1278645,105.8009199,"Unnamed Road, Cambodgia",KH
1292,48.390903,27.576557,27.2285719,90.6692169,"Unnamed Road, Bhutan",AE
1293,55.976456,29.525135,64.3482287,25.2110476,"18546 327-423, 86470 Vihanti, Finlande",FI
1294,58.40897,25.783386,63.6836052,11.1170002,"Fylkesveg 115, 7620, Norway",NO
1295,27.832516,60.054184,23.0813629,89.8626732,"Tekerhat - Gopalganj Rd, بنگلادش",HK
1296,52.303463,14.030263,58.8797785,25.5307081,"Pärnu 122, Paide, 72720 Järva County, Estonia",EE
1297,41.579624,23.488724,-37.4135393,144.9652236,"25 King William Court, Wallan VIC 3756, Australia",AU
1298,57.93624,-0.16888762,52.9604724,5.9045662,"Karturf 86, 8447 DR Heerenveen, The Netherlands",NL
1299,53.2223,8.083208,45.8813023,22.9111404,"Deva, Romania",RO
1300,57.840015,14.925595,64.2544915,-15.207395,"Víkurbraut, 780 Höfn, Islandija",IS
1301,49.97334,38.428173,59.9121561,30.3477634,"Kurskaya ulitsa, 15, Saint Petersburg, Russia, 190000",RU
1302,38.03822,29.875721,23.0052185,89.4222906,"Jessore - Khulna Hwy, Noapara Paurasava, Bangladesh",BD
1303,45.089752,17.613287,33.2946573,-83.3861579,"Gray Road Southwest, Eatonton, Georgia 31024, Statele Unite ale Americii",US
1304,16.304314,82.662926,25.139532,55.253798,11 11 B St - Dubai - United Arab Emirates,AE
1305,45.99048,21.704208,50.8879232,3.9765526,"Boekentstraat 41, 9451 Haaltert, Belgique",BE
1306,48.81634,-16.371399,51.6278767,-8.9436156,"R599, Co. Cork, Ireland",IE
1307,56.56986,29.465015,62.9823882,17.3884023,"MAJAÅN 101, 873 91 Bollstabruk, Sweden",SE
1308,47.180325,13.500459,50.8961555,3.3083888,"Oostrozebeeksestraat 13-19, 8531 Harelbeke, Belgium",BE
1309,15.796845,88.57113,-27.1922694,31.3473493,"MR11, Swaziland",SZ
1310,54.047665,32.991337,34.654184,134.9853212,"5-72 Saenbacho, Akashi, Hyogo Prefecture, Japan",JP
1311,42.74338,16.432308,63.5517868,10.9071996,"E6 30, 7510 Skatval, Norway",NO
1312,27.084564,53.043457,25.0863219,55.2291673,Unnamed Road - Dubai - United Arab Emirates,AE
1313,17.848362,104.85857,22.2825237,114.2281781,"8 Oi Yin St, Aldrich Bay, Hong Kong",HK
1314,41.830173,33.581516,45.1741164,37.2741405,"M25, Belyy, Krasnodar Krai, Russia",RU
1315,51.047764,20.116245,56.6698549,23.7354294,"Loka maģistrāle 39-41, Jelgava, LV-3004, Latvia",LV
1316,40.749916,30.2275,35.2976864,129.228075,"298-3 Cheonggwang-ri, Ilgwang-myeon, Gijang-gun, Busan, South Korea",KR
1317,35.55487,52.423832,54.1583019,-2.2510689,"Pennine Way, North Yorkshire, Storbritannien",HK
1318,50.606003,11.66852,26.6543822,142.1540844,"Japon, 〒100-2211 Tōkyō-to, Ogasawara-mura, Hahajima 都道241号線",JP
1319,22.955471,79.31752,1.4610461,103.8359397,"Sembawang Terminal Ave 3, Singapore",SG
1320,48.379128,34.502388,36.6607154,-6.1482004,"Проспект Рейно Унидо, 11408 Херес, Кадис, Испания",ES
1321,47.55963,17.23293,52.3720301,9.6624379,"In der Steinbreite 95-99, 30455 Hanover, Germany",DE
1322,47.81889,26.20536,53.8825725,22.6956887,"Droga Wojewódzka 661, Poland",PL
1323,-12.852426,97.583626,-32.7364002,134.7767414,"Streaky Bay Highway, Poochera SA 5680, Australia",AU
1324,51.933968,19.205685,51.1440193,3.0407871,"Bekegemstraat 2-6, 8480 Ichtegem, Belgium",BW
1325,41.91773,16.733234,44.5823382,41.0106565,"ulitsa Garagina, Krasnodar Krai, Russia",RU
1326,15.237256,72.050446,20.4718765,-100.5386006,"Morelos, Guanajuato, Mexico",MX
1327,32.540874,10.461442,41.753626,-6.5694148,"R. Central, 5300, Portugal",PT
1328,57.21184,16.168056,58.4745921,25.634628,"Taari-Auksi, 70202 Viljandi County, Estonia",EE
1329,43.80993,57.423958,37.4555366,127.0204098,"359-1 Juam-dong, Gwacheon-si, Gyeonggi-do, South Korea",KR
1330,45.797886,-9.061701,41.6549721,13.7020128,"Piazza Tita Rocca, 16, 03034 Purgatorio Frosinone, Italy",IT
1331,41.92954,26.510075,48.6582514,17.5497186,"Baranecká 55, 906 13 Brezová pod Bradlom, Slovakia",SK
1332,55.43562,10.52619,55.7566648,24.11259,"E272, 38389, Lithuania",LT
1333,42.706196,2.4239717,39.1484089,-81.364644,"West Virginia 47, Walker, Virginie-Occidentale 26180, États-Unis",US
1334,38.34541,13.391431,12.61861,104.016222,"Unnamed Road, Cambodia",KH
1335,43.779354,19.703808,-34.6933613,173.0222616,"5824-6092 Far North Road, Ngataki 0484, New Zealand",NZ
1336,46.948456,6.432599,46.362023,25.7921714,"Brassói Way, Miercurea Ciuc, Romania",RO
1337,42.5255,38.620956,31.1032444,130.8779323,"Japan, Kagoshima-ken, Kimotsuki-gun, Minamiōsumi-chō 県道74号線",JP
1338,38.022587,106.140755,22.4970235,114.1309933,"S Kwun Po Rd, Fanling, Hongkong",HK
1339,48.49487,33.670307,56.13974,40.3912041,"Oktyabrskiy prospekt, 40, Vladimir, Oblast' di Vladimir, Russia, 600000",RU
1340,48.03744,37.88315,23.4839857,89.9025838,"Mawa - Bhanga Hwy, Bangladesh",BD
1341,45.791927,96.64849,35.9898676,139.0785663,"Japan, 〒368-0035 Saitama-ken, Chichibu-shi, Kamimachi, 2 Chome−7 県道73号線",HK
1342,56.552025,21.657814,48.6665479,21.9920491,"555, 072 13 Palín, Slovakia",SK
1343,20.98447,8.749081,-22.3815092,26.7566804,"A14, Serowe, Botswana",BW
1344,48.084896,27.041435,47.1093432,17.9184398,"8200 Veszprém, Haszkovó Street 31, Hungary",HU
1345,30.68834,84.28025,32.2760723,34.8458011,"Zalman Shazar 12-16, Netanya, Israel",IL
1346,73.57139,29.926891,67.0781774,19.7736487,"827, 982 99 Gällivare, Sweden",SE
1347,33.072365,67.78334,54.9680946,73.3956531,"ulitsa Dekabristov, 141, Omsk, Omsk Oblast, Russia, 644046",RU
1348,61.326,-5.319986,53.7232717,-7.4478223,"Unnamed Road, Co. Westmeath, Ireland",GR
1349,40.44815,39.30632,12.8453889,105.9932538,"Unnamed Road, Cambodia",KH
1350,18.221554,-6.328843,42.6228849,1.5531845,"Ctra. de Sorteny, AD300 Ordino, Andorra",AD
1351,39.861954,23.69117,37.5110696,127.1961968,"10 Daeseong-ro, Hanam-si, Gyeonggi-do, South Korea",KR
1352,56.296364,22.545567,-37.7492346,175.2167228,"Waikato Expressway, Burbush, Horotiu 3288, New Zealand",NZ
1353,49.7251,33.944927,59.624689,18.0007048,"858, 195 96 Rosersberg, Sweden",SE
1354,48.808846,28.680382,48.3092991,18.0893943,"Wilsonovo nábrežie 66, 949 01 Nitra, Slovaquie",SK
1355,47.155323,17.544815,4.9771511,-73.7459905,"Unnamed Road, Sesquilé, Cundinamarca, Colombia",NO
1356,41.333935,11.685921,8.4328197,99.7824957,"Unnamed Road, Tambon Kam Lon, Amphoe Lan Saka, Chang Wat Nakhon Si Thammarat 80230, Thailand",TH
1357,29.640247,71.01569,-6.3531513,107.1194481,"Jl. Raya Serang-Cibarusah No.19, Cikarang Sel., Bekasi, Jawa Barat 17530, Indonesia",ID
1358,26.138245,32.973972,38.3569132,23.6412979,"Unnamed Road, Chalkida 341 00, Greece",GR
1359,61.946003,20.192139,49.9982359,15.7399254,"32226, 530 02 Třebosice, Czech Republic",CL
1360,59.756153,17.466534,-31.9805969,116.0014539,"90 Bougainvillea Avenue, Forrestfield Australie-Occidentale 6058, Australie",AU
1361,41.096134,32.445885,-19.9816151,23.4511249,"Koro, Maun, Botswana",BW
1362,35.785915,57.875923,4.2009246,114.0589141,"AH150, 98150 Bekenu, Sarawak, Malaysia",MY
1363,33.460037,6.4786134,63.7579001,-68.5444608,"1516-1520 Ungalliqpaat, Iqaluit, NU X0A, Canada",CA
1364,44.865566,38.141953,-6.9009907,-48.0262318,"BR-153, Tocantins, 77860-000, Brazil",BR
1365,52.76193,5.693744,53.9911276,-1.531255,"16 Queen Parade, Harrogate, North Yorkshire HG1, UK",GB
1366,50.36626,10.142223,33.9441487,-86.4221143,"51380-51530 Alabama 53, Oneonta, Alabama 35121, Verenigde Staten",US
1367,24.450459,87.46104,23.0564588,89.7703334,"Dhaka - Khulna Hwy, Bangladesh",BD
1368,54.54104,29.694675,45.4662467,-69.554097,"Unnamed Road, Magong City, Penghu County, Taiwan 880",TW
1369,41.531933,19.887665,52.0376974,8.4885073,"Morgenbreede 41, Bielefeld University, 33615 Bielefeld, Germany",DE
1370,46.76798,6.819526,-11.0839133,-76.1468108,"Unnamed Road, Перу",PE
1371,55.38415,14.918155,49.3451958,21.5451767,"557018, 089 01 Vyšná Jedľová, Slovakia",SK
1372,43.108627,10.491151,47.5279843,8.7138218,"Aubodenstrasse 69, 8472 Seuzach, Switzerland",CH
1373,41.98607,17.669472,47.3952675,8.4493369,"Bühlackerstrasse 5, 8952 Schlieren, Switzerland",CH
1374,46.179226,43.70823,46.0443953,14.4878945,"Jadranska ulica 2, 1000 Ljubljana, Słowenia",SI
1375,45.52422,16.876915,55.2479313,24.8118215,"Vienkiemio gatvė 13, Ukmergė 20148, Lithuania",LT
1376,33.36842,7.1592035,37.9604418,-6.1434396,"Carretera Hoya de Santa María, Monesterio, Badajoz, Spain",ES
1377,59.539288,22.006958,46.0138594,4.0083933,"377-661 Chemin des Sources, 42155 Ouches, France",AE
1378,23.930069,62.194405,24.9266758,55.6418178,Dubai-Hatta Rd - Sharjah - Các tiểu Vương quốc Ả rập Thống nhất,AE
1379,45.237667,19.557426,27.715644,129.0164361,"Japón, 〒891-7101 Kagoshima-ken, Ōshima-gun, Tokunoshima-chō, Kametsu 県道80号線",JP
1380,17.804615,2.2925653,-24.5525749,28.7465582,"R519, South Africa",ZA
1381,16.232635,105.84603,-7.178367,107.872573,"Jl. Raya Cipanas, Tarogong Kaler, Garut, Jawa Barat 44151, Indonesia",ID
1382,52.338036,48.50591,45.7669185,14.6260219,"1317 Jelovec, Słowenia",SI
1383,32.8588,-25.31115,41.1639078,-7.0711383,"Rua da Romanzeira, 5160, Portogallo",PT
1384,45.29389,22.266205,43.1255162,-0.8417212,"Doronde, 64470 Tardets-Sorholus, France",FR
1385,59.747593,10.44171,59.4660284,10.8376751,"Riksveg 115 40, 1591 Sperrebotn, Norway",NO
1386,42.74039,47.681816,61.2691734,27.8462885,"Kuivasensaarentie 575, 54950 Savitaipale, Finland",FI
1387,47.085457,20.112759,54.9238988,25.170779,"5230, 14271, Lithuania",LT
1388,26.340359,76.47465,9.0780556,99.8936111,"4232, Tambon Khanom, Amphoe Khanom, Chang Wat Nakhon Si Thammarat 80210, Thailand",TH
1389,45.254734,16.748894,46.8724615,7.2835462,"Felsenegg, 3184 Flamatt, Switzerland",CH
1390,47.777077,12.321593,58.0575486,26.6567201,"Sirvaste-Kitse, 63405 Comté de Põlva, Estonie",EE
1391,54.17255,22.66808,47.5833231,5.0559742,"D120, 21120 Marey-sur-Tille, France",CH
1392,33.823387,58.9839,1.3075997,103.6952759,"2 Jln Samulun, Singapore 629120",SG
1393,50.865948,9.576471,54.650288,23.1121544,"5110 40, Gudeliai 70199, Lithuania",LT
1394,41.747158,38.651947,37.607062,126.8170144,"441-225 Haengjuoe-dong, Deokyang-gu, Goyang-si, Gyeonggi-do, South Korea",KR
1395,4.2670403,22.673351,40.0978711,-2.2226587,"Calle Olmo, 5, 16190 Chillarón de Cuenca, Cuenca, Spain",GB
1396,-10.033938,16.165543,32.9854803,35.5090427,"Zamir 387-388, Safed, Israel",IL
1397,44.91772,19.515919,-30.9518418,24.3036323,"N10, Zuid-Afrika",ZA
1398,34.55809,58.434097,37.8509902,-4.8936336,"Calle la Revoltosa, 14710 Córdoba, Spain",ES
1399,47.146217,70.19964,50.0059267,36.2357461,"Pravdy avenue, 12, Kharkiv, Kharkiv Oblast, Ukraine",UA
1400,51.31136,10.789831,55.4392969,25.8202168,"4902, 28311, Lithuania",LT
1401,44.802097,4.721551,50.4586964,4.3826184,"Rue Nestor Falise 15, 6180 Courcelles, Belgium",BE
1402,54.069305,12.226415,50.4680681,13.7923479,"257, 440 01 Kozly, Czech Republic",CZ
1403,45.497673,17.677948,39.3358979,22.4258632,"Epar.Od. Farsalon-Asprogion, Farsala 403 00, Greece",GR
1404,34.956226,40.63501,36.928753,24.7388756,"Unnamed Road, Sifnos 840 03, Grækenland",GR
1405,28.644123,92.59436,1.2889851,103.7703323,"33 Harbour Dr, Singapore 117606",SG
1406,29.01812,52.957985,-33.836289,150.005703,"Kanangra Road, Jenolan NSW 2790, Australia",AU
1407,22.51436,18.85434,21.0082174,-89.5743053,"Calle 25ᶜ, La Florida, 97138 Merida, Yucatan, Mexico",CZ
1408,43.60559,16.560612,37.2865992,23.1740685,"Posidonos, Kosta 213 00, Greece",GR
1409,-22.543644,24.871231,-22.3815092,26.7566804,"A14, Serowe, Botswana",BW
1410,48.923687,5.881283,46.765252,16.0170994,"Pertoča 89, 9262 Rogašovci, Slovenia",SI
1411,53.20918,11.1060705,57.0778009,21.4229735,"P111, Užava parish, LV-3627, Latvia",LV
1412,50.171055,18.15472,-36.3280346,174.7366644,"55 Quintal Road, Big Omaha 0985, New Zealand",NZ
1413,40.427315,21.810253,-28.2012784,29.1325397,"R722, Afrique du Sud",ZA
1414,54.659008,15.765694,51.9400583,6.1542295,"Prinses Beatrixstraat 77, 6942 Didam, The Netherlands",NL
1415,48.43494,7.909342,46.9906902,6.9036802,"Chemin du Soleil 15, 2000 Neuchatel, Switzerland",CH
1416,51.991085,23.165993,39.3834561,140.0316885,"405 Mizubayashi, Yurihonjo, Akita Prefecture, Japan",JP
1417,54.826775,27.532719,45.9982655,14.5166134,"Ižanska cesta 442b, 1000 Ljubljana, Slovenië",SI
1418,49.466602,17.272053,27.5480806,90.1393181,"Wangdue Phodrang - Nobding Hwy, Bhutan",BT
1419,16.478996,10.853589,-26.3791816,31.955276,"MR7, Swaziland",DK
1420,56.354588,14.300763,52.412372,13.1403109,"Schäferstraße 10-14, 14109 Berlijn, Duitsland",DE
1421,-67.4724,-29.447746,-23.7088498,22.8262872,"A2, Botswana",BW
1422,25.328354,29.233448,-13.3313867,-76.2377395,"Panamericana Sur, Peru",PE
1423,46.86273,13.507919,46.7641679,17.6671638,"8630 Balatonboglár, Zrínyi Street & E71, Hungary",HU
1424,49.70114,16.201572,43.203431,25.2274496,"403, 5234 Dimcha, Bulgaria",BG
1425,-27.779888,-55.77949,-30.4373008,-59.9466052,"RP1, Santa Fe, Argentina",AR
1426,58.655758,15.359128,55.3279198,12.102232,"Østerskovvej 39, 4682 Tureby, Denmark",HK
1427,19.848892,58.071053,25.2005107,55.5191446,Amardhi St - Dubai - United Arab Emirates,AE
1428,16.55849,105.867516,1.3239613,103.6384373,"3 Tuas Ave 18A, シンガポール",SG
1429,53.49513,16.797272,45.8252787,4.2413312,"La Frenee, 42510 Bussières, France",FR
1430,54.163704,18.84674,54.7972009,18.045615,"Droga Wojewódzka 213, Pologne",PL
1431,11.793985,-6.4047766,-31.4395063,-61.9669019,"RN19, Santa Fe, Argentina",AR
1432,42.53236,59.583668,55.6757297,13.7812034,"Brösarpsvägen 353-25, 275 67 Vollsjö, Sverige",SE
1433,-18.892353,-66.135796,-11.2309871,-76.2269739,"Unnamed Road, Perù",PE
1434,49.846954,16.033384,48.0577095,19.4222444,"2673 Csitár, Ságvári Way 3-5, Hungary",HU
1435,29.899208,59.512505,42.2258177,0.6363144,"A-2613, 22587, Huesca, Spain",ES
1436,45.369442,28.100567,42.5433869,1.7338409,"Carrer de les Abelletes, 13, AD200 Pas de la Casa, Andorra",AD
1437,52.202396,16.395824,56.6226337,26.6397047,"P84, Murmastienes pagasts, LV-4836, Latvia",LV
1438,45.221775,27.198372,59.0128902,24.8374903,"Ülejõe-Ridaküla, Ridaküla, 79528 Rapla County, Estonia",EE
1439,46.06126,-1.303402,37.9367396,21.1458227,"Riga Fereou, Killíni 270 68, Greece",GR
1440,2.2877393,36.921055,-26.2227225,31.0290662,"MR3, Ngwenya, Swaziland",SZ
1441,17.773766,-59.675873,64.5299269,-21.580446,"Dragavegur, Islandia",IS
1442,40.72559,35.34499,27.3638979,89.4632188,"Paro - Thimphu Hwy, Paro, Bhutan",BT
1443,27.431087,27.920677,-34.7500848,19.6872348,"R317, Agulhas National Park, South Africa",ZA
1444,40.24709,13.904508,46.5710655,3.3499353,"38-42 D779, 03400 Yzeure, France",FR
1445,23.31792,34.163994,1.2432465,103.8275199,"120 Tanjong Beach Walk, Singapore 098942",SG
1446,47.375404,15.087641,63.1355389,28.1266791,"Juankoskentie 696-698, 73320 Nilsiä, Finland",FI
1447,49.440994,19.518616,55.192591,24.596169,"E262, 20309, Lithuania",LT
1448,35.490673,29.168182,41.7880057,23.6396797,"19, 2776 Obidim, Bulgarie",BG
1449,49.091312,46.759426,37.5567363,126.9069719,"486-25 Mangwon-dong, Mapo-gu, Seoul, South Korea",KR
1450,46.501854,71.46493,51.1656436,-120.1248812,"Southern Yellowhead Highway, Barrière, Kolumbia Brytyjska V0E 1E1, Kanada",CA
1451,42.947514,28.7062,43.5093055,23.0468837,"1, 3482 Vinište, Bulgaria",BG
1452,48.834377,9.960271,43.2592602,-5.1191395,"N-625, 33558, Asturias, Spain",ES
1453,46.18135,20.974285,48.3715247,17.9747146,"513012, 951 42 Zbehy-Andač, Slovakia",SK
1454,47.97516,38.35968,53.8945905,-8.3970175,"Unnamed Road, Co. Роскоммон, Ирландия",IE
1455,29.09576,77.42525,24.8632597,55.1780379,Emirates Rd - Dubai - Emiratele Arabe Unite,KH
1456,55.88428,1.8801613,51.6583473,-9.3520954,"Unnamed Road, Co. Cork, Ireland",IE
1457,51.559246,26.015266,46.3579699,-66.8391257,"NB-107, Douglas, NB E6B, Canada",CA
1458,55.11523,8.892522,65.3618226,13.5865653,"Fylkesveg 273 922, 8680 Trofors, Norway",NO
1459,48.27615,-1.5495348,37.8395327,21.9455014,"Unnamed Road, Kalavrita 250 04, Greece",GR
1460,26.918915,21.919353,4.9374125,-73.8369476,"Carrera 12 # 8-1 a 8-99, Guatavita, Cundinamarca, Colombia",CO
1461,45.604294,28.814949,1.4476892,103.8124889,"Sembawang Way, Singapore",SG
1462,-8.624366,77.51144,-30.7733931,117.4171465,"LOT 1 Koorda North West Road, Newcarlbeon WA 6475, Australia",AU
1463,45.630116,16.312202,53.9684328,-6.5750786,"L1143, Co. Louth, Ireland",IE
1464,39.068996,46.292522,4.3190905,-74.806638,"Calle 40 # 99, Girardot, Cundinamarca, Colombia",CO
1465,58.48284,26.247063,56.7261772,-120.9897706,"19245-19301 Prespatou Rd, Buick, BC V0C 2R0, Canada",CA
1466,48.280018,61.776997,27.2797744,89.3050244,"Chhudzom - Haa Rd, Bhutan",AU
1467,45.356792,29.556953,59.4396539,10.6355366,"Per Sivles vei 19, 1511 Moss, Norway",CZ
1468,32.618053,70.40416,4.812449,-75.6877289,"Ferrocarril, Pereira, Risaralda, Colombia",CO
1469,53.34766,7.798453,59.0631177,11.434664,"Riksveg 22, 1765 Halden, Norway",NO
1470,39.76059,11.294473,44.5306825,24.4271405,"DJ657, Săltăneşti, Румыния",RO
1471,52.424294,15.59823,65.9623627,24.1744528,"Kourilehdontie 337-339, 95500 Tornio, Finland",FI
1472,45.751007,9.580896,39.2670127,-8.6387819,"Unnamed Road, 2000 Santarém, Portugal",PT
1473,49.126877,-3.6809397,52.631067,-8.3542035,"Unnamed Road, Co. Limerick, Ireland",AU
1474,58.014984,15.728742,50.4929322,30.4730587,"Kurenivska Street, 21, Kiev, Kyiv city, Oekraïne",UA
1475,64.862595,26.223408,53.877555,-123.7453583,"Sob Lake Road, Vanderhoof, BC V0J 3A1, Canada",CA
1476,49.12013,19.920776,54.3755305,23.3008071,"2642, 69228, Lithuania",LT
1477,22.805897,108.27973,1.4300653,103.9767555,"428 Pulau Ubin, Singapore 508367",SG
1478,55.420795,17.130009,50.7510236,15.3187792,"Ve Sladké Díře, 468 61 Desná, Czech Republic",AU
1479,53.708458,8.251846,42.5065439,1.5343995,"Ctra. de l'Obac, 19, AD500 Andorra la Vella, Andorra",AD
1480,10.64875,108.64112,1.6946566,110.0549643,"Jalan Lundu - Sampadi, 94500 Lundu, Sarawak, Malaysia",MY
1481,41.39649,42.320248,47.9551055,37.6628759,"Zaborovs'koho street, 3, Donieck, Obwód doniecki, Ukraina",UA
1482,46.52241,7.4711905,43.6140864,26.8181184,"2005, 7449 Bogdantsi, Bulgaria",BG
1483,51.861084,-0.73620987,40.7583249,14.4051744,"Viale Europa, 13, 80059 Torre del Greco Naples, Italy",IT
1484,46.921017,74.065674,-23.5133421,-46.5558115,"Avenida Condessa Elisabete de Robiano, 9994-11246 - Vila Santo Henrique, Sao Paulo - São Paulo, Brazil",BR
1485,39.459793,67.62536,-5.1959156,-80.6264553,"Ica, Piura, Pérou",PE
1486,39.761387,22.70951,-37.7201129,175.2062205,"284 Onion Road, Horotiu 3288, New Zealand",NZ
1487,43.80287,24.149612,44.692626,23.2762815,"DJ674B, Borăscu, Romania",RO
1488,53.02744,-8.770436,-29.7959583,30.8140697,"23 Lynton Road, Kloof 3640, Republika Południowej Afryki",ZA
1489,54.085777,6.3128014,57.1523297,24.8626024,"Pūpolu iela 3-5, Sigulda, Siguldas pilsēta, LV-2150, Latvia",LV
1490,39.609104,7.617236,41.2728351,-6.5538654,"R. da Forja, 5200, Portugal",PT
1491,16.18708,17.11417,-26.2249067,31.907929,"MR3, Hlane National Park, Swaziland",SZ
1492,51.534256,-3.8858023,52.9918356,5.1517935,"Afsluitdijk, 1779 Den Oever, The Netherlands",NL
1493,42.873554,61.799805,27.0569804,89.9019135,"Daga Rd, Bhutan",BT
1494,45.34344,18.37011,47.5185106,18.8313352,"2071 Páty, Munkás tér 6, Maďarsko",HU
1495,68.89703,26.78801,54.7201796,11.4320048,"Sydmotorvejen, 4970 Rodby, Denmark",DK
1496,-25.340466,-86.52464,-11.1510823,-76.6244133,"1NC, Pérou",BT
1497,39.50718,44.294865,27.224057,90.6197323,"Unnamed Road, Bhutan",BT
1498,43.0521,31.93658,46.8789441,27.8898519,"DJ244F, Dolheşti, Romania",RO
1499,41.577305,18.977322,-26.6726136,31.4166329,"MR9, Swaziland",SZ
1500,43.84804,19.22573,47.3952675,8.4493369,"Bühlackerstrasse 5, 8952 Schlieren, Switzerland",CH
1501,47.335266,9.354522,55.2039972,38.5896069,"Novoryazanskoye shosse, Moskovskaya oblast, Russia",RU
1502,48.862057,17.864594,47.5018506,18.6116517,"2060 Bicske, 1, Węgry",KR
1503,37.761967,15.679425,-38.1037657,175.7259255,"743 Old Taupo Road, Waotu 3481, New Zealand",NZ
1504,37.08715,21.290909,-24.855926,25.8710126,"Lesetlhana Road, Ramotswa, Botswana",BW
1505,50.9937,5.5129576,49.1061827,18.9177622,"Francúzskych partizánov, 036 01 Martin, Slovakia",SK
1506,45.656483,29.8676,39.9831363,141.7131478,"Japan, 〒027-0611 Iwate-ken, Shimohei-gun, Iwaizumi-chō, Akka 県道202号線",JP
1507,21.373047,59.72674,25.2034438,55.238767,1 23 A St - Dubai - United Arab Emirates,AE
1508,40.954945,6.232971,39.7546849,19.9045275,"Unnamed Road, Meggoulas 491 00, Greece",GR
1509,46.407192,16.723228,44.6062444,26.2154708,"Strada Crizantemelor, Dascălu, Romania",RO
1510,42.1342,52.27402,22.4194024,113.9706629,"88 Hong Po Rd, Tuen Mun, Hongkong",HK
1511,56.788486,16.196152,44.6750892,23.7225284,"Unnamed Road, Văluța, Romania",US
1512,25.549534,81.89689,34.8336853,132.0485111,"395 Tabasechō, Hamada-shi, Shimane-ken 697-1332, Japan",JP
1513,45.516674,12.614604,32.6935618,35.3133176,"Harod Street 1, Nazareth Iliit, İsrail",RU
1514,46.1275,29.002342,1.3477058,103.81155,"Unnamed Road, Singapore",SG
1515,22.86757,66.488045,25.0151696,55.4577543,E66 - Dubai - Förenade Arabemiraten,AE
1516,42.97243,32.96559,23.9966646,120.5474213,"515, Taiwan, Changhua County, Dacun Township, 彰73鄉道",TW
1517,1.1800833,-19.164742,-13.3228558,-76.2436288,"Carretera Panamericana Sur, Distrito de San Vicente de Cañete, Peru",PE
1518,45.955845,36.76552,48.4882705,-0.5770139,"36-38 Le Bourg, 61330 Loré, France",FR
1519,45.91204,44.386032,49.2577984,4.0367381,"30 Rue Jean-Jacques Rousseau, 51100 Reims, France",FR
1520,51.96829,4.1331096,48.7293351,-0.2522923,"D909, 61210 La Fresnaye-au-Sauvage, France",FR
1521,24.76786,88.71731,24.4117832,123.8071448,"Japan, 〒907-1541 Okinawa-ken, Yaeyama-gun, Taketomi-chō, Uehara 県道215号線",JP
1522,39.906307,4.760853,38.1301611,24.3106097,"Unnamed Road, Rizovouni 340 13, Greece",GR
1523,32.511993,70.56847,1.4800581,103.6839432,"Jalan Persisiran Sutera, Taman Sutera, 81200 Johor Bahru, Johor, Malaysia",MY
1524,43.849995,18.29023,-33.7401958,24.7789793,"R331, Afrique du Sud",ZA
1525,27.424835,11.667565,44.965667,25.99374,"Extensia Hortensiei, Blejoi, Roumanie",RO
1526,47.760227,5.8007116,-26.2931384,27.9594701,"Vesting Link, Johannesburg South 2095, South Africa",ZA
1527,46.412445,16.481487,49.810477,23.9416466,"Aviatsiina Street, 3, Lviv, Lviv Oblast, Ukraine",UA
1528,34.09689,5.7379956,38.6753388,20.9156549,"Epar.Od. Vonitsas - Kandilas, Xiromero 300 19, Greece",GR
1529,39.186043,48.776604,51.6989965,5.5382819,"Loosbroekseweg 54-56, 5388 VP Nistelrode, The Netherlands",NL
1530,40.536934,43.17201,29.9226698,-90.3691093,"278 Angus Drive, Luling, LA 70070, USA",US
1531,48.126606,26.674412,46.3909218,6.1601473,"Route de la Scie 58, 1278 La Rippe, Switzerland",CH
1532,44.66314,66.86192,52.5967752,39.5748591,"ulitsa Michurina, 32, Lipeck, Lipecki terület, Oroszország, 398059",RU
1533,49.914227,26.669243,-28.5283104,32.1520083,"N2, Africa de Sud",ZA
1534,45.872837,9.134989,48.2936744,19.6613047,"585, 985 32 Panické Dravce, Slovakia",SK
1535,47.105812,14.38395,51.490837,6.643706,"Verbandsstraße, 47199 Duisburg, Germany",DE
1536,23.076115,73.617134,42.4860108,1.7011178,"Carretera de Grau Roig, AD200 Encamp, Andorra",AD
1537,54.862026,13.112149,54.1464593,-6.9217403,"R162, Co. Monaghan, Ireland",IE
1538,22.871464,13.443456,-26.1238641,27.0467619,"R30, Afrique du Sud",ZA
1539,62.136112,21.41129,63.0338146,23.9698275,"16 885-945, 62900 Alajärvi, Finland",FI
1540,40.3019,20.698574,-32.9674134,-71.5253204,"Martín de Salvatierra 470, Viña del Mar, Valparaíso Region, Chile",CL
1541,18.213173,58.758625,23.2405057,91.3127845,"Dhaka - Chittagong Hwy, Chauddagram, Bangladesh",BD
1542,28.25896,28.57594,37.92242,24.031455,"Arfara, Chamolia 190 03, Greece",GR
1543,44.115143,58.773216,50.154454,16.6657932,"Lipowa, 57-530 Międzylesie, Pologne",PL
1544,41.70921,37.846855,-23.3217046,-45.738244,"Rodovia dos Tamoios, 3684-4736, São Paulo, 12270-000, Brazil",BR
1545,46.70879,-3.3201556,46.0793826,7.1298642,"E27, 1933 Vollèges, Switzerland",CH
1546,37.21103,45.702503,32.6014398,35.012436,"70, Israel",IL
1547,53.792847,11.871341,63.9162714,25.8409922,"18451 172-226, 86710 Kärsämäki, Finlandia",FI
1548,51.079823,7.686351,52.0751396,6.3000202,"De Horst 3, 7251 PR Vorden, Pays-Bas",RU
1549,46.865604,18.696442,52.0236392,4.3140888,"Wiepkje Barendrechtlaan 11, 2286 ME Rijswijk, Нидерланды",NL
1550,35.849293,36.952354,32.2708084,34.844308,"Menachem Savidor 4-56, Netanya, Israel",IL
1551,40.56271,47.15826,6.9645253,-75.3702482,"Unnamed Road, Yarumal, Antioquia, Colombia",NO
1552,48.869427,25.797218,49.9637539,36.2891412,"Teplovozna street, 3, Kharkiv, Kharkiv Oblast, Ukraine",UA
1553,45.78777,-0.40360618,55.4607929,8.6767949,"Darumvej 70, 6740 Bramming, Danemark",HK
1554,53.524826,14.082078,55.971152,10.2342181,"Dyngbyvej 24, 8300 Odder, Denmark",DK
1555,34.230183,-10.490245,37.9646643,24.7506179,"Unnamed Road, Andros 845 01, Greece",GR
1556,-30.624825,52.557007,-23.7572014,24.7583528,"Kweneng West, Botswana",BW
1557,36.98566,79.05362,48.1247845,17.0761523,"E65, 851 01 Petržalka, Slovakia",RU
1558,39.91811,21.565372,51.6136192,-4.2174493,"2 Council Houses, Landimore, Swansea SA3 1HE, UK",GB
1559,58.130093,24.081806,63.9887613,-22.5761843,"41, Iceland",IS
1560,21.22143,134.74257,43.6376499,-79.3916218,"437 Queens Quay West, Toronto, ON M5V 2Y2, Canada",CA
1561,52.17969,8.30657,52.7923193,-9.2658526,"Carncreagh, Co. Clare, Ireland",IE
1562,58.697865,10.042323,48.6036808,-2.2570451,"27 Rue ville Pichet, 22380 Saint-Cast-le-Guildo, Francja",NL
1563,17.14875,-12.000368,-47.2796229,-71.4751713,"RP41, Santa Cruz, Argentina",FI
1564,52.427868,15.417879,66.9874663,14.7658081,"Fylkesveg 495 20, 8110 Moldjord, Norway",NO
1565,36.681904,-9.520436,16.8210806,-96.7843173,"Venustiano Carranza 14, La Soledad ( San Inocente - El Calvario ), 71270 San Pablo Huixtepec, État d'Oaxaca, Mexique",MX
1566,-16.04028,139.62181,42.553477,1.6636886,"Camí Pont de Capigol, AD100 Canillo, Андорра",AD
1567,39.931664,48.352745,37.5694988,127.156997,"365-10 Godeok-dong, Gangdong-gu, סיאול, קוריאה הדרומית",KR
1568,43.336742,44.47792,32.0781812,34.768641,"Ben Yehuda 41-57, Tel Aviv, Israel",IL
1569,41.909565,14.355044,45.9410928,11.2708586,"SS 349, 38046 Gionghi-cappella Trentino, Italy",IT
1570,54.361443,0.5973835,53.4891127,19.7595255,"19 Stycznia, Lubawa, لهستان",PL
1571,36.326057,38.947258,55.9981271,92.1045091,"M54, Krasnoyarsk Krai, Russia",RU
1572,54.410496,17.527836,47.3906561,5.3047511,"D70, 21310 Mirebeau-sur-Bèze, France",FR
1573,51.84582,20.345158,24.9561402,121.0848475,"Taiwan, Taoyuan County, 桃100鄉道",TW
1574,48.06164,29.173744,42.5065439,1.5343995,"Ctra. de l'Obac, 19, AD500 Andorra la Vella, Andorra",AD
1575,31.170471,82.54847,21.2326667,92.0460051,"Cox's Bazar - Teknaf Marine Dr, Bangladesh",BD
1576,2.4022002,35.941666,24.8999808,55.0468301,Unnamed Road - Dubai - United Arab Emirates,UA
1577,5.9914737,144.53242,24.9883384,55.0212371,D53 - Dubai - United Arab Emirates,AE
1578,39.962383,11.798787,45.3029669,39.2683135,"Leningradskaya ulitsa, Plastunovskaya, Krasnodar Krai, Russia",RU
1579,46.527958,8.112971,52.038468,-8.9868187,"Unnamed Road, Co. Cork, Ireland",IE
1580,45.555847,27.480347,28.2321266,129.2572667,"Japan, 〒894-1851 Kagoshima-ken, Ōshima-gun, Setouchi-chō, Kuji 県道79号線",JP
1581,54.014637,13.127284,56.7943979,27.718934,"E262, Malnavas pagasts, LV-5717, Latvia",LV
1582,48.560963,12.997048,28.3448861,129.5697962,"534 Naze Ōaza Sakibaru, Amami-shi, Kagoshima-ken 894-0776, Japan",JP
1583,40.47134,-1.7821951,55.6790747,12.5968067,"Trangravsvej 11, 1436 Copenhagen, Denmark",DK
1584,23.900478,91.320595,1.3140515,103.9894632,"50 Tanah Merah Ferry Rd, Singapore 498833",SG
1585,35.173256,33.500286,50.1941635,15.7744558,"Kubcova 9, 500 04 Hradec Kralove, Czech Republic",CZ
1586,40.394054,42.01024,27.5480806,90.1393181,"Wangdue Phodrang - Nobding Hwy, Bhutan",BT
1587,12.273407,99.44914,23.3913976,89.13701,"Jessore - Jhenaidah Hwy, Kaliganj, Bangladesh",BD
1588,30.956337,50.159874,43.82369,-0.1541895,"D32, 32240 Toujouse, France",FR
1589,51.885128,17.89146,46.2678243,15.3704408,"Jarmovec 6, 3222 Dramlje, Slovenia",SI
1590,27.346664,71.2225,-9.0914423,-75.7390525,"PE 5N, Peru",PE
1591,51.53252,11.2074175,63.7460068,9.7233125,"Riksveg 710 1540, 7160 Bjugn, Norway",NO
1592,59.350304,15.9334135,52.6612744,41.0698403,"Р119, Tambov Oblast, Russia",RU
1593,41.99126,39.405933,37.5882032,127.0234995,"347-6 Anamdong 1(il)-ga, Seongbuk-gu, Seul, Južna Koreja",KR
1594,40.922443,41.6212,24.3235372,120.7178669,"Jiǔjiǎ Road, Houli District, Тайчжун, Тайвань 421",TW
1595,50.757595,22.388744,35.1686717,129.0951874,"1816-94 Yeonsan 3(sam)-dong, Yeonje-gu, Busan, South Korea",KR
1596,59.821712,18.53075,61.7684471,11.4593621,"Rv217 1230, 2485 Rendalen, Norway",IS
1597,47.038418,27.591034,50.5585099,15.1031551,"Všeň 171, 512 65 Všeň, Czech Republic",CZ
1598,47.848324,22.547874,51.9802925,6.5461426,"Varsseveldseweg 65D, 7131 JA Lichtenvoorde, Nyderlandai",NL
1599,42.504612,41.178158,34.1359387,-84.2123191,"5201 Breckinridge Lane, Cumming, Geórgia 30040, EUA",US
1600,43.31188,13.6868725,-33.0695721,27.2032588,"N2, South Africa",ZA
1601,42.502895,11.1440735,32.7849542,35.0146548,"Ruth HaCohen 14-16, Haïfa, Israël",IL
1602,49.911304,19.110806,47.8283237,20.4611166,"3398 Nagytálya, 2502, Hungary",HU
1603,50.298016,19.9646,50.8023156,3.3604827,"Paridaanstraat 13, 8550 Zwevegem, Belgium",BE
1604,39.403618,10.937955,-26.3728241,30.9299223,"MR19, Swaziland",SZ
1605,38.35205,120.205635,25.3144722,55.399128,First Industrial St - Sharjah - Vereinigte Arabische Emirate,AE
1606,43.95139,38.106644,-18.5467791,146.1913939,"LOT 2 Bruce Highway, Bemerside QLD 4850, Australia",AU
1607,54.4107,26.02449,54.2706261,23.9123028,"2512, Noragėliai 67225, Lithuania",LT
1608,52.121708,17.760372,46.7314114,17.9691235,"8671 Kapoly, Kossuth Street 44, Hungary",HU
1609,30.548328,-2.7008905,46.9657757,6.8540334,"Chemin des Sources 16, 2013 Colombier, Switzerland",CH
1610,49.137554,10.810872,43.9077463,25.9849633,"Strada Unirii, Giurgiu, Romania",RO
1611,44.33324,27.950031,13.5329843,107.2132409,"Unnamed Road, Keng San, Cambodia",KH
1612,42.16649,7.9473248,-37.108699,175.0908948,"353-355 Gelling Road, Hunua 2583, Nowa Zelandia",IS
1613,49.697407,37.22728,55.2672974,22.3081685,"J. Kruopo gatvė 5, Tauragė 72190, Lithuania",LT
1614,24.22277,74.82508,26.9945948,89.5889918,"Phuntsholing - Thimphu Hwy, Bhutan",BT
1615,17.271156,103.17574,4.6266467,-74.0619428,"Entrada A La TV2 # 1, Bogota, Cundinamarca, Kolumbia",CO
1616,47.702763,14.416299,-30.9772474,151.581948,"189 North Street, Walcha Noua Ţară a Galilor din Sud 2354, Australia",AU
1617,12.722616,45.300827,-22.55289,27.1373283,"Mokgosi Road, Palapye, Botswana",BW
1618,50.046337,36.29491,51.0541274,4.567498,"Berkenhoekstraat 14, 2861 Sint-Katelijne-Waver, Belgium",BE
1619,19.526764,67.97954,40.3557017,-8.2439889,"R. Vale Erveja 17, 3450, Portugal",PT
1620,41.623642,66.61681,37.5377453,127.12172,"74-2 Pungnap 1(il)-dong, Songpa-gu, Seoul, South Korea",KR
1621,46.90083,44.778587,52.3363545,-0.1045422,"1 Sawtry Way, Houghton, Huntingdon, Cambridgeshire PE28 2BY, UK",GB
1622,51.336918,30.962715,58.4284516,15.9235841,"769, 585 63 Linghem, Sweden",SE
1623,53.69966,26.653782,51.2033009,3.3536507,"Gentse Steenweg 53, 8340 Damme, Belçika",BE
1624,44.83767,15.4785,-28.2887808,-61.4558519,"RN95, Santa Fe, Argentína",AR
1625,27.363361,103.1063,1.5209918,110.9367979,"Jalan Sebuyau, Sebuyau, Sarawak, Малайзия",MY
1626,27.55503,51.4134,24.9711317,55.1542628,D57 - Dubai - United Arab Emirates,AE
1627,48.245735,26.241905,1.7463064,102.9892687,"Jalan Lapangan Terbang, Kemajuan Tanah Sungai Kelicap, 83200 Senggarang, Johor, Malaysia",MY
1628,26.675983,64.718796,1.4023889,103.7961932,"Unnamed Road, Singapour",SG
1629,53.60152,3.965159,69.1188133,-105.0186984,"Natik St, Cambridge Bay, NU, Canada",CA
1630,32.17611,44.674995,24.2962254,120.7172239,"No. 170-188, Náncūn Road, Houli District, Taichung City, Taiwan 421",TW
1631,43.409115,10.444982,50.702795,23.2444124,"Źródlana 4, Замошк, Полша",PL
1632,35.15548,17.418827,-27.4146931,-70.2800936,"Copayapu, Copiapó, Région d'Atacama, Chili",CL
