,pred_latitude,pred_longitude,true_latitude,true_longitude,address,country_iso_alpha2
0,27.627766,96.0781,37.5597493,126.9403781,"74-23 Sinchon-dong, Seodaemun-gu, Seoul, South Korea",KR
1,48.381645,7.905346,58.3508411,15.5622115,"702, 585 97 Linköping, Sweden",SE
2,50.51663,8.096517,42.1954997,-7.7289602,"OU-0110, 32678 Quintela, Province of Ourense, Spain",ES
3,35.34882,5.5606527,-24.6014188,25.9259483,"Airport Road, Gaborone, Botswana",BW
4,51.787643,6.671671,57.2391479,26.4941226,"P34, Lejasciema pagasts, LV-4412, Latvia",LV
5,52.8406,8.431203,58.7849192,15.3712338,"1107, 590 34 Tjällmo, Sweden",SE
6,52.539734,9.238622,51.73074,4.9328767,,AD
7,56.797966,22.770567,48.1254122,11.5517498,"Schmellerstraße 19, 80337 Munich, Germany",DE
8,57.572662,18.581196,48.9909342,14.6170272,"1468, 373 72 Hvozdec, Czech Republic",CZ
9,39.570663,31.88726,25.139532,55.253798,11 11 B St - Dubai - United Arab Emirates,AE
10,51.622925,8.378744,24.9859577,55.0199025,Unnamed Road - Dubai - United Arab Emirates,AE
11,54.3345,9.495712,-33.6351237,-70.7125954,"Caletera Ruta Cinco Sur Oriente, San Bernardo, Santiago Metropolitan Region, Chile",CL
12,46.688004,8.636495,-40.9637829,175.9923751,"42-50 Blairlogie-Langdale Road, Blairlogie 5872, New Zealand",NZ
13,51.576336,8.896428,-33.433982,-70.740905,"Tte Cruz 1100-1188, Cerro Navia, Santiago Metropolitan Region, Chile",CL
14,57.49317,15.81161,1.4158156,103.7174365,"Neo Tiew Lane 1, Singapore",SG
15,56.51291,13.341217,22.2390797,114.120964,"Unnamed Road, Lamma Island, Hong Kong",HK
16,50.393105,9.731882,-21.9701423,-47.42703,"Avenida América do Sul, 342-430 - Vila Esperança, Pirassununga - São Paulo, 13635-101, Brazil",BR
17,52.550217,10.661814,37.25425,140.4300686,"Japon, Préfecture de FukushimaSukagawaOguri, Ikenokubo 県道138号線",JP
18,57.924942,18.388426,47.7417491,26.6700809,"Strada Războieni, Botoșani, Romania",RO
19,45.186493,5.806101,45.6180684,25.6686543,"Centura Săcele, Săcele, Romania",RO
20,-12.516976,17.020836,-24.2260168,26.1718687,"A1, Botswana",BW
21,47.33184,6.8244944,56.0254055,10.2142222,"Starupvej 135, 8340 Malling, Danemark",DK
22,56.00207,9.604683,52.9784983,-113.3851307,"5530-5534 Centennial Drive, Wetaskiwin, Алберта T9A, Канада",CA
23,52.506786,9.16049,49.1061827,18.9177622,"Francúzskych partizánov, 036 01 Martin, Slovakia",SK
24,56.518307,18.569622,42.5533327,1.5074136,"CG-4, 15, AD400 La Massana, Andorra",AD
25,54.408714,9.47756,52.8506349,-110.387075,"Alberta 14, Edgerton, AB T0B 1K0, Canada",CA
26,52.031494,8.729868,-6.874493,109.2748527,"Jl. Raya Surodadi No.50, Suradadi, Tegal, Jawa Tengah 52182, Indonesia",ID
27,50.119865,11.849138,-26.0988995,27.8700383,"0A Van Bergen Road, Roodepoort, South Africa",ZA
28,40.453903,4.206169,-24.2544424,-65.2482133,"Unnamed Road, San Salvador de Jujuy, Jujuy, Argentina",AR
29,52.688164,8.817835,63.6699538,23.9842167,"Ullavavägen 9-45, 68380 Kokkola, Finland",FI
30,49.975914,8.587437,47.4945123,19.3665016,"2119 Pécel, Isaszegi Way, Hungary",HU
31,49.022392,7.4075403,66.0308991,-16.4538317,"Norðausturvegur, Iceland",IS
32,51.48242,9.183281,-40.7558925,175.135088,"14 Matai Street, Otaki 5512, New Zealand",NZ
33,48.823635,7.192442,58.5441024,22.8496793,"Tagavere-Randküla, 94660 Saaremaa, Estonia",BT
34,55.222225,12.136148,22.295401,113.955206,"N Lantau Hwy, Tung Chung, Hongkong",HK
35,53.144993,9.16847,24.9040998,54.9472457,Sheikh Zayed Rd - Dubai - United Arab Emirates,AE
36,48.855133,8.831478,-26.2648616,28.0297304,"37 Erica Street, Johannesburg South 2091, South Africa",ZA
37,53.039562,9.1916065,23.706068,120.2482467,"Ānnán Road, Dongshi Township, Yunlin, Tajwan 635",TW
38,52.267403,30.62285,24.9354531,121.0904791,"Xīnfù 7th Street, Yangmei City, Taoyuan County, Taiwan 326",TW
39,-9.065591,15.468157,-39.9015189,-69.3269732,"Ruta Provincial 73, Río Negro, Argentina",AR
40,52.567657,8.956086,37.5251107,127.2871681,"산67-3 Neungnae-ri, Joan-myeon, Namyangju-si, Gyeonggi-do, Südkorea",KR
41,57.371685,14.723633,48.0874371,11.5326933,"Noestraße 7-11, 81479 Munich, Germany",DE
42,57.362488,12.767689,-5.1698882,-80.6520252,"Calle F, Piura, Peru",PE
43,49.330185,8.20222,50.7450876,2.890447,"Rue de Messines 190-194, 7784 Comines-Warneton, Belgium",BE
44,46.348335,6.100336,64.9976208,25.5230892,"Kainuuntie 246, 90250 Oulu, Finland",FI
45,53.548714,9.242697,19.2870387,-99.1444977,"Mexico-Xochimilco 4900, Guadalupe Tlalpan, Tlalpan, 14370 Cidade do México, Distrito Federal, Estados Unidos Mexicanos",MX
46,47.609215,6.9289284,63.2436473,10.2199631,"Kregnesvegen 20, 7224 Melhus, Norwegia",NO
47,43.51665,5.990575,-33.4713214,150.172195,"1 Saywell Street, Lithgow Nowa Południowa Walia 2790, Australia",AU
48,51.221825,8.511231,-30.9518418,24.3036323,"N10, Zuid-Afrika",ZA
49,50.09205,36.769085,28.7885596,-17.7725438,"Camino Bermúdez, 35, 38729, Santa Cruz de Tenerife, Spain",BW
50,48.37491,6.235574,65.9483462,-18.4992938,"Ólafsfjarðarvegur, Iceland",IS
51,49.709076,8.2044525,49.1255312,6.1999555,"32 Rue du Moulin, 57070 Saint-Julien-lès-Metz, France",FR
52,50.71324,7.3035564,28.7114166,-100.5256336,"De Los Maestros, Guadalupe, Seccion 1, Piedras Negras, Coahuila, Mexico",MX
53,48.425533,8.354629,2.3902859,112.0288406,"Lorong Bahagia 9, 96000 Sibu, Sarawak, Malaysia",MY
54,50.14212,8.694501,22.7467117,120.3813783,"Jiāchéng Road, Dashe District, Kaohsiung, Tajwan 815",TW
55,49.87757,7.646386,34.5084213,-92.5182552,"6701 Bullock Road, Bauxite, AR 72011, USA",US
56,48.316353,7.59709,-33.1270612,-71.5699715,"Cardenal Samoré, Valparaíso, Valparaíso Region, Chile",CL
57,57.947388,19.22444,57.1971436,15.2570358,"976, 360 70 Åseda, Sweden",SE
58,49.6397,8.344701,53.9684328,-6.5750786,"L1143, Co. Louth, Ireland",IE
59,53.709,8.250672,14.1157479,105.3406945,"Unnamed Road, Cambodia",KH
60,33.374855,17.43686,-36.4076956,140.8627042,"LOT 258 Olive Grove Road, Pooginagoric SA 5268, Australia",AU
61,56.37257,11.267635,57.6229483,13.3858774,"1695, 523 60 Gällstad, Sweden",SE
62,46.893192,6.5264845,43.5093055,23.0468837,"1, 3482 Vinište, Bulgaria",BG
63,55.741768,10.209068,23.7351028,89.7636505,"Dhaka - Faridpur Hwy, Bangladeche",BD
64,51.37058,7.5572357,19.4324188,99.2300114,"Unnamed Road, Tambon Pa Nai, Amphoe Phrao, Chang Wat Chiang Mai 50190, Thailand",TH
65,39.06498,5.01032,-26.1596049,-62.0051201,"RN16, Santiago del Estero, Argentina",AR
66,51.61486,8.66835,26.6318148,128.1550861,"Japan, 〒905-1204 Okinawa-ken, Kunigami-gun, Higashi-son, Taira 県道70号線",JP
67,46.28711,6.0333204,35.1977104,129.2144645,"산3-1 Dangsa-ri, Gijang-eup, Gijang-gun, Pusan, Corée du Sud",KR
68,54.56167,9.264662,1.4570388,104.0447674,"30 Kranji Way, Singapore 739440",SG
69,54.133514,9.595795,68.4869221,16.7129711,"Fylkesveg 722 210, 8534 Liland, Norway",NO
70,53.706303,9.408751,51.9160171,5.4148775,"Terweistraat 1, 4011 EX Zoelen, The Netherlands",NL
71,50.05253,8.884741,45.8860809,16.0101537,"Gradečak lijevi, 10000, Zagreb, Croatia",HR
72,48.600502,8.899801,45.7860268,14.7663997,"Kolenča vas 6, 1313 Struge, Slowenien",MX
73,40.029747,4.9525347,34.7540373,-106.0883964,"835-891 New Mexico 55, Estancia, NM 87016, USA",US
74,56.536644,12.578659,48.8456109,17.8278363,"061024, 913 07 Zemianske Podhradie, Slovakia",SK
75,49.941643,8.987512,25.2833333,55.4666667,Unnamed Road - Sharjah - United Arab Emirates,AE
76,53.428696,8.817152,46.9444027,6.8307934,"Route Cantonale 1, 2017 Boudry, Szwajcaria",CH
77,52.063915,9.342612,1.3975528,103.7767158,"Unnamed Road, Singapur",SG
78,52.273445,8.602834,55.8526163,9.7642928,"Kirkevænget 35, 8700 Horsens, Denemarken",DK
79,-26.76701,25.710287,-21.147429,27.4638621,"A3, Botswana",BW
80,51.14749,9.135614,52.1900612,4.4220228,"Molenplein 1, 2223 GZ Katwijk, Nederländerna",NL
81,52.078804,9.128187,42.4985577,1.530433,"Urbanització Comella Parc, AD500 Andorra la Vella, Andorra",AD
82,49.279026,9.066505,22.3631651,120.6260799,"Chūngǔ Communication Road, Chunri Township, Pingtung County, Taiwan 942",TW
83,51.600662,9.185166,44.1773517,143.5802252,"82 Kitaheison Ikku, Yūbetsu-chō, Monbetsu-gun, Hokkaidō 099-6325, Japan",JP
84,28.298258,12.281156,25.407771,55.5086372,Sheikh Ammar Bin Humaid St - Ajmān - United Arab Emirates,AE
85,53.81449,8.998007,52.306179,4.6687844,"Lindholm 34, 2133 CV Hoofddorp, The Netherlands",NL
86,54.49059,13.292681,42.5733525,1.466586,"Estació d'Esquí d'Arinsal, AD400 La Massana, Andorra",AD
87,47.91854,7.548379,-19.7971771,-43.9930602,"Rua Ismar F Silva, 16 - Tony (Justinópolis), Ribeirão das Neves - Minas Gerais, Brazil",BR
88,55.45098,11.221317,4.6141586,-74.11262,"Carrera 41B # 3BISA-1 a 3BISA-100, Bogotá, Cundinamarca, Colombia",CO
89,51.311745,8.595931,38.9596138,140.516449,"Akilliq, Iqaluit, NU, Canada",CA
90,50.95575,17.522608,-27.1061851,30.7654148,"R543, South Africa",ZA
91,54.45374,9.267319,48.3092991,18.0893943,"Wilsonovo nábrežie 66, 949 01 Nitra, Slovaquie",SK
92,27.08783,99.46619,1.3241708,103.8283658,"38 Malcolm Rd, Singapore 308274",SG
93,56.52233,12.706009,-27.3647279,-70.3375097,"Yumbel 320-390, Copiapó, Región de Atacama, Chile",CL
94,55.613583,11.412623,18.0765059,103.9202223,"Unnamed Road, Tambon Ban Tong, Amphoe Seka, Chang Wat Bueng Kan 38220, Thailand",TH
95,47.345272,7.646575,58.3233586,25.6409477,"Viljandi-Rõngu, 70109 Viljandi County, Estonia",EE
96,55.737637,10.793611,62.6332575,24.0496324,"68 844-884, 63700 Ähtäri, Finland",FI
97,45.9608,6.5816984,50.4056456,4.3426145,"N54, 6140 Fontaine-l'Evêque, Belgique",BE
98,53.897476,9.331403,54.7605482,24.8630866,"E85, Skirmantiškės 21367, Lithuania",LT
99,56.08318,10.728628,51.2264973,1.2542424,"3 St Albans Downs, Coldblow, Nonington, Dover, Kent CT15 4HN, UK",GB
100,45.135464,6.0831966,58.2656535,26.468025,"Observatooriumi 7, Tõravere, 61602 Tartu County, Estonia",EE
101,50.51593,6.7789536,53.2135756,50.1816754,"Moskovskoye shosse, 35, Samara, Samara Oblast, Russia, 445240",RU
102,50.15518,8.878584,1.275063,103.8148188,"59 Telok Blangah Heights, Singapore 100059",SG
103,50.830925,9.625303,52.4917555,-7.3262842,"R697, Co. Kilkenny, Irlande",IE
104,47.612022,6.477848,51.9024641,4.3077819,"James Wattweg 68, De Vergulde Hand, 3133 KK Vlaardingen, The Netherlands",NL
105,29.430351,95.13481,3.0999128,101.7724608,"Ah Pek Hill Trail, Taman Cheras Awana, 43200 Cheras, Selangor, Malaysia",MY
106,56.079903,11.423723,37.5595728,127.1686785,"215 Godeok-dong, Gangdong-gu, Séoul, Corée du Sud",KR
107,57.748543,18.12676,48.083702,22.3063066,"4826 Vásárosnamény, 4117, Węgry",HU
108,55.989517,10.621003,-26.3105222,31.1198009,"MR3, Mbabane, Swaziland",SZ
109,43.940536,6.6348553,58.3396287,25.7570153,"Jänese-Pirmastu, 69619 Viljandi County, Estonia",EE
110,46.65724,8.453439,34.7551425,-80.7051928,"2728 Camp Creek Road, Lancaster, Caroline du Sud 29720, États-Unis",US
111,53.663456,9.59941,46.0546541,13.6016218,"Ložice 86, 5210 Deskle, Slovenia",SI
112,49.01635,7.1475544,25.2248802,55.42556,47th St - Dubai - Förenade Arabemiraten,AE
113,52.579556,8.7742605,22.4514209,114.1651508,"7 Ting Kok Rd, Tai Po, Hong Kong",HK
114,55.093445,10.261113,46.7906502,-0.5171665,"D38, 79300 Bressuire, France",KR
115,50.566902,8.149615,65.7691833,-20.0592271,"Þverárfjallsvegur, Islande",IS
116,32.7434,90.58846,23.8229606,89.2622314,"চরপাড়া Dhaka - Kushtia Hwy, Khoksha, Bangladesh",BD
117,55.568813,9.973297,64.9522098,25.6722742,"Mikkolantie 45, 90310 Oulu, Finland",FI
118,47.08276,6.6116486,-43.3919464,172.6514019,"9 Isaac Wilson Road, Kaiapoi 7630, New Zealand",NZ
119,44.54088,6.852152,41.6133982,26.3860891,"Epar.Od. Kastanion-Filakiou, Orestiada 680 14, Greece",GR
120,54.22514,9.964207,47.6319902,19.1493282,"2120 Dunakeszi, Szent Imre tér 4, Hungary",HU
121,48.79444,8.168322,49.4622157,11.1481309,"Rehhofstraße 18, 90482 Nuremberg, Germany",DE
122,51.243797,7.9598255,51.146204,17.1558229,"Leśna, Kiełczów, Poland",PL
123,52.60298,8.387146,52.8302181,-6.9358341,"Kilkenny Road, Carlow, Ireland",IE
124,55.936577,11.958222,-23.593789,-46.6682255,"Rua Lourenço de Almeida, 763 - Vila Nova Conceicao, São Paulo - État de São Paulo, Brésil",BR
125,46.91794,6.804531,12.8453889,105.9932538,"Unnamed Road, Cambodia",KH
126,51.491478,8.542882,44.4723817,22.8000327,"DN56A, Rogova, Romania",RO
127,52.91827,9.503132,52.2593504,6.1524628,"Korte Davostraat 2, 7412 VH Deventer, The Netherlands",NL
128,53.23244,9.12545,46.5297228,30.6361175,"Ob'izna road, Odessa, Obwód odeski, Ukraina",UA
129,52.866405,10.637942,49.9758994,5.4933063,"Rue du Centre, 6800 Libramont-Chevigny, Belgium",NL
130,45.14946,7.4488497,46.091911,12.0850332,"Via Cal da Prà, 7, 32036 Sedico, Belluno, Italy",IT
131,53.987705,9.263269,35.17702,128.97807,"396-15 Samnak-dong, Sasang-gu, Busan, South Korea",KR
132,49.500015,7.6719046,52.8877418,-8.5804553,"R352, Co. Clare, Ireland",IE
133,47.48011,7.4353437,49.5293837,0.6449253,"Route de la Cavée, 76490 Anquetierville, France",FR
134,50.16668,8.8922825,8.1538735,-76.0397602,"Unnamed Road, Tierralta, Córdoba, Colombia",BW
135,56.023987,16.462124,12.5192968,107.5612695,"Ao Nav Rd, Cambodja",KH
136,44.07217,5.9576225,60.3271964,24.3469319,"Lusilantie 75, 03100 Vihti, Finland",FI
137,46.141663,12.205635,-22.9220605,-49.6227739,"Rua França, 245 - Parque das Nações, São Paulo, 18900-000, Brazil",BR
138,32.983788,2.2613509,24.9502086,55.255306,D57 - Dubai - アラブ首長国連邦,AE
139,48.061676,6.0374107,57.6179294,-3.7057602,"Unnamed Road, Forres, Moray IV36 2TL, UK",GB
140,45.456272,7.3052835,-62.5954571,-59.9024777,"日本〒100-2211 Tōkyō-to, Ogasawara-mura, Hahajima 都道241号線",JP
141,52.072166,8.33609,32.2978307,34.8567524,"Shmu'el 25, Netanya, Israel",IL
142,52.294624,9.339529,-7.1688689,-79.4403788,"La Libertad 528, Pacanguilla, Perú",PE
143,48.82567,6.9518213,31.9349682,34.8052127,"Etsel 4, Ness Ziona, Israel",IL
144,51.722534,8.155613,55.249294,9.2898704,"Odinsvej 471, 6500 Vojens Municipality, Danemark",DK
145,56.766632,13.577633,56.9699316,24.1601377,"Brīvības iela 214A, Vidzemes priekšpilsēta, Rīga, LV-1039, Latvia",LV
146,50.651276,8.557474,-30.0146331,30.9265225,"737 Kingsway, Amanzimtoti 4126, Afrique du Sud",ZA
147,54.18068,28.157724,1.2643728,103.802915,"12 Port Rd, Σιγκαπούρη 117630",SG
148,47.978134,6.89808,54.2201325,-10.026544,"R313, Co. Mayo, Ireland",IE
149,58.355927,20.351809,51.0362934,4.2030369,"Kuitegemstraat 67, 2890 Sint-Amands, Belgium",BE
150,49.41338,9.450205,2.6443224,101.6611644,"5, Kampung Bukit Bangkong, 43950 Sungai Pelek, Selangor, Malaysia",MY
151,50.112457,23.739878,43.2420011,0.1673718,"21 Route de Tarbes, 65350 Souyeaux, France",FR
152,57.258797,13.501587,16.7841709,103.1821024,"Unnamed Road, Tambon Nong Yai, Amphoe Nong Kung Si, Chang Wat Kalasin 46220, Таиланд",TH
153,54.494873,10.081772,38.8392593,-94.415134,"1706-1730 Southwest County Line Road, Lee's Summit, MO 64082, USA",US
154,27.18599,98.04605,25.1312889,55.2285761,5 22 St - Dubai - United Arab Emirates,AE
155,47.15586,6.674773,49.1717732,21.6618364,"15, 091 01 Stropkov, Slovakia",SK
156,55.109474,9.5534,27.5419696,89.827128,"Unnamed Road, Bhutan",BT
157,51.6978,6.8705206,-8.8313951,115.2160716,"Unnamed Road, Kuta Sel., Kabupaten Badung, Bali, Indonesia",ID
158,46.869984,7.087681,51.8163057,36.1272469,"avtodoroga Krym, Kursk Oblast, Russia",RU
159,44.290413,5.3469915,56.9129369,23.8825813,"Viestura iela 6, Dzilnuciems, Babīte parish, LV-2107, Latvia",LV
160,51.200527,8.167316,2.9459873,101.8645882,"Jalan TTS 1, Taman Tasik Semenyih, 43500 Semenyih, Selangor, Malaysia",MY
161,51.475197,8.58564,42.361032,0.0908119,"A-2205, 22330, Huesca, Spain",ES
162,55.723003,12.505663,43.8632161,12.981152,"Località San Biagio, 36B, 61032 Fano Pesaro and Urbino, Italy",IT
163,48.84069,8.707456,46.3467908,20.8347872,"5820 Mezőhegyes, 4434, Hungary",HU
164,56.404057,12.3662815,53.9126907,14.2395823,"72-600, Poland",RU
165,51.8748,10.703833,22.4461865,114.0047327,"15 Ping Ha Rd, Ping Shan, Hongkong",HK
166,50.384075,8.821352,48.7658828,21.1712496,"547, 040 01 Sever, Slovakia",SK
167,47.586372,5.946479,50.8810774,4.6908401,"Brusselsestraat 204, 3000 Leuven, Belgium",BE
168,39.190575,5.8918333,-26.1438159,27.8386227,"761-773 Vermooten Road, Roodepoort 1724, South Africa",ZA
169,57.04029,21.737326,49.9520936,5.0535073,"Rue de Gedinne, 5555 Bièvre, Belgium",BE
170,51.066772,7.4195795,42.6152936,22.9740431,"605, 2341 Pernik, Bulgarie",BG
171,51.089428,9.376679,59.1817874,24.7405163,"Jõe 23, Kohila, 79801 Rapla County, Estonia",EE
172,45.986076,6.3971443,54.9585601,-1.7222735,"A47, Oakham, Rutland LE15 9ET, UK",GB
173,48.29284,7.8589277,-37.0696697,-70.4004053,"RP41, Neuquén, Argentina",AR
174,50.439735,8.311958,43.2184605,27.2878132,"2082, 9234 Nenovo, Bulgaria",BG
175,52.50677,8.754489,46.4763636,30.7090059,"Kolontaivs'ka street, 56, Odesa, Odessa, Ukraine",UA
176,52.63179,9.271345,56.5787307,21.1389811,"P111, Medze parish, LV-3461, Latvia",LV
177,51.158676,8.313124,41.7435887,14.238843,"SS86, Forlì del Sannio, Isernia, Italy",IT
178,53.48741,9.650062,1.7661193,109.8438198,"Jalan Kg Belungei, 94500 Lundu, Sarawak, Malaysia",MY
179,48.702408,7.6680775,2.8646115,111.8261314,"Unnamed Road, Dalat, Sarawak, Maleisië",MY
180,52.35726,9.162367,51.407122,0.90443,"50 Emerald View, Warden, Kent ME12, UK",GB
181,53.968834,9.433983,27.4168909,89.2199443,"Unnamed Road, Bhutan",BT
182,56.510715,10.960751,1.410545,103.9904566,"840W Pulau Ubin, Singapore 508381",SG
183,50.800602,8.571714,52.3853997,-6.4569117,"1 Saint Ibar's Villas, Castlebridge, Co. Wexford, Ireland",IE
184,53.4282,9.361327,50.4056456,4.3426145,"N54, 6140 Fontaine-l'Evêque, Belgique",BE
185,54.78706,9.754544,54.1062925,-6.9931615,"R193, Co. Monaghan, Irlande",IE
186,45.428185,5.6792793,-8.6965226,115.5434238,"Jl. Buyuk Limo, Nusapenida, Klungkung, Bali 80771, Indonesien",ID
187,48.69239,7.901969,-8.7082336,115.4379205,"Sunset Rd, Nusapenida, Klungkung Regency, Bali 80771, Indonesia",ID
188,51.55685,8.2153635,50.1359911,5.0492155,"Rue de Rochefort 595, 5572 Beauraing, Belgium",US
189,48.80046,7.3480005,25.8462236,88.7422746,"Shaha Para Rd, Bangladesh",BD
190,53.422318,9.299443,24.3836876,120.6136721,"Dōngxi 3rd Road, Daan District, Taichung City, Taiwan 439",TW
191,51.332268,8.652317,46.0117191,2.0080225,"D17, 23480 Saint-Sulpice-les-Champs, France",FR
192,50.578156,8.585257,22.9156268,89.5155873,"Barakpur Bazar Rd, Bangladesh",BD
193,-12.727033,16.346876,-39.9015189,-69.3269732,"Ruta Provincial 73, Río Negro, Argentina",AR
194,53.927734,8.927523,32.1011912,34.8070912,"Israel National Trail, Tel Aviv, Israel",IL
195,44.9357,6.221881,52.3609592,-0.3275011,"4 Woolley Road, Barham, Huntingdon, Cambridgeshire PE28 5AA, UK",GB
196,50.022133,6.598037,-38.8549372,176.0424489,"State Highway, Hatepe 3382, New Zealand",NZ
197,55.35742,14.572036,42.6188325,1.5393376,"Av. de Sant Pere, AD300 Ordino, Andorre",AD
198,50.503723,7.499943,-11.7294589,-77.1506192,"Panamericana Norte, Ancon, Pérou",PE
199,48.608162,6.8521595,59.2942007,18.0687145,"Tjurhornsgränd 7, 121 63 Johanneshov, Sweden",SE
200,48.77453,6.932287,38.7348481,-5.4590881,"Calle Motor, 06420 Castuera, Badajoz, Spain",ES
201,51.080765,8.971028,51.73074,4.9328767,,AD
202,52.666477,7.586528,12.335059,107.3145589,"Unnamed Road, Cambodia",KH
203,48.445957,8.571799,44.5272064,15.3777919,"Jasikovačka ulica 76, 53000, Žabica, Croatia",HR
204,51.797348,7.9567556,52.0606003,5.2141451,"Schoudermantel, 3981 Bunnik, The Netherlands",NL
205,49.489628,55.841476,43.6376499,-79.3916218,"437 Queens Quay West, Toronto, ON M5V 2Y2, Canada",CA
206,52.034676,7.518214,65.3576509,-14.9053764,"Þjóðvegur, Iceland",IS
207,48.73546,8.545198,31.895462,34.8022211,"Amiel Rozanski 15, Rehovot, Israel",IL
208,46.95105,8.691442,-29.6211774,31.0440045,"39 New Glasgow Road, Verulam 4344, Südafrika",ZA
209,52.076103,8.455532,50.9301405,2.8745603,"Broekweg 1, 8920 Langemark-Poelkapelle, Belgium",BE
210,49.278347,7.9091206,59.3549549,13.7876572,"ARNÖN 210, 660 57 Väse, Sweden",CL
211,47.08023,8.105617,37.5963925,23.3364388,"Unnamed Road, Trizinia 180 30, Greece",GR
212,48.625114,6.569338,42.6398328,26.1374992,"6, 8862 Seliminovo, Bulgaria",BG
213,48.5438,6.9792595,51.8265267,4.4697196,"Dorpsstraat 128, 3274 Heinenoord, The Netherlands",NL
214,49.500557,10.282555,-6.9697934,109.8685189,"Raya Subah, Subah, Batang, Jawa Tengah 51262, Indonesia",ID
215,58.06614,23.31772,4.0368727,114.8290493,"Marudi, Sarawak, Malaysia",MY
216,51.34896,8.93471,50.937246,4.0625128,"Bergekouter 34, 9300 Aalst, Belgium",BE
217,50.34916,8.024128,59.3549549,13.7876572,"ARNÖN 210, 660 57 Väse, Sweden",CL
218,50.316254,10.234996,-39.4287636,175.4523578,"28 Piwari Street, Rangataua 4691, New Zealand",NZ
219,54.928577,7.0742655,22.8233102,120.4224628,"823, Kínai Köztársaság, Kaohsiung, Tianliao District, 福爾摩沙高速公路",TW
220,51.67604,9.131118,-20.5701332,26.4919334,"A3, Dukwi, Botswana",BW
221,53.24961,35.499737,-7.6609919,110.40937,"Jl. Raya Turi No.23, Pakem, Sleman, Daerah Istimewa Yogyakarta 55582, Indonesia",ID
222,54.391716,6.854147,27.3473713,89.5719234,"Phuntsholing - Thimphu Hwy, Bhutan",BT
223,56.534634,13.5752735,59.5237993,18.2533572,"Sjöbergsvägen 76, 186 91 Vallentuna, Sweden",SE
224,49.090454,7.7938786,-32.3889989,-62.2068096,"Ruta Provincial 2, Córdoba, Argentina",AR
225,51.9394,8.988574,-33.8344916,18.9538561,"R45, South Africa",ZA
226,56.062958,9.903906,-40.5015,-71.1746936,"Ruta Provincial 63, Neuquén, Argentina",AR
227,53.403187,9.378491,41.3532174,-6.8513558,"R. do Meio, 5350, Portugal",PT
228,52.57023,9.276461,46.1787292,14.5931107,"Bolkova ulica 51, 1235 Radomlje, Slovenia",SI
229,42.321346,30.898516,22.6797572,120.5203654,"No. 13, Xinmin St, Changzhi Township, Pingtung County, Taiwan 908",TW
230,51.751328,8.541606,41.1639078,-7.0711383,"Rua da Romanzeira, 5160, Portogallo",PT
231,56.375275,10.2002735,8.8545989,-75.2790003,"Calle 12, La Union, Sucre, Kolumbia",CO
232,49.641125,7.0569057,39.5817649,-0.3530091,"CV-32, 46130 Massamagrell, Provinz Valencia, Spanien",ES
233,53.529846,9.059154,32.0762276,34.8662739,"Levi Eshkol 37-43, Petah Tikva, Israel",IL
234,55.48462,9.909922,24.9564673,55.295003,E 77 - Dubai - Các tiểu Vương quốc Ả rập Thống nhất,AE
235,46.79471,22.845625,22.332772,114.028554,"Hong Kong, Lantau Island, 欣澳道",HK
236,50.076023,12.243831,23.9761573,120.5868193,"No. 266-282, Lane 332, Section 1, Fuzhen Rd, Yuanlin City, Changhua County, Taiwan 510",US
237,48.17276,7.6775684,-22.0420907,-53.3373573,"MS-134, Mato Grosso do Sul, 79750-000, Brazil",BR
238,53.51983,9.932657,-22.7452618,-43.3143922,"Avenida Gomes Freire, 141-147 - Vila Santo Antonio, Duque de Caxias - Rio de Janeiro, 25040-165, Brazil",BR
239,55.144802,10.015408,59.9187773,10.5931882,"Bærumsveien 194, 1357 Bekkestua, Norway",NO
240,50.38574,7.5658636,43.0522647,17.6337675,"Splitska ulica, 20350, Metković, Croatia",HR
241,51.896515,9.178802,-10.1980313,-78.0534894,"Panamericana Norte 51, Perù",PE
242,47.65094,6.7435284,51.1440193,3.0407871,"Bekegemstraat 2-6, 8480 Ichtegem, Belgium",AE
243,50.920418,9.252912,24.9498958,55.3687806,E 77 - Dubai - United Arab Emirates,AE
244,54.933113,9.706942,36.0755235,-80.2627606,"1772-1798 Camden Road, Winston-Salem, NC 27103, USA",US
245,48.335045,6.6700354,-48.7754542,-71.2419339,"RP29, Santa Cruz, Argentine",AR
246,50.71517,8.749398,53.3444121,-7.3384378,"Unnamed Road, Co. Offaly, Irlandia",IE
247,9.600661,11.971096,-22.9220605,-49.6227739,"Rua França, 245 - Parque das Nações, São Paulo, 18900-000, Brazil",BR
248,53.308884,8.385458,65.594161,-19.35235,"Siglufjarðarvegur, Islande",IS
249,49.183537,8.176289,39.2872875,21.0408045,"Unnamed Road, Kentrika Tzoumerka 471 00, Greece",GR
250,57.704453,18.670904,36.3289042,136.5664261,"Japan, 〒920-2357 Ishikawa-ken, Hakusan-shi, Gojūdanimachi, I−１１２甲",JP
251,53.187653,9.771696,5.8164161,100.9358884,"K702, Kampung Keda Ulu Legong, 09100 Baling, Kedah, Malaysia",MY
252,54.28069,9.246417,32.0646528,34.8106392,"Hahistadrut 2-6, Givatayim, Israel",IL
253,50.811714,8.451588,-35.7595692,174.505432,"195 Pataua South Road, Pataua 0192, New Zealand",NZ
254,-22.65007,21.650011,-26.3728241,30.9299223,"MR19, Swaziland",SZ
255,57.349464,18.592375,49.2854577,19.8450317,"Droga Wojewódzka 958, Poland",PL
256,51.743042,6.808631,52.5079853,13.476313,"Tasdorfer Straße 36-37, 10365 Berlin, Niemcy",HU
257,50.89466,7.9124146,52.026677,4.3533028,"Zwaluwsingel 13, 2289 EP Rijswijk, The Netherlands",RU
258,52.40061,9.276888,24.972379,55.4141158,E 77 - Dubai - United Arab Emirates,AE
259,49.146202,10.070402,43.9523349,8.1422518,"Via Risorgimento, 17, 17051 Marina di Andora Savona, Italy",IT
260,52.627075,9.208196,51.3326356,3.2969982,"Kragendijk 124-134, 8300 Knokke-Heist, Belgium",BE
261,51.304264,7.0693846,48.1028114,19.5622149,"3170 Szécsény, Fő Way 41, Hungary",HU
262,57.092194,12.652119,23.6568306,90.6065528,"Unnamed Road, Sonargaon, Bangladesh",BD
263,50.93015,7.536603,26.4346171,-80.187526,"Делрей-Бич, Флорида 33446, Соединенные Штаты Америки",US
264,48.738834,6.749383,44.3117249,9.7175148,"Strada Provinciale 3, 19020 Sesta Godano, La Spezia, Italy",IT
265,49.370197,8.075621,48.2832179,18.2791319,"051044, Veľké Chyndice, Slovakia",SK
266,55.4347,11.391279,23.1755062,89.9483715,"Tekerhat - Gopalganj Rd, Bangladesh",BD
267,49.44118,9.034585,59.5589381,15.591389,"859, 710 41 Fellingsbro, Sweden",BW
268,49.63814,6.3438663,41.54896,25.3244119,"508, 6850 Plazishte, Bulgaria",BG
269,45.113075,12.0919075,25.2034438,55.238767,1 23 A St - Dubai - United Arab Emirates,AE
270,46.291935,7.5898848,51.9967499,8.5555786,"Osningstraße 97, 33605 Bielefeld, Germany",DE
271,41.88203,62.643253,1.4543389,103.810271,"209 Woodlands Ave 9, Singapore 738959",SG
272,47.51934,6.0677595,45.153055,24.0552985,"DJ646, Văratici, Romania",HU
273,49.696213,9.060685,48.5087482,18.0979966,"1706, 956 11 Ludanice, Slovakia",NO
274,52.193836,9.023163,19.2148861,-99.661533,"Del Charcón, 50290 San Juan Tilapa, État de Mexico, Mexique",MX
275,50.74932,8.094063,47.4035664,8.4924821,"Imbisbühlstrasse 25, 8049 Zürich District, Suisse",CH
276,55.223946,10.261053,46.1397316,21.5284784,"DN7, Sâmbăteni, Romania",RO
277,47.576218,7.8688507,-26.5219703,31.2902129,"King Mswati III Avenue West, Matsapha, Swaziland",SZ
278,48.690998,7.468979,51.2355807,58.4793803,"ulitsa Stanislavskogo, Orsk, Orenburg Oblast, Russia",RU
279,56.694725,11.335623,66.4347615,23.6939604,"Tengeliöntie 748-750, 95630 Ylitornio, Finlandia",FI
280,56.21086,11.559332,55.3056437,24.9966962,"4805, Žemaitkiemis 20368, Lithuania",LT
281,51.54563,9.6053505,25.2712332,55.2911454,Al Khaleej Rd - Dubai - United Arab Emirates,AE
282,50.26227,8.975828,45.802834,27.1030884,"DN2D, Romania",RO
283,47.531105,8.818112,37.6389722,127.1331291,"490 Sano-dong, Guri-si, Gyeonggi-do, South Korea",KR
284,47.00159,8.746465,55.5684025,39.6655589,"Р106, Krivandino, Moskovskaya oblast, Russia",RU
285,49.730873,7.539466,25.0615959,55.1529014,Unnamed Road - Dubai - United Arab Emirates,AE
286,55.49357,9.164824,-8.72977,115.1649208,"Jl. Kartika No.88, Kuta, Kabupaten Badung, Bali 80361, Indonesia",ID
287,52.707733,9.019431,56.9564789,23.6736205,"Dzelzceļa iela 36, Jūrmala, LV-2008, Latvia",LV
288,53.383434,9.318731,56.3732606,24.2247121,"Musa, Mūsa, Ceraukste parish, LV-3901, Latvia",LV
289,50.55208,7.831008,44.0534964,-88.7338523,"4442 Wisconsin 116, Omro, WI 54963, USA",US
290,51.26059,7.312832,35.1686717,129.0951874,"1816-94 Yeonsan 3(sam)-dong, Yeonje-gu, Busan, South Korea",KR
291,51.478996,7.858265,27.4389148,89.4314246,"Unnamed Road, Paro, Bhutan",BT
292,56.286964,11.187918,5.6051983,-75.8136872,"Jardín - Tamesis, Jardín, Antioquia, Colombia",NL
293,51.30889,8.384046,-6.0156004,106.5395668,"Jl. Naval Radar Station Tj. Kait, Mauk, Tangerang, Banten 15330, Indonesia",ID
294,52.586105,8.89856,24.3823228,123.9075055,"Япония, 〒907-1431 Okinawa-ken, Yaeyama-gun, Taketomi-chō, Takana 県道215号線",JP
295,58.46779,27.06647,4.5721255,-75.6336637,"40QN, Salento, Quindío, Kolumbia",IS
296,49.8056,6.9011183,55.0253369,-1.4742758,"66 Barnstaple Road, North Shields, Tyne and Wear NE29 8QG, UK",GB
297,56.67974,11.724113,52.4917555,-7.3262842,"R697, Co. Kilkenny, Irlande",IE
298,35.326813,6.1252556,-23.2198836,20.2631505,"Unnamed Road, Botswana",EE
299,54.853027,7.9328785,1.3501903,103.6766604,"Nanyang Cres, Singapore",SG
300,57.177036,23.82431,40.3025107,-111.66641,"310-318 North Palisades Drive, Orem, Utah 84097, États-Unis",US
301,48.20347,6.1276655,46.3795338,30.7368558,"Sadovs'koho street, 9, Odesa, Odessa Oblast, Ukraine",UA
302,48.17304,7.8259897,42.5534489,1.5886525,"CG-2, AD100 Canillo, Andorra",AD
303,51.591682,8.626085,54.7605482,24.8630866,"E85, Skirmantiškės 21367, Lithuania",LT
304,57.041634,13.377281,55.9073161,26.4943663,"Cēsu iela 42, Daugavpils, LV-5401, Latvia",LV
305,48.57113,7.5237303,-37.9118589,145.2003075,"4 Bramley Crescent, Wheelers Hill Victoria 3150, Australie",AU
306,52.032623,9.187466,46.0224438,7.8074598,"Aegerta, 3929 Täsch, Zwitserland",CH
307,49.590134,7.913233,-12.3891743,-76.7684081,"Antigua Panamericana Sur, San Bartolo District, Peru",PE
308,53.68888,9.289328,45.0426792,7.4122133,"Strada Avigliana, 4, 10090 Trana, Turin, Italy",IT
309,49.712807,7.110284,52.909645,-6.8512062,"11-311 Coill Diarmada, Co. Kildare, Ireland",IE
310,50.75065,9.022213,-6.0731591,107.0906374,"Jl. Jaya Bakti, Cabangbungin, Bekasi, Jawa Barat 17720, Indonesia",ID
311,46.438683,7.9292145,49.2903145,4.6888772,"D306, 08400 Marvaux-Vieux, Francija",FR
312,47.64127,7.2568064,60.774201,10.20785,"Vestsidevegen 162, 2860 Hov, Norway",NO
313,51.079063,7.7805424,51.2590105,7.072752,"Wiedener Straße 65, 42327 Wuppertal, Germany",DE
314,51.459404,8.860399,-6.8710516,-49.621709,"BR-155, 4451, Sapucaia - PA, 68548-000, Brazil",AU
315,48.884342,7.9503136,52.5512054,-6.2825601,"Unnamed Road, Co. Wexford, Irlandia",IE
316,50.749687,8.232118,44.8924049,23.7231006,"Gorj, Romania",RO
317,51.44454,8.643451,-26.6994805,31.0513838,"MR4, Mankayane, Swaziland",SZ
318,41.655563,7.0620804,-39.3383689,-68.5033921,"Ruta Provincial 68, Río Negro, Argentina",AR
319,49.853477,8.292239,51.0309511,20.5256603,"26-080 Borki, Poland",PL
320,47.718063,9.111309,45.4557621,18.4677996,"Slavonika, 31403, Beketinci, Croatia",HR
321,55.477554,13.455496,37.5359281,127.0944816,"546-3 Gueui-dong, Gwangjin-gu, Séoul, Corée du Sud",KR
322,49.966797,9.109644,45.0460698,23.9163494,"DJ676D, Pojogi-Cerna, Romania",RO
323,21.280212,23.535929,38.3186687,-7.9826197,"N257, Portugal",PT
324,52.00405,8.565732,46.7709221,17.2928336,"8315 Gyenesdiás, Kossuth Lajos Street 54-56, Hungary",HU
325,48.029922,7.667362,62.2233022,25.7109477,"Välikuja 4, 40600 Jyväskylä sub-region, Finland",FI
326,51.22695,9.223609,65.5762488,-23.1710419,"Vestfjarðarvegur, Iceland",IS
327,51.59202,9.739871,62.4921225,25.9848221,"Hietasyrjäntie 148-150, 41370 Laukaa, Finland",FI
328,48.223145,7.517728,-34.9019496,-60.7143992,"RP46, Buenos Aires, Argentinien",AR
329,36.794445,7.4226484,53.2806013,-9.5272034,"Unnamed Road, Co. Galway, Ireland",IE
330,56.3853,10.811373,26.9945948,89.5889918,"Phuntsholing - Thimphu Hwy, Bhutan",BT
331,54.046738,9.362282,47.4604181,8.4407857,"Alter Bahnhof 2, 8107 Buchs, Switzerland",CH
332,46.296463,7.1552134,41.7880057,23.6396797,"19, 2776 Obidim, Bulgarie",BG
333,54.42855,9.5608015,49.0180082,18.2548995,"E75, Košeca, Slovakia",SK
334,47.933174,8.020315,23.7602801,89.5053133,"01 Dhaka - Kushtia Hwy, Ramdia 7722, Bangladesh",BD
335,47.665405,8.37684,-47.7939291,-70.8289331,"RN40, Santa Cruz, Argentinien",AR
336,45.005455,5.535841,51.3734093,6.9609181,"Ruhrtalstraße, 45219 Essen, Germany",DE
337,48.979042,8.930329,-6.9215538,110.2042077,"Jl. Soekarno-Hatta No.193, Kendal, Kendal, Jawa Tengah 51313, Indonesia",ID
338,58.185707,21.429834,45.667792,22.1608736,"DJ681, Roemenië",RO
339,54.78782,9.2365885,45.5604284,11.5359223,"Via Francesco Guicciardini, 26, 36100 Vicence, Italie",IT
340,51.63781,9.020152,48.2601156,21.8995833,"3973 Cigánd, Hajnal Street 6, Hungary",HU
341,51.946606,9.159416,48.3527234,17.6132715,"R1, 917 05 Trnawa, Słowacja",SK
342,48.562523,6.6763086,-39.4227425,174.1114962,"691 Rowan Road, Kaponga 4679, New Zealand",NZ
343,51.213825,9.133535,40.9307904,24.9446547,"Unnamed Road, Avdira 670 61, Greece",GR
344,49.414185,7.982765,-29.6211774,31.0440045,"39 New Glasgow Road, Verulam 4344, Südafrika",ZA
345,45.879097,6.325614,14.2486701,104.5227602,"2625, Cambodia",KH
346,53.235634,9.275064,56.3732606,24.2247121,"Musa, Mūsa, Ceraukste parish, LV-3901, Latvia",LV
347,53.84731,8.601157,24.6213614,121.7303041,"Zhōngshān Road, Condado de Yilan, Taiwán",TW
348,50.182343,7.7116585,8.8867186,99.2203309,"44, Tambon Chapthawi, Amphoe Ban Na Doem, Chang Wat Surat Thani 84240, Thailand",TH
349,49.64057,6.709281,56.092575,26.0041956,"Loka iela, Ancene, Asare parish, LV-5210, Latvia",LV
350,50.010204,7.095867,27.3106661,91.0641247,"Bumthang - Ura Hwy, Bhutan",BT
351,48.11367,6.665495,52.5394396,39.5803905,"Lenigradskaya ulitsa, Lipetsk, Oblast Lipetsk, Rusland, 398006",RU
352,51.840088,8.985415,43.5640484,-7.5979739,"CP-3801, 27865 Ourol, Lugo, Spain",ES
353,50.903442,8.556952,57.9818347,27.5675063,"Tartu-Räpina-Värska, 64307 Põlva County, Estonia",EE
354,55.145416,10.171961,1.2651185,103.6254423,"Unnamed Road, Singapore",SG
355,47.879547,7.2641783,-37.3544186,-59.0043137,"RP74, Buenos Aires, Argentina",AR
356,53.993484,10.362377,-26.5084509,30.0016206,"80 Pet Street, Ermelo 2351, South Africa",ZA
357,56.95472,14.182334,40.4784062,25.644481,"Epar.Od. Kamariotissas - Pigon Samothrakis, Samothraki 680 02, Grekland",GR
358,54.841904,10.004173,40.9505705,24.2149269,"Epar.Od. Kavalas - Serron, Paggeo 641 00, Griechenland",GR
359,49.613934,7.920865,40.7429249,139.9996225,"Omagoe Hwy, Kasose, Fukaura-machi, Nishitsugaru-gun, Aomori-ken 038-2411, Japon",JP
360,50.16545,5.494631,35.2122059,128.911354,"425 Singman-dong, Gangseo-gu, Busan, South Korea",KR
361,50.95729,7.2509813,37.7858251,24.8718706,"Unnamed Road, Andros 845 00, Greece",GR
362,30.339897,82.56275,23.66689,88.8236656,"Chuadanga - Meherpur Hwy, Alukdia, Bangladesh",BD
363,49.69642,9.010555,37.199275,138.3622489,"Japan, Niigata Prefecture, Joetsu, Kubikiku Nakamasuda 県道30号線",JP
364,-8.004455,18.095245,-26.4461683,31.3148641,"MR3, Swaziland",SZ
365,45.981964,7.8873243,65.5536061,-19.4502161,"Norðurbrún, Varmahlíð, Iceland",IS
366,49.28746,8.802455,60.2428633,25.0168136,"Gamla Helsingevägen 2, 00700 Helsinki, Finland",SG
367,49.991055,9.562317,1.4386067,103.7425097,"30 Kranji Way, Singapore 739440",SG
368,48.78468,7.0650425,37.25425,140.4300686,"Japon, Préfecture de FukushimaSukagawaOguri, Ikenokubo 県道138号線",JP
369,45.888477,13.732477,23.1684887,121.0274094,"Wulucun Communication Rd, Haiduan Township, Taitung County, Тайвань 957",TW
370,49.04133,8.322539,11.2034296,103.5155459,"AH123, ឃុំ កណ្ដោល, Kambodža",KH
371,50.48031,8.019055,50.4056456,4.3426145,"N54, 6140 Fontaine-l'Evêque, Belgique",BE
372,55.09282,9.191433,63.3795985,29.926706,"Yläviekintie 59, 81700 Lieksa, Finland",FI
373,48.77632,6.5194206,-36.9013182,174.811551,"5 Cawley Street, Ellerslie, Auckland 1051, New Zealand",NZ
374,54.306335,9.452468,55.8491757,8.7413855,"Nørholmvej 1, 6880 Tarm, Denemarken",DK
375,53.25045,9.377014,65.7817321,20.9262178,"666, 942 92 Älvsbyn, Sweden",SE
376,49.050552,8.484812,17.826764,-97.7825998,"13, Fovissste, 69005 Heroica Ciudad de Huajuapan de Leon, Oaxaca, Mexico",MX
377,49.62103,8.282644,48.7479153,19.1363754,"E77, 974 01 Banská Bystrica, Slovaquie",SK
378,53.176476,9.394974,45.2349252,17.1985085,"E70, 35430, Bodegraj, Croatia",HR
379,52.330845,8.934943,44.1773517,143.5802252,"82 Kitaheison Ikku, Yūbetsu-chō, Monbetsu-gun, Hokkaidō 099-6325, Japan",JP
380,45.767532,7.911969,-36.7805135,149.9134696,"1479 Sapphire Coast Drive, Wallagoot NSW 2550, Australia",AU
381,47.093964,6.8088484,33.0158929,35.1354577,"89, Israel",IL
382,53.75136,9.326134,49.1174957,19.0279585,"E50, Malá Fatra-OP, 038 53 Turany, Slovakia",SK
383,47.522934,7.5465183,-32.7263501,-66.1601985,"RP9, San Luis, Argentina",AR
384,49.790775,8.393405,56.6183462,25.8239825,"P37, Aiviekstes pagasts, LV-5120, Łotwa",LT
385,48.670933,7.9882393,55.3322118,8.9025485,"Ribevej 99, 6510 Gram, Denmark",DK
386,53.59087,9.127525,-6.8911554,108.7339833,"Jl. Tol Kanci-Pejagan, Pabuaran, Cirebon, Jawa Barat 45188, Indonesia",ID
387,51.042614,7.5161953,22.7242657,121.0433885,"Lane 428, Section 4, Qīnghǎi Road, Taitung City, Taitung County, Taiwan 950",TW
388,50.47125,7.102478,46.2052643,6.1617236,"Rue Sillem 3, 1207 Geneva, Switzerland",NZ
389,49.979256,7.265831,22.3660898,113.9953566,"2 Yu Chui St, Tuen Mun, Hong Kong",HK
390,56.20272,12.721634,50.3717645,30.5160413,"Yahidna Street, 27, Kyyiv, Kyiv city, Ukraine",UA
391,47.334282,7.4442453,-46.1810219,168.8801574,"22 Selbourne Street, Mataura 9772, New Zealand",NZ
392,41.73745,7.2399054,45.3870105,27.9159381,"Brăila, Romania",RO
393,54.988613,9.674707,-34.840703,-71.1025397,"Panamericana Sur, Teno, Maule Region, Chile",CL
394,52.6464,9.761864,48.6520515,2.2740467,"31 Rue du Pont aux Pins, 91310 Montlhéry, France",FR
395,51.475163,9.343388,51.4485999,4.4942575,"Nieuwmoersesteenweg 121, 2910 Essen, Belgique",BE
396,52.47592,9.171981,22.295401,113.955206,"N Lantau Hwy, Tung Chung, Hongkong",HK
397,53.56391,10.119591,47.1016559,17.5541234,"8400 Ajka, Babits Mihály Street 1, Hungary",HU
398,53.49961,9.308863,55.7780402,12.1832912,"Ring Syd, 3650 Ølstykke, Danemark",DK
399,51.570457,9.223043,-26.2103654,31.0303871,"MR3, Ngwenya, Swaziland",SZ
400,49.389816,7.4067698,44.9301802,25.3040223,"DJ702A, Drăgăieşti Pământeni, Romania",RO
401,45.987137,9.973215,-27.0306169,30.7556522,"R543, South Africa",ZA
402,48.82287,6.4188023,45.8618628,14.8287407,"Malo Globoko 3a, 1303 Zagradec, Slovenia",SI
403,46.171555,6.7787724,-26.4543522,31.0796247,"MR19, Swaziland",ID
404,51.379776,9.138751,27.5419696,89.827128,"Unnamed Road, Bhutan",BT
405,49.093124,7.1538153,-22.7848018,-51.4191123,"Rodovia Issa Jabour, Paraná, 86160-000, Brasilien",BR
406,52.273838,9.23101,62.138724,26.9693726,"Porsaskoskentie 2223-2225, 51670 Mikkeli, Finland",FI
407,50.70063,7.6598864,55.6817345,35.6555312,"Р90, Moskovskaya oblast, Russia",RU
408,46.930874,7.1043186,-38.0574869,175.9493031,"Leslie Road, Ngatira 3485, New Zealand",NZ
409,51.522064,9.037439,52.2997067,6.785587,"Deurningerweg 51, 7623 AG Borne, The Netherlands",NL
410,22.569794,71.01495,-24.624214,25.9396205,"Ramotswa, Gaborone, Botswana",BW
411,49.691753,7.838229,51.2151578,58.6631122,"pereulok Ogneupornyy, Orsk, Orenburg Oblast, Russia",RU
412,47.979973,6.6685143,-37.7043543,145.0910497,"522 Greensborough Road, Greensborough VIC 3088, Australia",AU
413,46.068794,6.427166,54.9585601,-1.7222735,"A47, Oakham, Rutland LE15 9ET, UK",GB
414,51.02678,7.2452364,-6.9561407,110.4613662,"Jl. Kaligawe, Genuk, Kota Semarang, Jawa Tengah 50112, Indonesia",ID
415,54.35915,7.3426714,46.8956788,19.6752853,"6000 Kecskemét, Wéber Ede Street 18, Hungary",HU
416,48.058456,8.054545,36.8294787,140.7811493,"292-7 Sekinamichō Kamiokashimo, Kitaibaraki-shi, Ibaraki-ken 319-1715, Japan",JP
417,49.86471,6.8503647,22.71547,120.2811155,"No. 433, Jiǔchāng Street, Nanzi District, Kaohsiung City, Taiwan 811",TW
418,51.115925,10.061638,52.412372,13.1403109,"Schäferstraße 10-14, 14109 Berlijn, Duitsland",DE
419,52.246918,8.587904,52.5625662,5.6433015,"Rozentuin 31, 8255 JG Swifterbant, The Netherlands",NL
420,44.40413,5.4719324,44.7547725,10.7363532,"Via Fossa Ronchi, 2, 42015 Correggio Reggio Emilia, Italy",IT
421,48.237988,8.278279,39.8413413,16.473805,"Contrada Ponticello, 10, 87076 Villapiana, Cosenza, República Italiana",IT
422,50.14629,8.468623,51.5302666,-114.0724216,"Alberta 2A, Carstairs, Alberta T0M 0N0, Canadá",CA
423,53.66898,9.790064,47.9457228,20.0226087,"3243 Bodony, Ballai Street 5, Hungary",HU
424,10.946984,3.7710264,-24.1398152,26.2509563,"A1, Botswana",BW
425,55.289963,9.597836,10.8155867,-74.9741702,"Juan De Acosta - Baranoa # 2 a 100, Baranoa, Atlantico, Colombia",CO
426,55.793808,18.36209,47.392892,8.5392095,"Schaffhauserstrasse 74, 8057 Zürich District, 스위스",CH
427,45.843426,6.2984934,4.9771511,-73.7459905,"Unnamed Road, Sesquilé, Cundinamarca, Colombia",NO
428,50.79486,7.5698395,12.5931476,102.8485738,"Unnamed Road, Cambodia",KH
429,48.022774,7.551008,54.2201325,-10.026544,"R313, Co. Mayo, Ireland",IE
430,52.44558,8.650402,43.4074585,-86.296695,"8121-8129 Lorenson Road, Whitehall, MI 49461, USA",US
431,51.030834,9.168852,37.8230795,-1.4360286,"N-340, 30840 Alhama de Murcia, Murcia, Španělsko",ES
432,47.924522,8.197478,47.0168463,19.9698923,"2755 Kocsér, 46122, Hungary",HU
433,47.89155,6.0400953,37.6062329,140.7686135,"Japan, 〒960-1723 Fukushima-ken, Sōma-gun, Iitate-mura, Nagadoro 県道62号線",JP
434,52.094223,47.6886,16.8187838,100.7855946,"Unnamed Road, Tambon Wang Nok Aen, Amphoe Wang Thong, Chang Wat Phitsanulok 65130, Tailandia",TH
435,58.144287,18.97104,60.4082109,29.8102409,"Р34, Oblast de Léningrad, Russie",RU
436,51.334663,8.211815,50.7292262,-3.5995477,"2 Centre Cottages, Whitestone, Exeter, Devon EX4 2LA, Royaume-Uni",GB
437,35.122795,81.02189,1.317946,103.6284538,"53 Tuas South Ave 1, Singapore 637606",SG
438,47.783035,7.921623,55.9276757,23.2954611,"Žemaitės gatvė 2B, Šiauliai 78101, Lithuania",LT
439,50.711365,7.8999615,-35.4769933,-63.1648236,"Ruta Provincial 70, Buenos Aires, Argentinien",AR
440,48.939896,9.3144865,51.1763359,6.8616084,"Peter-Krahe-Straße 32, 40599 Düsseldorf, Allemagne",DE
441,46.434555,8.4784,43.6017609,23.6472732,"101, 3357 Hayredin, Bulgarie",BG
442,51.490833,8.24066,54.8426883,21.0632298,"A190, Oblast de Kaliningrad, Russie",RU
443,47.066883,7.8828363,27.3265131,90.5837093,"Unnamed Road, Bhutan",BT
444,12.526551,15.005142,45.9834698,18.4486252,"7751 Szederkény, M60, Hungary",GB
445,50.245705,7.8743515,56.0656954,-3.4144787,"2 Norway Gardens, Dunfermline, Fife KY11 8JW, UK",GB
446,52.390366,9.22517,44.1906443,15.6850322,"D27, 23450, Obrovac, Croatia",HR
447,47.753082,7.7503653,50.8961555,3.3083888,"Oostrozebeeksestraat 13-19, 8531 Harelbeke, Belgium",BE
448,48.33708,8.188966,57.5061741,21.6889373,"P124, Tārgale parish, LV-3601, Latvia",LV
449,46.251194,8.050852,22.9457794,121.1264158,"Yǒnglè Road, Luye Township, Taitung County, Taiwan 955",TW
450,52.514572,9.636252,39.5207432,-8.7276864,"Tv. Henrique Frazão, 2380, Portugal",PT
451,57.991547,19.969122,46.0231315,23.1183659,"DJ705, Balşa, Rumunia",HU
452,48.4496,7.2737303,-35.9372781,174.4093379,"50 Applecross Road, Waipu 0582, New Zealand",NZ
453,47.004448,7.494215,54.5907697,24.2172293,"3308, 59429, Lithuania",LT
454,53.934517,9.994467,22.2944919,113.9521533,"Man Tung Rd, Tung Chung, Hong Kong",HK
455,51.999493,7.8741045,-5.8206588,-81.0397158,"Unnamed Road, Peru",PE
456,45.20514,5.767807,43.9203297,-79.270598,"10226-10388 Ontario 48, Markham, ON L3P 3J3, Canada",CA
457,49.84276,9.016203,43.4434607,-5.7855194,"AS-241, 33192, Asturias, Spain",ES
458,51.850334,7.6404104,48.0577095,19.4222444,"2673 Csitár, Ságvári Way 3-5, Hungary",HU
459,51.71144,7.618828,44.114801,26.5864327,"Strada Pietruită, Chirnogi, Romania",RO
460,55.737015,9.77989,14.2486701,104.5227602,"2625, Cambodia",KH
461,51.3284,10.105941,25.0615959,55.1529014,Unnamed Road - Dubai - United Arab Emirates,AE
462,52.3078,7.3831844,-40.5015,-71.1746936,"Ruta Provincial 63, Neuquén, Argentina",AR
463,48.41744,7.664959,46.5039378,3.096972,"La Poule, 03210 Meillers, France",FR
464,51.189003,9.102678,40.1007255,15.5734989,"Strada Provinciale 210, 84079 Vibonati, Salerno, Italy",IT
465,-19.489807,22.047033,-21.147429,27.4638621,"A3, Botswana",BW
466,47.21754,7.4410105,55.8526163,9.7642928,"Kirkevænget 35, 8700 Horsens, Denemarken",DK
467,47.650795,8.718319,41.6154266,-5.6482623,"CL-612, 16, 49123 Benegiles, Zamora, España",ES
468,51.105907,8.714741,23.2266177,90.0198932,"Dhaka - Barisal Hwy, Takerhat, Bangladesh",BD
469,54.253685,9.733575,35.0886647,129.0604976,"147-42 Cheonghak 2(i)-dong, Yeongdo-gu, Busan, Zuid-Korea",KR
470,-14.746404,20.342314,-22.5362925,27.1111464,"Yarona Road, Palapye, Botswana",BW
471,51.339546,8.730096,-41.2650043,173.2863941,"9 Dundas Street, The Wood, Nelson 7010, New Zealand",NZ
472,57.338722,21.502317,46.2122548,7.0091165,"Galerie de St-Maurice, 1890 Saint-Maurice, Switzerland",CH
473,37.768517,72.19046,-43.6463469,171.9093831,"826 Rakaia Terrace Road, Bankside 7783, New Zealand",NZ
474,48.761673,8.192065,59.1537822,26.0966258,"Betooni 3, Tamsalu, 46107 Lääne-Viru County, Estonia",EE
475,52.045387,8.91908,32.1955002,-101.6224389,"Interstate 20 Frontage Road, Big Spring, Texas 79720, États-Unis",US
476,47.2406,8.413785,-7.3213335,-79.3645094,"PE 08 16, Peru",PE
477,-11.751338,17.002691,-22.1408571,28.0707343,"A15, Botswana",BW
478,48.562305,8.752992,31.7771157,130.9987196,"Japan, 〒885-0113 Miyazaki Prefecture, Miyakonojo, Shonaicho 県道31号線",JP
479,49.046417,7.526247,-30.8369782,-59.0393909,"Unnamed Road, Entre Ríos, Argentina",AR
480,45.60428,5.629362,52.108108,5.029727,"Jan Vogellaan, 3451 Vleuten, The Netherlands",NL
481,52.36296,9.44853,31.4232478,34.5771075,"Yuval 42, Netivot, Israel",IL
482,57.691536,19.799978,41.4616926,-78.6059774,"Johnsonburg-Saint Marys Road, St. Marys, PA 15857, USA",US
483,56.17521,18.485403,24.0124933,120.9901739,"Fúzhǎng Road, Puli Township, Nantou County, Ταϊβάν 545",TW
484,45.25305,6.1607256,23.5812791,88.9463633,"Jhenaidah - Chuadanga Rd, Bangladesh",BD
485,51.502625,8.728233,48.0106542,21.6303181,"4461 Nyírtelek, Tokaji Way 16-18, Hungary",HU
486,48.855476,8.158126,-34.6933613,173.0222616,"5824-6092 Far North Road, Ngataki 0484, New Zealand",NZ
487,50.54711,8.525421,40.6938611,-6.9357687,"N340, 6350, Portugal",PT
488,51.369614,8.617386,31.7882183,35.2232866,"Hasidei Karlin 3-7, Jerusalem, Israel",IL
489,57.815937,17.583115,46.945793,9.5456058,"A13, 7205 Zizers, Switzerland",CH
490,43.925186,6.6675167,-40.2439772,-70.3398808,"RN237, Neuquén, Argentina",AR
491,58.250298,23.835646,47.260031,1.5903649,"9 Rue Basse, 41130 Selles-sur-Cher, Francja",FR
492,49.16384,8.183059,23.2389003,91.3131096,"Dhaka - Chittagong Hwy, Chauddagram, Bangladesh",BD
493,49.178844,6.52993,-7.3160115,112.4264607,"Jl. Raya Dawarblandong, Dawar Blandong, Mojokerto, Jawa Timur 61354, Indonesia",ID
494,47.503647,7.5236206,4.2597766,-74.5992037,"I-40 # 1 a 56, Melgar, Tolima, Colombia",CO
495,52.496555,9.197823,23.7131769,88.7661701,"Chuadanga - Meherpur Hwy, Bangladesh",BD
496,56.269005,12.391308,35.1978487,129.0055506,"1262-12 Gupo 2(i)-dong, Buk-gu, Pusan, Corée du Sud",KR
497,48.11403,8.468915,-40.231998,175.7331886,"720 Watershed Road, Bunnythorpe 4470, New Zealand",IS
498,30.632994,17.963259,-33.3079833,-70.8563415,"Irene Frei, Lampa, Santiago Metropolitan Region, Chile",CL
499,58.244446,16.620943,53.0371181,19.7401193,"Droga Wojewódzka 563, Poland",PL
500,50.157585,11.426607,-7.603961,109.5093196,"Gg. Nanas Gombong, Gombong, Kebumen, Jawa Tengah 54414, Indonesia",ID
501,51.249153,8.438722,49.8255838,24.1360538,"Ivasyuka Street, 31, Vynnyky, Lviv Oblast, Ukraine",UA
502,56.39973,13.482809,31.4152848,34.5885637,"Ahat Esre Hanekudot, Netivot, Israel",IL
503,58.40618,20.410154,31.6856485,130.2931671,"3753 Ozato, Ichikikushikino, Kagoshima Prefecture, Japan",JP
504,51.591064,9.167809,60.9521089,26.0918385,"Rantakuja 92, 16100 Iitti, Finland",FI
505,55.849743,12.27688,22.247952,114.292815,"Unnamed Road, Tung Lung Chau, Hong Kong",HK
506,45.680115,6.6192007,70.0016971,29.2121019,"E6 110, 9840 Varangerbotn, Norway",PE
507,50.03501,7.1642942,50.8521455,3.7258577,"Boekelbaan 69-113, 9630 Zwalm, Belgique",BE
508,54.72927,9.438694,25.1326098,55.3540214,E66 - Dubai - United Arab Emirates,AE
509,42.53243,4.516905,22.7669678,89.1407698,"Khulna - Satkhira Rd, Bangladesh",BD
510,50.26893,9.032712,49.9741088,36.3092672,"50-richchya SRSR avenue, 60Б, Kharkiv, Kharkiv Oblast, Ukraine",UA
511,53.07759,9.271452,45.6288293,4.9823708,"12 Chemin de Chaponnay, 69780 Saint-Pierre-de-Chandieu, France",FR
512,55.609234,12.002573,22.9254413,89.0065359,"Jessore - Satkhira Hwy, Bangladesh",BD
513,47.938675,6.377969,43.9925523,27.1887838,"218, 7572 Profesor Ishirkovo, Bulgaria",BG
514,47.08683,8.289758,48.0004801,37.7796199,"Torets'ka street, 10-12, Donetsk, Donetsk Oblast, Ukraine",UA
515,48.9639,6.2182198,59.1243238,11.3919039,"Riksveg 22, 1772 Halden, Norway",NO
516,47.1781,7.7177925,53.5181234,-9.605655,"Unnamed Road, Co. Galway, Ireland",IE
517,43.69345,6.1058245,56.9564789,23.6736205,"Dzelzceļa iela 36, Jūrmala, LV-2008, Latvia",LV
518,52.306816,8.931672,-8.829275,115.084607,"Jl. Pedestrian Walk, Kuta Sel., Kabupaten Badung, Bali, Indonesia",ID
519,49.69969,7.6461525,45.6045819,14.2363,"Šembije 33, 6253 Knežak, Słowenia",SI
520,53.527115,6.4935102,65.9623627,24.1744528,"Kourilehdontie 337-339, 95500 Tornio, Finland",FI
521,46.87279,5.9538555,-38.2104996,175.2246101,"172 Mangawhero Road, Otorohanga 3975, New Zealand",NZ
522,50.22194,6.741911,53.6294404,10.1308204,"Pferdekoppel 4-9, 22159 Hamburg, Germany",DE
523,45.371895,8.055609,-33.9271703,18.4386055,"Invery Place, Kapsztad 8001, Republika Południowej Afryki",ZA
524,52.089607,8.524235,36.4155672,-90.389351,"4969 State Highway 141, Corning, AR 72422, USA",US
525,49.87219,8.443344,62.6305363,22.3941525,"Lehtotie 8-10, 61300 Kurikka, Finland",FI
526,52.777363,8.984046,36.7518471,22.7994004,"Epar.Od. Molaon-Elaias, Elea 230 52, Griechenland",GR
527,55.448273,10.268863,50.6871246,17.7325988,"Droga Krajowa 46, Poland",PL
528,57.095154,15.788828,57.9145041,27.4142587,"Ilumetsa-Rõssa, 64111 Põlva County, Estonia",EE
529,50.173157,7.6616344,43.4588624,10.9153004,"SP62, Volterra, Pisa, Italy",IT
530,48.9151,10.005367,51.8073961,19.5363787,"Opolska 75, Łódź, Polonia",HK
531,54.51837,9.554585,-7.1683248,112.5699191,"Jl. Ambeng-Ambeng No.12, Duduksampeyan, Gresik, Jawa Timur 61162, Indonesia",ID
532,24.13511,86.9141,13.7012997,105.3304667,"Unnamed Road, Cambodia",UA
533,48.97529,7.518347,45.1338956,-66.8238994,"New Brunswick 1, Saint George, Nowy Brunszwik E5C, Kanada",CA
534,52.022896,8.127098,42.4929584,1.4994714,"CG-1, AD500 Andorra la Vella, Andorra",AD
535,52.24357,8.50738,54.3755305,23.3008071,"2642, 69228, Lithuania",LT
536,50.013214,7.961981,-40.5951068,-73.1203969,"Isla Quinchao, Osorno, Los Lagos Region, Chile",CL
537,49.547005,7.4826355,31.7771157,130.9987196,"Japan, 〒885-0113 Miyazaki Prefecture, Miyakonojo, Shonaicho 県道31号線",JP
538,46.68867,6.2345505,60.1512862,11.1066738,"Kjosvegen 12B, 2050 Jessheim, Norway",NO
539,55.95147,9.292571,53.9126907,14.2395823,"72-600, Poland",RU
540,54.102448,33.214066,-6.647152,106.945037,"Jl. Ke Tegal Luhur, Bogor, Jawa Barat, Indonesia",ID
541,48.922527,7.514329,64.8212047,-22.269815,"Snæfellsnesvegur, Islandia",IS
542,42.44937,14.243966,13.5879512,107.5144746,"Unnamed Road, Cambodia",KH
543,56.071068,10.303212,50.6871246,17.7325988,"Droga Krajowa 46, Poland",PL
544,54.500896,13.533777,50.0243394,36.3355781,"Heroiv Pratsi street, 13, Kharkiv, Kharkiv Oblast, Ukraine",UA
545,53.62909,9.368843,11.016457,-74.8444981,"Carrera 51B # 1 a 99, Puerto Colombia, Atlántico, Kolumbia",CO
546,51.107048,8.75443,22.3236445,114.2713231,"11 Silverstrand Beach Rd, Clear Water Bay, Hong Kong",HK
547,56.493874,14.065269,23.0735425,89.2346331,"Jessore - Rajarhat - Monirampur - Keshabpur - Chuknagar Rd, Бангладеш",BD
548,53.38363,9.229683,55.9344363,26.1675861,"Alejas iela 1, Šēdere, Šēderes pagasts, LV-5474, Letland",LV
549,47.37091,5.782054,57.5969801,28.3201708,"Leningradskoye shosse, Pskov Oblast, Russia",RU
550,46.03257,5.957408,37.4788701,13.7129227,"Strada Provinciale 24, 93010 Milena, Caltanissetta, Italie",IT
551,-4.734275,11.876386,-37.9352172,143.6455444,"760 Mill Road, Werneth Victoria 3352, Australie",AU
552,44.867516,7.654582,56.8906964,25.177123,"Akas iela 11, Ķeipene, Ķeipenes pagasts, LV-5062, Latvia",LV
553,21.53701,110.23425,24.6691419,121.7782009,"Luózhuāng 1st Street, Luodong Township, Yilan County, Taiwan 265",TW
554,51.31346,9.232264,26.9499764,-82.2434772,"5400-5408 White Avenue, Port Charlotte, Floride 33981, États-Unis",US
555,50.578144,8.720371,32.3260894,34.8563177,"Meirovich 2-8, Netanya, Israel",IL
556,51.715992,9.650951,42.424795,26.5419796,"5304, Kukorevo, Bulgaria",BG
557,49.923615,9.417924,41.9856312,140.3432862,"Unnamed Road, Shimizu, Assabu-chō, Hiyama-gun, Hokkaidō 043-1101, Japan",JP
558,55.4654,10.855473,24.9630045,55.188531,D57 - Dubai - United Arab Emirates,AE
559,-20.783312,21.006268,-34.4679268,148.6598,"Boorowa Harden Road, Boorowa Nowa Południowa Walia 2586, Australia",NO
560,51.446003,10.231485,-7.339623,-79.5886231,"Unnamed Road, Boca del Rio, Peru",PE
561,46.50502,10.036989,37.553674,-8.487249,"N266, 7665, Portugal",PT
562,46.596752,7.403491,-5.853909,-81.0138797,"Unnamed Road, Peru",PE
563,47.759518,7.0286846,-26.7135347,153.0882628,"Sunshine Motorway, Sippy Downs QLD 4556, Australia",AU
564,57.441307,17.483282,32.5429041,-92.2688643,"575 J T Griggs Road, Calhoun, LA 71225, USA",US
565,50.92507,7.9901943,43.7170964,16.2033441,"22323, Nevest, Croatie",HR
566,51.870163,9.611517,16.7841709,103.1821024,"Unnamed Road, Tambon Nong Yai, Amphoe Nong Kung Si, Chang Wat Kalasin 46220, Таиланд",TH
567,48.68859,8.59097,0.9927469,110.5260609,"Unnamed Road, Serian, Sarawak, Malaysia",MY
568,53.33829,12.720897,41.5416775,24.9100723,"86, 4955 Ravnishta, Bulgaria",BG
569,52.785103,9.420845,27.3265131,90.5837093,"Unnamed Road, Bhutan",BT
570,50.04944,9.680536,-35.5969357,-71.734968,"Miraflores, San Javier, Maule Region, Chile",CL
571,50.34091,8.174074,43.9384919,26.2245382,"2102, 7063 Borisovo, Bulgaria",BG
572,52.156876,8.519677,35.1836934,129.1980367,"산53-43 Songjeong-dong, Haeundae-gu, Busan, South Korea",KR
573,50.887566,8.06345,55.5703022,8.206978,"Blåvandvej 66, 6857 Blåvand, Denmark",RU
574,58.345993,21.316324,23.9049684,120.8586438,"544, Taiwan, Nantou County, Guoxing Township, 三合產道",TW
575,48.459923,7.198695,-7.4773463,110.218221,"Jl. Mayjen Sutoyo, Magelang Tengah, Kota Magelang, Jawa Tengah 56122, Indonesia",ID
576,-23.292063,22.348322,-21.1674696,27.4951849,"Maun Road, Francistown, Botswana",BW
577,47.38852,9.133538,57.5576049,13.3778915,"1680, 514 50 Limmared, Sweden",SE
578,50.701046,7.61392,50.3702735,4.1111734,"Rue Charles Gantois 2-24, 7120 Estinnes, Belgique",BE
579,53.153343,10.241557,22.3902408,114.3328815,"Maclehose Trail Sec. 1, Hong Kong",HK
580,51.05374,8.627231,26.8977588,89.5277486,"Phuntsholing - Thimphu Hwy, Bhutan",BT
581,54.41524,9.278469,-37.1957236,145.7614797,"267 Ut Creek Road, Alexandra VIC 3714, Australia",AU
582,46.832306,7.2333565,50.4437893,30.4553192,"Zaliznychna Street, 14, Kiev, Kyiv city, Oekraïne",UA
583,54.15238,9.187998,47.4604181,8.4407857,"Alter Bahnhof 2, 8107 Buchs, Switzerland",CH
584,45.94314,6.9144783,63.9668678,-20.2732872,"Landvegur, Iceland",IS
585,53.62805,9.577757,52.1202074,4.7898166,"Meije 132-188, 2411 Bodegraven, Netherlands",BT
586,50.305447,8.550631,1.2684765,110.6558073,"Kampung Gumpey, 94700 Simunjan, Sarawak, Malaysia",MY
587,49.382652,8.076324,56.092575,26.0041956,"Loka iela, Ancene, Asare parish, LV-5210, Latvia",LV
588,43.01311,5.23759,56.3841469,23.7408113,"Saulstaru iela 14, Bērvircava, Sesavas pagasts, LV-3034, Latvia",LV
589,56.63665,11.79489,47.0660044,6.7038539,"Grand-Rue 27, 2416 Les Brenets, Switzerland",CH
590,48.563774,8.762111,54.9347235,21.7056366,"A216, Kaliningrad Oblast, Russia",RU
591,47.23109,7.683445,59.9114121,71.1658738,"R404, Khanty-Mansiyskiy avtonomnyy okrug, Russia, 628327",LT
592,47.054115,6.964095,39.3262047,-6.0539877,"Carretera de a Salvatierra, 10185 Benquerencia, Cáceres, Spain",ES
593,52.879807,9.306332,20.1699293,-102.3823969,"Calle Rubio, Michoacán, Mexikó",MX
594,50.13304,6.8484106,45.5576019,5.966848,"411-437 Rue de l'Église, 73490 La Ravoire, France",LT
595,49.06788,8.360403,43.242746,-7.8546832,"LU-P-2301, 27307 Guitiriz, Lugo, Spain",ES
596,53.220043,9.24276,56.9358534,21.9280371,"P112, Upīškalns, Kurmāle parish, LV-3301, Latvia",LV
597,49.33156,8.43266,-34.3765681,-67.4217392,"RN146, Mendoza, Argentina",AR
598,48.6978,7.0258846,46.7009461,20.1747753,"6640 Csongrád, Levendula Street 9, Hungary",HU
599,51.817345,10.329041,46.444178,6.9113727,스위스 1822 몽트뢰 팡 듀 크호 도로 18-20,CH
600,47.996674,7.487171,46.399793,15.8583983,"Zidanškova ulica 17, 2250 Ptuj, Slovenia",SI
601,55.184418,18.428686,32.2567802,34.9209225,"Harimon, Tel Mond, Israel",IL
602,35.658203,7.2070065,42.5120341,27.1656544,"539, 8108 Troyanovo, Bulgarije",BG
603,49.39223,5.1491394,37.4209027,-8.5504363,"Unnamed Road, 7665, Portugal",PT
604,23.163893,2.3507202,-28.7798239,-70.7823332,"Panamericana Norte, Vallenar, Atacama Region, Chile",CL
605,51.573784,9.898228,2.9610699,101.6967412,"Persiaran Persekutuan, Presint 13, 62300 Putrajaya, Wilayah Persekutuan Putrajaya, Malaysia",MY
606,47.579006,8.719912,50.5460821,30.3479318,"10-a line, 13, Kyyiv, Kyiv city, Ukraine",UA
607,55.53135,9.817671,56.1007085,26.5446052,"Krasta iela 9-11, Kalupe, Kalupe parish, LV-5450, Latvia",LV
608,51.20948,9.095997,-7.0563853,112.5965705,"Unnamed Road, Bungah, Gresik, Jawa Timur 61152, Indonesia",ID
609,47.45114,6.611596,39.4350337,-7.3637625,"N359 4, 7330, Portugal",PT
610,49.264114,6.889325,48.9749583,1.2272544,"D671, 27930 Saint-Luc, France",FR
611,47.714813,7.5469666,40.8165902,8.4758114,"SP81, 07037 Sorso, Sassari, Italie",IT
612,50.63674,8.449539,23.2362502,120.2278521,"Zhōngshān Road, Xiaying District, Tainan City, Taiwan 735",TW
613,47.327065,8.123188,-26.4592587,27.8385788,"N1, 1805, Afrique du Sud",ZA
614,55.32538,9.859118,-32.7742434,115.8669766,"245-249 Coolup Valley Road, Coolup WA 6214, Australia",AU
615,51.267807,8.690224,47.4808691,8.0972356,"E60, 5078 Effingen, Suisse",CH
616,52.733253,9.566578,56.092575,26.0041956,"Loka iela, Ancene, Asare parish, LV-5210, Latvia",LV
617,51.174744,8.297862,38.3569132,23.6412979,"Unnamed Road, Chalkida 341 00, Greece",GR
618,49.238075,8.153617,62.9644872,22.4732781,"17629 199-205, 61430 Seinäjoki, Finland",FI
619,52.060486,9.276237,60.9521089,26.0918385,"Rantakuja 92, 16100 Iitti, Finland",FI
620,48.509193,10.546484,37.4817615,127.0488939,"1268-1 Gaepo 4(sa)-dong, Gangnam-gu, Séoul, Corée du Sud",KR
621,3.1862833,8.287829,-26.3174069,31.0826387,"MR3, Mbabane, Swaziland",SZ
622,49.780426,5.32405,3.0260518,101.4426659,"Persiaran Tengku Ampuan Rahimah, 41200 Klang, Selangor, Malaysia",MY
623,47.59325,13.855167,11.1876604,103.3893324,"NR48, ឃុំ អណ្ដូងទឹក, Cambogia",KH
624,56.49079,20.736963,46.4236541,16.1283041,"Strmec pri Ormožu 1, 2274 Velika Nedelja, Slovenia",SI
625,47.95774,6.4265947,52.1655612,-100.1615897,"West Elbow Bay, Duck Bay, MB R0L 0N0, Canada",CA
626,56.897118,16.660118,23.1586984,120.5919512,"Guānshān Industry Road, Nanhua District, Tainan City, Taiwan 716",TW
627,48.65325,8.8117485,54.840045,-8.4733695,"4, Portnoo, Co. Baie de Donegal, Irlande",LT
628,54.376465,13.107338,21.4026542,92.1118713,"Ramu-Maricha Rd, Bangladesh",BD
629,48.45643,7.9204016,3.9892332,-73.6819086,"Calle 16 # 4-2, Acacias, Meta, Colombia",CO
630,52.885864,9.754194,58.2267178,26.6088028,"Tatra-Otepää-Sangaste, 62009 Tartu County, Estonia",EE
631,49.570293,8.487576,54.0902497,-124.1111506,"Stuart Lake Hwy, Vanderhoof, BC V0J 3A2, Canada",CA
632,47.013004,27.326965,14.0833571,105.3406695,"Unnamed Road, Cambodia",KH
633,51.74366,9.185805,55.4568286,9.6044814,"Varmarkvej 24-26, 6092 Sønder Stenderup, Denmark",DK
634,46.907288,6.9853153,48.360202,18.2813277,"065002, 951 72 Neverice, Slovakia",SK
635,49.738846,3.1104085,24.6691419,121.7782009,"Luózhuāng 1st Street, Luodong Township, Yilan County, Taiwan 265",TW
636,36.30113,43.670036,22.2735452,113.9915795,"Islands Nature Heritage Trail - Mui Wo Section, Mui Wo, Hong Kong",HK
637,52.25898,7.5548,46.3658758,30.7254374,"Dacha Kovalevs'koho street, 119А, Odesa, Odessa, Ukraine",UA
638,52.069046,11.49353,25.271139,55.307485,130 Al Khaleej Rd - Dubai - United Arab Emirates,AE
639,45.9741,7.154051,-33.4762229,25.5522792,"R336, Afrique du Sud",ZA
640,47.659836,6.309328,52.6569535,-6.6639592,"N80, Co. Carlow, Irlande",IE
641,50.92877,9.001925,32.4595667,35.0363839,"Yitzhak Rabin Highway, Israel",IL
642,55.497196,10.926054,63.360023,14.8484796,"751, 836 93 Lit, Sweden",SE
643,51.130737,8.340193,42.1600442,12.5542154,"Via del Laghetto, 95, 00065 Rome, Italy",IT
644,44.49357,6.9968376,-32.0595624,151.9020732,"375-441 Faulkland Road, Faulkland NSW 2422, Australia",AU
645,42.976036,6.0656414,52.2902668,16.4951204,"64-330 Dakowy Suche, Poland",PL
646,-13.951295,18.773869,-22.2470618,26.7552455,"A14, Botswana",BW
647,44.913086,6.7811785,51.9556228,4.6443733,"Groenendijk 123, 2911 BB Nieuwerkerk aan den IJssel, Pays-Bas",NL
648,43.4982,8.202982,-11.9488201,-76.5050735,"Unnamed Road, Chaute, Перу",PE
649,50.888573,8.956363,56.0004882,22.6008667,"E272, Pabalvė 88200, Lituanie",LT
650,30.783123,93.64334,22.310926,114.25254,"Po Lam Rd S, Hong Kong",HK
651,49.40252,7.6675367,48.4301899,-1.4730224,"D175, 35460 Tremblay, France",FR
652,48.452477,6.885314,60.2740101,6.3827185,"Fylkesveg 105 20, 5627 Jondal, Norway",NO
653,48.647877,9.725552,32.2657004,34.8634485,"5611, Beit Yehoshua, Israel",IL
654,44.917614,8.856268,42.9841897,25.40373,"4041, 5386 Karaivantsa, Bulgaria",BG
655,49.320786,9.606487,57.3494997,12.9765307,"1546, 512 63 Östra Frölunda, Sweden",SE
656,51.8933,9.231951,42.4869621,1.4947572,"CG-1, AD500 Andorra la Vella, Andorra",AD
657,58.465084,21.205433,42.9582315,25.6067922,"55, 5055 Golemanite, Bulgaria",BG
658,51.412216,8.828382,42.9219778,25.8751267,"662, 5070 Elena, Bulgaria",BG
659,51.927032,8.983253,-33.9413845,25.3839602,"N2, Port Elizabeth 6018, South Africa",ZA
660,50.034683,11.399223,37.451782,127.0009988,"451-9 Gwacheon-dong, Gwacheon-si, Gyeonggi-do, South Korea",KR
661,48.254642,6.153227,45.8161261,13.8330609,"Hruševica 1c, 6222 Štanjel, Słowenia",SI
662,53.644413,9.304047,45.6514254,15.2912759,"Bočka 5, 8330 Metlika, Slovenia",SI
663,53.18613,9.092514,61.5043353,24.7820453,"14229 12-144, 36880 Kangasala, Finland",LT
664,49.854225,8.207876,1.4167652,103.9167684,"Punggol Promenade Nature Walk, Singapore",SG
665,56.44995,10.75652,42.576472,1.6248929,"CG-2, AD100 Canillo, Andorra",AD
666,52.29547,9.046322,46.5386283,6.5175373,"Route de Bremblens, 1027 Lonay, Switzerland",CH
667,50.94707,8.03421,57.7555135,24.8911586,"P15, Alojas lauku teritorija, LV-4064, Latvia",LV
668,51.768883,9.390633,43.474454,144.3017001,"Akan-Odan Rd, Okushunbetsu, Teshikaga-chō, Kawakami-gun, Hokkaidō 088-3228, Japan",JP
669,42.66494,6.6886883,56.9341177,27.159507,"Vītolu iela 2, Skujetnieki, Lazdukalna pagasts, LV-4577, Lettonie",LV
670,49.297794,7.1381865,36.5088333,22.3596103,"Unnamed Road, Kipoula 230 71, Greece",GR
671,56.475296,21.06891,-7.8381801,112.6945343,"Gg. Argo Dua, Lawang, Malang, Jawa Timur 65211, Indonesia",ID
672,50.698105,8.430107,48.0689559,18.1099166,"580, 942 01 Šurany, Slovakia",SK
673,56.197018,10.736507,23.42986,120.1949581,"614, Tajwan, Jiayi, Dongshi Township, 170縣道",TW
674,46.15918,8.040862,36.5088333,22.3596103,"Unnamed Road, Kipoula 230 71, Greece",GR
675,55.18627,8.951386,49.9834783,36.3064358,"Dons'kyi lane, 3, Kharkiv, Oblast de Kharkiv, Ukraine",UA
676,49.826866,5.6233807,50.0922194,20.0136974,"Samorządowa, 31-812 Kraków, Polska",PL
677,49.58056,8.56119,64.9385675,-23.091517,"Kolgrafavegur, Islandia",IS
678,51.114494,9.000905,46.5208009,6.5380785,"Chemin du Chaney 6, 1026 Denges, Switzerland",CH
679,47.779846,5.4791937,52.306179,4.6687844,"Lindholm 34, 2133 CV Hoofddorp, The Netherlands",NL
680,52.136322,9.340573,4.6231647,-74.1869381,"Transversal 87B # 58S-1 a 58S-99, Bogota, Cundinamarca, Kolumbia",CO
681,51.95581,8.871615,22.3107687,91.8570272,"N1, Bangladesh",BD
682,49.773384,8.423723,32.7128813,35.4823485,"767, Yavne'el, Israel",IL
683,33.298,39.75276,-6.4574324,110.8552797,"Unnamed Road, Keling, Jepara, Jawa Tengah 59454, Indonesien",ID
684,53.794052,9.298891,40.8761064,-3.5893572,"Calle de las Esperillas, 28192 El Berrueco, Madrid, Spain",ES
685,47.99093,7.1453505,46.6354386,16.2442538,"Gančani 162, 9231 Beltinci, Slovenia",SI
686,51.23778,8.594966,55.9682367,14.1145382,"Mosslundavägen 318, 291 91 Kristianstad, Sweden",SE
687,53.51062,9.822193,62.4724881,14.2152916,"315, 840 32 Klövsjö, Sweden",NZ
688,50.553947,9.614331,4.9261488,-74.428179,"I-50 # 76, Sasaima, Cundinamarca, Colombia",CO
689,53.7872,8.916839,-26.1892086,-50.3995687,"Rua Deodato de Lima, 490-588 - Alto do Palma, Canoinhas - Santa Catarina, 89460-000, Brazil",BR
690,47.942978,7.249915,-23.6501651,146.8974379,"40717 Capricorn Highway, Port Wine QLD 4724, Australia",AU
691,50.7642,8.4173155,20.9439112,-87.3239713,"Carretera Federal 180, Leona Vicario, Quintana Roo, Mehhiko",MX
692,57.128624,16.774427,45.5579814,1.8533648,"D157, 19260 Lestards, France",FR
693,52.404026,9.7659645,11.5826405,105.4781551,"NR8, Kambodscha",KH
694,48.6865,8.339172,23.7887981,89.3376333,"Dhaka - Kushtia Hwy, Bangladesh",BD
695,49.552002,8.119788,48.360202,18.2813277,"065002, 951 72 Neverice, Slovakia",SK
696,48.95096,9.06741,51.8361525,-9.4166316,"Unnamed Road, Co. Kerry, Ireland",IE
697,53.02487,6.6392107,45.9477931,13.7190478,"Šmihel 18b, 5261 Šempas, Slovenia",SI
698,52.812786,9.190681,46.0880594,-118.9102614,"US-12, Burbank, WA 99323, USA",HU
699,48.64038,8.622549,26.8963948,89.4353561,"Unnamed Road, Bhutan",BT
700,53.05394,9.4662285,51.8064368,4.8818081,"Bandijk, 4251 Werkendam, The Netherlands",NL
701,56.17472,11.664498,-26.5994848,31.1517241,"MR4, Swaziland",SZ
702,47.133865,7.33638,-40.550504,175.4217367,"5-9 East Road, Shannon 4821, New Zealand",NZ
703,44.54786,7.959923,47.2902073,26.8209199,"DJ281C, Romania",GR
704,48.67139,7.955023,22.4575375,91.7308375,"Dhaka - Chittagong Hwy, Bhatiari, Bangladesh",BD
705,52.63826,9.20993,45.9606244,15.6856872,"Bizeljsko- Čatež, 8258 Kapele, Slovenija",SI
706,55.256462,9.443748,46.3766927,16.5309722,"Glavna ulica 34-36, 40321, Mala Subotica, Croatia",HR
707,53.723915,9.393797,35.1501918,128.8861434,"342-29 Beombang-dong, Gangseo-gu, Busan, South Korea",KR
708,47.7169,7.5220633,52.0284393,16.3191708,"Zaborowska, 64-234, Poland",PL
709,50.02423,8.084711,-24.9234181,25.4087804,"B105, Botswana",BW
710,53.683716,9.508999,22.7423596,120.2782185,"Jiǎdiǎn Street, Qiaotou District, Kaohsiung City, Taiwan 825",TW
711,43.60202,13.755418,26.9192259,-98.9750176,"Farm to Market 2687, Hebbronville, Texas 78361, États-Unis",US
712,51.338028,8.464693,24.9493248,55.2331966,E 611 - Dubai - United Arab Emirates,AE
713,53.43734,8.990222,59.3922357,9.3227482,"Valebøvegen 236, 3820 Nordagutu, Norway",NO
714,55.022484,14.245043,58.3394227,26.7251962,"Jalaka 64, 50105 Tartu, Estonia",SI
715,31.335749,83.950264,-6.4574324,110.8552797,"Unnamed Road, Keling, Jepara, Jawa Tengah 59454, Indonesien",ID
716,52.656334,8.822735,47.8662738,19.6247768,"3052 Csécse, Rákóczi Way 41, Hungary",HU
717,50.009575,6.1742144,51.712452,-8.8877594,"Unnamed Road, Co. Cork, Irlandia",IE
718,51.642677,8.78262,37.4801747,126.4782739,"2091-95 Unseo-dong, Jung-gu, Incheon, Corée du Sud",KR
719,53.73419,10.254412,52.0376974,8.4885073,"Morgenbreede 41, Bielefeld University, 33615 Bielefeld, Germany",DE
720,48.964348,7.4475117,42.5933474,22.9218666,"6032, 2342 Leskovets, Bulgaria",BG
721,53.891983,7.2959642,35.0295204,138.9491236,"Shimoda Hwy, Sōkōji, Izunokuni-shi, Shizuoka-ken 410-2302, Japan",JP
722,45.712845,6.0788136,50.4430329,15.9635208,"3073, 552 05 Brzice, Czech Republic",CZ
723,53.820316,9.430164,54.2489439,15.9549018,"Nadmorska 83, 76-034 Sarbinowo, Poland",PL
724,49.353283,8.228849,60.0956032,22.4207743,"Verkviksvägen 161, 25870 Kimitoön, Finland",AU
725,50.549946,9.243745,22.4489763,114.1620439,"12-40 Kam Shan Rd, Tai Po, Hong Kong",HK
726,45.641266,7.149576,-38.4717165,176.3557036,"171 Strathmore Road, Reporoa 3081, New Zealand",NZ
727,50.87594,10.444796,37.5210173,126.8431166,"15 Sinwol-ro 19-gil, Yangcheon-gu, Seoul, South Korea",KR
728,49.528584,7.8851366,57.6882267,-2.0197858,"23 Hillcrest, Fraserburgh, Aberdeenshire AB43, UK",GB
729,57.204308,14.210075,45.2908913,16.0711935,"D6, 44403, Dolnjaki, Croatia",HR
730,44.689823,4.9474936,54.3582555,-8.1248524,"Unnamed Road, Co. Leitrim, Ireland",IE
731,49.938972,5.4055243,42.5235367,1.6831886,"Ctra. de Grau Roig, AD200 Encamp, Andorra",AD
732,49.766273,7.589349,59.2981805,25.4020745,"Kose-Jägala, 74409 Harju County, Estonia",EE
733,23.970612,102.804596,27.0756616,91.5154883,"Unnamed Road, Bhutan",BT
734,50.45376,8.74292,18.6338209,100.9660784,"1243, Tambon Nam Pai, Amphoe Mae Charim, Chang Wat Nan 55170, Thailand",TH
735,51.170868,7.0174513,9.2970747,-75.4091398,"Calle 24A # 9-2 a 9-100, Sincelejo, Sucre, Colombia",CO
736,34.032707,53.871166,1.3031701,103.8641979,"17 Beach Rd, Singapore",SG
737,54.12587,9.930395,37.065568,22.724805,"Epar.Od. Leonidiou - Kosma, Notia Kinouria 230 58, Greece",GR
738,53.82026,10.874471,-35.4121651,-71.6566941,"Seis Oriente 2199-2291, Talca, Maule, Chili",CL
739,53.72074,9.080012,56.4448605,22.1346583,"Krasta iela 1, Kalni, Nīgrande parish, LV-3898, Latvia",LV
740,51.69182,8.630297,22.2753197,113.9443117,"Wong Lung Hang Rd, Lantau Island, Hong Kong",HK
741,44.226093,49.99389,15.5981651,105.2315445,"Unnamed Road, Tambon Tabai, Amphoe Si Mueang Mai, Chang Wat Ubon Ratchathani 34250, Thailand",TH
742,49.820877,8.091458,53.235195,6.618029,"Dek 13, 9732 HW Groningen, Nederländerna",NL
743,39.652283,73.00293,22.3557708,114.1654801,"Kowloon Hills Fitness Trail, Lion Rock, Hong Kong",HK
744,57.885384,14.3475275,4.5431515,101.3115495,"185, 31300 Ipoh, Perak, Malaysia",MY
745,54.11232,10.247427,64.6634989,20.8944604,"GÄRDSMARK 271, 931 95 Skellefteå, Sweden",SE
746,57.91717,15.169064,46.4343637,30.7563812,"Tinysta street, 8, Odesa, Odessa Oblast, Ukraine",UA
747,56.36951,10.453228,49.3177094,14.0307998,"4, 397 01 Drhovle, Czech Republic",CZ
748,47.93495,7.513768,1.3068416,103.6846255,"57 Shipyard Rd, Singapore 628142",SG
749,46.96218,8.014571,-8.4656126,114.9141305,"Jl. Raya Denpasar Gilimanuk, Selemadeg Bar., Tabanan, Bali, Indonesia",ID
750,51.333267,9.71743,49.9716302,36.2203708,"Kotlyarevs'koho street, 16-18, Kharkiv, Oblast de Kharkiv, Ukraine",UA
751,50.59693,8.397725,-33.3510147,-66.3639927,"Autopista de las Serranías Puntanas, San Luis, Argentina",AR
752,55.164764,10.597363,10.2540997,-75.3430907,"Carrera 40 # 1 a 99, Arjona, Bolivar, Colombia",CO
753,48.364475,14.5010605,25.1403695,55.1322195,Crescent Rd - Dubai - United Arab Emirates,AE
754,52.501953,9.213973,44.4613818,24.6220656,"DJ546B, Romania",RO
755,44.741173,7.0634975,-25.3319361,28.3943053,"De Wagendrift, South Africa",ZA
756,49.647133,7.19611,48.399294,20.2688545,"50, 982 51 Stránska, Slovakia",SK
757,54.928772,9.73564,42.6043344,1.6389165,"Ctra. de Ransol, AD100 Canillo, Andorra",AD
758,51.43117,7.3832064,47.6737164,19.1110651,"2015 Szigetmonostor, Horánygyöngye Street 61, Hungary",HU
759,51.86309,7.3998184,-13.6496882,132.130589,"Kakadu Highway, Burrundie NT 0822, Australia",AU
760,49.308525,7.5650997,52.0071331,8.5921423,"Reichenberger Straße 39, 33605 Bielefeld, Tyskland",DE
761,52.81392,10.236471,37.6719704,21.242918,"Epar.Od. Pirgou-Katakolon, Pirgos 270 67, Grækenland",GR
762,53.099743,10.201272,-27.3077097,-70.433543,"C-386, Copiapó, Atacama Region, Chile",CL
763,44.965027,6.7382154,54.6731682,11.7149473,"Sakskøbingvej, 4880 Nysted, Denemarken",DK
764,50.122856,8.547819,56.2296196,-3.4518129,"A91, Kinross, Perth and Kinross KY13 0RH, UK",GB
765,50.067966,9.344597,24.4482544,124.210927,"Japan, 〒907-0451 Okinawa-ken, Ishigaki-shi, Fukai 県道87号線",JP
766,34.347557,9.771118,49.6719465,14.8271042,"1256, 257 06 Veliš, Czech Republic",CZ
767,49.5463,7.2080812,-25.6200228,27.9932365,"6118 Pilane Street, Ga-Rankuwa 0208, Afrique du Sud",ZA
768,49.711994,8.928498,2.9018825,101.8678174,"Jalan Semenyih, 43000 Beranang, Selangor, Malaysia",MY
769,53.54996,9.192909,48.6925744,18.3545008,"E572, 958 54 Hradište, Slovakia",SK
770,50.685154,7.512295,60.0304759,30.2852531,"ulitsa Repishcheva, 20, Saint Petersburg, Russia, 190000",RU
771,52.335648,8.770915,57.6483832,25.0363497,"Skolas iela 26, Matīši, Matīši parish, LV-4210, Latvia",LV
772,56.24585,10.480782,27.5451262,90.1132348,"Wangdue Phodrang - Nobding Hwy, Bhutan",BT
773,47.358818,6.288909,46.3880665,6.1530764,"Chemin du Vivier, 1278 La Rippe, Switzerland",CH
774,34.973923,41.53977,22.404547,113.9669865,"Ming Kum Rd, Tuen Mun, Hong Kong",HK
775,55.764877,10.212149,50.6871246,17.7325988,"Droga Krajowa 46, Poland",PL
776,55.59765,9.534846,49.7912298,24.0667847,"Kos-Anatol's'koho street, 18, Lviv, Lviv Oblast, Ukraine",UA
777,51.24752,9.163378,24.9883384,55.0212371,D53 - Dubai - United Arab Emirates,AE
778,51.062386,8.664661,50.9092251,7.0808557,"Theodor-Heuss-Straße, 51149 Köln, Tyskland",DE
779,54.5608,9.329871,-28.558924,-58.7178825,"RN12, Corrientes, Argentina",AR
780,58.163677,20.74539,23.4940625,120.79398,"605, Kínai Köztársaság, Chiayi County, Alishan Township, 阿里山公路",TW
781,47.265877,10.047458,50.8810774,4.6908401,"Brusselsestraat 204, 3000 Leuven, Belgium",BE
782,53.6867,9.148928,58.7130908,-123.6627944,"Alaska Hwy, Northern Rockies A, BC V0C, Kanada",CA
783,57.17865,14.085033,49.4791398,15.5122777,"Větrný Jeníkov 67, 588 42 Větrný Jeníkov, Czech Republic",CZ
784,46.486507,7.183818,45.8655705,14.9706752,"Zagorica pri Dobrniču, 8211 Dobrnič, Slovenia",SI
785,52.803085,8.017103,37.4166671,126.9789881,"394-1 Galhyeon-dong, 果川市京畿道韩国",KR
786,51.29126,8.290362,47.1703036,7.4336323,"Solothurnstrasse 23, 3296 Arch, Switzerland",CH
787,51.10212,8.161693,63.4320243,10.5962625,"Fylkesveg 874 670, 7560 Vikhammer, Norwegen",NO
788,54.626625,9.432429,42.483912,1.457449,"Ctra. de Canòlich, AD600 Sant Julià de Lòria, Andorra",AD
789,46.660606,6.9569216,54.655313,-8.1997999,"Unnamed Road, Co. Donegal, Ireland",IE
790,47.99195,8.280806,58.6921679,11.8847164,"945, 450 54 Hedekas, Sweden",SE
791,51.731056,6.56478,50.9574798,18.2095391,"Nowodworska 4, Kluczbork, Poland",PL
792,44.723373,5.5161524,64.5188188,-22.0874949,"Alftaneshreppsvegur, Iceland",IS
793,49.911358,8.0105715,51.1847416,19.4152902,"Gmina Kamieńsk, Poland",PL
794,53.50844,37.76592,4.57868,-74.2431538,"Calle 5, Soacha, Cundinamarca, Colombia",CO
795,49.993668,7.7963963,46.7009461,20.1747753,"6640 Csongrád, Levendula Street 9, Hungary",HU
796,55.346863,10.961554,3.0588855,101.6920637,"Jalan Merah Cagar, Bukit Jalil, 57000 Kuala Lumpur, Wilayah Persekutuan Kuala Lumpur, Malaysia",MY
797,46.77382,5.4658976,45.9745408,-70.7501836,"366-452 4e Rang N, Saint-Honoré-de-Shenley, QC G0M 1V0, Canada",CA
798,53.481857,9.27001,52.5671361,-9.0873055,"Unnamed Road, Co. Limerick, Ireland",IE
799,57.535645,18.945797,43.3951111,-5.2106298,"AS-260, 33548 Parrés (Santa María Magdalena), Asturias, Spain",ES
800,53.264366,9.217504,51.6497215,20.9744784,"26-800 Szczyty, Poland",PL
801,50.836956,9.466725,56.2713291,14.753231,"Hemsjövägen 1533, 376 36 Svängsta, Suède",CH
802,48.345367,21.666792,50.4375398,30.5285846,"Mechnykova street, 3А, Kyyiv, Kyiv city, Ukraine",UA
803,49.71372,8.674737,52.108108,5.029727,"Jan Vogellaan, 3451 Vleuten, The Netherlands",NL
804,49.555855,8.285216,59.3741886,24.3116328,"Keila-Keila-Joa, 76715 Harju County, Estonia",EE
805,55.835144,10.020699,46.945793,9.5456058,"A13, 7205 Zizers, Switzerland",CH
806,52.501953,9.452229,27.065196,142.2123071,"Japan, 〒100-2101 Tōkyō-to, Ogasawara-mura, Chichijima 都道240号線",JP
807,47.909912,8.3445635,42.8639573,-79.0764126,"4318-4384 Erie Road, Fort Erie, ON L0S 1N0, Canada",CA
808,49.97151,6.554079,45.9436198,2.3200178,"D9, 23260 Saint-Silvain-Bellegarde, France",FR
809,53.70038,10.125707,47.3427773,8.6017569,"8125, Szwajcaria",HK
810,49.19153,7.3823357,64.0343611,-20.3371822,"Þjórsárdalsvegur, Islande",IS
811,52.007538,8.934885,-46.1696478,168.4474917,"1200 Winton-Hedgehope Highway, Browns 9781, New Zealand",NZ
812,47.550003,8.068633,-22.8095928,-43.6485027,"Rua Vicente Celestino, 463-739 - Campo Lindo, Seropédica - Rio de Janeiro, 23890-000, Brazylia",BR
813,57.544777,18.260096,43.2885584,-6.434628,"AS-15, 33876 Tineo, Asturias, Spain",ES
814,50.728237,8.006047,60.3343464,11.288016,"Østsidavegen 470, 2080 Eidsvoll, Norway",NO
815,45.704933,5.303792,-26.0860172,28.2661655,"23-25 Witstinkhout Avenue, Kempton Park 1619, South Africa",ZA
816,49.303684,8.535912,63.4868879,-18.537007,"Þjóðvegur, Iceland",US
817,45.559135,7.8535366,43.2852184,27.0198126,"2, Sjoemen, Bulgarije",BG
818,53.623558,9.529633,27.0981117,142.2124805,"Japon, 〒100-2101 Tōkyō-to, Ogasawara-mura, Chichijima 都道240号線",JP
819,55.37761,9.876253,42.1557752,-1.675573,"Camino Cementerio, 31590 Castejón, Navarre, Spain",ES
820,54.693214,24.289518,22.287626,113.955909,"Unnamed Road, Hongkong",HK
821,55.35614,9.999119,42.1984633,142.6597739,"871 Ogifushichō, Urakawa-chō, Urakawa-gun, Hokkaidō 059-3451, Japan",JP
822,50.242325,8.162198,-29.0996224,-59.6467948,"RN11, Santa Fe, Argentina",AR
823,54.584644,9.228987,56.4187708,24.0604731,"P103, Rundāles pagasts, LV-3921, Latvia",LV
824,51.045406,8.725857,64.5451331,-21.3400042,"Lundarreykjadalsvegur, Iceland",IS
825,47.46363,6.3090334,46.558345,20.3155025,"6635 Szegvár, 45, 헝가리",HU
826,47.38511,6.9476004,48.0643267,7.1369913,"9-11 Route du Linge, 68140 Hohrod, France",FR
827,46.36019,5.951741,-29.7286067,31.0806513,"M4, Umhlanga 4320, South Africa",ZA
828,54.39232,9.986034,46.5973768,18.8169301,"7030 Paks, 6233, Hongrie",FI
829,39.299335,57.147835,1.5420999,103.6138908,"Jalan Pulai 65, Taman Pulai Utama, 81300 Skudai, Johor, Malaysia",MY
830,46.459686,6.735093,52.2429156,-6.3271366,"Waddingsland, Co. Wexford, Ireland",IE
831,47.64945,8.541114,49.6487079,14.7401604,"150, 257 03 Jankov, Czech Republic",CZ
832,47.77883,6.2221355,51.6363662,5.5982421,"Duifhuizerweg 12, 5406 TB Uden, Нидерланды",NL
833,53.311344,8.327675,22.2539768,113.9053381,"Ngong Ping Fun Walk, Lantau Island, Hong Kong",HK
834,45.90062,6.7019644,41.3549455,15.7802657,"A14, 71045 Orta Nova, Foggia, Italie",IT
835,47.354324,7.286065,52.8389019,-8.3069255,"Unnamed Road, Co. Tipperary, Ireland",IE
836,50.958115,9.14517,45.4821717,13.7662449,"Župančiči 10, 6274 Šmarje, Slovenia",SI
837,57.642036,19.48625,43.431749,145.1304098,"67 Mihara, Betsukai-chō, Notsuke-gun, Hokkaidō 086-0656, Japon",JP
838,50.05024,7.481945,42.424795,26.5419796,"5304, Kukorevo, Bulgaria",BG
839,55.76287,10.283405,-17.1340704,-71.772909,"Costanera Norte, Peru",PE
840,51.30845,8.647431,22.4161102,114.1483633,"Maclehose Trail Sec. 8, Tai Mo Shan, Hong Kong",HK
841,48.525978,9.296535,22.4078651,113.9672464,"99 Ming Kum Rd, Tuen Mun, Hong Kong",HK
842,49.638237,7.2009373,61.9031855,9.0075924,"Fylkesveg 453 10, 2680 Vågå, Norway",NO
843,49.78306,8.442985,37.6059591,-1.6592968,"Carretera de Aguilas, 30813, Murcia, Spain",ES
844,53.413876,9.231282,53.8078739,-8.766311,"N83, Co. Mayo, Ireland",IE
845,48.41136,7.960619,-20.3316628,-70.1438871,"A-626, Iquique, Tarapacá Region, Chile",CL
846,45.560146,8.055967,52.5807823,6.2532038,"Korenweg 1, 7711 GB Nieuwleusen, The Netherlands",NL
847,51.925186,8.903333,-42.6723271,147.1511142,"1160 Church Road, Broadmarsh Tasmanie 7030, Australie",AU
848,50.089684,7.8682404,-33.011541,27.6747533,"R346, Republika Południowej Afryki",LT
849,47.105965,8.085788,23.3747214,120.3558376,"Taiwan, Tainan City, 中山高速公路",TW
850,53.279472,9.305782,54.650288,23.1121544,"5110 40, Gudeliai 70199, Lithuania",LT
851,52.146133,9.641711,-25.833471,28.2009306,"148 Selborne Avenue, Centurion 0157, South Africa",ZA
852,52.524376,9.127464,-38.0973101,145.2767166,"70 Camms Road, Cranbourne VIC 3977, Australia",AU
853,53.839478,9.491081,-11.2517782,-75.6718261,"Carretera a Huasahuasi, Huasahuasi, Перу",PE
854,52.384865,8.87519,3.395274,101.7696205,"Jln Institut Aminuddin Baki, 69000 Genting Highlands, Pahang, Malaisia",MY
855,48.28672,6.4991713,50.7503289,3.5944308,"Spinstersstraat 28, 9600 Ronse, Belgium",BE
856,57.221355,15.493347,-33.4488556,151.3213415,"10 Jacaranda Crescent, Tascott NSW 2250, Australia",AU
857,51.070633,5.0614624,52.1090174,5.7129458,"Kanaaldijk Noord, Heeswijk-Dinther, The Netherlands",NL
858,49.56848,8.065481,38.8963481,20.9490753,"Unnamed Road, Aktio Vonitsa 300 02, Greece",GR
859,57.238342,12.7407055,60.774201,10.20785,"Vestsidevegen 162, 2860 Hov, Norway",NO
860,49.380585,8.194158,54.997071,-114.0404881,"Alberta 44, Chisholm, AB T0G 0N0, Canada",CA
861,49.22073,7.660678,47.2743952,17.1731857,"9500 Celldömölk, 843, Hungary",HU
862,51.42421,8.5319395,-45.875302,168.6914977,"Lumsden-Riversdale Highway, Waimea 9776, New Zealand",NZ
863,55.170174,10.041147,11.2331998,-74.1921175,"Carrera 19E # 28B-1 a 28B-99, Santa Marta, Magdalena, Colombia",CO
864,57.31615,17.471087,44.0390677,24.6101991,"DC120B, Romania",RO
865,29.043604,93.345505,27.5494586,89.6515598,"Dechenchholing-Dodena Lam, Bhutan",BT
866,57.347878,22.172333,46.0353405,14.4888711,"Pod bukvami 22, 1000 Ljubljana, Słowenia",SI
867,51.756733,8.998232,65.5910898,-22.4992466,"Vestfjarðavegur, Iceland",IS
868,49.29557,7.6362705,14.8322273,104.3047067,"Unnamed Road, Tambon Non Pun, Amphoe Phrai Bueng, Chang Wat Si Sa Ket 33180, Thaïlande",BW
869,51.59725,10.793668,60.0894487,24.2086634,"Ingå Kustvägen 167-185, 10160 Ingå, Finland",FI
870,49.097,7.5151987,55.941555,21.6912038,"E272, 90391, Lithuania",LT
871,49.745834,10.096676,51.6482068,4.8572791,"Van Dubbelmondestraat 21, 4901 VH Oosterhout, The Netherlands",NL
872,51.645607,9.633289,47.7417491,26.6700809,"Strada Războieni, Botoșani, Romania",RO
873,49.609306,4.1169534,20.6049273,-103.3751432,"Calle Santa Monica, Nueva Santa María, 45530 JAL, Mexico",MX
874,45.838467,7.2832527,45.4987139,15.5351628,"Splitska ulica 33-35, 47000, Karlovac, Croatia",HR
875,54.626595,8.790537,41.2846679,-0.8557017,"CV-303, 50133 Almonacid de la Cuba, Provinz Saragossa, Spanien",ES
876,50.576263,8.832587,48.2878569,18.1344725,"Dolná 4-6, 949 07 Nitra-Janíkovce, Slovakia",SK
877,47.221252,5.3698807,-23.6762321,-46.7126569,"Avenida Antônio Veríssimo Alves, 2-158 - Jardim Guarapiranga, São Paulo, 04770-010, Brazilië",BR
878,55.630417,10.402011,36.594343,-6.2419423,"Calle Escritor José Navarret, 1, 11500 El Puerto de Santa María, Cádiz, Spain",ES
879,57.854584,16.881767,45.160302,42.0594167,"ulitsa Ishkova, Mikhaylovsk, Krai de Stávropol, Rusia, 356236",RU
880,51.317165,10.208231,51.1763359,6.8616084,"Peter-Krahe-Straße 32, 40599 Düsseldorf, Allemagne",DE
881,55.380257,10.213596,43.0147002,23.474167,"161, 2152 Rashkovo, Bulgaria",US
882,41.72959,52.212925,-26.9000355,30.9810859,"MR13, Sicunusa, Swaziland",SZ
883,56.46913,28.113464,25.1322887,55.1167478,Crescent Rd - Dubai - United Arab Emirates,AE
884,53.14492,9.835594,-34.0367271,18.4647749,"1 Marston Road, Cape Town 7800, South Africa",ZA
885,56.359287,10.407223,42.5151073,1.5483343,"Camí de Coll de Jou, AD700 Escaldes-Engordany, Andorra",AD
886,51.701965,9.118779,53.651544,23.4309359,"Droga Wojewódzka 670, Pologne",PL
887,46.382008,7.0094147,41.7002311,-8.8563218,"Marginal, 4900 Viana do Castelo, Portugal",PT
888,49.9422,5.1074705,-33.9180682,18.8902779,"Tydemanhof Road, Stellenbosch 7600, South Africa",ZA
889,51.025032,7.550707,1.2425373,103.8268903,"120 Tanjong Beach Walk, Singapore 098942",SG
890,55.843597,21.31256,32.4293409,34.9098038,"HaDror 1-13, Hadera, Israel",IL
891,49.86476,8.257548,42.9219778,25.8751267,"662, 5070 Elena, Bulgaria",BG
892,55.32315,10.432066,47.4604181,8.4407857,"Alter Bahnhof 2, 8107 Buchs, Switzerland",CH
893,58.06798,18.14846,47.985487,4.190266,"D125, 10210 Balnot-la-Grange, France",FR
894,51.102768,8.514993,36.2265067,23.0829215,"μονοπ. Φάρου Αβλέμονα, Avlémonas 802 00, Greece",GR
895,49.295494,7.270584,51.1212069,13.8486081,"Ullersdorf-Langebrücker Straße, 01099 Dresden, Germany",DE
896,54.420013,9.2718,53.201038,50.1000423,"Volzhskiy prospekt, 1, Samara, Samara Oblast, Russia, 443010",RU
897,51.75994,6.721286,1.3152822,103.6908375,"26 Benoi Sector, Singapore 629858",SG
898,45.67127,5.7946625,52.4363984,15.58603,"Konstytucji 3 Maja 61, 66-300 Międzyrzecz, Poland",AU
899,50.666466,8.655378,53.0353793,-1.2872484,"B600, Nottingham, Nottinghamshire NG16 3QX, UK",GB
900,49.278812,7.7664766,55.4289106,11.7881968,"Ahorn Alle 1, 4100 Ringsted, Denmark",DK
901,53.69642,9.483157,37.6223517,126.8374742,"985 Haengsin 1(il)-dong, Deokyang-gu, Goyang-si, Gyeonggi-do, South Korea",KR
902,50.164284,7.339692,-15.836903,-71.0895441,"Salinas and Aguada Blanca National Reservation, 34A, Peru",PE
903,51.1613,8.601803,39.7183281,-8.4571886,"R. Profa. Dona Maria José Marques, 2435, Portugal",PT
904,48.336823,7.4551516,36.733052,-3.4375369,"GR-5209, Motril, Provincie Granada, Španělsko",ES
905,46.29509,6.875182,58.5226035,23.8134173,"Risti-Hallivanni, 88202 Pärnu County, Estonia",EE
906,18.833073,3.6055214,40.2582176,-86.0692307,"3116 South 300 West, Tipton, IN 46072, USA",US
907,49.712173,11.04217,50.8810774,4.6908401,"Brusselsestraat 204, 3000 Leuven, Belgium",BE
908,50.730583,8.215759,52.3953338,9.7692239,"Holbeinstraße 4, 30177 Hanover, Germany",DE
909,-10.623373,14.858389,-23.681213,26.5105063,"A1, Botswana",BW
910,50.613773,7.870309,-42.6723271,147.1511142,"1160 Church Road, Broadmarsh Tasmanie 7030, Australie",AU
911,49.7629,8.626197,46.7157509,6.4130155,"9, 1337 Vallorbe, Szwajcaria",GR
912,49.812737,9.174173,31.5414116,34.6191585,"232, Israel",IL
913,52.448696,8.855697,-30.7320547,-70.9595955,"D-55, Monte Patria, Coquimbo Region, Chile",CL
914,56.634735,10.836436,43.5885166,26.6791093,"205, Yasenovets, Bulgaristan",BG
915,46.379025,6.4797764,54.1118377,15.7287992,"78-113 Świelubie, Polska",MY
916,45.65786,6.554494,43.7150622,-102.3927927,"18300-18338 South Dakota 44, Buffalo Gap National Grassland, Scenic, SD 57780, USA",US
917,54.877274,13.184677,42.5534489,1.5886525,"CG-2, AD100 Canillo, Andorra",AD
918,52.635048,9.129786,37.9367396,21.1458227,"Riga Fereou, Killíni 270 68, Greece",GR
919,52.717186,9.154728,1.3239031,103.6333921,"61 Tuas Cres, Singapore 638737",SG
920,26.437965,98.24698,9.4224658,97.8695219,"Ko Phra Thong, Khura Buri District, Phang-nga, Thailand",TH
921,51.150757,8.307394,52.1473641,6.7014308,"Eibergsestraat 191, 7481 HJ Haaksbergen, Pays-Bas",LT
922,48.251175,9.53585,40.4201942,-7.9417453,"N230, 3405, Portugalia",PT
923,47.2095,7.7937584,-27.0254956,31.9309194,"MR14, Nsoko, Swaziland",SZ
924,-7.680148,13.729361,-24.1931506,30.4097104,"R36, South Africa",ZA
925,47.71189,8.384683,24.8821834,55.0452475,Sheikh Mohammed Bin Zayed Rd - Dubai - United Arab Emirates,AE
926,47.83867,8.431925,52.2593504,6.1524628,"Korte Davostraat 2, 7412 VH Deventer, The Netherlands",NL
927,50.6808,6.4240513,43.3730489,11.7693861,"Strada Provinciale 73 bis, 52041 Civitella in Val di Chiana, Arezzo, Italy",IT
928,49.317886,7.3614683,55.6700232,12.3674337,"Stensmosevej, 2620 Albertslund, Denmark",DK
929,50.92989,8.86994,32.4057996,-117.055465,"Avenida Los Cuñados, Plan Libertador, Baja California, Mexico",MX
930,50.93183,6.6566706,53.8309646,22.9797964,"Konwaliowa 18-20, Augustow, Poland",PL
931,52.5643,9.721599,-37.0696697,-70.4004053,"RP41, Neuquén, Argentina",AR
932,48.659004,8.094373,38.1244593,-85.6755919,"4611-4701 Miles Lane, Louisville, Κεντάκι 40219, Ηνωμένες Πολιτείες",US
933,50.37389,8.854964,-7.339623,-79.5886231,"Unnamed Road, Boca del Rio, Peru",PE
934,52.924026,9.552944,23.5388422,89.6490877,"Mawa - Bhanga Hwy, Bangladesh",BD
935,52.49246,9.024365,42.9582315,25.6067922,"55, 5055 Golemanite, Bulgaria",BG
936,52.871002,8.979932,46.0626084,16.2384412,"Vrbovo, 49283, Vrbovo, Croatia",HR
937,50.981373,7.89799,-30.528768,29.9057469,"R56, South Africa",ZA
938,53.564472,12.571978,20.7615518,-101.3420783,"Carretera Federal 45, Lo de Juárez, État de Guanajuato, Mexique",MX
939,52.389153,8.539146,66.0308991,-16.4538317,"Norðausturvegur, Iceland",IS
940,50.3806,9.422104,48.1225061,22.0129833,"4522 Nyírtass, 41103, Maďarsko",HU
941,47.021088,4.4433804,42.1001276,12.5043795,"Strada Provinciale 16a, 101-121, 00060 Riano Rome, Italy",IT
942,50.545784,8.584325,47.859988,20.7586119,"3441 Mezőkeresztes, M3, Hungary",HU
943,46.51815,7.7953978,46.2832857,-73.7641883,"180-224 Rue Jean Baptiste Lepage, Saint-Damien, QC J0K, Canada",CA
944,49.5349,7.5424433,53.190307,-1.2820908,"39 Park Avenue, Glapwell, Chesterfield, Derbyshire S44 5PZ, UK",PE
945,54.148598,9.6237755,42.5452988,1.4829278,"CG-4, AD400 La Massana, Andorra",AD
946,56.582558,11.302111,35.2778119,129.1099154,"611-2 Seon-dong, Geumjeong-gu, Pusan, Corée du Sud",KR
947,55.576527,10.57454,56.2400473,26.836042,"P62, Rušonas pagasts, LV-5318, Latvia",LV
948,47.27327,6.5606203,24.9040998,54.9472457,Sheikh Zayed Rd - Dubai - United Arab Emirates,AE
949,50.719707,8.221424,1.4476892,103.8124889,"Sembawang Way, Singapore",SG
950,55.34363,8.021919,37.5373581,126.881823,"37 Mokdongseo-ro, Yangcheon-gu, Seoul, South Korea",KR
951,49.03586,10.271589,51.7073165,17.9080312,"Gmina Nowe Skalmierzyce, Poland",PL
952,53.480286,9.793835,-33.5915569,-70.8611318,"Los Pajaritos, Peñaflor, Region Metropolitalny, Chile",CL
953,48.7576,6.6712017,40.2329001,15.537854,"Contrada Petraro, 7, Cilento and Vallo di Diano National Park, 84030 Sanza, Salerno, Italy",IT
954,49.803505,7.9155054,27.6627839,90.7482937,"Unnamed Road, Bhutan",KR
955,47.314285,7.2147684,64.9377738,-23.3593183,"Snæfellsnesvegur, Islandia",IS
956,56.99108,17.248833,38.8501457,22.3876548,"Unnamed Road, Frantzis 351 00, Greece",GR
957,15.22844,13.976826,-37.474097,140.3967875,"221 Walkers Scrub Road, Sebastopol SA 5280, Australia",AU
958,50.620262,7.0319138,47.6978495,17.2882246,"9165 Cakóháza, Fő Street 3-4, Hungary",HU
959,47.517273,9.162587,-35.7595692,174.505432,"195 Pataua South Road, Pataua 0192, New Zealand",NZ
960,47.408325,7.7683716,7.9467281,-75.4410501,"Montelíbano - Puerto Libertador, Montelíbano, Cordoba, Colombia",CO
961,50.087273,8.716415,60.4082109,29.8102409,"Р34, Oblast de Léningrad, Russie",RU
962,52.95777,8.743194,55.1532497,10.2110235,"Stenbækvej 35-39, 5642 Millinge, Danemark",DK
963,54.500027,20.986582,-24.624214,25.9396205,"Ramotswa, Gaborone, Botswana",BW
964,48.38807,8.35409,43.3586699,3.2534768,"D612, 34500 Béziers, France",FR
965,51.541393,6.937518,-36.7192611,174.7446587,"9 Philson Terrace, Browns Bay, Auckland 0630, New Zealand",NZ
966,48.9105,5.693514,23.2888783,120.3252432,"736, Taiwán, Tainan, Liuying District, 柳營奇美醫院",TW
967,48.538467,8.523681,22.4454343,114.1320011,"Lam Kam Rd, Lam Tsuen, Hongkong",HK
968,53.997932,8.985064,23.3792056,91.2393568,"Dhaka - Chittagong Hwy, Bangladesch",BD
969,41.825237,8.770272,-34.4148676,-61.443557,"Ruta Provincial 50, Buenos Aires, Argentina",AR
970,14.472999,6.1609488,64.0054052,-22.3285922,"Vatnsleysustrandarvegur, Iceland",IS
971,53.153473,9.386833,40.0978711,-2.2226587,"Calle Olmo, 5, 16190 Chillarón de Cuenca, Cuenca, Spain",PE
972,53.28284,9.457492,60.9212374,10.0493124,"Vest-torpvegen 1007-1079, 2870 Dokka, Norway",NO
973,49.952652,8.860459,42.9304622,25.1910786,"44, 5332 Draganovtsi, Bulgaria",BG
974,31.844944,18.765215,11.4873374,104.1794338,"Unnamed Road, Cambodia",KH
975,46.595085,8.222027,52.0522158,21.4563581,"6A, 05-340 Człekówka, Poland",PL
976,48.426212,7.5971107,38.4239807,23.9874282,"Unnamed Road, Kimi Aliveri 345 00, Greece",GR
977,55.98397,13.220719,56.2713291,14.753231,"Hemsjövägen 1533, 376 36 Svängsta, Suède",CH
978,30.633957,94.729195,1.2954494,103.6219743,"98 Tuas South Ave 3, Singapore 637821",SG
979,48.752968,7.5562506,61.4147403,12.4971403,"Korsbergsvegen, 2420 Trysil, Norvège",NO
980,43.94703,7.250185,56.5982199,15.0773765,"805, 360 24 Linneryd, Sweden",SE
981,44.996662,9.00229,-18.8240281,-42.8943654,"Rua Bruno Glória, 1498, Minas Gerais, 39740-000, Brazil",BR
982,53.466614,13.649231,23.6498713,88.8405692,"Chuadanga - Meherpur Hwy, Alukdia, Bangladesh",BD
983,52.149982,8.168182,40.9865223,24.6878974,"Nikopoleos, Chrisoupoli 642 00, Griekenland",GR
984,48.174942,8.4814,46.8561236,27.0300961,"DJ207C, Izvoru, Roumanie",RO
985,48.83409,6.976041,57.8185182,18.6169742,"684, 624 54 Lärbro, Sweden",SE
986,47.469627,6.852028,53.9841629,-6.5033003,"R178, Co. Louth, Ireland",IE
987,47.31172,8.272422,49.3821881,17.4458719,"Říkovice 138, 751 18 Říkovice, Czech Republic",NZ
988,45.62904,7.6266956,51.8265267,4.4697196,"Dorpsstraat 128, 3274 Heinenoord, The Netherlands",NL
989,48.639824,7.229206,-39.4303165,173.8914028,"349-529 Ihaia Road, Opunake 4681, New Zealand",NZ
990,50.201454,7.7542334,50.4586964,4.3826184,"Rue Nestor Falise 15, 6180 Courcelles, Belgium",BE
991,51.91987,8.769466,59.837495,30.2701267,"prospekt Narodnogo opolcheniya, 115, Saint Petersburg, Russia, 190000",RU
992,45.35877,7.9015217,51.8997232,5.7760665,"Valburgsestraat 22, 6677 PC Slijk-Ewijk, The Netherlands",NL
993,55.31667,12.460543,35.1872743,129.0643532,"784-1 Geoje 2(i)-dong, Yeonje-gu, Busan, South Korea",KR
994,49.714294,7.9203024,55.4107239,11.7566409,"Englerupvej 46, 4100 Ringsted, Danemark",DK
995,52.1352,8.937139,57.2085092,22.2865407,"A10, Ģibuļu pagasts, LV-3298, Latvia",LV
996,46.46952,8.802159,43.203431,25.2274496,"403, 5234 Dimcha, Bulgaria",BG
997,53.871464,9.306052,23.9180964,90.1092353,"Dhaka - Aricha Hwy, Bangladesh",BD
998,47.38806,7.131158,-34.7500848,19.6872348,"R317, Agulhas National Park, South Africa",ZA
999,42.422607,5.08062,-34.090406,-65.8580254,"RP27, San Luis, Argentina",AR
0,46.86093,6.2605734,44.0785485,5.3848045,"Unnamed Road, 84390 Sault, France",FR
1,56.917118,13.56003,-20.2088825,26.1988535,"A3, Nata, Botswana",BW
2,51.289597,9.263684,50.6943775,17.2162612,"Strużyna - Rożnów, 57-130, Poland",PL
3,55.635628,11.390608,63.1554764,23.8636271,"Koskelantie 157, 62800 Vimpeli, Finlandia",FI
4,53.670437,7.40891,37.4801747,126.4782739,"2091-95 Unseo-dong, Jung-gu, Incheon, Corée du Sud",KR
5,52.572117,9.295685,44.6707128,24.7422051,"DN65, Romania",RO
6,49.088226,8.166364,52.9301505,36.0356742,"Avtovokzalnaya ulitsa, 48, Oryol, Oryol Oblast, Federação Russa, 302010",RU
7,55.55582,10.292821,50.154454,16.6657932,"Lipowa, 57-530 Międzylesie, Pologne",PL
8,19.75161,11.798105,38.7404707,22.619195,"Epar.Od. Thivas - Thermopilon, Molos Agios Konstantinos 350 09, Grekland",LT
9,53.409584,9.261565,49.5250176,16.8626424,"37358, 798 45 Lipová, Czech Republic",CZ
10,47.612015,7.5099363,52.636277,-9.3920056,"Unnamed Road, Co. Клэр, Ирландия",IE
11,50.134003,8.458836,-35.7475628,174.211896,"6 Kokopu Block Road, Maungatapere 0179, New Zealand",NZ
12,57.31785,15.397427,25.0354847,55.5917997,Dubai-Hatta Rd - Dubai - United Arab Emirates,AE
13,44.993416,5.4766693,54.2978387,23.9618252,"2512, 64238, Lithuania",LT
14,47.80299,5.86088,50.363736,30.5526987,"Novopyrohivska Street, 17, Kyyiv, Kyiv city, Ukraine",UA
15,55.164074,9.96722,49.9719838,16.3409096,"315, 562 01 Hrádek, Czech Republic",CZ
16,51.29438,9.326091,-7.3985084,-79.5714597,"Avenida 28 de Julio 40, Pacasmayo, 페루",PE
17,50.96009,7.6428804,46.9789193,7.3673739,"Uettligenstrasse 63-69, 3033 Wohlen, Switzerland",CH
18,54.47117,9.402317,55.9572568,26.1239551,"P70, Eglaines pagasts, LV-5444, Latvia",LV
19,51.406998,8.31082,47.0694933,21.9392,"Strada Paltinului 1-11, Oradea, Roumanie",RO
20,56.616776,11.033337,46.7331634,22.270524,"DC214, Săucani, Romania",RO
21,46.079163,6.3373938,46.091911,12.0850332,"Via Cal da Prà, 7, 32036 Sedico, Belluno, Italy",IT
22,45.04019,15.553125,32.250317,-91.5505451,"LA-577, Winnsboro, LA 71295, USA",US
23,32.113953,2.6980786,-22.3815092,26.7566804,"A14, Serowe, Botswana",BW
24,37.60982,6.068061,25.0151696,55.4577543,E66 - Dubai - Förenade Arabemiraten,AE
25,48.863503,6.0415277,-41.4778622,-72.9878204,"Pto Avellano 1158-1160, Puerto Montt, Los Lagos Region, Chile",CL
26,47.719723,9.126951,59.3791319,13.5120452,"Pråmvägen 13, 652 24 Karlstad, Szwecja",SE
27,55.7716,18.800348,52.4572764,13.1897289,"Havelchaussee 1, 14193 Berlin, Germany",DE
28,48.068764,6.400689,-33.7042739,19.2429559,"N1, South Africa",ZA
29,44.62784,7.639332,53.050551,19.9560884,"Olszewska, 09-300 Żuromin, Polen",PL
30,50.339188,9.289276,65.5762488,-23.1710419,"Vestfjarðarvegur, Iceland",IS
31,47.665245,5.9060383,-26.4123161,31.7837114,"MR3, Mpaka, Swaziland",SZ
32,57.04469,20.158945,24.151074,120.5986021,"Jīngkē North Road, Nantun District, Taichung City, Taiwan 408",TW
33,55.846714,10.744936,21.5205985,-104.8857392,"Churubusco Oriente 82, San José, 63030 Tepic, Nayarit, Mexico",MX
34,-10.447212,16.05645,-24.1398152,26.2509563,"A1, Botswana",BW
35,57.085373,16.832932,43.3830141,0.3270477,"D567, 32170 Sarraguzan, France",NZ
36,47.52732,8.99936,26.9461955,90.2274012,"Tsirang - Sarpang Hwy, Bhutan",BT
37,56.924393,28.097586,46.4356229,14.0607344,"Trg Toneta Čufarja 1, 4270 Jesenice, Slovenia",NL
38,55.13926,9.99453,53.6399232,21.6982487,"Droga Krajowa 58, Pologne",PL
39,52.043945,9.313662,54.272291,-7.9138146,"R206, Co. Cavan, Ireland",IE
40,45.258217,7.02621,23.8251282,90.4434085,"Bashundhara-Purbachal Link Rd, Dhaka, Bangladesh",BD
41,48.69024,46.201824,44.1012698,11.0322629,"Via Scopicciaia, 11, 40030 Castel di Casio, Bologna, Italy",IT
42,50.542614,7.0473537,40.2329001,15.537854,"Contrada Petraro, 7, Cilento and Vallo di Diano National Park, 84030 Sanza, Salerno, Italy",IT
43,48.664425,8.328014,47.1127421,21.2675859,"5525 Füzesgyarmat, 4225, Hungary",HU
44,49.175465,8.164475,52.9866983,5.5395018,"De Band 12, 8614 JE Oudega Gem Wymbritserad, The Netherlands",EE
45,56.270065,11.508596,55.3930755,10.247982,"Ubberudvej 76, 5491 Blommenslyst, Denemarken",DK
46,53.643974,9.555521,-11.0032501,-77.0750939,"PE 18, Перу",PE
47,46.933884,7.220374,59.4516713,16.815981,"966, 645 92 Strängnäs, Sweden",SE
48,51.6469,8.773801,50.6975373,-113.9033156,"Alberta 7, Aldersyde, Alberta T0L 0A0, Kanada",CA
49,51.286285,7.8245106,-33.9144374,18.4755467,"49 Section Street, PAARDENEILAND 7425, Afrique du Sud",ZA
50,56.713333,10.827892,54.3965911,20.6579193,"Sadovaya ulitsa, 52, Bagrationovsk, Kaliningrad Oblast, Russia",RU
51,49.1912,7.4034643,50.7923002,17.0674771,"Władysława Łokietka, 57-100 Strzelin, Polska",PL
52,49.54603,7.0003138,53.3384022,-8.9494577,"N17, Co. Galway, Ireland",IE
53,50.276558,8.600805,-33.1276243,-71.555354,"Novena Avenida, Valparaíso, Valparaíso Region, Chile",CL
54,49.287434,6.399289,39.9663361,-8.5027955,"CM1074, 3240, Portugal",PT
55,55.4193,9.170523,42.511272,1.560387,"Ctra. d'Engolasters, 1, AD700 Escaldes-Engordany, Andorra",AD
56,54.01686,9.546036,46.0937662,15.1539386,"Podkraj 13, 1433 Radeče, Słowenia",SI
57,50.081207,7.3153124,52.3953338,9.7692239,"Holbeinstraße 4, 30177 Hanover, Germany",DE
58,50.41272,9.057004,54.4466076,23.7691946,"1105, 64355, Lithuania",LT
59,51.251328,7.811249,-11.4344554,-77.2717517,"1NE, Peru",PE
60,51.177383,8.359696,57.0105907,9.9046077,"Mariendals Mølle Motorvejen, 9200 Aalborg, Denmark",DK
61,48.557617,6.7258453,-33.2930631,146.3789927,"10 Bogan Street, Lake Cargelligo NSW 2672, Australia",AU
62,50.499672,8.027368,46.0393302,19.0154962,"6522 Gara, 5505, Hungary",HU
63,50.086384,7.353712,1.37324,103.953666,"98 Pasir Ris Central, Singapore 519639",SG
64,47.799805,7.200157,-6.8926084,109.4363386,"Jl. Perintis Kemerde, Taman, Pemalang, Jawa Tengah, Indonesia",ID
65,52.086487,9.095576,-46.3163517,-67.5860817,"RN3, Santa Cruz, Argentina",AR
66,50.974297,8.162894,47.2617705,18.2648472,"8044 Kincsesbánya, Kincsesi Street 2, Hungary",HU
67,50.006073,6.473219,-15.9376289,-71.195905,"Salinas and Aguada Blanca National Reservation, 34A 10, Peru",PE
68,50.73662,7.646201,45.3517365,25.5430032,"Strada Gheorghe Doja, Sinaia, Romania",RO
69,56.21294,10.585554,-12.1134616,-77.0380318,"Calle General Iglesias, Miraflores 15074, Peru",PE
70,51.575348,7.9434357,47.693597,20.4399604,"3373 Besenyőtelek, Chemin Fő 163-165, Hongrie",HU
71,51.79756,8.334558,46.9283718,4.7989349,"2 Impasse Saint-Éloi, 71150 Chaudenay, France",FR
72,35.93052,67.527664,-36.4076956,140.8627042,"LOT 258 Olive Grove Road, Pooginagoric SA 5268, Australia",AU
73,56.979767,13.217444,57.2916487,23.0533074,"Ezera iela 40, Mērsrags, Mērsraga pagasts, LV-3284, Latvia",LV
74,50.3855,8.615575,14.0215436,99.6742977,"Liap Khlong Chonlaprathan, Tambon Don Chedi, Amphoe Phanom Thuan, Chang Wat Kanchanaburi 71140, Thailand",TH
75,52.47781,9.036505,49.8494573,-93.8485562,"Trans-Canada Hwy, Kenora, Unorganized, ON P0V, Канада",CA
76,53.313606,9.570158,55.8526163,9.7642928,"Kirkevænget 35, 8700 Horsens, Denemarken",DK
77,53.0525,9.469996,56.3468864,27.5105967,"P55, Rāzna National Park, Kaunatas pagasts, LV-4622, Latvia",LV
78,53.598103,9.414461,24.8910439,55.0591307,Sheikh Mohammed Bin Zayed Rd - Dubai - Các tiểu Vương quốc Ả rập Thống nhất,AE
79,52.769703,11.776232,2.8672673,101.5510871,"Unnamed Road, Olak Lempit, 42700 Banting, Selangor, Malaysia",MY
80,57.3147,19.111673,50.4680681,13.7923479,"257, 440 01 Kozly, Czech Republic",CZ
81,31.572914,88.1726,48.0874371,11.5326933,"Noestraße 7-11, 81479 Munich, Germany",DE
82,50.678802,7.4932623,53.234609,-2.7707349,"Norton's Lane, Chester, Cheshire West and Chester CH3, UK",GB
83,48.585903,8.118183,40.8632462,16.7503775,"SP236, 70020 Santeramo in Colle, Bari, Italy",IT
84,46.89476,9.139913,-26.2072836,31.9191327,"MR3, Simunye, Swaziland",SZ
85,50.188324,6.898535,43.1660554,16.5652956,"D116, 21460, Selca kod Starog Grada, Croatia",HR
86,50.231415,8.084194,44.8361985,24.0434417,"DJ643B, Cermegești, Romania",RO
87,48.210907,7.917897,-9.5657956,-77.594982,"14A 320, Peru",PE
88,-15.828029,20.794786,10.5353982,103.7857333,"Unnamed Road, Cambodia",KH
89,49.25798,6.361825,54.7259093,38.3841688,"Р114, Moskovská, Rusko",RU
90,45.806107,7.7729597,-25.0761996,31.0267098,"Kiepersol Road, South Africa",ZA
91,50.578827,9.088436,58.9086222,22.388638,"Puski-Kõpu-Ristna, Hiiumaa, Estland",EE
92,52.95669,9.874176,-11.7326019,-49.0998733,"Rua Antônio de Almeida Veras, 1065-1277 - Alto da Boa Vista, Tocantins, 77425-340, Brésil",BR
93,58.594215,20.734447,46.5342271,14.9949498,"Brdinje 18c, 2390 Ravne na Koroškem, Slovénie",SI
94,49.570297,8.317757,50.021722,36.2271567,"Novhorods'ka street, 11, Járkov, Óblast de Járkov, Ucrania",UA
95,46.030205,6.8345814,9.5988008,-75.184678,"I-25 # 1, Ovejas, Sucre, Kolumbia",CO
96,45.341778,6.740736,45.8517466,10.9481522,"SS240, 38065 Mori, Trentino, Italy",IT
97,55.008583,9.859369,29.2785157,-13.4884991,"Unnamed Road, 35540 Teguise, Las Palmas, Spain",HU
98,53.6345,10.537104,55.6817303,9.5669727,"Fredericiavej, 7100 Vejle County, Denmark",DK
99,50.042328,7.2691326,48.7098333,44.516705,"ulitsa Mira, 16, Volgograd, Volgograd Oblast, Russia, 400131",RU
100,55.377884,12.3765745,46.9748956,7.2573254,"Rewag 1, 3203 Mühleberg, Switzerland",CH
101,52.448765,9.047901,65.6879019,-18.1147907,"Höfðahlíð, Akureyri, Iceland",IS
102,56.05284,13.259346,46.7203206,-65.4929096,"982 Chemin Pleasant Ridge, Rogersville, NB E4Y, Canada",CA
103,45.731518,42.35997,-26.3105222,31.1198009,"MR3, Mbabane, Swaziland",SZ
104,48.794518,7.2058096,50.9158229,3.3480016,"Sparrestraat 4-6, 8710 Wielsbeke, Belgium",BE
105,51.230556,8.803044,57.227914,9.6867521,"Omfartsvejen 120, 9490 Pandrup, Danska",DK
106,53.76196,8.649738,47.5018506,18.6116517,"2060 Bicske, 1, Węgry",NZ
107,51.48107,8.687203,42.5576688,1.6884895,"CG-2, AD100 Canillo, Andorra",AD
108,53.376846,9.395983,40.0978711,-2.2226587,"Calle Olmo, 5, 16190 Chillarón de Cuenca, Cuenca, Spain",PE
109,46.776886,8.049279,52.9109897,-2.8042567,"Knowles Lane, Whitchurch SY13, UK",GB
110,52.845955,8.580601,27.6113378,91.4944228,"Mongar - Trashigang - Trashiyangtse Rd, Trashiyangtse, Bhutan",BT
111,33.161648,85.91248,22.9229756,120.3582175,"719, Taiwan, Tainan City, Longqi District, 南163鄉道",TW
112,40.306458,4.605791,24.9266758,55.6418178,Dubai-Hatta Rd - Sharjah - Các tiểu Vương quốc Ả rập Thống nhất,AE
113,49.478706,8.010805,55.8537055,-4.8887575,"A78, Skelmorlie, North Ayrshire PA17, UK",GB
114,51.871334,8.813084,-31.8080917,25.7669784,"R390, South Africa",ZA
115,55.36713,12.790803,47.113421,9.1910996,"Gewerbezone Tiefenwinkel 515, 8874 Mühlehorn, Switzerland",CH
116,50.403774,43.74622,-27.1922694,31.3473493,"MR11, Swaziland",SZ
117,44.261692,7.0915346,-8.5457802,115.0122722,"Unnamed Road, Selemadeg Tim., Tabanan, Bali, Indonesië",ID
118,51.93068,8.917099,43.0935594,-80.9243146,"315064-315308 31st Line, Embro, ON N0J 1J0, Canada",CA
119,54.526093,9.961977,11.2331998,-74.1921175,"Carrera 19E # 28B-1 a 28B-99, Santa Marta, Magdalena, Colombia",CO
120,57.33264,21.67224,35.1912269,129.0756643,"23 Beobwonnam-ro 10beon-gil, Yeonje-gu, Busan, South Korea",KR
121,48.356163,9.299311,1.2952282,103.8729369,"500 ECP, Singapore 439173",SG
122,49.964825,9.06297,-27.7675462,30.0061533,"Airport Industrial, Newcastle, South Africa",ZA
123,47.55694,7.6522455,55.6765242,21.3455021,"227, Dovilai 96221, Lithuania",LT
124,18.865,17.188612,-28.2865407,-54.22981,"Rua Armindo Utzig, 2-74, Rio Grande do Sul, Brazil",BR
125,50.21201,4.752963,19.2968429,-98.2721335,"Independencia 11, Xilotzinco, 90110 Tlaxcala, Mexico",MX
126,49.543617,41.633667,-29.597485,30.3471312,"38-40 Dan Pienaar Road, Pietermaritzburg 3201, South Africa",ZA
127,52.22858,8.950187,52.0537598,4.5465352,"Olof Palmelaan, 2721 Zoetermeer, The Netherlands",NL
128,48.97896,8.222102,50.0010622,36.2809446,"Bezkrainya street, 36, Kharkiv, Kharkiv Oblast, Ukraine",UA
129,54.639683,9.546223,47.1951899,7.4118179,"Flurstrasse 31, 2540 Grenchen, Switzerland",CH
130,49.342377,6.372967,23.5862704,120.4309458,"Tajwan, Jiayi, 中山高速公路",TW
131,54.235085,9.02031,46.369384,14.9246587,"Radegunda 38, 3330 Mozirje, Slovenia",SI
132,58.02044,18.417791,47.5473098,21.6462336,"4028 Debrecen, Jósika Street 3-5, Hungary",HU
133,51.823967,9.774139,-23.4931289,-67.9840567,"Ruta 23, San Pedro de Atacama, Antofagasta Region, Chile",CL
134,48.2752,7.85876,64.0054052,-22.3285922,"Vatnsleysustrandarvegur, Iceland",IS
135,39.058594,9.64351,61.3181992,9.8114445,"Vestringsvegen, 2657 Svatsum, Norway",NO
136,56.182625,10.63854,32.8165321,34.9980443,"Ibn Rushd, Haifa, Israel",IL
137,48.40422,6.906599,58.5441024,22.8496793,"Tagavere-Randküla, 94660 Saaremaa, Estonia",KH
138,44.768795,5.748579,55.6515549,21.557932,"2213, Brožiai 96274, Lithuania",LT
139,47.95128,7.4768915,54.2448908,19.4560094,"Strumykowa 39-45, Elbląg, Polonia",EE
140,54.56063,9.653485,52.1719937,4.523959,"Provincialeweg, 2353 Leiderdorp, The Netherlands",NL
141,55.55266,13.127361,67.6016027,26.740429,"Rovaniementie 2257-2339, 99600 Sodankylä, Finland",FI
142,50.998535,8.826687,54.328047,23.1273696,"2615, Salaperaugis 69285, Lituanie",LT
143,50.318153,6.8606644,32.8340094,-16.911633,"219-221 W Homan St, Baytown, TX 77520, USA",HU
144,49.558678,8.311144,47.4175885,7.1022801,"E27, 2900 Pruntrut, Schweiz",US
145,48.99843,7.769698,38.1709116,22.3394773,"Unnamed Road, Krathi 250 06, Greece",GR
146,54.560867,9.346235,56.16943,8.6855281,"Videbækvej 35A, 7480 Vildbjerg, Denmark",DK
147,51.585278,8.054588,25.271139,55.307485,130 Al Khaleej Rd - Dubai - United Arab Emirates,AE
148,49.0812,8.100226,-33.470978,-70.6199394,"Guillermo Mann 1030-1048, Ñuñoa, Region Metropolitalny, Chile",CL
149,49.085724,6.691346,50.4586964,4.3826184,"Rue Nestor Falise 15, 6180 Courcelles, Belgium",BE
150,46.231667,5.947171,58.766458,24.5950929,"Valgu-Libatse, 78207 Rapla County, Estonia",EE
151,49.583534,8.806611,32.8356307,35.0546059,"Sderot HaNassi Truman, Hajfa, Izrael",US
152,53.952095,9.373576,42.145441,27.2299904,"Unnamed Road, Kirovo, Bulgaria",KH
153,48.0067,7.461792,28.4030389,129.6565163,"Япония, 〒894-0508 Kagoshima-ken, Amami-shi, Kasarichō Ōaza Yōan 県道82号線",JP
154,48.531494,2.8402476,-6.6326908,111.5149105,"Jl. Sunan Bonang, Sluke, Rembang, Jawa Tengah 59272, Indonesia",ID
155,45.95759,5.3794107,52.7296752,-0.9502769,"Gaddesby Lane, Melton Mowbray, Leicestershire LE14 2TQ, UK",GB
156,53.90451,9.344383,60.9628289,6.4806092,"Riksveg 13, 6893 Vik i Sogn, Norvège",NO
157,56.069126,10.660636,54.455695,13.3109217,"Pansevitz 4, 18569 Kluis, Germany",NZ
158,49.188156,8.345081,-45.4102099,167.728663,"Te Anau-Milford Highway, Te Anau 9600, New Zealand",NZ
159,57.203747,26.253477,46.2122548,7.0091165,"Galerie de St-Maurice, 1890 Saint-Maurice, Switzerland",CH
160,45.71089,6.0332413,39.1280253,-8.9920379,"N1, 2580 Abrigada, Portugal",PT
161,49.310135,8.8952875,53.0107103,16.9899105,"191, Polónia",PL
162,53.77317,8.7755995,31.2537851,34.7991027,"Yitskhak Rager, Beersheba, Israel",IL
163,45.3543,6.8430386,41.9213466,-7.5111574,"Viaducto de Vilaza, 32618 Monterrei, Ourense, Spanje",ES
164,49.61939,10.94224,53.8897402,-8.6518305,"R325, Co. Mayo, Ireland",IE
165,51.87027,9.195682,57.0778009,21.4229735,"P111, Užava parish, LV-3627, Latvia",LV
166,55.0465,16.495613,46.7330469,7.6257835,"Hännisweg 6, 3645 Thun, Switzerland",CH
167,51.78991,8.770408,48.2936744,19.6613047,"585, 985 32 Panické Dravce, Slovakia",SK
168,53.919617,9.441086,46.0368502,15.4912252,"Mali Kamen 52, 8281 Senovo, Slovenia",SI
169,52.916904,9.264857,62.138724,26.9693726,"Porsaskoskentie 2223-2225, 51670 Mikkeli, Finland",FI
170,52.100468,9.131814,52.4086514,-114.9598425,"7327-7407 David Thompson Highway, Alhambra, Alberta T0M 0C0, Kanada",CA
171,49.763134,7.4906025,36.4825464,22.3857515,"Unnamed Road, Anatoliki Mani 230 71, Greece",GR
172,48.34067,11.6276045,-5.8827062,110.4489651,Indonesia,ID
173,57.531998,15.782831,49.8078805,17.7714707,"44337, 747 84 Radkov, Czech Republic",CZ
174,49.268063,7.878827,33.294471,-112.167634,"325-361 West Lewis Drive, Laveen, AZ 85339, USA",US
175,48.652702,8.855841,24.8821834,55.0452475,Sheikh Mohammed Bin Zayed Rd - Dubai - United Arab Emirates,AE
176,53.848885,9.813118,24.6139414,-101.3736105,"Saltillo - Zacatecas, Pozo Colorado, Zacatecas, Mexico",BW
177,48.821243,6.0115423,27.1375391,91.5774189,"Unnamed Road, Wamrong, Bhutan",BT
178,51.026115,8.841193,56.8303942,60.6186244,"Krasnoarmeyskaya ulitsa, 74, Yekaterinburg, Sverdlovsk Oblast, Russia, 620000",RU
179,46.66023,6.693125,54.840045,-8.4733695,"4, Portnoo, Co. Baie de Donegal, Irlande",CH
180,52.710506,9.602626,54.9844629,25.2255339,"5254, Glitiškės 14292, Lithuania",LT
181,49.64305,9.011888,43.0467017,24.6007304,"4, 5573 Golets, Bulgaria",BG
182,57.7874,27.507446,45.8007664,15.6675261,"Draganje Selo 5F, 10430, Samobor, Croatia",HR
183,50.866,8.740859,53.3072425,6.9533859,"Oosterwierum 5, 9936 HJ Farmsum, Nizozemsko",NL
184,47.126385,6.3256845,48.5439191,4.3627818,"D48, 10240 Dampierre, Francija",FR
185,57.805138,14.56262,53.4324733,-6.4543576,"3 Tetrarch Grove, Clonee, Co. Meath, Ireland",IE
186,51.098286,7.3154945,32.009299,34.7804928,"HaAluf Aharon Yariv 8, Holon, Israel",IL
187,50.65552,8.627282,-7.390343,111.4547,"Jl. Untung Suropati, Kec. Ngawi, Ngawi, Jawa Timur 63212, Indonesia",ID
188,46.81762,6.509349,49.9276251,36.2652699,"Haharina Avenue, 316, Kharkiv, Kharkiv Oblast, Ukraine",UA
189,52.267044,15.866692,26.8623894,89.3727485,"Raj Marg, Jaigaon, Bhutan",BT
190,47.443832,6.46383,47.5833231,5.0559742,"D120, 21120 Marey-sur-Tille, France",NL
191,49.041496,7.789789,39.1373138,-9.3814955,"R. Dr. João de Barros 1, 2560-487 Silveira, ポルトガル",PT
192,46.592976,6.0029097,43.3014559,144.3110341,"35 Setsurigenya Kita 27 Sen, Tsurui-mura, Akan-gun, Hokkaidō 085-1200, Japan",JP
193,51.796127,9.1178255,13.5431503,104.8660881,"Unnamed Road, Cambodia",KH
194,47.294106,5.90652,49.3628852,17.5653511,"Bořenovice 50, 769 01 Bořenovice, Czech Republic",CZ
195,51.602226,6.4352827,-38.1037657,175.7259255,"743 Old Taupo Road, Waotu 3481, New Zealand",NZ
196,48.877506,6.060808,23.636505,90.5944565,"N1, Sonargaon, Bangladesh",BD
197,46.012146,7.7821302,32.9809735,35.0884035,"Derech HaYam, Shavei Tzion, Israel",IL
198,47.51169,8.002453,52.1130501,6.7575212,"Niekerkerweg 2, 7157 CB Rekken, The Netherlands",NL
199,-21.788128,21.742586,-24.2260168,26.1718687,"A1, Botswana",BW
200,48.447594,7.6798086,-28.0037751,152.0037265,"112 Jonel Park Road, Allora QLD 4362, Australia",AU
201,44.43239,5.007128,-32.4920902,-68.1584242,"RN142, Mendoza, Argentina",AR
202,47.37989,7.083873,60.7814836,27.4513409,"Purhontie 662-664, 49660 Miehikkälä, Finland",FI
203,52.80049,8.094554,1.4476892,103.8124889,"Sembawang Way, Singapore",SG
204,56.3611,13.462997,22.39606,114.045921,"Yuen Tsuen Ancient Trail, Tai Lam, Hong Kong",HK
205,45.60961,7.0968637,-27.88143,29.3358357,"R722, South Africa",HU
206,28.70977,48.7096,42.5245908,1.5628475,"Av. de la Bartra, AD200 Encamp, Andorra",AD
207,52.396065,9.062636,-6.2140721,-80.4130462,"Panamericana Norte, Перу",PE
208,53.789177,10.2677145,22.254943,113.913803,"Ngong Ping Fun Walk, Lantau Island, Hong Kong",HK
209,4.044181,8.4803095,32.4219668,35.4903898,"90, Israel",IL
210,47.808006,6.8798075,50.961256,-119.283451,"6252 Line 17 Road, Magna Bay, BC V0E 1M7, Canada",CA
211,46.356667,5.6013317,57.0675851,27.2958045,"P47, Balvi parish, LV-4561, Latvia",LV
212,49.331116,8.5607815,-26.0832193,27.9273582,"47 Blueberry Street, Randburg 2169, South Africa",ZA
213,53.01002,9.091471,-36.8316044,-73.0513283,"Lincoyán 118-194, Concepción, Biobío Region, Chile",CL
214,57.134743,11.635686,27.2285719,90.6692169,"Unnamed Road, Bhutan",KR
215,54.02848,9.607232,-24.855926,25.8710126,"Lesetlhana Road, Ramotswa, Botswana",BW
216,49.633408,6.914585,35.2394669,129.2409153,"514-1 Jukseong-ri, Gijang-eup, Gijang-gun, Busan, South Korea",KR
217,48.99757,7.366683,48.8050654,9.1841532,"Heilbronner Straße, 70191 Stuttgart, Germany",DE
218,51.446007,7.685733,40.5090201,16.5654971,"Via A. Moneta, 1, 75016 Pomarico Matera, Italien",IT
219,54.878654,9.906089,60.5740906,15.8587114,"E16, Sweden",SE
220,49.337288,7.766304,-34.195854,-70.6271432,"H-25, Machalí, O'Higgins Region, Chile",CL
221,48.983276,8.392017,62.7302721,15.4044357,"546, 840 60 Bräcke, Sweden",SE
222,32.577934,32.35806,-7.4776626,109.6041946,"Pucungbedug, Purwanegara, Banjarnegara, Jawa Tengah 53472, Indonesien",ID
223,48.829933,6.5711966,51.9467945,8.5078539,"Postheide 61, 33659 Bielefeld, Allemagne",DE
224,53.426643,9.106867,42.1485719,24.4215468,"8004, 4417 Ognyanovo, Bulgaria",BG
225,51.264893,8.395329,27.4982594,90.5336919,"Trongsa - Yotongla Hwy, Bhutan",BT
226,49.224182,6.7253695,44.6750892,23.7225284,"Unnamed Road, Văluța, Romania",US
227,46.21553,6.538908,37.3692573,13.4821898,"Strada Provinciale 17, 92100 Agrigento, Italy",IT
228,50.40181,7.909812,-29.51914,-58.1803637,"Ruta Nacional 119, Corrientes, Argentina",AR
229,51.474297,8.424844,27.3648009,89.9123973,"Wangdue - Tsirang Hwy, Bhutan",MY
230,50.89901,8.942065,-16.4490678,-71.8222112,"112, Vitor District, Peru",PE
231,47.15631,7.261263,-26.9413575,-51.8225213,"BR-153, Santa Catarina, 89675-000, Brazil",BR
232,52.13258,9.878191,42.9404815,23.2655811,"8102, Svidnya, Bulgaria",BG
233,52.7483,9.101704,-38.1773062,175.2124595,"18 Trapski Drive, Otorohanga 3900, New Zealand",NZ
234,56.24051,10.510527,24.9496279,55.3505468,E 77 - Dubai - United Arab Emirates,AE
235,42.8049,16.976309,4.5483146,-74.1130557,"Carrera 5C # 49AS-1 a 49AS-99, Bogotá, Cundinamarca, Colombie",CO
236,50.653,9.259547,46.8134704,1.0601752,"58-72 D18A, 36220 Martizay, France",FR
237,51.228745,8.613603,46.444178,6.9113727,스위스 1822 몽트뢰 팡 듀 크호 도로 18-20,CH
238,50.880013,8.51057,50.7505055,7.0938072,"Arminiusstraße 24-26, 53117 Bonn, Germany",DE
239,50.76572,9.293608,52.7632886,-6.8397421,"Unnamed Road, Co. Carlow, Ireland",IE
240,50.464314,9.43802,32.4276747,35.5278697,"6678, Israel",IL
241,57.868076,14.125433,47.9282936,22.1715064,"4335 Kántorjánosi, 4917, Hungary",HU
242,48.314835,6.722842,53.4161675,-122.6233525,"Unnamed Road, Fraser-Fort George E, BC V0J, Canada",CA
243,44.425743,6.8347893,52.1461523,4.6765025,"Rigolettohof 36-38, 2402 EX Alphen aan den Rijn, The Netherlands",NL
244,46.59708,8.335617,45.0142326,26.0409716,"Strada Pădurii, Boldeşti-Scăeni, Rumunia",PT
245,44.439003,54.758793,3.0122224,101.4514473,"11-17, Jalan Sri Mersing 23, Taman Sri Andalas, 41200 Klang, Selangor, Malaysia",ID
246,49.737255,7.6851444,1.3717535,103.819387,"Oncospermum Trail, Singapur",SG
247,51.612354,7.7839403,57.3637299,23.125392,"Bākas iela 37-41, Mērsrags, Mērsraga pagasts, LV-3284, Latvia",LV
248,55.762894,9.301686,43.1116858,-7.8460617,"LU-232, 14, Friol, Lugo, Spain",ES
249,47.865044,6.5744114,45.9140891,16.5143392,"Cugovec, 10345, Cugovec, Croatia",HR
250,48.48253,8.483837,54.298736,-6.3276794,"30 Greenan Road, Banbridge, UK",GB
251,54.517426,10.994904,56.85349,25.2554606,"P4, Ķeipenes pagasts, LV-5062, Latvia",LV
252,51.472435,8.7371,46.4587539,18.490951,"7176 Murga, Fő-Straße 2-3, Ungarn",HU
253,46.58766,6.942252,70.0102323,22.0488744,"E6 100, 9161 Burfjord, Norway",NO
254,53.856613,8.87879,-6.5544708,110.6522128,"Unnamed Road, Kec. Jepara, Jepara, Jawa Tengah 59432, Indonesia",ID
255,51.035103,8.576848,22.9738175,89.4751091,"Dhaka-Khulna Highway, Phultala, Bangladesh",BD
256,53.39964,9.196295,61.9808602,25.0784281,"16543 10-70, 42100 Jämsä, Finland",FI
257,49.941727,8.466862,51.8343449,-4.6963654,"1 Dandderwen, Llanfallteg, Whitland, Carmarthenshire SA34 0UW, UK",GB
258,46.481083,4.065296,53.1285498,-7.8823754,"Unnamed Road, Co. Offaly, Ireland",IE
259,54.629288,10.763304,46.2752741,17.9067491,"7473 Hajmás, Fő Street 15-16, Hungary",HU
260,44.68297,6.785404,54.1463969,36.1561223,"Р92, Tula Oblast, Russia",RU
261,54.07055,9.8558035,-18.2626112,-69.5592403,"Ruta 11, Putre, Arica and Parinacota Region, Chile",CL
262,52.10575,9.213299,58.032616,38.8043901,"Р104, Rybinsk, Oblast de Iaroslavl, Russie, 152900",RU
263,50.148018,8.721657,49.9547493,20.5232308,"Kiebło, Poland",PL
264,57.180695,16.10661,-23.8855181,-50.6031138,"Rodovia Engenheiro Ângelo Lopes, Parana, Brazil",BR
265,53.011017,9.200317,22.2974267,113.9307629,"Chun Wan Rd, Chek Lap Kok, Hong Kong",HK
266,46.74843,9.419808,64.3258841,-22.0748384,"Esjubraut, Akranes, Iceland",IS
267,50.02572,6.9810915,42.2399286,12.9306907,"Via Turanense, 17, 02026 Posticciola RI, Italy",MY
268,49.761093,8.096574,52.9109897,-2.8042567,"Knowles Lane, Whitchurch SY13, UK",GB
269,50.710873,7.7311687,10.9622098,103.2494186,"Unnamed Road, ឃុំ តានួន, Cambodia",KH
270,48.819237,8.435571,62.7579294,8.3607896,"Riksveg 62 20, 6610 Øksendal, Norway",NO
271,51.187347,6.895444,22.4430822,114.0720994,"Kong Tai Rd, Kam Tin, Hong Kong",HK
272,52.920753,7.8965874,1.2716089,103.620717,"150 Tuas South Ave 5, Singapore 637363",UA
273,51.23731,8.131459,45.7010729,1.2027472,"Mazerieux, 87800 Nexon, France",FR
274,48.93211,7.8781986,15.1946635,104.8353197,"Sisaket Rd, Tambon Warin Chamrap, Amphoe Warin Chamrap, Chang Wat Ubon Ratchathani 34190, Thailand",TH
275,31.999508,84.47894,49.9799178,36.3324971,"Krasnodars'ka street, 113, Kharkiv, Kharkiv Oblast, Ukraine",UA
276,49.85366,6.929549,50.6296716,3.9955459,"Rue de Thoricourt 23, 7830 Silly, Belgium",BE
277,49.07788,9.525694,49.0865406,14.8440074,"Novosedly nad Nežárkou 205, 378 17 Novosedly nad Nežárkou, Czech Republic",AU
278,55.573517,10.395992,41.9351364,25.1412741,"5802, 4261 Lenovo, Bulgarie",BG
279,52.635136,9.17135,-37.4315745,-72.3228458,"Q-15, Los Angeles, Biobío Region, Chile",CL
280,52.589813,9.770871,45.5888467,-84.5729209,"4155-4285 Riggsville Rd, Cheboygan, MI 49721, Stany Zjednoczone",UA
281,49.35446,6.682947,64.8918855,-22.2201578,"Heydalsvegur, Iceland",IS
282,54.15661,8.247061,36.1486131,-79.2524279,"8107 High Rock Road, Efland, NC 27243, EUA",US
283,38.30607,5.4284143,65.2158117,-21.0696741,"Þjóðvegur, Iceland",IS
284,48.961365,8.882902,23.9893771,120.9199888,"No. 128, Xiàngshàn Road, Puli Township, Nantou County, Taiwan 545",TW
285,47.43165,6.939516,51.4567013,7.0530921,"Bückerheide 8-10, 45139 Essen, Germany",DE
286,51.277805,9.199265,42.2857333,23.2760325,"6206, 2650 Sapareva Banya, Bulgaristan",BG
287,51.871853,8.960931,45.629209,-61.1070665,"Nova Scotia Trunk 4, Louisdale, NS B0E 1V0, Canada",CA
288,53.66747,10.668539,49.4484731,15.3385594,"347, 393 01 Zachotín, Czech Republic",CZ
289,51.459038,7.90615,27.6672564,91.1836199,"Unnamed Road, Lhuntse, Bhutan",BT
290,49.308464,8.988469,46.304984,14.4951695,"210 15, 4205 Preddvor, Slovenia",SI
291,55.15902,10.2377825,44.0855095,-77.2391418,"86 Prince Edward County Rd 14, Demorestville, ON K0K 1W0, Kanada",CA
292,51.74104,9.330278,24.8808177,55.0431132,Sheikh Mohammed Bin Zayed Rd - Dubai - United Arab Emirates,AE
293,48.7846,8.959164,-24.2544424,-65.2482133,"Unnamed Road, San Salvador de Jujuy, Jujuy, Argentina",AR
294,50.776375,9.126915,52.5313907,13.5182696,"Rhinstraße 147, 10315 Berlin, Germany",DE
295,48.90815,5.613161,40.3897981,-3.6702635,"Calle de Pablo Rica, 8, 28053 Madrid, Spain",ES
296,57.369576,14.741211,47.6397803,21.6124546,"4224 Hajdúböszörmény, Vincellér Street 2, Hungary",HU
297,53.087055,9.280106,22.244495,114.288631,"Unnamed Road, Tung Lung Chau, ฮองกง",HK
298,57.94084,14.361829,53.9875878,24.2974349,"5003, Dzūkijos nacionalinis parkas 65285, Lithuania",LT
299,53.464474,9.389841,51.9160171,5.4148775,"Terweistraat 1, 4011 EX Zoelen, The Netherlands",NL
300,45.444515,7.3398075,-33.3918391,-71.4816484,"F-90, Valparaíso Region, Chile",CL
301,33.539333,88.28194,22.4856941,89.0120064,"Satkhira-Kaliganj Highway, Bangladesh",BD
302,53.716393,9.203193,45.598798,5.8767331,"175-265 Rue de Leya, 73290 La Motte-Servolex, France",FR
303,50.692017,8.307205,35.1688071,129.1657896,"1363-9 Jwa 3(sam)-dong, Haeundae-gu, Busan, South Korea",KR
304,50.36391,5.7556677,-51.3677941,-70.2512353,"Ruta Provincial 5, Santa Cruz, Argentinien",AR
305,46.924885,5.9986258,-30.5192721,-71.1315651,"D-595, Ovalle, Coquimbo Region, Chile",CL
306,31.348385,93.590065,-7.7066264,108.6559457,"Jl. Pantai Timur, Pangandaran, Pangandaran, Jawa Barat 46396, Indonesia",ID
307,52.93051,9.20021,43.6980396,2.5377508,"Esperausses, 81260 Espérausses, France",FR
308,46.6118,7.334791,56.0656954,-3.4144787,"2 Norway Gardens, Dunfermline, Fife KY11 8JW, UK",GB
309,46.713398,7.0177794,50.1005216,15.880352,"298, 533 04 Rokytno, Czech Republic",CZ
310,46.09574,5.4467897,54.2415599,-9.862037,"L1202, Co. Mayo, Irlandia",IE
311,50.390724,8.777728,24.335077,124.158885,"1 Chome-5 Yashimachō, Ishigaki-shi, Okinawa-ken 907-0011, Japan",JP
312,52.436684,8.990492,58.2842022,38.8636373,"Р104, Oblast de Iaroslavl, Russie",RU
313,56.607338,17.665882,-13.7238985,-70.4542186,"Carretera Interoceanica 96, Peru",PE
314,43.62448,5.3328514,24.9040998,54.9472457,Sheikh Zayed Rd - Dubai - United Arab Emirates,AE
315,50.069527,8.745964,50.1305973,20.0896906,"71, 32-010 Sulechów, Poland",PL
316,54.21099,9.588654,22.664001,120.5231108,"No. 242, Héxìng Road, Changzhi Township, Pingtung County, Taiwan 908",TW
317,37.5166,9.846556,38.0809143,-6.5154675,"EX-201, 06270 Segura de León, Prowincja Badajoz, Hiszpania",ES
318,53.039986,43.77002,2.706633,101.4926416,"B324, Ladang Bedford, 42700 Banting, Selangor, Malaysia",MY
319,51.565525,8.5403595,21.9257629,120.8318541,"946, Taiwan, Pingtung County, Hengchun Township, 香蕉灣[屏客]",TW
320,46.373962,5.2583227,39.8616717,25.0574825,"Unnamed Road, Limnos 814 00, Greece",US
321,50.67661,10.311651,23.1942247,120.1923896,"722, Tajwan, Tainan, Jiali District, 260-1",TW
322,49.65837,8.479503,59.1734957,26.127122,"Järva-Jaani-Tamsalu-Kullenga, Uudeküla, 46026 Lääne-Viru County, Estonia",EE
323,50.61097,9.213327,56.85349,25.2554606,"P4, Ķeipenes pagasts, LV-5062, Latvia",LV
324,53.505764,9.19997,38.910636,-0.8399728,"CV-589, 3, 46640 Mogente, Valencia, Spain",ES
325,48.666313,7.283965,56.9079063,-6.1610274,"Unnamed Road, Isle of Eigg, Highland PH42 4RL, UK",KH
326,47.30942,7.5231924,-32.3592851,18.4574141,"R366, South Africa",ZA
327,54.94667,7.491395,58.5381356,31.3112132,"Khutynskaya ulitsa, 49, Nowogród Wielki, Obwód nowogrodzki, Rosja, 173020",RU
328,46.127357,6.2565346,51.7557943,19.3077326,"Rszewska 29, 95-050 Konstantynów Łódzki, Poland",PL
329,54.311546,9.519055,32.6314324,35.123777,"66, Israel",IL
330,47.034286,7.63212,46.0093362,14.2741785,"Vrzdenec 57, 1354 Horjul, Slovénie",SI
331,52.622578,9.181078,46.5232931,-1.0190949,"50-54 Route de Saint-Aubin, 85210 Saint-Étienne-de-Brillouet, France",FR
332,53.050808,9.26804,42.239313,25.945045,"554, 6262 Beli bryag, Bulgarije",BG
333,51.083214,9.306557,36.3076161,-82.911982,"4990 Gap Mountain Road, Greeneville, Tennessee 37745, EE. UU.",US
334,54.387436,17.27118,32.562503,34.9406214,"Bareket 26-30, Zikhron Ya'akov, Israel",IL
335,54.16501,9.237886,22.3450096,114.0566147,"Kap Shui Mun Bridge, Hong Kong",HK
336,51.48292,9.224476,46.5275944,15.6977477,"E59, 2000 Maribor, Słowenia",UA
337,48.518494,6.5185947,62.2400862,25.9693755,"Leppälahdentie 54, 41450 Jyväskylä sub-region, Finland",FI
338,49.73459,15.628914,23.4864155,89.4275018,"Dauladia - Faridpur - Magura - Jhenaidah - Jessore - Khulna - Mongla Rd, Magura, Bangladesh",BD
339,52.448315,10.313531,46.3185177,13.5400098,"Čezsoča 123, 5230 Bovec, Słowenia",SI
340,50.202286,7.786478,53.8078739,-8.766311,"N83, Co. Mayo, Ireland",IE
341,50.546097,6.912916,1.5307615,103.7157633,"Jalan Lurah 3, Kawasan Kempas Lurah, 81200 Johor Bahru, Johor, Malaisie",MY
342,49.205925,7.6992893,-25.7325791,27.5660847,"N4, South Africa",ZA
343,51.822655,8.475604,40.9562059,-7.5774806,"N226, 3620, Portugal",PT
344,54.740685,9.23995,40.2279506,23.7683488,"Epar.Od. Nikitis-Sartis, Sithonia 630 88, Greece",GR
345,53.590313,7.3392344,25.155773,55.2998538,Muscat St - Dubai - United Arab Emirates,AE
346,55.35038,11.047986,46.2424122,-119.1184859,"1936 West Ruby Street, Pasco, État de Washington 99301, États-Unis",US
347,56.812473,14.648195,52.9893184,7.005884,"Vledderweg 14, 9585 PA Vledderveen, The Netherlands",NL
348,48.925957,8.193454,32.7983987,34.9573307,"David Elazar, Haifa, Israel",IL
349,48.631645,7.7656107,-22.0420907,-53.3373573,"MS-134, Mato Grosso do Sul, 79750-000, Brazil",BR
350,56.644638,13.601507,42.5557524,1.6160455,"Unnamed Road, AD100 Canillo, Andorra",AD
351,52.619522,9.189335,46.064868,14.5757935,"Jarše, Slovenia",US
352,49.1705,8.058915,56.0866657,25.5842936,"3625, Juodupė 42442, Lithuania",LT
353,48.039665,7.61652,55.4165008,25.0615687,"1201, Kurkle 29234, Litwa",LT
354,49.142166,6.801715,1.6539995,111.2194501,"Jalan Batang Saribas - Krian, Pusa, Sarawak, Malaysia",MY
355,45.340225,6.257453,36.0362239,136.2614025,"4 Goshimacho, Fukui, Fukui Prefecture, Japan",JP
356,56.703156,12.973873,23.0416564,89.2001278,"Monirampur-Jhikorgacha Road, Bangladesh",BD
357,47.833282,8.921628,53.7081451,-1.814261,"10 Church Lane, Halifax, West Yorkshire HX3 9TD, UK",GB
358,49.01352,6.320698,20.4339707,-101.7345095,"López Mateos 41, Los Presidentes, 36900 Pénjamo, Guanajuato, Mexico",MX
359,55.156372,9.753351,56.3163281,8.6850235,"Herningvej, 7500 Holstebro, Denmark",DK
360,50.818394,7.9161253,8.8867186,99.2203309,"44, Tambon Chapthawi, Amphoe Ban Na Doem, Chang Wat Surat Thani 84240, Thailand",TH
361,47.90748,8.021418,54.6873962,25.2780825,"Gediminas Avenue 15-17, Vilnius 01103, Lithuania",LT
362,56.30923,14.59112,33.0375544,35.2032504,"45, Manot, Israel",IL
363,51.825897,9.435295,48.5398506,19.8637364,"531007, 980 53 Lehota nad Rimavicou, Slovakia",SK
364,48.979523,8.523533,49.8163154,24.0774946,"Pasichna street, 98, Lwów, Obwód lwowski, Ukraina",UA
365,49.331337,11.340031,18.5667056,-97.1018664,"Unnamed Road, Veracruz-Llave, Mexikó",MX
366,48.065956,7.417119,41.4437127,13.7086188,"Strada Provinciale 45, 03037 Pontecorvo, Frosinone, Italy",IT
367,57.775745,19.166044,58.5920977,25.4408938,"Võhmasaare-Jälevere, 71407 Viljandi County, Estonia",EE
368,48.269657,7.601597,55.9477812,25.5786204,"Vilties gatvė 26, Rokiškis 42154, Lithuania",LT
369,51.733444,9.033434,22.4401016,113.9465561,"Nim Wan Rd, Lau Fau Shan, Hong Kong",HK
370,50.570427,8.546005,50.645069,5.1353972,"Chaussée de Tirlemont, 4280 Hannut, Belgium",BE
371,53.680923,9.408409,44.1651777,25.9580274,"Strada Sfântul Nicolae, Uzunu, Romania",RO
372,56.00074,10.364035,22.3734189,114.1177184,"100 Sai Lau Kok Rd, Tsuen Wan, Hong Kong",HK
373,50.796215,8.286482,47.4249025,8.3793866,"E60, 8957 Spreitenbach, Switzerland",SI
374,46.910553,6.994009,44.5797481,15.9411869,"D218, 53250, Birovača, Croatie",HR
375,52.182102,7.0345583,25.2504254,55.3455341,D70 - Dubai - United Arab Emirates,AE
376,55.279884,13.467361,42.5533327,1.5074136,"CG-4, 15, AD400 La Massana, Andorra",AD
377,50.0709,7.7453756,48.5083341,-4.0744946,"Boulevard Thierry d'Argenlieu, 29400 Landivisiau, France",FR
378,54.83579,9.417378,46.2752741,17.9067491,"7473 Hajmás, Fő Street 15-16, Hungary",HU
379,43.26635,5.9922447,62.3935751,13.7548497,"84, 840 93 Hede, Sweden",SE
380,51.009323,9.520664,-33.6131459,-71.6038444,"Card José María Caro 503-543, San Antonio, Valparaíso Region, Chile",CL
381,51.906532,8.398852,54.4167798,18.5905229,"80-351 Gdańsk, Polska",PL
382,53.193657,9.376442,35.1915426,128.9012485,"299-1 Bongnim-dong, Gangseo-gu, Busan, South Korea",KR
383,52.341476,9.2846575,39.5817649,-0.3530091,"CV-32, 46130 Massamagrell, Provinz Valencia, Spanien",ES
384,46.387836,7.852826,-34.9019496,-60.7143992,"RP46, Buenos Aires, Argentinien",AR
385,49.781036,8.172138,48.399294,20.2688545,"50, 982 51 Stránska, Slovakia",SK
386,54.88365,11.0427475,22.6660017,120.3179798,"No. 33, Lane 794, Mínzúyī Road, Sanmin District, Kaohsiung City, Taiwan 807",TW
387,48.923088,8.1456785,43.4922122,-0.8382195,"592-826 Chemin Larrue, 64300 Salles-Mongiscard, France",FR
388,44.27206,8.16507,45.1915716,13.6548736,"D302, 52440, Kadumi, Kroatien",HR
389,49.95823,7.368949,40.978843,16.4391405,"Contrada Modesti, 70037 Ruvo di Puglia, Bari, Italy",IT
390,46.99024,7.8107986,50.4495641,4.6493063,"Rue Trieu des Dames 11-17, 5190 Jemeppe-sur-Sambre, Belgium",BE
391,48.472168,6.0813446,-41.0204385,-73.1180898,"Panamericana Sur, Frutillar, Los Lagos Region, Chile",CL
392,53.743713,9.208072,-37.5555287,175.9212569,"14-16 Tui Place, Katikati 3129, New Zealand",NZ
393,49.742096,5.7828007,62.298094,17.4066018,"Päronvägen 2-3, 862 34 Kvissleby, Sweden",SE
394,40.49669,13.952727,37.5402739,126.7615153,"248-4 Byeongbang-dong, Gyeyang-gu, Incheon, Coreea de Sud",KR
395,45.728706,6.304676,47.5833231,5.0559742,"D120, 21120 Marey-sur-Tille, France",NL
396,50.857224,8.350571,-28.7304485,31.8257905,"R34, Afrique du Sud",ZA
397,46.092266,6.211074,64.8354177,-22.4481728,"Snæfellsnesvegur, Iceland",IS
398,55.76185,10.542304,62.477481,6.1823553,"Riksveg 658 480, 6002 Ålesund, Norvège",NO
399,53.925983,9.296383,10.2620217,-75.343314,"Calle 58 # 30-1 a 30-99, Arjona, Bolivar, Colombia",CO
400,48.05192,7.4938,47.0455484,-79.2664733,"1958 QC-101, Laniel, QC J0Z 2K0, Canada",CA
401,52.413635,8.288004,-29.2944865,-71.294056,"D-110, La Higuera, 코킴보 주 칠레",CL
402,14.891761,7.2227974,-15.783379,-48.127564,"BR-070, Dystrykt Federalny, Brazylia",BR
403,46.597218,6.9629602,48.7787395,1.1843908,"Route de Damville, 27320 Nonancourt, Frankrijk",FR
404,46.918312,6.1818666,11.2448209,104.5255129,"Unnamed Road, Cambodia",KH
405,48.663,7.3559895,45.9741177,13.5298084,"Vipolže 62a, 5212 Dobrovo v Brdih, Słowenia",SI
406,47.168068,8.697395,57.8185182,18.6169742,"684, 624 54 Lärbro, Sweden",SE
407,50.74791,7.9235716,49.0244283,20.5860765,"Nová 71-72, 054 01 Levoča, Słowacja",HU
408,53.209904,9.390419,48.2276102,19.6169321,"3138 Ipolytarnóc, 2205, Hongarije",HU
409,51.17419,9.23548,-7.1688689,-79.4403788,"La Libertad 528, Pacanguilla, Perú",PE
410,52.31868,9.133829,40.2448133,16.0781505,"Strada Statale 598, 85010 Gallicchio, Potenza, Italy",IT
411,47.86694,8.23881,-52.659876,-68.6063219,"Ruta Nacional 3, Tierra del Fuego, Argentina",AR
412,49.469013,7.3930397,64.9652321,13.5806925,"Fylkesveg 361 730, 7898 Limingen, Norwegen",NO
413,54.538757,9.328375,64.6550192,17.0882292,"360, 912 94 Latikberg, Sweden",SE
414,50.869698,8.425415,56.6222614,23.6827072,"Baložu iela 12, Atpūta, Svētes pagasts, LV-3008, Latvia",LV
415,51.002693,8.855723,56.5253611,23.5047768,"P95, Zaļenieki parish, LV-3011, Latvia",LV
416,52.969902,23.19788,35.3390362,137.1757827,"1299-4 Tokitsucho Tokiguchi, Toki, Gifu Prefecture, Japan",JP
417,45.107727,7.079115,-21.6705651,-47.3060572,"SP-332, São Paulo, 13710-000, Brazil",BR
418,47.347492,7.468623,40.8495179,15.4174433,"SS401, 85020 Pescopagano, Potenza, Italië",IT
419,52.177574,7.9124317,27.5870202,91.4915538,"Mongar - Trashigang - Trashiyangtse Rd, Trashiyangtse, Bhutan",BT
420,51.824905,9.130333,-11.9662328,-77.0666029,"Jr.Helio, Los Olivos 15311, Peru",PE
421,53.449135,9.481352,37.925306,139.2811963,"Unnamed Road, Shibata-shi, Niigata-ken, Japan",JP
422,57.65267,18.79078,46.191582,7.2475311,"E62, 1957 Chamoson, Switzerland",CH
423,53.889847,9.564429,49.7912298,24.0667847,"Kos-Anatol's'koho street, 18, Lviv, Lviv Oblast, Ukraine",UA
424,52.255203,9.135617,55.3890122,23.8758698,"144, Vainotiškiai 58352, Lithuania",LT
425,3.3623478,7.0130987,-25.8965665,-70.4768286,"Panamericana Norte, Taltal, Antofagasta Region, Chile",CL
426,57.988605,21.275059,59.5242985,11.9872786,"627, Årjäng NV, Sweden",SE
427,48.18466,6.429265,60.6762632,15.0822104,"Granmovägen 9, 793 40 Insjön, Sweden",SE
428,49.667267,8.326671,42.9404815,23.2655811,"8102, Svidnya, Bulgaria",BG
429,48.199417,7.1567087,62.4627012,17.4552018,"615, 865 91 Alnö, Sweden",SE
430,57.01371,12.139663,60.9890453,25.7427961,"Ohitustie, 15300 Lahti, Finland",FI
431,-20.916252,22.623724,-24.5232165,26.0369093,"A1, Botswana",BW
432,54.057854,8.70696,-29.7363533,30.5862225,"1 Drew Lane, Cato Ridge 3680, South Africa",ZA
433,55.016113,9.477486,58.1922771,26.6755536,"E263, Raanitsa, 62020 Tartu County, Estonia",EE
434,53.09002,9.205055,42.8164427,11.1313249,"SS223, 58100 Grosseto, Italy",IT
435,47.273727,7.0997915,47.2902073,26.8209199,"DJ281C, Romania",GR
436,53.923653,9.338451,57.227914,9.6867521,"Omfartsvejen 120, 9490 Pandrup, Danska",DK
437,54.506897,9.770859,49.1061827,18.9177622,"Francúzskych partizánov, 036 01 Martin, Slovakia",SK
438,51.703445,8.620275,54.6165609,39.7383581,"Sportivnaya ulitsa, 10, Rjazaň, Rjazaňská oblast, Rusko, 390000",RU
439,50.633278,8.918814,57.0778009,21.4229735,"P111, Užava parish, LV-3627, Latvia",LV
440,56.20208,10.629122,43.4425742,-8.1363108,"Carretera Fonfría, 15611 Cabanas, A Coruña, Spain",ES
441,51.273087,8.714459,46.042002,17.9715139,"7940 Csonkamindszent, 6, Hungary",HU
442,50.47712,8.447593,49.9982359,15.7399254,"32226, 530 02 Třebosice, Czech Republic",CL
443,55.293907,9.983636,-26.8385242,26.6581659,"3 Kirstein Road, Klerksdorp 2571, Republika Południowej Afryki",ZA
444,55.984756,10.596346,60.9705994,26.1230807,"Kaunistontie 269, 16100 Iitti, Finlande",FI
445,56.15275,9.572805,32.0880775,34.7736983,"Vilna 2, Tel Aviv, Israel",IL
446,55.322437,10.883046,47.4920249,8.7449565,"Tösstalstrasse 106, 8400 Winterthour, Suisse",CH
447,51.694992,7.703764,49.9592963,16.1478638,"Hradecká, Karosa, 566 01 Vysoke Myto, Czech Republic",CZ
448,50.796196,7.3838415,27.3834509,90.5135841,"Sarpang - Gelephu - Trongsa Hwy, Bhutan",BT
449,52.331326,9.261785,37.7128646,-3.9627146,"Calle Manuel Bueno Sanchez, 23600 Martos, Jaén, Spain",ES
450,48.739132,6.1574087,58.0757141,26.7352259,"E263, 63418 Põlva County, Estonia",EE
451,46.506557,8.674698,51.4302402,24.6007254,"М19, Butsyn, Volyns'ka oblast, Ukraine",NO
452,48.066563,5.465539,1.3720142,103.8257891,"Oncospermum Trail, Singapore",SG
453,51.372055,7.0156393,51.5750068,-9.3710405,"Unnamed Road, Co. Cork, Ireland",IE
454,58.12052,16.890768,50.5114018,2.8096414,"1-9 Rue de Pâques, 62138 Douvrin, France",FR
455,52.237064,8.914962,55.044173,61.3643215,"ulitsa Lesnaya (Novosineglazovskiy), 25, Chelyabinsk, Chelyabinsk Oblast, Russia",RU
456,53.725998,9.729641,19.3458174,-96.5352437,"Xalapa - Veracruz, Veracruz, Mexico",MX
457,47.388138,6.5309534,52.430705,-8.9610243,"Unnamed Road, Co. Limerick, Ireland",IE
458,31.362099,65.24414,20.7430819,-105.3139887,"Boulevard Central, Nayarit, Mexico",MX
459,47.765076,7.1491413,44.6287316,-123.0886967,"1097-1199 14th Avenue Southeast, Albany, OR 97322, USA",US
460,49.12595,9.68477,46.1114264,14.5772562,"Dragomelj, 1230 Domžale, Slovenia",SI
461,48.86553,7.3985662,-32.2595535,150.8391362,"685-750 Wybong Road, Muswellbrook NSW 2333, Australia",AU
462,49.58815,7.561655,51.7680525,5.4969463,"Ussenstraat 100, 5345 HW Oss, The Netherlands",NL
463,49.079754,7.9734592,43.2499173,13.3221451,"Strada Provinciale 12, 62010 Pollenza, Macerata, Italy",IT
464,51.449844,8.3796215,1.4080688,103.9925566,"Unnamed Road, Singapore",SG
465,49.201263,7.673936,36.4743468,-86.7106432,"7640-7722 Tennessee 76, White House, TN 37188, USA",US
466,45.026768,6.3484144,51.7073165,17.9080312,"Gmina Nowe Skalmierzyce, Poland",PL
467,49.634834,6.8560085,47.5605213,-79.4381896,"Québec 101, Saint-Bruno-de-Guigues, QC J0Z 2G0, Canada",CA
468,52.315544,8.875183,1.4145382,103.8051795,"124 Mandai Rd, Singapore 779389",SG
469,35.749275,76.50488,23.7064914,88.6089116,"Mujibnagar Road, Bangladesh",BD
470,50.11217,8.352028,-36.8910397,174.8127356,"114 Ladies Mile, Ellerslie, Auckland 1051, New Zealand",NZ
471,52.111458,8.954184,50.4005738,3.8815195,"Rue des Cèdres 42, 7080 Frameries, Belgium",BE
472,47.641678,7.422426,46.6075718,5.4154564,"D97, 39190 Beaufort, France",FR
473,51.31382,8.062981,45.6469871,17.2651885,"Donja Vrijeska 40, 43508, Donja Vrijeska, Croatia",HR
474,51.866932,8.574337,47.8655216,18.7510283,"564, 943 65 Bajtava, Slovakia",SK
475,46.30365,9.209593,47.0101176,18.3765592,"8123 Soponya, 6301, Hungary",IS
476,49.789032,9.216218,63.0768984,14.4447609,"592, 832 94 Orrviken, Szwecja",SE
477,42.17543,6.5121574,53.8892742,18.6314985,"E75, Poland",PL
478,54.178677,10.8873005,45.3517365,25.5430032,"Strada Gheorghe Doja, Sinaia, Romania",RO
479,49.66295,9.176321,22.8437649,89.2899842,"Jessore-Satkhira Road, Bangladesh",BD
480,51.358932,6.6086216,45.1450838,11.3735778,"Via Bastianelli, 9, 37049 Spinimbecco Verona, Italy",IT
481,55.185005,15.340771,-26.0420286,28.0534777,"10 Elizabeth Avenue, Sandton 2128, South Africa",ZA
482,51.752945,9.205859,37.7911219,-77.1508819,"186-222 Vessels Ln, Aylett, VA 23009, USA",AU
483,51.42773,8.673761,45.5865491,27.7720032,"DJ255, Slobozia Conachi, Rumunia",RO
484,51.658947,8.888751,-21.1447225,24.5798129,"Boteti, Botsuana",BW
485,50.047325,10.044364,50.1305973,20.0896906,"71, 32-010 Sulechów, Poland",PL
486,53.095978,9.77409,49.8375924,23.9702379,"Nyzynna Street, 75А, Lviv, Lviv Oblast, Ukraine",UA
487,51.450417,8.632365,58.4360329,26.4625821,"E263, 60603 Tartu County, Estonia",EE
488,55.985077,16.719305,44.3117249,9.7175148,"Strada Provinciale 3, 19020 Sesta Godano, La Spezia, Italy",IT
489,50.01096,10.1424885,25.2248802,55.42556,47th St - Dubai - Förenade Arabemiraten,AE
490,47.845993,7.4387913,48.7201137,9.1443058,"Hechinger Straße 73, 70567 Stuttgart, Germany",DE
491,52.14663,8.836759,53.2965893,34.8072247,"E101, Bryansk Oblast, Russia",RU
492,49.621925,7.4561663,-34.2491253,21.3771175,"R305, South Africa",NL
493,50.38917,8.5145445,54.5419813,17.724283,"Komuny Paryskiej 35, Lebork, Poland",PL
494,52.3757,8.747817,46.1809728,16.3327488,"Remetinec, 42220, Remetinec, Croatie",HR
495,55.230904,12.878187,1.410545,103.9904566,"840W Pulau Ubin, Singapore 508381",SG
496,48.09005,8.132738,56.555744,24.6446991,"P73, Vecumnieki parish, LV-3930, Letonia",LV
497,46.209373,6.291772,53.5181234,-9.605655,"Unnamed Road, Co. Galway, Ireland",IE
498,50.91417,8.827426,46.0007437,-65.9061549,"9154 NB-10, Waterborough, NB E4A, Canada",CA
499,51.095856,8.176474,56.4217327,-3.4259351,"A93, Perth, Perth and Kinross PH2 6BB, UK",GB
500,45.980305,6.2570496,-18.5247272,-42.7355766,"BR-120, Minas Gerais, Brazil",BR
501,54.463936,9.599305,-12.4636737,-76.7460056,"Panamericana Sur, Pucusana District, Peru",PE
502,47.952072,7.0107956,42.5170877,1.5296674,"Ctra. dels Vilars, 38-54, AD700 Escaldes-Engordany, Andorra",AD
503,51.071236,8.17617,35.1912269,129.0756643,"23 Beobwonnam-ro 10beon-gil, Yeonje-gu, Busan, South Korea",KR
504,53.40377,9.910785,-34.9552345,147.277455,"552 Locks Road, The Gap Nouvelle Galles du Sud 2650, Australie",AU
505,51.475964,36.61263,22.4468202,114.0028465,"15 Ping Ha Rd, Ping Shan, Hong Kong",HK
506,37.0017,12.524548,25.1837776,55.2520429,Al Hadiqa St - Dubai - Vereinigte Arabische Emirate,AE
507,52.129757,9.36788,37.5600579,127.0150007,"294-123 Sindang 6(yuk)-dong, Jung-gu, Seoul, South Korea",KR
508,54.92142,10.074177,27.0309296,89.5883963,"Phuntsholing - Thimphu Hwy, Bhutan",BT
509,55.62534,10.0818615,17.7599401,100.1206123,"Rural Rd Uttaradit 4013, Tambon Ban Dan Na Kham, Amphoe Mueang Uttaradit, Chang Wat Uttaradit 53000, Thailand",TH
510,54.852207,9.650291,56.8395847,22.5663313,"Krasta iela 2-5, Satiķi, Gaiķi parish, LV-3873, Latvia",LV
511,54.195568,8.677097,56.1697855,10.19969,"Niels Jensens Vej 8, Aarhus University, 8000 Aarhus, Denmark",DK
512,46.254417,8.042811,50.5501715,15.7739961,"Čermná 174, 543 77 Čermná, Czech Republic",CZ
513,57.804123,21.8402,45.4534126,14.8903115,"D3, 51311, Skrad, Croatia",US
514,51.541775,8.576432,55.767783,21.4340251,"2230, 96201, Lithuania",LT
515,48.44722,6.7248907,37.4209027,-8.5504363,"Unnamed Road, 7665, Portugal",PT
516,50.527443,8.013301,40.4754897,15.0559969,"Via Pio X, 10, 84047 Capaccio, Salerno, Italy",IT
517,48.667538,6.2177706,50.0040019,16.7493491,"Červená Voda 3, 561 69 Červená Voda, Czech Republic",CZ
518,52.053802,16.005707,1.3251059,103.9465978,"64-66 Bedok Terrace, Singapore",SG
519,52.645443,9.936494,42.6194731,1.5385601,"Av. de Sant Pere, AD300 Ordino, Andorra",AD
520,48.68769,8.081508,-33.0541054,-71.5192105,"Ruta 60, Viña del Mar, Valparaíso Region, Chile",CL
521,53.871246,9.507719,24.9294235,55.1153922,Sheikh Mohammed Bin Zayed Rd - Dubai - Объединенные Арабские Эмираты,AE
522,54.27214,8.70772,55.9073161,26.4943663,"Cēsu iela 42, Daugavpils, LV-5401, Latvia",LV
523,55.64054,9.706678,26.9004311,91.5020939,"Unnamed Road, Bhutan",BT
524,49.002464,7.9318495,55.3726991,11.7259536,"Sandbyvej 28, 4171 Glumsø, Denmark",DK
525,50.497597,8.931549,42.4435133,1.5015617,"Ctra. de la Rabassa, AD600 Sant Julià de Lòria, Andorra",AD
526,43.63128,6.4168854,53.0497791,5.3897072,"Suderseewei, 8754 Makkum, The Netherlands",NL
527,53.60652,9.355437,41.6339458,24.3044622,"Змеица - Чала, 4834, Bulgaria",BG
528,-5.5783396,11.279923,-30.8018664,117.1946489,"LOT 19497 Koorda-Wongan Hills Road, Badgerin Rock WA 6475, Australia",AU
529,50.334137,8.481353,47.9067518,18.2112528,"64 8-26, 947 03 Hurbanovo-Pavlov Dvor, Słowacja",BW
530,50.387043,7.2805767,-36.8809086,141.4674011,"201 Maryvale Road, Karnak VIC 3401, Australia",AU
531,49.74622,7.168641,50.8294109,4.4492923,"Avenue Alfred Madoux 89, 1150 Woluwe-Saint-Pierre, Belgium",BE
532,55.795464,21.7484,47.392892,8.5392095,"Schaffhauserstrasse 74, 8057 Zürich District, 스위스",CH
533,49.250233,9.732174,48.5398506,19.8637364,"531007, 980 53 Lehota nad Rimavicou, Slovakia",SK
534,52.11168,8.4031515,62.16145,5.1735825,"Fylkesveg 633 80, 6750 Stadlandet, Norway",CL
535,48.33351,7.407655,53.1285498,-7.8823754,"Unnamed Road, Co. Offaly, Ireland",IE
536,45.69214,7.5510187,-22.4470283,-68.9198109,"Balmaceda 3442-3478, Calama, Antofagasta Region, Chile",CL
537,50.424656,9.246178,24.022365,120.5186833,"Xīnxīng Street, Xiushui Township, Changhua County, Taiwan 504",TW
538,52.097366,9.133656,-11.7294589,-77.1506192,"Panamericana Norte, Ancon, Pérou",PE
539,49.668068,8.28569,27.013297,90.614642,"Sarpang - Gelephu - Trongsa Hwy, Bhutan",BT
540,52.134247,39.242466,57.6012572,39.8765501,"Moskovskiy prospekt, 89, Yaroslavl, Yaroslavl Oblast, Russia, 150000",RU
541,48.61866,6.140415,19.5292548,-97.2688574,"Carretera Oriental Zacatepec, Veracruz, Mexico",MX
542,47.727577,8.516548,45.9140231,14.9903415,"Rožni Vrh 13, 8210 Trebnje, Slovenia",SI
543,50.26477,9.209993,24.7807133,125.3167427,"Japan, 〒906-0000 Okinawa-ken, Miyakojima-shi, Hirara 県道78号線",JP
544,47.498146,7.6876097,47.7678794,18.1211575,"Selyeho 3543, 945 01 Komárno, Slovakia",SK
545,53.56717,9.953924,25.1406328,55.1346767,Crescent Rd - Dubai - United Arab Emirates,AE
546,50.41535,10.368498,-27.1922694,31.3473493,"MR11, Swaziland",SZ
547,50.86813,7.813883,54.6282385,24.3884875,"1812, Užuguostis 59367, Lithuania",LT
548,47.636078,4.8728495,55.5304019,22.9855549,"2119, Gailiai 86224, Lithuania",LT
549,48.104614,7.29622,52.2958647,4.8913875,"Amsteldijk Zuid 50, 1184 VD Amstelveen, The Netherlands",NL
550,57.5823,20.068235,24.2501304,121.1660252,"Zhongbu Cross-island Hwy, Heping District, Taichung City, Taiwan 424",TW
551,54.962093,9.410335,51.1583258,16.9342609,"Północna 4-6, 54-105 Wrocław, Polska",PL
552,46.880775,5.938586,53.2960903,14.8644266,"1355Z, Poland",PL
553,52.216034,8.989795,-27.9697472,26.8055598,"11813-11814 Fonya Crescent, Welkom 9478, South Africa",ZA
554,51.1447,6.216071,-32.807946,-71.2217817,"F-62, Calera, Valparaíso Region, Chile",CL
555,48.655975,8.670951,56.5369498,9.0367902,"Sdr Boulevard 224, 7800 Skive, Denmark",DK
556,52.416138,7.8743954,53.4324733,-6.4543576,"3 Tetrarch Grove, Clonee, Co. Meath, Ireland",IE
557,52.3248,9.330623,51.9160171,5.4148775,"Terweistraat 1, 4011 EX Zoelen, The Netherlands",NL
558,50.561367,8.033191,-16.099845,-71.6104882,"34A 1500, Perù",PE
559,53.198826,9.814375,46.1522757,18.0907423,"7678 Abaliget, 6604, Hungary",HU
560,50.101616,8.867017,62.5507246,29.0809193,"Korpivaarantie 38, 83330 Liperi, Finland",FI
561,50.049488,8.17024,52.1719937,4.523959,"Provincialeweg, 2353 Leiderdorp, The Netherlands",NL
562,50.487568,8.725805,57.3986604,22.0627978,"E22, Ugāle parish, LV-3615, Latvia",LV
563,52.398193,11.069675,-24.5750184,25.9809695,"21651-21652 Dirunya, Gaborone, Botswana",BW
564,51.26221,8.322372,41.7703948,-8.7790126,"N302, 4925, Portugal",PT
565,51.765606,8.913602,-37.646978,-72.5916616,"Ruta 180, Negrete, Biobío Region, Chile",CL
566,47.393173,9.630203,52.6681805,-0.5900387,"46 Willoughby Drive, Empingham, Rutland LE15, Royaume-Uni",GB
567,43.89649,6.631114,-43.4617362,172.0244982,"182 Deans Road, Darfield 7571, New Zealand",NZ
568,49.853153,7.525568,45.6951556,24.9242903,"DC73, Rumunia",RO
569,48.7237,7.184824,-35.3346561,-58.6279614,"RP215, Buenos Aires, Argentina",AR
570,54.339447,10.107165,24.5949746,121.6862078,"267, Taiwan, Yilan County, Datong Township, 寒溪巷1號",TW
571,48.803574,8.562507,63.8473024,-22.3792602,"427, Islandia",IS
572,50.12257,8.611477,44.4181204,27.769679,"Ialomița, Romania",RO
573,54.389084,14.815747,-20.2118969,26.1820028,"A3, Nata, Botswana",BW
574,45.33097,6.9029083,38.4716566,-4.6765484,"Calle Maria Tolo, 23, 14410 Torrecampo, Córdoba, Španija",ES
575,48.80974,8.918419,54.9128591,11.8109519,"Bjergvej 12, 4840 Norre Alslev, Denmark",DK
576,43.25961,5.6800194,55.6894967,52.4437214,"proyezd Tizlek, 32, Naberezhnye Chelny, Republic of Tatarstan, Russia, 423800",RU
577,56.72312,10.613333,22.2466206,114.2492115,"10 Big Wave Bay Rd, Shek O, Hong Kong",HK
578,54.042336,8.468876,42.5042364,1.5510798,"Ctra. de la Comella i de la Plana, AD700 Escaldes-Engordany, Andorra",AD
579,49.490555,5.7327805,-29.5879594,-50.8033888,"Rua Olavo Bilac, 304-386, Rio Grande do Sul, 95650-000, Brazylia",BR
580,50.367256,8.359645,39.0732286,26.5877719,"Unnamed Road, Lesvos 811 00, Grækenland",GR
581,49.739704,9.25806,23.0990817,89.7601313,"Dhaka - Khulna Hwy, Bangladesh",BD
582,44.332253,7.291297,36.0316845,-115.2795809,"8635 West Cougar Avenue, Las Vegas, Nevada 89148, États-Unis",US
583,52.707375,9.181234,15.9567,-97.3482181,"Salina Cruz - Santiago Pinotepa Nacional, Barranca Honda, Oaxaca, Mexico",MX
584,51.962914,8.641363,42.5306644,1.5009058,"Carretera de Sispony, AD400 La Massana, Andorra",AD
585,49.307632,7.7671833,51.8749407,5.9695788,"Nijmeegsestraat 1, 6691 CJ Gendt, The Netherlands",NL
586,51.383575,8.460466,27.3498758,91.6312739,"Unnamed Road, Bhutan",BT
587,53.988678,9.778681,54.960538,23.2926608,"140, 71197, Lithuania",LT
588,49.403534,7.423193,-36.7777076,-73.0928769,"Aviación 6949-6981, Talcahuano, Biobío Region, Chile",CL
589,52.82012,9.86832,37.9061191,-88.3053347,"22301-22999 Illinois 1, Omaha, Illinois 62871, Stati Uniti",MY
590,34.526737,6.091627,-32.9521353,17.9434465,"Main Road, West Coast Peninsula, Republika Południowej Afryki",ZA
591,48.89995,7.0354843,11.1265707,103.9378204,"National Hwy 4, Cambodia",KH
592,48.298195,7.6342497,4.6009097,-74.1331338,"Carrera 53 # 39S-2 a 39S-100, Bogota, Cundinamarca, Kolumbia",CO
593,57.106052,12.884229,57.444408,24.7609001,"P9, Limbažu pagasts, LV-4001, Łotwa",LV
594,19.460772,3.6185098,-39.709242,-69.5095133,"RN237, Neuquén, 아르헨티나",AR
595,44.452705,10.5251,24.2962254,120.7172239,"No. 170-188, Náncūn Road, Houli District, Taichung City, Taiwan 421",TW
596,57.1924,12.333516,54.0662342,24.0964532,"2519, Dzūkijos nacionalinis parkas 65319, Lithuania",LT
597,54.848503,7.4046,50.4056456,4.3426145,"N54, 6140 Fontaine-l'Evêque, Belgique",BE
598,47.700275,7.279292,60.7788706,24.8036418,"Karantie 117, 11120 Riihimäki, Finland",FI
599,46.446396,6.791442,40.9193019,15.5664871,"SS401, Avellino, Italy",IT
600,30.22762,94.19142,-6.1418685,106.8085379,"Jl. Perniagaan Raya No.41, Tambora, Kota Jakarta Barat, Daerah Khusus Ibukota Jakarta 11220, Indonesia",ID
601,46.4261,6.5945168,49.0319259,21.7777303,"554, 094 06 Košarovce, Slovakia",SK
602,54.027695,9.099493,59.5757752,25.9585057,"Mere 46, Lahemaa rahvuspark, Võsu, 45501 Lääne-Viru County, Estonia",EE
603,54.127922,9.938554,43.8598346,27.7481216,"293, Bistrets, Bulgaria",BG
604,48.130287,7.6683226,47.0020784,20.6114024,"5400 Mezőtúr, Földvári Way 12, Hungary",HU
605,49.8359,15.884194,50.4683009,30.4844532,"Polovetska Street, 16, Kiev, Kyiv city, Ukraine",UA
606,57.31349,12.270191,23.5445799,89.5183564,"Mawa - Bhanga Hwy, Bangladesh",BD
607,47.945686,7.1659527,37.635082,23.3465238,"Unnamed Road, Trizinia 180 30, Greece",GR
608,50.389393,7.984007,52.5512054,-6.2825601,"Unnamed Road, Co. Wexford, Irlandia",IE
609,55.45235,11.089159,45.6202769,10.2026341,"Via Europa, Villa Carcina, Brescia, Italy",IT
610,50.67833,9.687527,44.3121689,7.6834191,"Regione Gambarello, 37B, 12013 Chiusa di Pesio, Coni, Italie",IT
611,10.293272,9.810059,-36.7805135,149.9134696,"1479 Sapphire Coast Drive, Wallagoot NSW 2550, Australia",AU
612,-24.566298,25.930725,-30.7733931,117.4171465,"LOT 1 Koorda North West Road, Newcarlbeon WA 6475, Australia",AU
613,52.151344,8.822862,44.0653016,23.4344652,"DJ522A, Cioroiu Nou, Romania",RO
614,52.44153,9.443163,24.8999808,55.0468301,Unnamed Road - Dubai - United Arab Emirates,BR
615,56.958008,11.842047,24.0124933,120.9901739,"Fúzhǎng Road, Puli Township, Nantou County, Ταϊβάν 545",TW
616,49.557327,5.7834387,31.2381967,34.7675417,"Herzl Rosenblum, Beersheba, Israel",IL
617,45.654957,11.975378,-32.2906393,116.6906271,"1336-1834 Beverley Westdale Road, Dale Australia Zachodnia 6304, Australia",AU
618,49.933453,9.081034,55.5942318,9.4935234,"Hovedvejen 8, 6052 Viuf, Denmark",DK
619,45.193398,6.521058,63.9699631,-22.5641978,"Virkisbraut, Iceland",IS
620,55.106815,12.876765,14.4075329,99.0708668,"Unnamed Road, Tambon Tha Kradan, Amphoe Si Sawat, Chang Wat Kanchanaburi 71250, Thailand",TH
621,56.441635,10.561926,23.3792056,91.2393568,"Dhaka - Chittagong Hwy, Bangladesch",BD
622,50.00798,7.464181,47.4975296,19.3710264,"2119 Pécel, Isaszegi Way, Hungary",HU
623,46.5487,6.652506,55.9010296,12.4854937,"Ådalsvej 52, 2970 Horsholm, Denmark",DK
624,49.800323,6.058078,41.1555728,14.2087781,"Via Lardino, 81041 Vitulazio Caserta, Italy",IT
625,49.594437,5.9676275,59.4396539,10.6355366,"Per Sivles vei 19, 1511 Moss, Norway",CZ
626,47.44895,7.986948,37.9809436,-1.6298858,"MU-503, 30170 Mula, Murcia, Spanien",ES
627,51.154697,8.239637,1.4146841,103.8972831,"41 Punggol Way, Singapore 828862",SG
628,51.57114,8.66711,-27.9697472,26.8055598,"11813-11814 Fonya Crescent, Welkom 9478, South Africa",ZA
629,52.97435,9.103338,50.4547431,4.1881359,"Place Adolphe Caffet 12, 7100 La Louvière, Belgium",EE
630,55.371716,10.767014,62.5414648,27.7745173,"16353 517-533, 79100 Leppävirta, Finland",FI
631,44.672592,6.349704,24.9885116,55.0212774,D53 - Dubai - United Arab Emirates,AE
632,47.313713,6.5852966,-33.2930631,146.3789927,"10 Bogan Street, Lake Cargelligo NSW 2672, Australia",AU
633,55.749146,10.1779175,22.247952,114.292815,"Unnamed Road, Tung Lung Chau, Hong Kong",HK
634,49.569626,10.316702,52.8154736,-8.2257458,"Unnamed Road, Co. Tipperary, Ireland",IE
635,54.69297,9.485485,32.1442223,34.9559741,"5233, Izrael",IL
636,51.585102,7.550975,47.0660899,7.6068854,"Kirchbergstrasse 187, Burgdorf Zustellung, 3400 Burgdorf, Switzerland",CH
637,52.514717,8.947264,27.6252812,89.8008067,"Unnamed Road, Bhutan",BT
638,48.71075,7.146183,24.7190763,125.3384898,"Arazato-1405-226 Ueno, Miyakojima-shi, Okinawa-ken 906-0000, Japan",JP
639,53.714104,9.397707,24.3836876,120.6136721,"Dōngxi 3rd Road, Daan District, Taichung City, Taiwan 439",TW
640,52.091927,9.0409355,43.3212345,0.935896,"66 Cagnan, 31230 Labastide-Paumès, France",FR
641,50.07527,8.057242,50.4411236,5.7092565,"Hameau de Stoqueu, 4920 Aywaille, Belgium",ID
642,52.200584,7.8508415,60.6178344,9.181626,"Vassfarvegen, 3540 Nesbyen, Reino da Noruega",NO
643,50.9915,9.101673,26.9004311,91.5020939,"Unnamed Road, Bhutan",BT
644,56.11999,11.799266,59.2942007,18.0687145,"Tjurhornsgränd 7, 121 63 Johanneshov, Sweden",SE
645,55.1913,9.291766,49.6821278,16.306682,"3621, 572 01 Policka, Czech Republic",CZ
646,48.86366,3.9993289,5.2634462,100.8218682,"A115, 34140 Selama, Perak, Malaysia",MY
647,52.619083,9.544458,37.635146,126.789718,"1054-1 Baekseok-dong, Ilsandong-gu, Goyang-si, Gyeonggi-do, South Korea",KR
648,48.525417,7.203802,46.3284628,6.8910575,"Avenue du Valais, 1896 Vouvry, Switzerland",CH
649,50.90449,9.351862,49.8886616,17.8743298,"Cihelní 282, 747 41 Branka u Opavy, Czech Republic",CZ
650,43.833065,12.507943,-28.0621028,-55.6763726,"RP1, Misiónes, Argentinië",AR
651,52.543686,8.414638,1.2777489,103.8413266,"1B Cantonment Rd, Singapore 085201",SG
652,54.005863,8.913666,49.5927923,0.4864415,"Rue des Arbreaux, 76210 Bolbec, France",FR
653,44.433838,7.169325,47.2881574,23.102448,"DJ108D, Romania",RO
654,57.453896,13.17394,5.3073003,100.187685,"Unnamed Road, Kampung Bakar Kapur, 11000 Balik Pulau, Pulau Pinang, Malaisie",MY
655,43.64389,6.208886,8.5968583,98.6763452,"4118, Tambon Bang Riang, Amphoe Thap Put, Chang Wat Phang-nga 82180, Thailand",TH
656,50.09185,8.022767,51.0976036,3.4461703,"Venakker 40-52, 9880 Aalter, Belgium",BE
657,52.301598,9.3106,32.1011912,34.8070912,"Israel National Trail, Tel Aviv, Israel",IL
658,52.155025,9.014241,56.4448605,22.1346583,"Krasta iela 1, Kalni, Nīgrande parish, LV-3898, Latvia",LV
659,29.98214,92.211716,25.139532,55.253798,11 11 B St - Dubai - United Arab Emirates,AE
660,52.06228,15.123064,25.1307587,55.1168372,Crescent Rd - Dubai - United Arab Emirates,AE
661,54.903545,9.715481,44.8099749,25.9965621,"DJ101G, Romania",RO
662,50.244316,6.8390207,57.3491149,-6.0672248,"1 Inverarish Terrace, Isle of Raasay, Kyle, Highland IV40 8NT, UK",GB
663,50.11592,7.8337708,25.0615959,55.1529014,Unnamed Road - Dubai - United Arab Emirates,AE
664,55.732166,11.774083,50.9440565,3.3587704,"Grotstraat 9, 8780 Oostrozebeke, Belgium",BE
665,48.28726,7.8609705,64.1397003,-21.7520366,"Lambhagavegur, Rejkiawik, Islandia",IS
666,57.579144,22.520403,27.1460933,91.6064461,"Unnamed Road, Bhutan",BT
667,47.499924,7.8670187,50.1506168,4.589548,"Rue du Grand Ry, 5600 Philippeville, Belgium",BE
668,51.408623,8.843825,-27.3544376,150.1374283,"LOT 80 Surat Developmental Road, Hannaford QLD 4406, Australia",AU
669,48.213142,6.0076933,23.1684887,121.0274094,"Wulucun Communication Rd, Haiduan Township, Taitung County, Тайвань 957",TW
670,51.789543,7.1869984,13.6475443,102.2325035,"3008, Tambon Tha Kwian, Amphoe Watthana Nakhon, Chang Wat Sa Kaeo 27160, Thailand",TH
671,51.69916,9.058355,54.620321,11.9131245,"Gl. Landevej 30, 4874 Gedser, Denmark",DK
672,49.932777,8.705436,48.0483339,19.4071506,"2673 Csitár, 2119, Унгария",HU
673,51.342003,9.136979,42.1782655,25.2158383,"66, 6257 Plodovitovo, Bulgaria",BG
674,48.80117,9.116791,27.4966786,89.3188715,"Unnamed Road, Bhutan",BT
675,55.516438,10.540342,57.2040707,18.5040845,"526, 623 47 Hemse, Suède",SE
676,50.5711,8.313533,48.2832179,18.2791319,"051044, Veľké Chyndice, Slovakia",SK
677,49.056255,8.533595,35.6427303,138.4393502,"4729 Iino, Minami Alps, Yamanashi Prefecture, Japan",JP
678,48.72262,8.155487,41.3042363,23.403261,"Unnamed Road, Sintiki 623 00, Greece",GR
679,57.608467,12.860231,43.2592602,-5.1191395,"N-625, 33558, Asturias, Spain",ES
680,49.414658,8.029967,-37.5761941,174.8853757,"279 Dixon Road, Te Akau 3794, New Zealand",NZ
681,52.205444,9.900362,-8.1606777,115.0299548,"Jl. Singaraja-Seririt, Kec. Buleleng, Buleleng, Bali 81152, Indonesia",ID
682,48.029957,6.9010544,53.7674447,-7.2232984,"Unnamed Road, Co. Meath, Ireland",IE
683,51.96645,9.127012,48.1225061,22.0129833,"4522 Nyírtass, 41103, Maďarsko",HU
684,50.924305,9.200877,33.4251169,-111.7173018,"5249 East Casper Street, Mesa, AZ 85205, USA",US
685,52.49955,9.558907,58.3036114,26.6930851,"Lennu 44, Ulenurme Airport (TAY), 61707 Tartu County, Estonia",EE
686,54.21724,9.595516,38.3614798,22.6163476,"Unnamed Road, Ag. Isidoros 320 12, Greece",GR
687,48.37198,6.7429523,50.4293575,2.5719036,"Heikant 2-20, 3910 Neerpelt, Belgique",BE
688,46.153145,5.2753906,52.6854232,-6.76754,"Church Road, Co. Carlow, Ireland",IE
689,46.5198,5.327738,52.8607813,21.4477758,"Unnamed Road, Poland",PL
690,48.11064,7.802088,1.3140121,103.9608008,"1490 ECP, Singapore 468965",SG
691,50.37531,8.166657,-33.3256815,-64.6181365,"Ruta Nacional 8, Córdoba, Argentina",AR
692,35.21737,4.070319,-43.3991531,-66.8850882,"RP11, Chubut, Argentina",AR
693,52.19248,5.8584633,-26.1967247,27.9359489,"190 Condenser Road, Randburg 1709, South Africa",ZA
694,49.563976,9.223039,27.3143143,91.3384094,"Mongar - Trashigang - Trashiyangtse Rd, Yadi, Bhutan",BT
695,47.309734,7.3850985,43.2852184,27.0198126,"2, Sjoemen, Bulgarije",BG
696,47.83182,6.9189053,58.2649517,22.4869946,"Pikk 62b, Kuressaare, 93815 Saaremaa, Estonia",EE
697,52.52044,9.069043,48.7787395,1.1843908,"Route de Damville, 27320 Nonancourt, Frankrijk",FR
698,38.52486,24.311033,50.068828,5.1872281,"E411, 6927 Tellin, Bélgica",BE
699,43.837006,4.8756676,49.8546955,5.2161967,"La Géripont, 6880 Bertrix, Belgique",BE
700,48.391106,7.1611195,62.7767445,22.8310575,"Huhtalantie 39, 60220 Seinäjoki, Finland",FI
701,53.399475,9.923331,45.3835196,36.8753792,"M25, Krasnodar Krai, Russia",RU
702,52.23719,9.23785,47.0819878,7.1258675,"Chemin de la Roche-Au-Cros, 2514 La Neuveville, Elveţia",CH
703,45.015366,4.4631658,52.3363545,-0.1045422,"1 Sawtry Way, Houghton, Huntingdon, Cambridgeshire PE28 2BY, UK",GB
704,44.75595,5.5458603,-45.6694488,170.6376373,"824 Coast Road, Seacliff 9471, New Zealand",NZ
705,49.36265,6.7696095,52.3365472,9.711251,"Am Finkenherd 6, 30459 Hanover, Germany",DE
706,50.71203,8.478595,-11.0702905,-77.5991932,"San Martin 285, Huaura, Peru",PE
707,50.10411,8.224343,22.4683115,113.995128,"Tin Ying Rd, Lau Fau Shan, Гонконг",HK
708,48.94654,7.6681576,24.2197813,120.5806699,"No. 296, Jìnwén Road, Shalu District, Taizhong, Tajwan 433",TW
709,49.38934,6.4405136,39.3586587,141.9083034,"12-22 Omachi, Otsuchi, Kamihei District, Iwate Prefecture, Japan",JP
710,58.311043,19.753,27.5870202,91.4915538,"Mongar - Trashigang - Trashiyangtse Rd, Trashiyangtse, Bhutan",BT
711,46.362213,6.84548,-26.3028982,31.876244,"MR3, Hlane National Park, Swaziland",SZ
712,56.11103,10.69788,36.7462861,21.9053976,"Unnamed Road, Pilos Nestor 240 04, Greece",GR
713,50.1987,7.2405806,45.9703313,1.4089386,"Rue Victor Hugo, 87240 Ambazac, France",AU
714,47.0122,10.5435295,-6.8957829,108.8058263,"Jl. Tol Kanci-Pejagan, Brebes, Jawa Tengah, Indonesia",ID
715,34.830242,15.07282,25.3257606,55.3497709,130 Al Khaleej Rd - Dubai - United Arab Emirates,AE
716,54.842964,9.753656,47.8741713,17.2434651,"9200 Mosonmagyaróvár, Alkotmány Street 60, Hungary",HU
717,40.894238,10.523164,25.2248802,55.42556,47th St - Dubai - Förenade Arabemiraten,AE
718,47.920403,6.829796,41.702202,-6.1439601,"Calle Barceo Domez de Alba, Samir de los Caños, Zamora, España",ES
719,52.130554,7.375678,64.7992057,25.4182833,"Raahentie 33, 91900 Liminka, Finland",FI
720,49.75199,7.701169,58.3036114,26.6930851,"Lennu 44, Ulenurme Airport (TAY), 61707 Tartu County, Estonia",EE
721,56.769585,12.167436,46.3641386,23.0563891,"Câmpeni, Romania",RO
722,56.35515,12.295509,56.0347714,26.4718397,"Parka iela 3, Vabole, Vabole parish, LV-5477, Latvia",LV
723,47.62116,34.942062,48.8699437,21.7948582,"18, Strážske, Slovakia",SK
724,46.443825,6.2770224,37.335508,23.1347081,"Unnamed Road, Ververouda 213 00, Greece",PE
725,38.171272,52.99006,23.0725242,89.1558266,"Jhikorgacha - Monirampur Rd, Bangladesh",BD
726,50.16471,8.827115,31.7555604,35.1698257,"Costa Rica 11, Jerusalem, Israel",IL
727,42.271744,7.1357946,-26.9159344,31.3383031,"MR9, Nhlangano, Swaziland",SZ
728,52.245094,8.844355,55.4076067,10.3512792,"Østrupvej 16-18, 5210 Odense, Denmark",DK
729,51.12982,8.918985,49.0322588,15.0795304,"Nová Bystřice 1, 378 33 Nová Bystřice, Czech Republic",CZ
730,42.95788,28.35578,-26.6968938,27.8272698,"19-21 Becqueral Street, Vanderbijlpark 1900, Republika Południowej Afryki",ZA
731,49.320045,8.657538,63.414921,10.8244585,"E6, 7550 Hommelvik, Norwegia",NO
732,56.16021,12.281677,52.0240029,5.3938452,"Rijksstraatweg 238, 3956 CW Leersum, The Netherlands",NL
733,54.048187,9.630422,45.9606244,15.6856872,"Bizeljsko- Čatež, 8258 Kapele, Slovenija",SI
734,49.60071,5.9393597,40.162722,-75.022991,"1642-1658 Street Road, Southampton, PA 18966, USA",US
735,56.191612,9.531676,54.8605704,24.1083149,"J. Biliūno gatvė, Šlienava 53121, Lithuania",LT
736,51.23651,9.55733,40.2951343,-6.3316391,"CC-V-110, 10630 Casar de Palomero, Cáceres, Spain",ES
737,45.26452,6.6776314,46.1730069,22.5945823,"DC172, Vaţa de Jos, Romania",RO
738,36.500465,51.89993,24.810331,89.376922,"N5, Bogra, Bangladesh",BD
739,44.149216,6.1558676,51.6755348,-8.7838547,"Unnamed Road, Co. Cork, Ierland",IE
740,43.61912,7.067067,46.2213679,27.658637,"Strada Islaz, Bârlad, Romania",RO
741,47.856853,7.3871393,57.5260975,21.8607136,"P124, Ance parish, LV-3601, Latvia",LV
742,48.235302,8.568099,4.4710587,117.3643937,"Jln Nabawan-Kalabakan, Tawau, Sabah, Malesia",MY
743,52.215855,9.402011,56.7667504,24.7625022,"P8, Rembates pagasts, LV-5016, Latvia",LV
744,50.78604,8.829836,45.8729645,16.5323724,"Žukovec, 10342, Žukovec, Croatia",HR
745,51.447655,8.074847,58.2521265,8.3149393,"E18, 4790 Lillesand, Norway",NO
746,49.472168,7.8646107,40.1939919,-8.2940473,"EM541, 3350 Vila Nova de Poiares, Portugal",PT
747,45.817997,5.9560595,55.4930685,24.4692752,"1204, Vadokliai 38201, Lituania",LT
748,43.122444,9.740505,20.3356431,-99.382169,"Hidalgo Tula de Allende - Tasquillo, San Antonio, Hidalgo, Mexico",MX
749,49.80323,8.192309,-45.5513762,169.3274356,"186 Wright Road, Roxburgh East 9572, New Zealand",NZ
750,52.799545,9.298701,42.5399778,1.7317611,"Av. d'Encamp, 41, AD200 Encamp, Andorra",AD
751,55.165825,14.224024,45.0314075,15.4115862,"D42, 47304, Jezero I Dio, Chorvátsko",HR
752,48.449203,8.134577,-7.6430003,111.5178201,"Jl. Raya Geger-Madiun, Taman, Kota Madiun, Jawa Timur 63128, Indonesia",ID
753,51.43711,9.056833,6.9645253,-75.3702482,"Unnamed Road, Yarumal, Antioquia, Colombia",PE
754,57.76117,13.979262,22.3609167,114.0429918,"100 Castle Peak Road (Tsing Lung Tau), Tsing Lung Tau, Hong Kong",HK
755,52.85377,9.263796,56.7076056,22.4210373,"P108, Saldus parish, LV-3862, Latvia",LV
756,51.412457,8.567261,59.4227438,25.0086417,"Lagedi-Kostivere, 74209 Harju County, Estonia",EE
757,50.4814,8.020234,2.8908572,101.9270965,"17, N34, Kampung Solok, 71750 Mantin, Negeri Sembilan, Malaysia",NO
758,50.284966,7.949895,-24.2215823,-52.2779726,"BR-487, Parana, 87290-000, Brazil",BR
759,49.27056,7.3899317,25.179194,55.628435,E 102 - Sharjah - United Arab Emirates,AE
760,52.417786,9.062985,-18.942043,-39.9771657,"Rodovia Prestes Maia, Espirito Santo, 29950-000, Brazil",BR
761,47.73577,8.229186,11.6435537,104.1340883,"Unnamed Road, ឃុំ តាសាល, Cambodia",KH
762,52.160686,9.055777,32.083284,34.8951642,"Shalom Shar'abi 14-20, Petah Tikva, Israel",IL
763,51.62743,42.104214,46.2407311,14.3557915,"Reginčeva ulica 3, 4000 Kranj, Slovenia",SI
764,42.170647,57.53766,1.449348,103.7223934,"14 Lim Chu Kang Lane 9A, Singapore 718879",SG
765,51.229424,8.470351,38.1692561,14.9329075,"Strada Provinciale 135ter, 98063 Gioiosa Marea, Messina, Italy",IT
766,48.779285,5.704958,55.2479313,24.8118215,"Vienkiemio gatvė 13, Ukmergė 20148, Lithuania",LT
767,47.30632,6.2760715,-27.8351201,-57.5737359,"Ruta Provincial 5, Corrientes, Argentiina",AR
768,52.331066,8.698363,24.9821778,55.0225499,Unnamed Road - Dubai - Spojené arabské emiráty,AE
769,51.224163,8.78989,7.1371379,-73.1243207,"Calle 10 # 23-2 a 23-100, Bucaramanga, Santander, Kolumbia",CO
770,52.52384,8.550713,50.8810774,4.6908401,"Brusselsestraat 204, 3000 Leuven, Belgium",BE
771,52.44135,9.048601,26.8362093,-109.6357069,"Azucena 103, 14 de Enero, 85930 Huatabampo, Sonora, Mexico",MX
772,46.980556,7.4331455,44.1046775,15.2792612,"Ulica Grgura Barskog Zadranina 17, 23000, Zadar, Croatia",HR
773,52.39434,8.4702635,55.7858219,9.6427244,"Bredalvej 16, 8722 Hedensted, Denmark",DK
774,50.78867,7.654581,43.5542675,1.543976,"1 Rue du Docteur Arrazat, 31650 Saint-Orens-de-Gameville, France",FR
775,52.866093,9.202416,52.6612744,41.0698403,"Р119, Tambov Oblast, Russia",RU
776,53.15684,9.213762,61.199847,22.1518223,"Köyliöntie 405, 27400 Eura, Finland",FI
777,53.510925,11.357882,23.2142625,89.7110445,"Dhaka - Khulna Hwy, Bangladesh",BD
778,52.639416,9.913671,4.4300882,-75.2287269,"Calle 29 # 1DS-2 a 1DS-100, Ibagué, Tolima, Kolumbia",CO
779,22.83503,106.64113,23.0390096,88.8843728,"terminal, Bangladesh",BD
780,50.03122,6.941739,34.0863844,-81.6825652,"Denny Highway, Saluda, SC 29138, USA",US
781,56.12596,11.200299,40.1879505,20.8393785,"Unnamed Road, Kastanea 440 15, Greece",GR
782,32.47141,24.356485,9.4224658,97.8695219,"Ko Phra Thong, Khura Buri District, Phang-nga, Thailand",TH
783,52.07544,7.222562,31.7883073,34.7191722,"HaAtsmaut 42, Gan Yavne, Israel",IL
784,57.824326,18.040968,42.2512876,-71.4976591,"125-145 Cross Street, Ashland, MA 01721, USA",US
785,52.37081,9.651155,19.5310977,-98.2061922,"Camino Rural, San Fco Atexcatzingo 3ERA Mza, 90432 San Francisco Atexcatzinco, Tlaxcala, Mexico",MX
786,45.8714,4.6705284,1.599115,111.0106395,"Jalan Maludam, Sarawak, Malasia",MY
787,55.25173,9.287052,43.1053317,-79.1341483,"8082-8164 Pinellas Park Drive, Niagara Falls, ON L2H, Canada",CA
788,50.521645,7.9929466,47.2291542,20.8156059,"5310 Kisújszállás, E60, Hungary",HU
789,57.389923,26.969727,37.5028057,126.9862828,"813 Banpobon-dong, Seocho-gu, Seoul, South Korea",KR
790,51.333622,8.745572,37.054388,-78.650982,"829-859 David Bruce Highway, Charlotte Court House, VA 23923, USA",US
791,55.003517,9.954937,-32.9674134,-71.5253204,"Martín de Salvatierra 470, Viña del Mar, Valparaíso Region, Chile",CL
792,45.430725,6.4018955,43.6894311,16.7146561,"Seget 54, 21238, Otok, Croacia",HR
793,54.338486,6.61357,22.5765886,88.9988899,"Satkhira-Kaliganj Highway, Debhata, Bangladesh",BD
794,52.075977,9.038766,18.2345798,99.5028298,"Unnamed Road, Tambon Phrabat, Amphoe Mueang Lampang, Chang Wat Lampang 52000, Thailand",TH
795,58.27823,16.849203,50.4969879,30.3248695,"Ponomarova Street, Ukraine",UA
796,52.841965,9.144682,-37.7646374,176.4883513,"118-718 Pukehina Parade, Pukehina 3189, New Zealand",NZ
797,53.969807,11.718756,61.0458901,5.2989248,"Fylkesveg 1 30, 5961 Brekke, Norway",NO
798,48.93633,7.256201,50.645069,5.1353972,"Chaussée de Tirlemont, 4280 Hannut, Belgium",BE
799,19.872944,32.313244,-24.5459469,25.8683085,"Airport Road, Sir Seretse Khama International Airport (GBE), Gaborone, Botswana",BW
800,52.67189,9.2112465,1.4543389,103.810271,"209 Woodlands Ave 9, Singapore 738959",SG
801,55.502678,7.905079,55.8526163,9.7642928,"Kirkevænget 35, 8700 Horsens, Denemarken",DK
802,51.91622,8.858085,56.1152718,10.170585,"Holmegårdsvej 113-115, 8270 Højbjerg, Denemarken",DK
803,51.930172,8.072125,-33.5445359,115.9493367,"191 Attwood Road, Lowden WA 6240, Australia",AU
804,47.73517,5.7552423,37.4788701,13.7129227,"Strada Provinciale 24, 93010 Milena, Caltanissetta, Italie",IT
805,48.763577,9.30731,24.7921774,121.7651641,"No. 29-2, Mǎlìn Road, Jiaoxi Township, Yilan County, Taiwan 262",TW
806,47.497486,7.2354097,45.9436198,2.3200178,"D9, 23260 Saint-Silvain-Bellegarde, France",FR
807,52.259216,9.625959,46.0473928,18.2500111,"7631 Pécs, Kanizsai Dorottya Way 179, Hungary",HU
808,50.728355,9.544281,-11.50578,-77.2304324,"Carretera Huaral - Chancay, Huaral, Peru",PE
809,47.67774,9.223356,59.4498384,9.0750782,"Reshjemvegen 69, 3800 Bø i Telemark, Norway",NO
810,50.216797,9.231028,38.9772586,-97.3714264,"2622-2656 Solomon Road, Solomon, Kansas 67480, États-Unis",US
811,51.145554,8.81731,24.8630243,125.1706691,"Unnamed Road, Irabu, Miyakojima-shi, Okinawa-ken 906-0000, Japan",JP
812,52.43267,9.330002,1.408476,103.960641,"224J Pulau Ubin, Singapore 508346",SG
813,58.55561,19.6947,45.9848401,8.8343515,"Strada Cantonale, 6995 Croglio, Switzerland",CH
814,39.775368,3.4520252,43.5810628,0.9045477,"D160, 32200 Maurens, France",FR
815,38.70954,6.7387238,38.707318,-8.0994122,"Unnamed Road, ポルトガル",PT
816,51.81433,9.297366,-19.3063314,25.8426453,"A33, Botswana",BW
817,53.16084,9.3573885,54.1583019,-2.2510689,"Pennine Way, North Yorkshire, Storbritannien",US
818,5.6230764,8.488273,-32.9955273,24.5477429,"R339, Afrique du Sud",ZA
819,46.67581,6.8002005,46.311595,15.0481323,"Podgora 8, 3327 Šmartno ob Paki, Slovenia",SI
820,52.594826,9.165144,59.624689,18.0007048,"858, 195 96 Rosersberg, Sweden",SE
821,54.548576,19.832624,45.8007664,15.6675261,"Draganje Selo 5F, 10430, Samobor, Croatia",HR
822,52.59325,7.06252,-28.0657989,-67.5650208,"RN60, Catamarca, Argentinië",AR
823,56.827328,12.675041,56.9564789,23.6736205,"Dzelzceļa iela 36, Jūrmala, LV-2008, Latvia",LV
824,50.178825,7.5698423,61.3181992,9.8114445,"Vestringsvegen, 2657 Svatsum, Norway",NO
825,52.42794,7.1668415,-42.6723271,147.1511142,"1160 Church Road, Broadmarsh Tasmanie 7030, Australie",AU
826,53.0134,8.648359,46.1809728,16.3327488,"Remetinec, 42220, Remetinec, Croatie",HR
827,51.675053,8.616843,54.0350483,-7.1513529,"Unnamed Road, Co. Cavan, Ireland",IE
828,51.4625,9.12019,68.2115676,16.6082692,"Riksveg 827 10, 8540 Ballangen, Norvège",NO
829,49.885498,7.48244,-18.7783541,145.8026488,"787 Oak Hills Rd, Mount Fox QLD 4850, Australia",RU
830,52.283997,9.5702915,52.0024085,4.3655594,"Machteld van Meterenlaan 1-3, 2628 LN Delft, The Netherlands",NL
831,48.39938,9.261751,-43.6463469,171.9093831,"826 Rakaia Terrace Road, Bankside 7783, New Zealand",NZ
832,55.607323,11.681505,40.2296885,140.601457,"Ryūgatai-14 Nakayama, Ōdate-shi, Akita-ken 017-0839, Japan",JP
833,49.644104,7.2914543,11.8075458,103.5106442,"Unnamed Road, ឃុំ តាទៃលើ, Cambodia",KH
834,47.843807,14.391446,17.6535219,104.4627767,"Rural Rd Nakhon Phanom 3023, Tambon Chai Buri, Amphoe Tha Uthen, Chang Wat Nakhon Phanom 48120, Thailand",TH
835,49.95455,8.882424,-31.4284573,-62.656489,"Ruta Provincial 3, Córdoba, Argentina",AR
836,51.065422,9.196961,23.3594402,90.0003385,"Dhaka - Barisal Hwy, Bangladesh",BD
837,51.430824,7.8499136,-29.9901643,-51.1260566,"Avenida Alcides Maia, 59-259 - Sarandi, Pôrto Alegre - Rio Grande do Sul, 91120-440, Brésil",BR
838,47.636124,5.9756155,55.5590149,9.3059197,"Borgergade 31, 6064 Jordrup, Danemark",DK
839,48.87807,9.196062,46.2926274,-61.2335704,"18297 Nova Scotia Trunk 19, South West Margaree, NS B0E 3H0, Canada",CA
840,46.778557,6.420678,21.8926562,-101.4415638,"Mexico 80, San Juan, Zacatecas, Mexico",MX
841,47.226368,7.6720076,57.6407044,26.7060084,"Varstu-Tagakolga, Võru County, Estonia",EE
842,54.670856,10.111873,25.1128676,55.1088845,Crescent Rd - Dubai - Vereinigte Arabische Emirate,AE
843,53.457134,9.488733,-10.9345149,-77.6499061,"Antigua Panamericana Norte, Medio Mundo, Peru",PE
844,53.115105,9.439731,45.0295671,-73.9215118,"Québec 202, Hinchinbrooke, QC J0S 1E0, Canada",CA
845,53.792,10.843639,-25.2668873,23.220029,"A20, Botswana",BW
846,52.4674,11.00566,49.9520936,5.0535073,"Rue de Gedinne, 5555 Bièvre, Belgium",BE
847,55.646515,13.894358,22.435848,114.401893,"Sharp Peak Path, Sai Kung, Hong Kong",HK
848,50.479473,9.056346,-27.627694,-48.6680374,"Rua Açucena, 1-131 - Jardim das Palmeiras, Palhoça - Santa Catarina, 88133-700, Brazil",BR
849,53.251404,9.372019,42.631586,27.4854645,"906, 8216 Burgaz, Bulgaristan",BG
850,57.5459,16.388594,52.4853624,13.4813197,"Bulgarische Straße 62, 12435 Berlin, Germany",DE
851,44.327682,5.2890368,59.5469002,17.3668865,"532, 749 51 Grillby, Szwecja",SE
852,49.543465,8.152105,55.5057636,13.5936744,"777, 274 92 Skurup, Ruotsi",SE
853,43.4565,5.6743813,64.1210716,-21.8125862,"Strengur, Reykjavik, Iceland",IS
854,44.946396,6.9660645,51.5883297,19.467583,"Graniczna, Poland",PL
855,53.535217,9.247599,43.3492099,142.1512656,"Yubari National Hwy, Ashibetsu, Ashibetsu-shi, Hokkaidō 075-0000, Японія",JP
856,53.95199,9.248865,27.4487489,91.1724055,"Unnamed Road, Autsho, Bhutan",BT
857,41.232346,4.646435,65.4890052,-15.4640421,"Norðausturvegur, Iceland",IS
858,48.115417,8.717628,59.5704279,17.4871053,"Skörbyleden 18, 746 41 Bålsta, Sweden",SE
859,47.92141,7.7150126,51.6284071,-9.830587,"Unnamed Road, Co. Cork, Ireland",IE
860,52.29351,9.086438,49.970491,17.9618178,"46, Opava-Malé Hoštice, Czech Republic",CZ
861,49.4179,7.722169,40.2448133,16.0781505,"Strada Statale 598, 85010 Gallicchio, Potenza, Italy",IT
862,51.768574,8.063739,38.9935471,-3.3638643,"Calle Matadero, 33, 13200 Manzanares, Ciudad Real, Spain",ES
863,22.274288,18.817549,13.7581537,102.6273069,"3397, Amphoe Khok Sung, Chang Wat Sa Kaeo 27120, Thailand",TH
864,50.2128,9.385247,46.7906502,-0.5171665,"D38, 79300 Bressuire, France",AE
865,49.187523,9.076448,11.8817819,105.8808373,"Unnamed Road, Cambodia",KH
866,45.848644,3.978779,2.0682297,112.1098507,"Jalan Durin - Kanowit, 96700 Kanowit, Sarawak, Malaisie",MY
867,47.11208,6.9943876,55.8022004,11.5827074,"Engelstrup Møllevej 3, 4571 Grevinge, Danemark",DK
868,47.71949,8.370887,56.1706684,40.4738758,"ulitsa Komissarova, 43, Vladimir, Vladimir Oblast, Russia, 600016",RU
869,24.599033,5.874524,-46.2401626,-71.4939188,"RP45, Santa Cruz, Argentina",SG
870,53.025925,9.28771,31.9666608,34.9234818,"1, Israel",IL
871,56.594696,17.239521,45.9877961,13.8157645,"Lokve, Slovenia",SI
872,51.565704,8.888147,22.8777099,91.5397984,"Dhaka - Chittagong Hwy, Bangladesh",BD
873,53.05259,8.478382,56.4551442,84.9554813,"ulitsa Nakhimova, 4, Tomsk, Tomsk Oblast, Russia, 634034",RU
874,49.948822,7.2110634,51.1621951,6.8667717,"Benrather Schloßallee 89, 40597 Düsseldorf, Tyskland",DE
875,56.40076,9.987632,37.4687448,127.1225722,"493-1 Segok-dong, Gangnam-gu, Seoul, South Korea",KR
876,48.65749,7.7019205,24.7171739,125.3015465,"Japan, 〒906-0000 Okinawa-ken, Miyakojima-shi, Ueno 県道235号線",JP
877,48.16265,8.25962,61.3973531,-128.260408,"Nahanni Range Rd, Yukon, Unorganized, YT Y0A, Canada",CA
878,49.774803,7.386586,55.4607929,8.6767949,"Darumvej 70, 6740 Bramming, Danemark",IS
879,48.332726,7.9883947,-36.9013182,174.811551,"5 Cawley Street, Ellerslie, Auckland 1051, New Zealand",NZ
880,44.423637,4.951268,49.4401881,19.3130176,"520010, 029 63 Mútne-Mútňanský Duľov, Slovakia",SK
881,50.414272,7.936576,63.9938723,-21.1795056,"Heiðarbrún, Hveragerði, Iceland",IS
882,49.361366,6.9984016,47.4422891,26.8424288,"DC150, Pârcovaci, Romania",RO
883,52.939186,10.2375965,4.4710587,117.3643937,"Jln Nabawan-Kalabakan, Tawau, Sabah, Malesia",MY
884,54.31106,5.565542,46.9915001,7.4499147,"Reichenbachstrasse 44A, 3052 Zollikofen, Switzerland",CH
885,45.812626,7.017605,-33.2521393,23.8158792,"R329, South Africa",ZA
886,49.755875,8.614637,-21.1447225,24.5798129,"Boteti, Botsuana",BW
887,50.379025,6.5627117,44.580291,10.7620528,"Via San Lorenzo, 42013 Casalgrande, Reggio Emilia, Italy",IT
888,54.296906,9.614816,-24.9234181,25.4087804,"B105, Botswana",BW
889,49.369034,7.0783396,39.9053238,-7.0361041,"Rua Principal 64, 6060-531, Portugal, 6060, Portugal",PT
890,46.770287,10.823939,19.5292548,-97.2688574,"Carretera Oriental Zacatepec, Veracruz, Mexico",MX
891,49.48039,8.891933,57.1763695,27.6796189,"Dārzu iela 32, Viļaka, Viļakas pilsēta, LV-4583, Latvia",LV
892,41.647026,58.063793,47.3952675,8.4493369,"Bühlackerstrasse 5, 8952 Schlieren, Switzerland",CH
893,54.250973,9.034879,1.3627449,103.8402364,"319 Ang Mo Kio Ave 1, Singapore",SG
894,48.547222,6.687745,39.9993932,-6.903113,"N239, 6060, Portugal",PT
895,47.236893,8.4430275,64.1397003,-21.7520366,"Lambhagavegur, Rejkiawik, Islandia",IS
896,49.46299,7.068013,46.4094953,20.3538139,"6800 Hódmezővásárhely, Délibáb Street 71, Hungary",HU
897,54.245365,9.708967,14.3951987,103.2872291,"Unnamed Road, Tambon Ta Mieng, Amphoe Phanom Dong Rak, Chang Wat Surin 32140, Thaimaa",TH
898,51.598732,8.125714,50.8810774,4.6908401,"Brusselsestraat 204, 3000 Leuven, Belgium",BE
899,54.222855,9.312725,24.9883384,55.0212371,D53 - Dubai - United Arab Emirates,AE
900,49.22244,7.7628202,23.933106,120.9939906,"Dōngrùn Road, Puli Township, Nantou County, Taiwan 545",TW
901,50.513412,24.223158,23.0563088,89.7704492,"Dhaka - Khulna Hwy, Bangladesh",BD
902,52.016594,8.795155,-33.4919614,-70.6413764,"Alvarez de Toledo 667-709, San Miguel, Santiago Metropolitan Region, Chile",CL
903,50.7146,7.7234087,46.6947465,15.8661797,"Žepovci 77-78, 9253 Apače, Słowenia",SI
904,54.367077,9.697685,43.3605414,25.5924138,"502, Klimentovo, Bulgaria",BG
905,48.168682,8.660515,55.2039972,38.5896069,"Novoryazanskoye shosse, Moskovskaya oblast, Russia",RU
906,33.28967,80.354195,-29.4323172,151.6864122,"LOT 34 Deepwater-Emmaville Road, Emmaville NSW 2371, Australia",AU
907,45.105637,7.4769487,50.1025244,8.7181951,"Speckweg 33, 60599 Frankfurt, Germany",DE
908,-3.9104183,11.705256,-23.681213,26.5105063,"A1, Botswana",BW
909,46.45076,5.533533,-43.5506974,172.63373,"219 Milton Street, Sydenham, Christchurch 8023, New Zealand",NZ
910,54.640423,9.552433,62.5414648,27.7745173,"16353 517-533, 79100 Leppävirta, Finland",FI
911,53.61116,9.267265,23.9966646,120.5474213,"515, Taiwan, Changhua County, Dacun Township, 彰73鄉道",TW
912,50.374977,8.250417,50.6252357,-3.3862436,"9-15 The Broadway, Exmouth, Devon EX8 2NW, UK",GB
913,51.09836,9.832198,-8.4624662,115.0391233,"Unnamed Road, Selemadeg, Tabanan, Bali 82162, Indonesia",ID
914,47.393974,9.2161045,23.472494,120.2342346,"No. 83, Section 3, Sìwéi Road, Puzi City, Chiayi County, Taiwan 613",TW
915,47.184937,5.0474014,58.3977718,24.465631,"Pärnu, 80033 Comté de Pärnu, Estonie",EE
916,48.401863,7.7107,48.6368456,22.1607806,"552032, 072 53 Bežovce, Slovakia",SK
917,39.93278,32.113365,18.4705644,100.4355482,"Unnamed Road, Tambon Huai Rong, Amphoe Rong Kwang, Chang Wat Phrae 54140, Thailand",TH
918,54.29541,22.226067,18.8527584,-96.9183068,"Ex-vía FFCC, Las Flores, 94950 Amatlán de los Reyes, Veracruz de Ignacio de la Llave, Mexico",MX
919,50.2369,9.528401,23.7164698,90.4960351,"Demra - Narayanganj Rd, Dhaka 1361, Bangladesh",BD
920,46.720695,7.3794374,13.0236857,102.2512834,"Unnamed Road, Tambon Thap Sai, Amphoe Pong Nam Ron, Chang Wat Chanthaburi 22140, Thailand",TH
921,50.760506,8.78433,2.6281325,101.697489,"5, 43950 Sungai Pelek, Selangor, Malezya",MY
922,27.48185,98.77179,22.3087199,114.2299403,"8 Rehab Path, Sai Tso Wan, Hong Kong",HK
923,50.18387,8.704959,52.5313907,13.5182696,"Rhinstraße 147, 10315 Berlin, Germany",DE
924,33.526146,44.365887,46.5930419,30.7873322,"Henerala Bocharova street, 28, Odessa, Ukraine",UA
925,52.647648,9.531292,50.0148468,36.2357966,"ulitsa Krymskaya, Kharkiv, Ukraine, 61000",UA
926,56.719555,13.228111,35.188082,128.9824182,"53 Nakdong-daero 1446(cheonsabaek, Sasang-gu, Busan, South Korea",KR
927,52.633556,9.118019,2.8588789,101.6882727,"Jalan Kajang - Dengkil, 43800 Dengkil, Selangor, Malaisie",MY
928,46.697807,6.567464,5.4739424,-74.6744148,"Calle 60B # 8-1, La Dorada, Caldas, Kolumbia",CO
929,44.416817,6.6870403,32.4328681,-115.2702111,"Baja California 2, Ejido Guanajuato, Baja California, Mexico",HK
930,49.43727,8.078357,-26.4600716,31.1600548,"MR19, Swaziland",SZ
931,53.752663,9.395216,48.5218825,18.0424077,"514, 956 03 Horné Štitáre, Slovakia",SK
932,53.6875,9.528158,65.6935461,25.9019608,"Oijärventie 3688-3706, 95160 Ii, Finland",FI
933,55.331993,11.042922,42.5445375,1.4705918,"Ctra. del Coll de la Botella, AD400 La Massana, Andorre",AD
934,46.142082,5.890663,45.0557497,39.1152164,"1-y Stanovoy proyezd, 4-6, Znamenskiy, Krasnodar Krai, Russia, 350000",RU
935,50.91037,8.429637,45.8018882,27.1038503,"DN2D, Romania",RO
936,45.56215,4.6962337,45.6469871,17.2651885,"Donja Vrijeska 40, 43508, Donja Vrijeska, Croatia",HR
937,57.94226,19.395418,42.4661316,1.4478347,"Unnamed Road, AD600 Sant Julià de Lòria, Andorra",AD
938,45.66944,6.0137873,48.1694624,-52.9388401,"Main Rd, Grates Cove, NL A0A 2L0, Canada",CA
939,53.13304,9.269664,56.6831281,16.3285228,"Ölandsleden 7, 392 39 Kalmar, Sweden",SE
940,57.791927,21.139238,56.4463776,27.4103894,"P55, Čornajas pagasts, LV-4617, Łotwa",LV
941,28.38418,92.22695,23.0564588,89.7703334,"Dhaka - Khulna Hwy, Bangladesh",BD
942,52.758385,9.203959,48.1409261,11.5218384,"Landsberger Straße 187-189, 80687 Munich, Germany",DE
943,51.70701,8.399087,55.3279198,12.102232,"Østerskovvej 39, 4682 Tureby, Denmark",NO
944,50.86267,8.138643,50.5457466,3.9921691,"Rue du Masy 53-57, 7063 Soignies, Belgium",BE
945,50.438522,7.337945,58.5612439,24.9778659,"Suurejõe-Vihtra-Jõesuu, Rahnoja, 87622 Pärnu County, Estonia",EE
946,54.0549,9.366145,32.4560414,130.9297746,"Unnamed Road, Izumimachikureko, Yatsushiro-shi, Kumamoto-ken 869-4513, Japan",JP
947,54.068672,9.221488,23.706068,120.2482467,"Ānnán Road, Dongshi Township, Yunlin, Tajwan 635",TW
948,57.944717,19.850534,69.1182107,-105.0544609,"4 Kamotik Rd, Cambridge Bay, NU, Canada",CA
949,49.22982,8.202244,-35.7475628,174.211896,"6 Kokopu Block Road, Maungatapere 0179, New Zealand",NZ
950,49.594063,9.025213,49.6378592,15.9195644,"37, 591 01 Škrdlovice, Czech Republic",CZ
951,52.887547,9.1521015,51.1239194,3.3225733,"Berkenstraat 14-24, 8730 Beernem, Βέλγιο",BE
952,48.875793,7.647484,32.6450725,-16.9715555,"Estr. João Gonçalves Zarco 12, 9300 Câmara de Lobos, Portugal",PT
953,49.072277,9.197383,3.4627255,113.5626906,"AH150, 98200 Miri, Sarawak, Maleisië",MY
954,56.169083,11.115281,59.3246914,12.1119066,"172, 672 92 Årjäng, Sweden",SE
955,51.52558,9.860815,-23.5909506,-46.5718317,"Rua Doutor Antônio Macedo Lima, 29-67 - Vila Lúcia, Sao Paulo - São Paulo, Brazil",BR
956,43.36271,62.84325,22.2704488,114.2436751,"11 Chong Fu Rd, Chai Wan, Hong Kong",HK
957,52.063053,7.6266937,24.1197883,120.6172781,"Gāotiě 3rd Road & Section 3, Gāotiě Road, Taichung City, Taiwan",TW
958,45.681087,7.1214457,4.9939221,115.5500195,"Jln Sipitang - Sindumin, 89850 Sipitang, Sabah, Malesia",MY
959,51.52221,13.712839,22.7617323,89.1270263,"Khulna - Satkhira Rd, Bangladesh",BD
960,50.799023,6.2040358,49.4902577,12.8808906,"26, 346 01 Meclov, Czech Republic",CZ
961,38.803295,66.40641,23.81814,90.2573787,"Dhaka - Aricha Hwy, Бангладеш",BD
962,53.126984,9.033825,52.700689,-6.2671079,"R772, Co. Wexford, Ireland",AE
963,57.377132,13.11386,45.7244084,16.3618363,"Lepšić 3, 10310, Lepšić, Croatia",HR
964,52.26802,9.325717,49.7288151,16.9773345,"E442, 789 83 Palonín, Czech Republic",CZ
965,58.659187,20.900415,26.6652714,142.1534287,"Japan, 〒100-2211 Tōkyō-to, Ogasawara-mura, Hahajima 都道241号線",JP
966,44.806717,6.7533026,-42.9579129,147.5311315,"38-39 Pipe Clay Esplanade, Cremorne TAS 7024, Australia",AU
967,46.534225,7.2127132,56.0802285,8.9836304,"Skærbækvej 28, 7400 Herning, Denmark",DK
968,48.48767,5.7698507,46.0473928,18.2500111,"7631 Pécs, Kanizsai Dorottya Way 179, Hungary",HU
969,57.60695,24.70025,49.4791398,15.5122777,"Větrný Jeníkov 67, 588 42 Větrný Jeníkov, Czech Republic",CZ
970,49.68982,6.28588,41.3310618,-7.7003785,"EM1231, 5000, Portugal",SZ
971,55.89281,10.537244,47.3500102,8.4715119,"Uetlibergtunnel, 8143 Stallikon, Suisse",CH
972,48.522636,7.886509,48.5105254,19.3073135,"2463, 962 25 Slatinské Lazy, Slovakia",CL
973,-11.674077,14.908323,-23.089215,28.5657117,"R561, Republika Południowej Afryki",ZA
974,47.687565,7.999939,50.1025244,8.7181951,"Speckweg 33, 60599 Frankfurt, Germany",DE
975,55.446938,10.402745,32.083284,34.8951642,"Shalom Shar'abi 14-20, Petah Tikva, Israel",IL
976,50.114452,9.128472,46.9469973,6.8494294,"Rue des Chavannes 43-45, 2016 Cortaillod, Switzerland",CH
977,49.091526,8.034772,55.961601,9.8591383,"Tåningvej 60, 8660 Skanderborg, Denmark",DK
978,48.058865,7.8288317,55.9292012,-2.3723188,"2 Hoprig Road, Cockburnspath, Scottish Borders TD13, UK",GB
979,50.48441,8.59106,49.8885958,5.1653349,"Rue de Solmon, 6850 Paliseul, Belgium",BE
980,44.427658,5.5730343,-29.8691391,20.7303865,"R27, South Africa",ZA
981,51.969135,8.907367,52.4893015,13.3925857,"Bergmannstraße 19, 10961 Berlin, Germany",DE
982,54.74068,9.559933,46.3898945,15.5970305,"Spodnja Nova vas 37, 2310 Slovenska Bistrica, Slovenia",SI
983,53.513504,9.317471,46.8072908,6.6299747,"A5, 1422 Grandson, Switzerland",CH
984,41.488,5.2230473,54.6731682,11.7149473,"Sakskøbingvej, 4880 Nysted, Denemarken",DK
985,45.977524,7.730277,24.5949746,121.6862078,"267, Taiwan, Yilan County, Datong Township, 寒溪巷1號",TW
986,49.197563,8.72655,-25.4127463,-60.183664,"Ruta Provincial 9, Formosa, Argentina",AR
987,53.320526,9.301949,22.3188075,113.942887,"1 Sky City Rd E, Chek Lap Kok, Hong Kong",HK
988,46.23732,6.732629,58.6288387,25.6547837,"Põltsamaa-Võhma, Koksvere, 70604 Viljandi County, Estonia",HU
989,57.877934,17.798796,47.9886401,0.8014775,"D210, 72320 Valennes, France",FR
990,48.439682,7.8446693,42.1864053,14.2936293,"SP215, 66016 San Vincenzo-cerchiara Chieti, Italy",IT
991,55.899055,10.246088,44.3863149,26.2530104,"Strada Puţului, Glina, Romania",RO
992,49.100662,8.82293,57.1669508,10.1406306,"Ålborgvej 745, 9320 Hjallerup, Danemark",DK
993,55.63618,10.368891,23.9761573,120.5868193,"No. 266-282, Lane 332, Section 1, Fuzhen Rd, Yuanlin City, Changhua County, Taiwan 510",HU
994,57.525253,12.748485,45.3485271,6.31018,"1-317 Route des Îles, 73130 Saint-Avre, France",FR
995,51.285545,8.067895,39.3118918,22.8983429,"Unnamed Road, Volos 385 00, Greece",GR
996,56.060833,9.566936,-33.545789,-70.6769079,"Domingo Gómez Rojas 591, El Bosque, Santiago Metropolitan Region, Chile",CL
997,54.406303,9.73911,58.4325248,15.6617788,"E4, 582 75 Linköping, Sweden",SE
998,52.293236,9.159214,-25.6385734,27.1970455,"Swartruggens Road, Rustenburg 0309, Republika Południowej Afryki",ZA
999,47.702232,7.544285,56.092575,26.0041956,"Loka iela, Ancene, Asare parish, LV-5210, Latvia",LV
1000,45.57376,7.2944527,55.2598656,9.2701074,"Dyssebakken 30, 6500 Vojens Municipality, Denmark",DK
1001,47.371693,6.7612886,-22.077826,27.2749981,"A1, Botswana",BW
1002,52.429314,9.178467,34.7833331,137.5813141,"Japan, 〒431-1402 Shizuoka-ken, Hamamatsu-shi, Kita-ku, Mikkabichō Tsuzuki 県道310号線",JP
1003,52.326748,9.099153,64.1157089,-21.880143,"Viðigrund, Kópavogur, Islandia",IS
1004,54.0694,9.250697,62.7522306,28.8877543,"Rikkarannantie 64, 83500 Outokumpu, Finland",FI
1005,50.738316,7.2369394,55.688042,52.3541829,"avtodoroga Volga, 1Б, Naberezhnye Chelny, Republic of Tatarstan, Russia, 423800",RU
1006,53.80921,10.429299,37.5482991,127.1026963,"394-1 Gwangjang-dong, Gwangjin-gu, Seoul, South Korea",KR
1007,56.02244,10.879416,45.1741164,37.2741405,"M25, Belyy, Krasnodar Krai, Russia",RU
1008,46.144855,7.2005444,55.6314971,23.7534964,"3414, Bejsagoła 82296, Litwa",EE
1009,48.997437,8.503356,-5.8206588,-81.0397158,"Unnamed Road, Peru",PE
1010,49.173424,7.8845005,-24.6014188,25.9259483,"Airport Road, Gaborone, Botswana",BW
1011,14.299779,35.17499,20.749062,-101.2594033,"Francisco Villa, San Nicolás Temascatio, Guanajuato, Mexico",MX
1012,44.27974,7.172989,-30.9813834,150.2920607,"7315 Oxley Highway, Gunnedah NSW 2380, Australia",AU
1013,50.781075,9.2172165,50.050916,14.2154288,"Maruszewska, Poland",PL
1014,54.30506,9.854343,44.4246238,27.228266,"Autostrada Soarelui, Romania",RO
1015,47.07942,7.535034,11.2034296,103.5155459,"AH123, ឃុំ កណ្ដោល, Kambodža",KH
1016,51.310608,7.153963,37.6000387,126.8721513,"226-1 Hwajeon-dong, Deokyang-gu, Goyang-si, Gyeonggi-do, South Korea",KR
1017,46.382904,7.3849773,59.8887627,18.4912415,"280, 760 31 Edsbro, Sweden",SE
1018,49.287796,9.190812,12.547295,107.533298,"Ao Nav Rd, Cambodia",KH
1019,50.187042,8.092964,40.8413622,24.270586,"Unnamed Road, Paggeo 640 07, Grekland",GR
1020,36.20623,78.57734,6.5978062,-73.1587887,"Barichara, San Gil, Santander Department, Colombia",CO
1021,51.63473,9.124314,-36.3731954,142.4415883,"Sheep Hills-Kellalac Road, Kellalac Victoria 3393, Australie",AU
1022,45.275696,6.8082743,52.7979791,-9.4609333,"Unnamed Road, Co. Clare, Ireland",IE
1023,53.030087,9.581241,23.6980134,89.7215527,"Dhaka - Faridpur Hwy, Bangladesh",BD
1024,46.435257,7.685899,-37.9205595,-67.8732663,"RN151, Río Negro, Argentina",AR
1025,57.039898,17.781092,3.9109249,101.9941726,"C144, Kampung Pamah Kulat, 27600 Raub, Pahang, Malaysia",MY
1026,47.6337,8.044848,53.2239136,-8.815414,"Unnamed Road, Co. Zatoka Galway, Irlandia",IE
1027,52.032887,8.951312,44.875529,-75.3556463,"5152 Carman Road, Iroquois, ON K0E 1K0, Canada",CA
1028,50.285297,7.9310904,-23.6069175,30.0647223,"R526, South Africa",ZA
1029,51.223465,8.446805,-3.2190301,-39.3730991,"Rua Principal, 1399, Ceará, 62690-000, Brazylia",BR
1030,54.104355,10.726875,50.7510236,15.3187792,"Ve Sladké Díře, 468 61 Desná, Czech Republic",AU
1031,52.222477,9.113022,-27.6389907,27.2262458,"67 Stewart Street, Kroonstad 9499, South Africa",ZA
1032,58.529327,27.552027,37.125495,22.100589,"Epar.Od. Thourias - Polianis, Kalamata 240 09, Griechenland",GR
1033,56.210506,24.960453,44.8300905,15.6626724,"D1, 53231, Prijeboj, Croatia",HR
1034,47.54982,5.8070583,48.16878,18.8975629,"Pod horou 240, 962 71 Dudince-Merovce, Slovakia",SK
1035,54.671806,11.22323,57.3415294,-4.4850918,"A831, Inverness, Terras Altas IV63, UK",GB
1036,53.198387,9.375862,41.4588508,24.3156503,"Unnamed Road, Drama 661 00, Greece",AE
1037,56.84301,16.00075,1.3630433,103.7645743,"1160 Hillview Ave, Singapore 669602",SG
1038,55.630318,11.879591,58.3394227,26.7251962,"Jalaka 64, 50105 Tartu, Estonia",NO
1039,51.658527,8.607462,31.2381967,34.7675417,"Herzl Rosenblum, Beersheba, Israel",IL
1040,50.08548,7.880018,42.9841897,25.40373,"4041, 5386 Karaivantsa, Bulgaria",BG
1041,54.578457,9.051338,23.4065963,120.314943,"611, Taiwan, Chiayi County, Lucao Township, 嘉35-1鄉道",TW
1042,48.322823,8.846844,24.2029317,120.8231736,"426, Taiwan, Taichung City, Xinshe District, 興社街一段",TW
1043,48.22772,10.064792,56.1938295,15.8665196,"754, 373 00 Jämjö, Sweden",SE
1044,50.219036,8.0478325,37.2653622,-7.6892872,"EM506 152D, 8800, Portugal",PT
1045,50.52613,8.675455,39.0732286,26.5877719,"Unnamed Road, Lesvos 811 00, Grækenland",GR
1046,51.915977,9.131645,-43.7501881,172.0209461,"5 Normanby Street, Rakaia 7710, New Zealand",NZ
1047,50.588776,9.037481,50.9307098,5.4556834,"Steenakkerstraat 94-120, 3590 Diepenbeek, Belgium",LT
1048,46.306595,6.4837666,27.3106661,91.0641247,"Bumthang - Ura Hwy, Bhutan",BT
1049,46.94489,7.221574,64.7992057,25.4182833,"Raahentie 33, 91900 Liminka, Finland",FI
1050,56.9227,12.588628,46.0910036,14.9059784,"Spodnji Log 18, 1282 Sava, Slovenië",SI
1051,57.49568,19.386053,21.9902786,120.8534413,"No. 244, Cháshān Road, Manzhou Township, Comté de Pingtung, Taïwan 947",TW
1052,48.796787,8.635763,1.2663151,103.6290815,"Unnamed Road, Singapore",SG
1053,46.767704,6.5846863,64.1881783,-21.6856812,"Vesturlandsvegur, Mosfellsbær, Iceland",IS
1054,50.79297,7.417239,54.1213295,-7.0679498,"Unnamed Road, Co. Monaghan, Ireland",IE
1055,51.629578,9.040572,-37.145873,-72.9960026,"O-850, Biobío Region, Chile",CL
1056,46.363304,6.9184666,-42.3844025,171.4077571,"872 Taylorville-Blackball Road, Coal Creek 7804, New Zealand",NZ
1057,49.736874,5.626239,49.987505,18.4091386,"Nowa, Poland",PL
1058,51.062157,8.828123,69.1188133,-105.0186984,"Natik St, Cambridge Bay, NU, Canada",CA
1059,47.47245,7.6477175,52.6655349,-8.1139486,"Unnamed Road, Co. Tipperary, Ireland",NL
1060,49.264103,8.7178545,39.0799892,-8.4465683,"Unnamed Road, 2100, Portugal",AU
1061,49.972767,6.78065,50.8531407,16.4915945,"Esperantystów, 58-100 Swidnica, Poland",PL
1062,51.3672,8.354976,48.7322984,18.1778654,"Dolné Držkovce 303, 956 54 Veľké Držkovce, Slovakia",SK
1063,49.466522,8.466315,52.0732008,-8.9833079,"Unnamed Road, Co. Cork, Ireland",IE
1064,52.0385,9.095573,40.5795728,24.6569512,"Unnamed Road, Thasos 640 02, Greece",GR
1065,47.69162,7.1546926,54.3187094,-6.9631926,"N2, Co. Monaghan, Ierland",IE
1066,56.22668,15.488731,24.9630045,55.188531,D57 - Dubai - United Arab Emirates,AE
1067,50.822037,9.048112,47.3561797,25.2893673,"Comuna Dorna Candrenilor, Romania",RO
1068,54.232597,9.626379,26.9192259,-98.9750176,"Farm to Market 2687, Hebbronville, Texas 78361, États-Unis",US
1069,46.61444,7.1037865,56.2006086,22.7014585,"1026, Venta 85305, Lithuania",LT
1070,48.035797,6.35231,45.3884727,-75.9702665,"60 Harwood Ln, Kanata, ON K2K 1X7, Canada",CA
1071,49.722458,7.901005,27.4634681,90.1692339,"Unnamed Road, Bhutan",BT
1072,45.864876,6.37092,52.2009259,21.7863606,"E30, 05-310 Kałuszyn, Poland",PL
1073,52.294014,8.704565,48.2940476,19.923391,"571021, 980 32 Konrádovce, Slovakia",SK
1074,52.55443,5.239209,22.9592895,89.2296654,"Jessore - Chuknagar Rd, Bangladesh",BD
1075,41.48097,51.949223,47.5355473,19.0738016,"1139 Budapest, Rue Frangepán 15-19, Hongrie",HU
1076,42.803886,5.7107496,37.335508,23.1347081,"Unnamed Road, Ververouda 213 00, Greece",PE
1077,50.51639,8.457955,45.2235761,25.6389639,"Strada 30 Decembrie, Gura Beliei, Romania",RO
1078,49.31137,8.394425,47.3512243,8.4715708,"Landikonerstrasse, 8143 Stallikon, Switzerland",CH
1079,20.042782,2.0724292,-43.3991531,-66.8850882,"RP11, Chubut, Argentina",AR
1080,50.508766,9.300285,58.766458,24.5950929,"Valgu-Libatse, 78207 Rapla County, Estonia",EE
1081,54.452236,9.362712,47.9285972,25.8657745,"DJ291A, Frătăuţii Noi, Romania",RO
1082,46.118195,6.3849173,49.694281,16.7570402,"3718, 569 43 Bezděčí u Trnávky, Czech Republic",US
1083,57.10795,12.905678,5.4525355,-75.4767656,"Salamina - Pacora # 2 a 50, Pacora, Caldas, Colombia",CO
1084,51.805412,7.921139,25.1084892,55.2054616,First Al Khail St - Dubai - United Arab Emirates,AE
1085,49.04145,7.4911003,2.3902859,112.0288406,"Lorong Bahagia 9, 96000 Sibu, Sarawak, Malaysia",MY
1086,55.815495,14.834383,51.1847416,19.4152902,"Gmina Kamieńsk, Poland",PL
1087,51.444405,7.477104,-34.195854,-70.6271432,"H-25, Machalí, O'Higgins Region, Chile",CL
1088,51.82483,9.094437,-37.74839,175.9786412,"101 Te Kohanga Road, Whakamarama 3176, New Zealand",NZ
1089,53.434883,7.190915,47.2561589,7.6843384,"E25, 4538 Oberbipp, Switzerland",CH
1090,57.11905,19.578817,57.4100618,25.9080062,"Mežoles iela 13, Smiltene, Smiltenes pilsēta, LV-4729, Latvia",LV
1091,52.67698,10.992474,-27.1061851,30.7654148,"R543, South Africa",ZA
1092,54.628372,9.564733,45.4174038,13.9576068,"D201, 52420, Sveti Martin, Croatia",HR
1093,48.7657,7.9207115,55.8694774,23.2094921,"Pamiškės gatvė, Motaičiai 80179, Lituanie",MY
1094,51.602455,9.545885,1.3563839,103.8772818,"24 Highland Rd, Singapore 549115",SG
1095,50.291977,8.313215,25.1582843,55.4072187,Persia N7 - Dubai - United Arab Emirates,AE
1096,51.35978,12.499174,27.5419696,89.827128,"Unnamed Road, Bhutan",BT
1097,49.67762,8.038136,43.3238179,26.6033054,"51, 7290 Loznitsa, Bulgaria",BG
1098,51.99049,8.803617,-12.2105639,-75.806026,"120, Peru",PE
1099,44.627525,5.2272854,52.2902668,16.4951204,"64-330 Dakowy Suche, Poland",PL
1100,47.440002,9.430854,42.5688019,1.6784359,"CG-2, AD100 Canillo, Andorra",AD
1101,51.143715,9.2847595,52.0417588,4.3918582,"Molenweg 15, 2631 AA Nootdorp, The Netherlands",NL
1102,-11.908785,17.636065,-26.9618823,31.0164862,"MR13, Gege, Swaziland",SZ
1103,49.808544,7.778949,24.6642407,120.9185617,"Shuǐyuán Road, Toufen Township, Miaoli County, Тайвань 351",TW
1104,50.040497,8.858206,2.7790505,101.4694665,"5, 42700 Banting, Selangor, Malaysia",BW
1105,57.45179,13.898487,43.8598346,27.7481216,"293, Bistrets, Bulgaria",BG
1106,51.422634,6.3935204,48.2940476,19.923391,"571021, 980 32 Konrádovce, Slovakia",SK
1107,57.272156,23.316616,-33.5241366,-70.698802,"Central 8901-8961, Lo Espejo, Region Metropolitalny, Chile",CL
1108,12.235354,4.3679237,-27.0254956,31.9309194,"MR14, Nsoko, Swaziland",SZ
1109,58.107872,17.69443,49.3388266,18.3922642,"Velké Karlovice 654, 756 06 Velké Karlovice, Czech Republic",CZ
1110,51.12137,8.925142,45.3861572,10.8624299,"Via Località Cà Belvedere, 1, 37069 Villafranca di Verona, Verona, Italy",IT
1111,51.74914,7.949376,43.3223321,-8.8188306,"Rúa Canido, 13-15, 15113 Malpica de Bergantiños, La Coruña, Spania",ES
1112,47.330006,7.042165,39.8693919,-8.752642,"Estr. da Guia 620, Portugal",PT
1113,51.107506,9.026677,51.6989965,5.5382819,"Loosbroekseweg 54-56, 5388 VP Nistelrode, The Netherlands",NL
1114,44.735886,6.493578,37.7666463,-8.0964573,"N2, 7780 Castro Verde, Portugal",PT
1115,51.201477,8.316648,45.4441466,17.1863031,"Ul. Stjepana Širca 19, 34550, Prekopakra, Croatia",KH
1116,48.17266,6.358369,39.0487638,-8.3738887,"Caminho do Monte das Figueiras Vianas, 2100 Couço, Portugal",PT
1117,49.781097,7.201889,42.4765685,1.4529428,"Ctra. de Canòlich, AD600 Sant Julià de Lòria, Andorra",AD
1118,-0.048447013,9.081991,-24.2215823,-52.2779726,"BR-487, Parana, 87290-000, Brazil",BR
1119,49.72172,9.276109,-39.4287636,175.4523578,"28 Piwari Street, Rangataua 4691, New Zealand",NZ
1120,56.49044,13.135513,37.9960472,23.5193014,"Unnamed Road, Salamina 189 00, Greece",GR
1121,49.928555,8.401402,58.7522819,25.1137138,"Rõusa-Käru, 79211 Rapla County, Estonia",EE
1122,41.482372,5.0425644,38.653168,-3.469762,"A-4, 13730 Santa Cruz de Mudela, Ciudad Real, Spain",ES
1123,49.064995,7.2552834,52.1760085,5.4622366,"Oosterdorpsstraat 25-27, 3871 AA Hoevelaken, The Netherlands",NL
1124,49.219982,8.601997,44.1091619,15.2598284,"Jadranska turstička cesta, 23000, Zadar, Croatia",HR
1125,48.166107,8.332515,-18.6629881,21.9235822,"A35, Botswana",BW
1126,43.42583,25.390589,23.5645741,88.9868328,"Jhenaidah - Chuadanga Rd, Bangladesh",BD
1127,44.973186,5.3862762,-5.3363975,-79.8879117,"2 A 120, Peru",PE
1128,57.745064,15.427417,57.2127576,27.5659858,"P42, Susāju pagasts, LV-4582, Latvia",LV
1129,50.878914,9.09396,49.9897421,36.3494461,"Saltivs'ke highway, 143, Kharkiv, Kharkiv Oblast, Ukraine",UA
1130,56.14953,10.17402,42.5089762,1.5305297,"Carrer Josep Cornellà Panicello, 2, AD500 Andorra la Vella, Andorra",AD
1131,52.902184,9.391757,44.3639747,8.1639477,"SP28bis, 17017 Roccavignale, Savone, Italie",IT
1132,48.21103,7.4277973,-34.98879,-62.9184133,"RN188, Buenos Aires, Argentina",AR
1133,46.215096,5.6560173,65.5220487,-19.8495675,"Þjóðvegur, Islandia",IS
1134,52.153584,7.239852,48.8620542,17.9421051,"061028, 913 04 Chocholná-Velčice-Velčice, Slovensko",SK
1135,20.282406,9.693033,46.0725737,18.2334078,"7622 Pecz, Alsó-malom Street 7, Węgry",HU
1136,52.30257,10.072033,-32.8138263,-70.5709822,"E-765, San Esteban, Valparaíso Region, Chile",CL
1137,54.284996,8.507795,50.08027,8.6322293,"Saonestraße 3, 60528 Frankfurt, Germany",DE
1138,49.90394,7.8486586,43.8791117,28.3706473,"DC10, Tătaru, Romania",RO
1139,50.52187,9.9191,-33.3213572,-71.4092225,"Avenida Portales, Casablanca, Région de Valparaíso, Chili",CL
1140,51.94104,9.218097,59.4977182,26.4809933,"Kunda-Selja, 44020 Lääne-Viru County, Estonia",EE
1141,55.560135,11.075396,38.1437018,-2.5888416,"JF-7038, Jaén, Espagne",ES
1142,-13.813964,20.107128,-2.5115513,-44.0247762,"R. Sao Januário, 19, São José de Ribamar - MA, 65110-000, Brazil",NZ
1143,51.06854,16.512964,1.4543389,103.810271,"209 Woodlands Ave 9, Singapore 738959",SG
1144,51.32235,8.890593,36.8054728,139.5981322,"Kirifuri Kogen Rd, Tokorono, Nikkō-shi, Tochigi-ken 321-1421, Japan",JP
1145,50.441666,7.9961643,33.4251169,-111.7173018,"5249 East Casper Street, Mesa, AZ 85205, USA",US
1146,55.111546,10.364572,47.9886401,0.8014775,"D210, 72320 Valennes, France",FR
1147,3.0332797,8.249699,-25.2668873,23.220029,"A20, Botswana",BW
1148,49.979588,8.211974,48.5023663,21.225036,"3876 Hidasnémeti, Petőfi Way 1, Hungary",HU
1149,49.790802,9.388659,57.3121937,25.6482569,"E77, Rauna parish, LV-4131, Lettonie",KH
1150,46.911293,6.3953953,-38.0574869,175.9493031,"Leslie Road, Ngatira 3485, New Zealand",NZ
1151,-4.2416945,12.350441,-20.8224927,143.3496366,"Flinders Highway, Stamford QLD 4821, Australia",AU
1152,52.771812,7.806098,42.5129874,1.5316519,"Carrer les Canals, 86, AD500 Andorra la Vella, Andorra",AD
1153,50.82995,8.412452,50.4056456,4.3426145,"N54, 6140 Fontaine-l'Evêque, Belgique",BE
1154,51.005634,7.5213156,45.4557621,18.4677996,"Slavonika, 31403, Beketinci, Croatia",HR
1155,58.00527,18.811111,57.6529708,26.7540514,"Metstaga-Sadramõtsa, 66106 Võru County, Estonia",EE
1156,34.343735,6.1256733,24.9266758,55.6418178,Dubai-Hatta Rd - Sharjah - Các tiểu Vương quốc Ả rập Thống nhất,AE
1157,50.421097,9.144177,62.9942938,7.2541678,"Riksveg 663, 6494 Vevang, Norway",NO
1158,52.869835,10.096625,26.9338205,90.0400223,"Daga Rd, Bhutan",BT
1159,54.54188,10.3408375,44.96758,26.0210896,"Unnamed Road, Ploeszti, Rumunia",RO
1160,52.41147,9.865426,-7.2084006,107.6594101,"Jl. Raya Cibeureum No.13, Kertasari, Bandung, Jawa Barat 40386, Indonesia",ID
1161,54.046696,9.517909,46.8072908,6.6299747,"A5, 1422 Grandson, Switzerland",CH
1162,51.197254,24.577936,35.9898676,139.0785663,"Japan, 〒368-0035 Saitama-ken, Chichibu-shi, Kamimachi, 2 Chome−7 県道73号線",CH
1163,53.99705,9.054529,42.5227556,1.5217967,"CG-3, AD400 La Massana, Andorra",AD
1164,49.245785,7.9301777,-27.2497673,31.433823,"MR11, Swaziland",SZ
1165,37.852898,8.685893,41.5064217,-6.3577512,"Unnamed Road, 5210, Portugal",PT
1166,51.44001,6.0738125,12.5192968,107.5612695,"Ao Nav Rd, Cambodja",KH
1167,53.64884,8.354174,53.6399232,21.6982487,"Droga Krajowa 58, Pologne",PL
1168,48.79857,7.6880026,45.9480518,1.5443014,"Le Masjoubert, 23430 Saint-Martin-Sainte-Catherine, France",FR
1169,51.139866,8.029005,47.4221812,19.1138475,"1201 Budapest, Lehel Street 2-4, Hungary",HU
1170,55.858353,10.79649,6.7083252,116.3541526,"Sabah, Malaysia",MY
1171,51.519814,5.465227,-29.7959583,30.8140697,"23 Lynton Road, Kloof 3640, Republika Południowej Afryki",ZA
1172,54.17552,11.968231,37.5765579,126.962044,"46-262 Muak-dong, Jongno-gu, Szöul, Dél-Korea",KR
1173,48.58071,8.1725025,22.4795916,114.0574162,"Castle Peak Road (Tam Mei), Tam Mei, Hong Kong",HK
1174,47.91523,7.758443,23.7887981,89.3376333,"Dhaka - Kushtia Hwy, Bangladesh",BD
1175,49.19863,7.923382,42.0872552,140.5688763,"Hokkaido Expy, Mori-machi, Kayabe-gun, Hokkaidō, Japan",JP
1176,52.980362,9.365089,9.212324,-75.1132484,"Since - Galeras, Since, Sucre, Kolumbia",CO
1177,51.695713,7.2732,65.7468698,-19.6411491,"Bárustígur, Sauðárkrókur, Iceland",IS
1178,57.83863,16.663126,39.1895504,-0.3298558,"CV-511, 1, 46418 Fortaleny, Valencia, Espanja",ES
1179,53.424454,9.668177,37.0424655,-93.5565172,"124-140 Evan Road, Billings, MO 65610, USA",US
1180,50.620125,8.939984,20.5489822,-103.400442,"Jalisco, Mexico",MX
1181,51.762505,8.795793,26.9004311,91.5020939,"Unnamed Road, Bhutan",BT
1182,54.785477,9.715661,46.6139503,16.406873,"Pri Čardi 1, 9223 Dobrovnik, スロベニア",SI
1183,20.036522,2.4737854,44.3703337,15.1149118,"D108, 23249, Vrčići, Croatia",HR
1184,49.582226,7.199931,60.6344531,6.4341774,"Strandavegen 59, 5700 Voss, Norway",NO
1185,49.663986,7.805665,37.9165011,-7.4804432,"Rua da Liberdade 65, 7830, Portugal",PT
1186,52.993595,9.71051,6.308884,116.7634917,"Unnamed Road, 89100 Kota Marudu, Sabah, Malaysia",MY
1187,53.008938,8.828967,27.2595299,89.3276017,"Chhudzom - Haa Rd, Bhutan",BT
1188,52.39875,8.974499,46.2058372,6.0766331,"Route du Canada 5, 1214 Vernier, Switzerland",CH
1189,52.95395,9.683268,23.7560957,89.5546515,"Dhaka - Kushtia Hwy, Bangladesh",BD
1190,54.62471,9.468784,23.7188598,88.7468912,"Chuadanga - Meherpur Hwy, Bangladesz",BD
1191,50.968903,7.8775787,64.0062959,-22.5682799,"Háteigur, Reykjanesbær, Iceland",IS
1192,53.98908,9.560423,42.622221,-8.3058461,"PO-534, 36559 Forcarei, Pontevedra, Spain",ES
1193,49.76801,7.853511,50.4263484,30.4339232,"Odeska Street, 8-10, Kyyiv, Kyiv city, Ukraine",UA
1194,40.948883,5.8017435,-38.228788,175.9063812,"247-321 Mossop Road, Kinleith 3491, New Zealand",NZ
1195,58.089252,21.000988,49.9783622,17.1633644,"11, 795 01 Stará Ves, Czech Republic",AE
1196,5.184574,8.4629965,-49.1662682,-71.3077639,"RN40, Santa Cruz, Argentina",AR
1197,52.306236,7.5088863,51.1763359,6.8616084,"Peter-Krahe-Straße 32, 40599 Düsseldorf, Allemagne",DE
1198,55.151405,9.415723,56.2006086,22.7014585,"1026, Venta 85305, Lithuania",LT
1199,55.31708,10.224722,38.8392593,-94.415134,"1706-1730 Southwest County Line Road, Lee's Summit, MO 64082, USA",US
1200,51.38021,9.07815,42.7677929,-5.0702991,"Valle de Las Casas, 24892, León, Spain",ES
1201,50.4095,7.0904617,42.6098788,13.0649757,"Terzone, 241, 02016 Terzone Rieti, Italy",IT
1202,51.167282,10.192803,-31.6559458,-71.3212813,"D-75, Illapel, Coquimbo Region, Chile",CL
1203,53.861732,9.38141,45.6742566,9.6443401,"Via Grumello, 30, 24127 Bergamo, Italy",IT
1204,50.871147,8.468685,71.0108789,25.9170671,"E69 148, 9750 Honningsvåg, Norway",NO
1205,54.176174,9.19137,43.937062,24.9447252,"DJ653, Băneasa, Romania",RO
1206,46.339012,6.72225,55.4143907,10.4248691,"Tjørnehaven 22-30, 5240 Odense, Denmark",DK
1207,39.42802,5.0168343,27.0074948,-112.0742516,"Transpeninsular Highway, Heroica Mulegé, Baixa Califórnia Sur, Estados Unidos Mexicanos",MX
1208,50.004166,9.249923,-10.6629115,-77.7994701,"Panamericana Norte, Peru",PE
1209,56.318832,13.50101,44.3868982,10.6655755,"Strada Provinciale 24, 41046 Palagano, Modena, Italy",IT
1210,52.847393,9.151139,69.887665,18.8609998,"Fylkesveg 66 60, 9131 Kårvik, Norway",NO
1211,57.083107,24.422255,42.5541086,1.6737811,"Camí Pont de Capigol, AD100 Canillo, Andorra",AD
1212,46.964787,5.3463163,23.122247,88.19596,"Shaheb Bazar Rd, Rajshahi, Bangladeche",BD
1213,49.606712,6.290495,55.3883726,11.277948,"Hejningevej 16-18, 4200 Slagelse Municipality, Danimarca",DK
1214,45.666565,6.9522934,57.1516024,25.7002967,"P30, Taurene parish, LV-4119, Latvia",LV
1215,-13.112583,18.496233,-20.2067078,23.2081361,"A3, Botswana",BW
1216,41.404133,4.2515097,54.1514358,-7.2198361,"Unnamed Road, Co. Monaghan, Ireland",IE
1217,47.111115,8.779258,39.1643137,-3.8551567,"Calle Doctor Isabelo Díaz Toledo, 14-16, 13420 Malagón, Ciudad Real, Spain",ES
1218,51.543564,9.384916,56.0130935,27.625316,"Krasta iela, Nikšāni, Robežnieku pagasts, LV-5676, Latvia",LV
1219,52.882996,9.2523365,23.1202653,91.3325347,"Dhaka - Chittagong Hwy, Bangladesh",BD
1220,48.674973,7.41854,43.5432421,1.340607,"26 Rue de la Françoy, 31270 Cugnaux, France",FR
1221,46.314346,6.998884,52.366377,-9.3535727,"Unnamed Road, Co. Kerry, Ireland",IE
1222,47.209305,7.345517,51.1212069,13.8486081,"Ullersdorf-Langebrücker Straße, 01099 Dresden, Germany",DE
1223,49.08176,8.950619,48.0914411,-89.4811365,"Hwy 61, Neebing, ON P0T, Canada",CA
1224,49.854607,7.6837196,50.4733752,30.4804821,"Tropinina street, 9, Kyyiv, Kyiv city, Ukraine",CZ
1225,52.00985,9.122742,25.0304259,121.4296479,"No. 651-9, Zhōngzhèng Road, Xinzhuang District, New Taipei City, Taiwan 242",TW
1226,50.711586,9.118006,-22.2793183,28.946603,"Transit Road, Botswana",BW
1227,47.08101,7.386544,55.6852823,24.1437329,"3415, Naujamiestis 38335, Lithuania",LT
1228,53.466427,8.326768,2.7649314,101.9292578,"555-563, Jalan Bukit Mutiara 18, Taman Bukit Mutiara, 70200 Seremban, Negeri Sembilan, Malaysia",MY
1229,51.25822,8.599484,9.8406478,-74.486222,"I-80, Plato, Magdalena, Colombia",CO
1230,49.856075,8.926496,2.6760407,101.8773307,"Unnamed Road, Garden Avenue, 70300 Seremban, Negeri Sembilan, Malaysia",MY
1231,52.213036,9.064724,24.0106618,121.6264945,"No. 42, Měigōng Road, Hualian City, Hualien County, Taiwan 970",TW
1232,50.375084,7.5900326,32.9155183,35.4157747,"806, Israel",IL
1233,52.91799,9.439359,34.1745628,-118.5216382,"17834-17838 Miranda Street, Encino, Californië 91316, Verenigde Staten",US
1234,48.639755,6.703455,59.9118061,10.9271313,"Ekerudlia 8, 1476 Rasta, Norway",NO
1235,49.767506,9.217508,50.8850426,17.3733255,"Droga Krajowa 94, Poland",PL
1236,50.130062,7.475765,56.2698943,10.0912266,"Møllevej 2, 8382 Hinnerup, Denmark",DK
1237,42.482445,5.509736,54.1534432,-0.2428881,"24 Wide Lane, Filey, North Yorkshire YO14 9TB, UK",GB
1238,51.303745,9.110098,13.6497448,104.7027235,"Unnamed Road, Cambodia",KH
1239,53.615685,11.916466,-2.5115513,-44.0247762,"R. Sao Januário, 19, São José de Ribamar - MA, 65110-000, Brazil",NZ
1240,50.554867,8.098462,46.8884352,26.4197923,"Cutului, Dumbrava Roşie 617185, Romania",RO
1241,51.838478,8.426828,63.6836052,11.1170002,"Fylkesveg 115, 7620, Norway",NO
1242,30.608126,91.67662,22.544379,91.6941409,"Dhaka - Chittagong Hwy, Banshbaria, Bangladesh",BD
1243,41.169548,7.5400095,-22.2921801,-46.9703565,"Rodovia Deputado Mário Beni, São Paulo, Brazylia",BR
1244,48.529114,3.9929912,-26.889701,30.9353246,"MR13, Sicunusa, Swaziland",SZ
1245,57.198555,25.730635,32.0948145,34.8566375,"Arieh Shenkar 15, Petah Tikva, Israel",IL
1246,45.165276,6.7010736,64.9976208,25.5230892,"Kainuuntie 246, 90250 Oulu, Finland",FI
1247,49.59548,8.856828,37.4775623,126.4758442,"2091-99 Unseo-dong, Jung-gu, Incheon, South Korea",KR
1248,-9.109455,15.643368,-20.1162202,23.5988142,"A3, Botswana",BW
1249,43.218414,5.898526,47.4933605,26.0112633,"DJ177C, Romania",RO
1250,50.729736,9.266661,48.949103,20.751586,"536, 053 62 Bystrany, Eslovaquia",SK
1251,52.39874,8.887655,64.1389939,-21.8054222,"Fannafold, ~ Reykjavik, Iceland",IS
1252,52.344948,8.108948,42.5064664,1.5161905,"Carrer Font del Puial, 22, AD500 Andorra la Vella, Andorra",AD
1253,51.6952,8.904872,53.9875878,24.2974349,"5003, Dzūkijos nacionalinis parkas 65285, Lithuania",LT
1254,47.41149,7.5124683,24.9502086,55.255306,D57 - Dubai - アラブ首長国連邦,AE
1255,49.310062,15.504553,61.7684471,11.4593621,"Rv217 1230, 2485 Rendalen, Norway",IS
1256,51.729904,12.297689,-25.7823628,28.4994937,"Bronkhorstspruit Road, South Africa",ZA
1257,46.58642,8.382919,53.1160767,8.7036449,"Hasenbürener Landstraße 40, 28197 Bremen, Germany",DE
1258,53.632545,9.232641,-37.6519243,176.1952728,"476A Maunganui Road, Mount Maunganui, Tauranga 3116, New Zealand",NZ
1259,57.286263,11.951781,46.0910036,14.9059784,"Spodnji Log 18, 1282 Sava, Slovenië",SI
1260,47.517067,6.3919907,55.2898112,23.9790171,"Tilto gatvė 2, Kėdainiai 57256, Lithuania",LT
1261,47.530357,10.45637,19.6748192,-101.666934,"Michoacán Erongarícuaro - Chupícuaro, Michoacán, Mexiko",MX
1262,46.93399,6.536022,-33.4713214,150.172195,"1 Saywell Street, Lithgow Nowa Południowa Walia 2790, Australia",AU
1263,49.726814,5.1816807,-44.8206646,-69.5698456,"RP23, Chubut, Argentina",AR
1264,51.859734,7.531661,18.6258867,-96.2173214,"Carretera Federal 145de Cuota, Los Robles, Veracruz de Ignacio de la Llave, Mexico",MX
1265,27.536644,5.254714,-38.471935,-67.4727967,"RP6, Río Negro, Argentina",AR
1266,54.634865,16.468012,44.0855095,-77.2391418,"86 Prince Edward County Rd 14, Demorestville, ON K0K 1W0, Kanada",CA
1267,50.11135,9.666117,48.8578553,-64.2026799,"1277-1299 QC-132, Gaspé, QC G0E, Canada",CA
1268,54.229763,8.784755,40.1007255,15.5734989,"Strada Provinciale 210, 84079 Vibonati, Salerno, Italy",IT
1269,48.99165,7.946802,-36.8145604,-59.1314743,"Ruta Provincial 60, Buenos Aires, Argentina",AR
1270,56.23388,11.635712,57.9947931,22.1440168,"77, Mäebe, 93246 Saaremaa, Estonia",EE
1271,48.90426,7.7809143,42.5859823,1.5211924,"Avinguda del Cresp, AD300 Ordino, Andorra",AD
1272,55.255913,9.846052,22.2704488,114.2436751,"11 Chong Fu Rd, Chai Wan, Hong Kong",HK
1273,48.404648,7.1551085,52.9637792,-7.7920174,"20-32 An Gleann Glas, Co. Tipperary, Ireland",IE
1274,53.60345,8.708702,54.3045641,-7.7877177,"89A Gardrum Road, Enniskillen, Fermanagh BT74 9AT, UK",GB
1275,52.65313,9.129355,56.4629048,36.5698951,"Leningradskoye shosse, Spas-Zaulok, Moskovskaya oblast, Russia",RU
1276,44.355347,5.95127,55.9703762,9.8074072,"Kvægenbjergvej 12, 8752 Østbirk, Denmark",DK
1277,54.050262,9.16379,64.9522098,25.6722742,"Mikkolantie 45, 90310 Oulu, Finland",FI
1278,48.799355,8.705257,27.785271,128.8950738,"183 Ōtsukawa, Amagi-chō, Ōshima-gun, Kagoshima-ken 891-7622, Japan",JP
1279,55.6199,36.912815,2.9305911,-75.2971812,"La Toma # 1D-1, Neiva, Huila, Colombia",CO
1280,42.253174,16.665901,19.8923478,99.1136149,"Unnamed Road, Tambon Mon Pin, Amphoe Fang, Chang Wat Chiang Mai 50110, Thailand",TH
1281,47.489006,8.469006,52.636277,-9.3920056,"Unnamed Road, Co. Клэр, Ирландия",IE
1282,52.06916,8.86832,27.3677265,89.3066635,"Bondey-Haa Hwy, Bhutan",BT
1283,49.951168,6.7015104,44.9461746,7.3276588,"Via Coassoli, 86, 10060 Cantalupa Turin, Italy",IT
1284,48.03163,6.0283966,56.3253167,21.3730365,"P113, Dunika parish, LV-3480, Latvia",LV
1285,57.73284,21.065777,51.0174128,7.0072736,"Knochenbergsweg 3, 51373 Leverkusen, Germany",DE
1286,53.952854,8.491116,62.9518339,17.6236974,"772, Kramfors V, Sweden",SE
1287,-10.066822,16.862062,-20.188005,25.2860232,"A3, Botswana",BW
1288,52.485367,10.080896,-22.5400503,27.1193837,"Yarona Road, Palapye, Botswana",BW
1289,51.416435,7.5508194,27.4966786,89.3188715,"Unnamed Road, Bhutan",BT
1290,54.726612,8.416699,1.4300653,103.9767555,"428 Pulau Ubin, Singapore 508367",SG
1291,49.51166,8.22082,39.6901132,22.852822,"Epar.Od. Agiokampou, Agia 400 03, Greece",GR
1292,57.253136,13.114493,43.1116858,-7.8460617,"LU-232, 14, Friol, Lugo, Spain",ES
1293,44.980145,7.527829,-26.1619236,28.3102741,"47 Farrar Street, Benoni 1501, South Africa",ZA
1294,47.21747,5.8687725,47.393485,8.5004486,"Bernerstrasse, 8048 Zurich, Switzerland",CH
1295,53.83928,27.922087,-19.3063314,25.8426453,"A33, Botswana",BW
1296,49.942513,7.622284,56.7466663,24.9127618,"Ozolleju iela, Lielvārde, Lielvārdes pilsēta, LV-5070, Latvia",LV
1297,50.44612,5.153054,38.0163018,-1.4988631,"C-3315, 30170 Mula, Murcia, Hiszpania",ES
1298,48.09955,8.227905,47.5177134,-1.9730863,"19 Rue du Moulin de la Justice, 44530 Guenrouet, France",FR
1299,51.02088,8.6731415,40.6163676,21.4754107,"Unnamed Road, Aminteo 530 75, Griechenland",GR
1300,49.71157,8.002257,-25.8870663,31.5097728,"MR1, Swaziland",SZ
1301,55.76843,10.704222,37.5534999,126.8365622,"311 Gangseo-ro, Gangseo-gu, Seoul, South Korea",KR
1302,51.767963,8.857485,47.9067518,18.2112528,"64 8-26, 947 03 Hurbanovo-Pavlov Dvor, Słowacja",PE
1303,57.64745,14.965584,35.1978487,129.0055506,"1262-12 Gupo 2(i)-dong, Buk-gu, Pusan, Corée du Sud",KR
1304,40.830803,4.629202,-26.5476248,31.8756879,"MR16, Swaziland",SZ
1305,54.907352,9.7565,56.735196,26.0144821,"P37, Kalsnava parish, LV-4860, Latvia",LV
1306,51.152046,8.201895,47.5833231,5.0559742,"D120, 21120 Marey-sur-Tille, France",NL
1307,58.164745,16.811098,-29.9262776,30.936276,"Higginson Highway, Chatsworth 4092, South Africa",ZA
1308,51.39442,9.006077,44.9301802,25.3040223,"DJ702A, Drăgăieşti Pământeni, Romania",RO
1309,54.375015,14.791742,44.70957,22.4069549,"Strada Gratca, Orșova, Romania",RO
1310,51.673347,7.1161785,51.1600049,4.4610916,"Hoverheide 12-18, 2540 Hove, Belgium",BE
1311,55.329617,11.776429,46.4627343,6.3371443,"Avenue de la Gare 20, 1180 Rolle, Switzerland",CH
1312,19.298555,66.754456,-36.8255841,142.6361803,"Riachella Tramline Road, Wal Wal VIC 3381, Australia",AU
1313,54.244507,6.664591,22.7615932,121.1368694,"No. 1-19, Alley 13, Lane 593, Xīnshēng Road, Taidong, Tajwan 950",TW
1314,51.836273,8.742467,22.4401016,113.9465561,"Nim Wan Rd, Lau Fau Shan, Hong Kong",HK
1315,50.58548,6.899231,37.6355921,126.8668563,"68-4 Seooreung-ro 663beon-gil, Deokyang-gu, Goyang-si, Gyeonggi-do, South Korea",KR
1316,54.167686,9.355326,48.0914411,-89.4811365,"Hwy 61, Neebing, ON P0T, Canada",CA
1317,55.23611,11.061613,47.4604181,8.4407857,"Alter Bahnhof 2, 8107 Buchs, Switzerland",CH
1318,46.29419,6.8521824,46.1799074,14.3307297,"Virmaše 123, 4220 Škofja Loka, Slovenia",SI
1319,49.197124,8.69542,50.4738536,30.6368619,"Sholom-Aleikhema street, 17, Kiev, Kyiv city, Ukraine",UA
1320,53.89716,10.068959,19.7856976,-98.7052308,"Huasteca, State of Mexico, Mexico",MX
1321,53.31303,9.276108,32.4057996,-117.055465,"Avenida Los Cuñados, Plan Libertador, Baja California, Mexico",MX
1322,50.567406,8.855749,46.1749093,13.7049424,"Volče 42c, 5220 Tolmin, Słowenia",SI
1323,53.55049,8.6477165,4.7168423,-74.0287316,"Carrera 7 # 140-2 a 140-100, Bogota, Cundinamarca, Kolumbia",CO
1324,50.702587,7.730319,38.6405951,-7.8524764,"E802, 7005, Portogallo",PT
1325,49.378593,6.550105,56.7816626,24.6493208,"Priežu iela 1, Ciemupe, Ogresgala pagasts, LV-5041, Latvia",LV
1326,45.18205,6.4412756,50.6030459,5.5022092,"Rue de la Boverie 247, 4100 Seraing, Belgium",BE
1327,24.238045,8.248253,-33.6036392,21.7842571,"R62, South Africa",ZA
1328,54.57807,9.299085,43.4434607,-5.7855194,"AS-241, 33192, Asturias, Spain",ES
1329,20.582481,19.752344,-7.2554273,-79.0948162,"PE 08 48, Peru",PE
1330,51.737717,10.303304,-25.0339349,30.8206377,"R532, South Africa",ZA
1331,46.578682,6.0594187,22.4368901,120.5163688,"No. 40-2, Róngnóng Road, Linbian Township, Pingtung County, Taiwan 927",TW
1332,49.520912,7.7358065,55.9454331,26.5920897,"Mazā Medus iela 28-30, Daugavpils, LV-5413, Latvia",LV
1333,48.834557,7.561467,48.5635343,17.9941386,"Vozokany 116, 956 05 Vozokany, Slovakia",SK
1334,50.087532,23.359219,37.5595728,127.1686785,"215 Godeok-dong, Gangdong-gu, Séoul, Corée du Sud",KR
1335,52.500854,8.422462,-36.7777076,-73.0928769,"Aviación 6949-6981, Talcahuano, Biobío Region, Chile",CL
1336,48.20547,7.659357,50.1967948,-105.39616,"Unnamed Road, Briercrest, SK S0H 0K0, Canada",CA
1337,55.56446,12.299905,55.7099931,9.4677096,"Vardevej 359, 7100 Vejle County, Denmark",DK
1338,45.807766,7.2575397,51.9460096,4.449225,"Copernicuslaan 21-23, 3045 Rotterdam, The Netherlands",NL
1339,27.895931,5.301056,24.992155,55.357965,Dubai - United Arab Emirates,AE
1340,54.45715,9.564339,46.6786249,16.0425901,"Gederovci 3, 9251 Tišina, Slovénie",SI
1341,-6.5097475,18.84139,17.511186,104.0591625,"Unnamed Road, Tambon Tha Ruea, Amphoe Na Wa, Chang Wat Nakhon Phanom 48180, Thailand",PT
1342,51.258198,8.537713,36.6658166,24.8576026,"Unnamed Road, Folegandros 840 11, Grekland",GR
1343,45.1341,7.16142,47.7157613,17.9914987,"2941 Ács, Hartmann Way 1, Hungary",HU
1344,53.81913,9.59585,24.8252657,125.1379335,"Unnamed Road, Irabu, Miyakojima-shi, Okinawa-ken 906-0000, Japan",JP
1345,47.775154,9.060198,45.083365,0.1737387,"D40, 24700 Saint-Barthélemy-de-Bellegarde, Frankrijk",FR
1346,50.850494,8.750517,23.3609662,89.1418653,"Jessore - Jhenaidah Hwy, Bangladesh",BD
1347,51.577534,9.497004,4.7520584,-74.0617542,"Calle 168 # 62-2 a 62-100, Bogotá, Cundinamarca, Colombia",AE
1348,49.514755,8.272921,51.9711303,20.1768059,"Jana III Sobieskiego 83, Skierniewice, Polska",PL
1349,47.954967,7.401906,45.7783226,16.6392694,"Gornji Draganec 132, 43245, Gornji Draganec, Croatia",HR
1350,51.144424,7.5338593,-33.8977032,-70.6485678,"G-515-H, Paine, Santiago Metropolitan Region, Chile",CL
1351,54.178802,7.6251755,1.4080688,103.9925566,"Unnamed Road, Singapore",SG
1352,5.7523127,8.788179,-15.783379,-48.127564,"BR-070, Dystrykt Federalny, Brazylia",BR
1353,50.06005,8.409107,49.3744367,3.0642008,"D16, 60350 Hautefontaine, France",FR
1354,45.58689,8.413311,45.5888467,-84.5729209,"4155-4285 Riggsville Rd, Cheboygan, MI 49721, Stany Zjednoczone",UA
1355,53.79836,9.409115,49.8059604,17.258637,"44417, Mutkov, République tchèque",CZ
1356,53.72986,9.398394,51.9160171,5.4148775,"Terweistraat 1, 4011 EX Zoelen, The Netherlands",NL
1357,49.3012,8.408772,61.4837465,21.8355167,"Virmapolku 9, 28300 Pori, Finland",FI
1358,51.8393,9.082983,-35.4350772,-71.6299089,"Treinta Oriente, Talca, Région du Maule, Chili",CL
1359,50.498154,9.689081,13.9797971,107.0757142,"Unnamed Road, Cambodia",KH
1360,51.559372,9.100161,52.3950315,9.8037021,"Neue-Land-Straße 7, 30655 Hanover, Germany",DE
1361,51.879955,6.7093763,44.114801,26.5864327,"Strada Pietruită, Chirnogi, Romania",RO
1362,48.902046,7.918025,55.9325173,21.2462646,"218, 97240, Lithuania",LT
1363,54.9495,21.690523,23.8728318,120.5880263,"No. 1, Lane 460, Section 3, Dōngmǐn Road, Tianzhong Township, Comté de Changhua, Taïwan 520",TW
1364,47.035904,7.538247,23.6658569,120.324949,"Ānwu Road, Yuanchang Township, Yunlin County, Taiwan 655",TW
1365,46.84025,6.7023783,51.712452,-8.8877594,"Unnamed Road, Co. Cork, Irlandia",IE
1366,51.312397,7.869871,64.9481597,25.5477387,"Tulipiipuntie 10, 90420 Oulu, Finland",SZ
1367,47.744743,8.194148,44.8393303,38.3975864,"ulitsa Lenina, Kholmskaya, Krasnodar Krai, Russia",RU
1368,54.687897,10.102547,40.6647147,23.6423804,"EO Thessalonikis Kavalas, Volvi 570 21, Greece",GR
1369,53.315956,12.194365,49.8454245,23.9794098,"Povitriana Street, 18, Lviv, Lviv Oblast, Ukraine",UA
1370,55.11203,10.112345,45.4999161,25.8565696,"DN1A, Romania",RO
1371,-16.875381,36.446384,-34.3420081,116.8830183,"1856 Wingebellup Road, Frankland River WA 6396, Australia",AU
1372,46.815346,7.973567,23.3594402,90.0003385,"Dhaka - Barisal Hwy, Bangladesh",BD
1373,54.085205,10.103438,38.879595,-0.5464195,"CV-6420, 46860 Albaida, Valencia, Spain",ES
1374,49.226624,6.1231337,53.0847939,-8.2179523,"Unnamed Road, Co. Galway, Ireland",IE
1375,51.20005,8.010612,-33.393212,-71.2492151,"Ruta 68, Curacaví, Santiago Metropolitan Region, Chile",CL
1376,48.517937,8.2237625,35.6241143,-97.3017692,"12839-12977 Northeast 150th Street, Jones, OK 73049, USA",US
1377,56.61208,13.73514,35.1730614,129.1013717,"840 Mangmi-dong, Suyeong-gu, Busan, South Korea",KR
1378,44.304592,7.176221,-40.0183857,-64.7490245,"RN250, Río Negro, Argentina",AR
1379,49.99491,8.619902,64.4648022,11.4969998,"Klingavegen, 7800 Namsos, Norge",NO
1380,49.192642,8.423281,33.6628104,-102.4120478,"2501-2811 Farm to Market Road 2306, Levelland, TX 79336, USA",US
1381,57.026283,11.563379,52.0240029,5.3938452,"Rijksstraatweg 238, 3956 CW Leersum, The Netherlands",NL
1382,46.869675,6.313264,53.4316909,55.9375381,"P314, Republic of Bashkortostan, Russia",RU
1383,49.781723,8.978373,1.3862344,103.644996,"Bridge Eins, Singapur",SG
1384,55.71982,11.155464,52.0240029,5.3938452,"Rijksstraatweg 238, 3956 CW Leersum, The Netherlands",NL
1385,54.08673,12.146948,10.480182,-73.2746075,"Carrera 27 # 5-2 a 5-100, Valledupar, Cesar, Colombia",CO
1386,51.30619,9.143677,49.1174957,19.0279585,"E50, Malá Fatra-OP, 038 53 Turany, Slovakia",SK
1387,47.153183,6.6141977,50.9013552,4.5467928,"Stroeykensstraat 22, 3071 Kortenberg, Belgium",BE
1388,45.929695,8.471207,24.4482544,124.210927,"Japan, 〒907-0451 Okinawa-ken, Ishigaki-shi, Fukai 県道87号線",JP
1389,51.208817,8.607233,52.4865243,-3.4243546,"2 Walk Mill, Llandinam, Powys SY17 5AA, UK",GB
1390,57.229424,16.368284,52.2198763,6.8036989,"Haimersweg 200, 7547 RR Enschede, The Netherlands",NL
1391,44.649155,7.930415,27.4389148,89.4314246,"Unnamed Road, Paro, Bhutan",BT
1392,48.391266,7.376672,51.2549122,-108.3760253,"Bisley School Rd, Plato, SK S0L 2P0, Canada",CA
1393,49.181328,7.3587637,49.3509369,14.0881456,"Čížová 43, 397 01 Čížová, Czech Republic",CZ
1394,49.45643,9.142619,38.2599876,23.0047624,"Epar.Od. Thivas-Paralia Sarantis 838, Thiva 320 10, Greece",GR
1395,48.217766,8.73651,22.4604715,114.1789695,"Fung Yuen Rd, Hong Kong",HK
1396,55.2216,10.066524,24.9828098,55.0937398,Sheikh Zayed Rd - Dubai - Förenade Arabemiraten,AE
1397,48.018982,8.447524,42.6626444,26.6868934,"7, 8883 Gorno Aleksandrovo, Bulgarie",BG
1398,50.122807,7.1754065,25.2504254,55.3455341,D70 - Dubai - United Arab Emirates,AE
1399,53.466644,7.68272,18.6231653,-99.2267824,"Plan de Iguala, Morelos, Mexico",MX
1400,52.173107,8.864568,46.9789193,7.3673739,"Uettligenstrasse 63-69, 3033 Wohlen, Switzerland",CH
1401,49.96511,8.019849,46.7155561,21.5629659,"E671, Romania",RO
1402,51.04186,8.824552,48.5487713,19.4127923,"Milana Rastislava Štefánika 55, 962 12 Detva, Slovakia",SK
1403,48.97352,6.94032,37.451782,127.0009988,"451-9 Gwacheon-dong, Gwacheon-si, Gyeonggi-do, South Korea",KR
1404,44.96283,8.375936,-5.5635274,-80.8072373,"1NK, Peru",PE
1405,46.164646,15.107649,39.1280253,-8.9920379,"N1, 2580 Abrigada, Portugal",PT
1406,56.0456,10.248297,4.9872581,-75.5659558,"I-25, Manizales, Caldas, Kolumbia",CO
1407,56.027885,9.95661,37.4907823,127.0224995,"116 Saimdang-ro, Seocho-gu, Seoul, South Korea",KR
1408,47.678925,7.1242924,43.6299957,12.594056,"Strada Provinciale 55, 61041 Acqualagna, Pesaro and Urbino, Italy",IT
1409,53.755848,9.822533,1.410545,103.9904566,"840W Pulau Ubin, Singapore 508381",SG
1410,49.44816,8.702882,-7.2232393,112.7263332,"Jl. Tg Karang, Krembangan, Kota SBY, Jawa Timur 60177, Indonesia",ID
1411,44.776783,18.70117,20.7430819,-105.3139887,"Boulevard Central, Nayarit, Mexico",MX
1412,37.67151,65.65586,38.3927816,-8.3159698,"Unnamed Road, 7580 ポルトガル",PT
1413,51.6751,9.308734,57.37785,15.6062374,"Storgatan, 570 81 Järnforsen, Sweden",SE
1414,48.6725,8.800927,-26.6698404,26.3637693,"R503, South Africa",ZA
1415,34.63996,57.70503,31.9598273,34.8614429,"Eitan Street, Nir Cvi, Izrael",US
1416,48.894073,7.5964327,50.1967948,-105.39616,"Unnamed Road, Briercrest, SK S0H 0K0, Canada",CA
1417,55.722008,16.07924,47.4920249,8.7449565,"Tösstalstrasse 106, 8400 Winterthour, Suisse",CH
1418,52.19292,9.259592,46.0353405,14.4888711,"Pod bukvami 22, 1000 Ljubljana, Słowenia",SI
1419,49.34621,8.231294,42.2827463,25.9329267,"554, 6260 Radnevo, Bulgaria",BG
1420,48.948452,8.578026,38.1509913,20.3816044,"Κουνοπετρα, Kefalonia 282 00, Grecja",GR
1421,50.084038,9.381893,53.4850594,10.1933873,"Wehrdeich 55, 21035 Hamburg, Germany",DE
1422,37.211388,67.77846,-7.574071,110.874932,"Jl. Ngak Ketemu, Mojolaban, Sukoharjo, Jawa Tengah 57554, Indonesia",ID
1423,48.501434,6.9654045,44.7294299,26.644128,"Strada Abatorului, Urziceni 925300, Romania",RO
1424,42.30134,5.706579,38.1315719,-8.2578403,"Unnamed Road, 7900 Figueira dos Cavaleiros, ポルトガル",PT
1425,57.23642,13.775819,55.6733449,12.3923583,"Nordre Ringvej 97, 2600 Glostrup, Dänemark",IS
1426,47.628338,8.770555,6.3395749,100.4203754,"North-South Expy, 06000 Jitra, Kedah, Malaysia",MY
1427,45.47149,8.727287,65.6459407,-16.3548439,"Route 1, Iceland",IS
1428,43.25158,49.794197,35.0846921,129.0256227,"705 Nambumin 2(i)-dong, Seo-gu, Busan, South Korea",KR
1429,47.59587,8.635514,57.9172133,25.874459,"Piiri-Jeti, 68513 Valga County, Estonia",KR
1430,52.257553,9.146366,44.870774,10.1950279,"A1 Milano - Napoli, 43012 Fidenza, Parma, Italy",IT
1431,51.840244,9.024308,49.1612757,14.7372153,"00352, 391 81 Vlkov, Czech Republic",CZ
1432,51.192703,8.603583,43.2112054,26.8023411,"5102, 7740 Nadarevo, Bulgaria",BG
1433,52.853756,9.620672,46.3094535,15.6908409,"Dežno pri Makolah 39, 2321 Makole, Słowenia",SI
1434,52.613102,9.863558,31.7486554,35.1871523,"Derech Yitshak Moda'i, Jerusalem, Israel",IL
1435,46.41956,5.6300383,50.9158229,3.3480016,"Sparrestraat 4-6, 8710 Wielsbeke, Belgium",BE
1436,56.833866,16.097092,-33.4432076,-70.7299553,"Los Clarines 6680-6698, Lo Prado, Región Metropolitana, Chili",CL
1437,51.41385,7.8727903,52.5491875,13.1590497,"Paul-Gerhardt-Ring 4, 13589 Berlin, Germany",DE
1438,40.621483,4.9158034,-29.8691391,20.7303865,"R27, South Africa",ZA
1439,54.80703,9.945092,-33.6567523,-70.5866304,"Moseñor Manuel Larraín, Pirque, Santiago Metropolitan Region, Chile",CL
1440,50.54222,8.907746,2.5009864,-60.8830441,"BR-174, Boa Vista - RR, Brazil",NZ
1441,57.11281,18.862541,-5.1959156,-80.6264553,"Ica, Piura, Pérou",PE
1442,49.98697,11.395237,5.2653985,116.9727944,"Unnamed Road, Kinabatangan, Sabah, Malaysia",MY
1443,57.38117,19.805456,52.0240029,5.3938452,"Rijksstraatweg 238, 3956 CW Leersum, The Netherlands",NL
1444,49.348373,7.007884,46.6493217,15.3836919,"Spodnja Kapla 106, 2362 Kapla, Slovenia",SI
1445,23.943264,40.55823,-27.352555,-53.4013138,"Rua Tamoios, 232-354 - Fatima, Rio Grande do Sul, 98400-000, Brazil",BR
1446,-10.918269,19.79429,-26.9159344,31.3383031,"MR9, Nhlangano, Swaziland",SZ
1447,50.56653,9.874773,23.6028195,89.1811769,"Kushtia - Jhenaidah Hwy, Bhatai Bazar, Bangladesh",BD
1448,47.90467,9.871791,32.1727012,34.8996342,"Blum 1-5, Kfar Saba, Israel",IL
1449,45.242275,5.3858633,51.7475638,5.833689,"Steegstraat 24, 5439 NL Linden, The Netherlands",NL
1450,47.90926,7.5815325,22.444602,114.1308817,"Lam Kam Rd, Lam Tsuen, Hong Kong",HK
1451,51.293983,8.93674,46.429306,30.739974,"Zhabotyns'koho street, 1-5, Odesa, Odessa Oblast, Ukraine",UA
1452,51.422462,8.072592,4.88702,103.0433988,"T117, Kampung Lubuk Periok, 21800 Kuala Berang, Terengganu, Malaysia",MY
1453,56.540436,12.519647,-19.1750515,23.7512606,"Unnamed Road, Botswana",KH
1454,56.22709,9.734945,47.393485,8.5004486,"Bernerstrasse, 8048 Zurich, Switzerland",CH
1455,45.54738,6.6387663,53.4002741,-6.3799234,"59 Corduff Park, Dublin, Ireland",IE
1456,44.990997,7.1295547,50.8396051,4.2298319,"Sint-Annastraat 1, 1701 Dilbeek, Belgium",BE
1457,54.48921,9.751463,-34.0023052,18.5693794,"8057 Lansdowne Road, Cape Town 7750, South Africa",ZA
1458,48.730587,8.084237,56.1764796,12.9073955,"112, 262 95 Ängelholm, Sweden",SE
1459,51.092415,32.302647,-9.8307454,-76.0930236,"18A 2018, Peru",PE
1460,50.7775,7.62284,-34.4747757,116.8895095,"7918 Muirs Highway, Frankland River WA 6396, Australia",AU
1461,53.54087,9.242178,26.7673268,128.2580987,"Unnamed Road, Sate, Kunigami-son, Kunigami-gun, Okinawa-ken 905-1425, Japan",JP
1462,54.18566,9.183104,32.6314324,35.123777,"66, Israel",IL
1463,13.350068,6.264243,47.3675534,20.3909522,"5061 Tiszasüly, 3224, Hungary",HU
1464,50.954426,6.9239273,58.9706318,9.1685919,"Fylkesveg 256 540, 3760 Neslandsvatn, Norway",NO
1465,50.410313,8.861461,54.4162079,16.5525099,"Droga Wojewódzka 205, Poland",PL
1466,44.70632,7.118971,38.9810741,-8.6937728,"Unnamed Road, 2120 Foros de Salvaterra, Portugal",PT
1467,51.073044,8.794764,-36.7132096,175.7844224,"822 Black Jack Road, Opito Bay 3592, New Zealand",NZ
1468,52.706047,9.139318,27.3106661,91.0641247,"Bumthang - Ura Hwy, Bhutan",BT
1469,-0.20709586,10.546982,-24.2260168,26.1718687,"A1, Botswana",BW
1470,58.27072,17.6299,46.765252,16.0170994,"Pertoča 89, 9262 Rogašovci, Slovenia",SI
1471,48.330727,5.275242,49.4401881,19.3130176,"520010, 029 63 Mútne-Mútňanský Duľov, Slovakia",SK
1472,49.23887,7.246417,52.1760085,5.4622366,"Oosterdorpsstraat 25-27, 3871 AA Hoevelaken, The Netherlands",NL
1473,45.14125,7.126008,-28.2887808,-61.4558519,"RN95, Santa Fe, Argentína",AR
1474,50.251133,8.123568,19.2009767,-98.8727927,"Calle Río San Juan, Temamatla, State of Mexico, Mexico",MX
1475,23.126324,5.1261606,-28.2740611,27.7068491,"R707, South Africa",ZA
1476,56.45356,30.577866,45.3835196,36.8753792,"M25, Krasnodar Krai, Russia",RU
1477,52.672985,11.349521,45.9870545,7.7707542,"Bahnhof Gornergrat 1, 3920 Zermatt, Switzerland",CH
1478,51.682377,9.202193,42.985499,144.8809048,"334 Tokotan, Akkeshi-chō, Akkeshi-gun, Hokkaidō 088-1107, Japón",JP
1479,53.913483,9.438465,10.480182,-73.2746075,"Carrera 27 # 5-2 a 5-100, Valledupar, Cesar, Colombia",CO
1480,48.02568,58.537464,1.2463674,103.8245988,"110 Tanjong Beach Walk, Singapore 098943",SG
1481,48.230312,8.003289,55.9477812,25.5786204,"Vilties gatvė 26, Rokiškis 42154, Lithuania",LT
1482,57.449272,12.262967,46.274883,13.9571474,"Ajdovska cesta 8, 4264 Bohinjska Bistrica, Słowenia",SI
1483,52.260014,9.142218,60.9163273,25.624616,"E75, 15700 Hollola, Finland",FI
1484,53.00698,9.775013,49.6109867,35.5417344,"E105, Kharkiv Oblast, Ukraine",UA
1485,55.567917,9.774204,-12.2669733,-76.8786056,"Antigua Panamericana Sur, Lima, Peru",PE
1486,50.992813,8.142367,-27.4903855,-57.275937,"Ruta Nacional 12, Corrientes, Argentina",AR
1487,50.531734,8.436927,40.5916005,-6.657502,"Autovía de Castilla, 37497 Carpio de Azaba, Salamanca, Spain",ES
1488,50.781246,8.690834,39.1180747,-4.9472931,"BA-066, 06660 Fuenlabrada de los Montes, Badajoz, Spain",ES
1489,54.061718,9.675296,35.2212298,128.9444359,"1047-17 Daejeo 1(il)-dong, Gangseo-gu, Busan, Coreea de Sud",KR
1490,51.419853,6.7505026,43.5392553,16.8582094,"D60, 21244, Cista Velika, Croatia",HR
1491,49.000443,8.290679,43.6847226,26.4070887,"2003, 7038 Senovo, Bulgaria",BG
1492,49.543983,8.63264,49.8074193,24.1328573,"Lomonosova street, 31, Vynnyky, Lviv Oblast, Ukraine",UA
1493,49.67606,8.55035,51.6665954,4.5897128,"Distriboulevard 5, 4761 RZ Zevenbergen, The Netherlands",NL
1494,58.133587,16.901758,46.3886955,17.8428255,"7400 Kaposvár, Tamási Áron Street 13-15, Węgry",HU
1495,51.58972,8.683211,39.1895504,-0.3298558,"CV-511, 1, 46418 Fortaleny, Valencia, Espanja",ES
1496,52.706223,8.771838,46.0117191,2.0080225,"D17, 23480 Saint-Sulpice-les-Champs, France",FR
1497,50.415802,7.944499,32.0747676,34.8925434,"Assaf Simhoni 14, Petah Tikva, Israel",IL
1498,52.433865,9.092183,46.478751,0.0632616,"E5, 86600 Curzay-sur-Vonne, France",FR
1499,52.952946,14.6625395,42.5533327,1.5074136,"CG-4, 15, AD400 La Massana, Andorra",AD
1500,56.08019,22.656494,38.432496,-122.8456802,"7860 Scotts Terrace, Sebastopol, CA 95472, EUA",US
1501,46.301388,6.0365124,42.8037726,3.0310114,"Quai du Grau Saint-Ange, 66420 Le Barcarès, France",FR
1502,53.77793,9.135256,-41.4721395,-72.9870352,"Pasaje Dos 205-2041, Puerto Montt, Région des Lacs, Chili",CL
1503,50.197372,7.7133636,-33.3510147,-66.3639927,"Autopista de las Serranías Puntanas, San Luis, Argentina",AR
1504,53.80365,9.539872,-8.2849323,-35.9445796,"Avenida Oslo, 133-153 - Deputado José Antonio Liberato, Pernambuco, 55027-010, Brazil",BR
1505,55.01636,7.5989676,34.5631087,134.3500543,"Japan, 〒761-4401 Kagawa-ken, Shōzu-gun, Shōdoshima-chō, Yoshida 県道26号線",JP
1506,54.101986,9.753153,23.4940625,120.79398,"605, Kínai Köztársaság, Chiayi County, Alishan Township, 阿里山公路",TW
1507,45.155777,8.718973,42.3341811,-81.9057065,"18730-18934 Mull Road, Chatham-Kent, Ontario N0P 1A0, Kanada",CA
1508,52.11512,8.481628,45.6354558,9.3635121,"Tangenziale Est, Vimercate, Monza and Brianza, Italy",IT
1509,50.162495,9.335975,46.5453377,6.5708286,"Chemin du Saugy 1, Arc-en-Ciel, 1023 Crissier, Switzerland",CH
1510,46.858738,7.434145,50.2768436,4.3204142,"Rue de la Sucrerie 123, 6536 Arrondissement of Thuin, Belgium",BE
1511,49.384224,7.5654936,-19.7419071,-44.8831473,"Avenida Venero Caetano, 1, Minas Gerais, 35668-000, Brazil",BR
1512,52.07755,9.658018,49.9860453,36.2114611,"Marshala Malynovs'koho square, 10, Kharkiv, Kharkiv Oblast, Ukraine",UA
1513,51.617393,8.062056,27.4966786,89.3188715,"Unnamed Road, Bhutan",BT
1514,49.01947,10.007932,-26.2138615,31.9149464,"MR3, Simunye, Swaziland",SZ
1515,48.39869,8.412631,41.6154266,-5.6482623,"CL-612, 16, 49123 Benegiles, Zamora, España",ES
1516,49.300564,8.270695,56.8719929,22.2410858,"Kārļa iela, Vārme, Vārme parish, LV-3333, Latvia",LV
1517,50.45623,8.729411,42.5537158,1.4467562,"CG-4, AD400 La Massana, Andorra",AD
1518,46.393547,5.7252636,51.2352361,5.5372713,"Merelstraat 29, 3930 Hamont-Achel, Belgique",BE
1519,57.316376,19.436636,57.6483832,25.0363497,"Skolas iela 26, Matīši, Matīši parish, LV-4210, Latvia",LV
1520,51.619743,8.773003,42.239313,25.945045,"554, 6262 Beli bryag, Bulgarije",BG
1521,49.22303,8.656036,58.4360329,26.4625821,"E263, 60603 Tartu County, Estonia",EE
1522,51.06935,8.651056,-26.3351385,152.8675395,"26 Bazzo Road, Pinbarren QLD 4568, Australia",AU
1523,46.389572,6.8216667,24.4053016,91.5982175,"Dhaka - Sylhet Hwy, Bangladesh",BD
1524,52.43393,7.784522,51.7299771,19.4285468,"Libijska 11-15, 93-480 Lodz, Poland",PL
1525,58.488533,21.080244,50.5501715,15.7739961,"Čermná 174, 543 77 Čermná, Czech Republic",CZ
1526,47.38955,6.6037903,46.8637712,7.2686295,"Schneidersmatt, 3184 Flamatt, Switzerland",CH
1527,54.2339,9.83444,53.4324733,-6.4543576,"3 Tetrarch Grove, Clonee, Co. Meath, Ireland",IE
1528,45.99592,5.7908344,-33.5807992,-62.6046917,"RN8, Córdoba, Argentina",AR
1529,49.888367,8.049022,50.645069,5.1353972,"Chaussée de Tirlemont, 4280 Hannut, Belgium",BE
1530,55.557014,10.152608,51.9627831,5.4439263,"Homoetsestraat 44, 4024 HJ Eck en Wiel, The Netherlands",NL
1531,42.735977,5.8957796,-25.6502923,26.7061987,"36 Andries Pretorius Street, Swartruggens 2835, South Africa",ZA
1532,47.918373,7.9384155,59.0266179,6.0265799,"Fjelltunvegen 65, 4100 Jørpeland, Norway",NO
1533,50.88323,9.579323,42.8278674,12.5088667,"Località Viepri, 8-11, 06056 Viepri, Perugia, Italy",IT
1534,55.004623,9.523159,56.841608,24.5015716,"P10, Jaunikšķile, Ikšķiles lauku teritorija, LV-5052, Latvia",LV
1535,37.08106,72.35538,1.3368308,103.78106,"968 Dunearn Rd, Singapore",SG
1536,51.3808,9.170004,1.2799181,103.8556055,"18 Marina Blvd, Singapore",SG
1537,51.644016,7.7789793,22.3935509,89.0735264,"Satkhira - Kalaroa Rd, Bangladéš",BD
1538,51.58669,8.274504,65.4396354,-20.585839,"Þjóðvegur, Islandia",IS
1539,48.59454,8.061379,23.8861277,89.1058197,"Kushtia - Jhenaidah Hwy, Kushita, Bangladesh",BD
1540,56.583805,15.904378,32.5322101,34.9257006,"Bahat 242-243, Beit Hanania, Israel",IL
1541,47.0224,6.555008,40.7903216,8.5404081,"SP25, km8,5, 07037 Sorso, Porto Torres Sassari, Italy",IT
1542,52.845528,8.677094,42.5394054,1.4779919,"CG-4, AD400 La Massana, Andorra",AD
1543,49.969177,9.329442,49.8403355,5.0892886,"Route de Sedan, 6832 Bouillon, Belgium",BE
1544,49.2476,6.6262693,46.2613991,15.4926139,"Bobovo pri Ponikvi 10, 3232 Ponikva, Slovenia",SI
1545,51.868652,8.970936,55.5361796,-4.6133261,"A78, Monkton, South Ayrshire, UK",GB
1546,56.47775,11.111941,25.2712332,55.2911454,Al Khaleej Rd - Dubai - United Arab Emirates,AE
1547,49.700016,8.363538,40.4340361,141.5826243,"Hayashimae-14 Toyabe, Hashikami-chō, Sannohe-gun, Aomori-ken 039-1203, Japan",JP
1548,49.47084,7.822009,44.0653016,23.4344652,"DJ522A, Cioroiu Nou, Romania",RO
1549,57.851852,19.07667,55.482914,37.5302599,"Ryazanovskoye shosse, Obwód moskiewski, Rosja",RU
1550,47.40648,6.4770794,37.3868762,-8.2664702,"Unnamed Road, 7700, Portugal",PT
1551,47.792538,6.831296,43.4588624,10.9153004,"SP62, Volterra, Pisa, Italy",IT
1552,48.86852,8.511355,48.8439207,16.6907534,"421, Milovice, Czech Republic",CZ
1553,50.904636,9.133086,59.4154224,5.4143401,"Frakkagjerddalen 17-18, 5563 Førresfjorden, Norway",NO
1554,55.444954,11.05095,22.4333652,89.043889,"Satkhira - Kalaroa Rd, Bangladesh",BD
1555,51.42428,8.252352,-6.8882867,109.6244708,"Jl. Pattimura, Wiradesa, Pekalongan, Jawa Tengah 51152, Indonesia",ID
1556,57.26264,22.61664,46.3626305,-91.8313157,"11021 U.S. 53, Solon Springs, WI 54873, USA",US
1557,47.28538,6.024558,-26.5084509,30.0016206,"80 Pet Street, Ermelo 2351, South Africa",ZA
1558,53.06286,9.160457,60.8215772,15.0036889,"Byängsgattu 33, 793 70 Tällberg, Sweden",SE
1559,53.40785,9.355014,20.6523352,-103.0426902,"Mexico 80, Jalisco, Mexique",MX
1560,51.185955,9.075132,18.7267986,100.8223795,"Unnamed Road, Tambon Nam Kian, Amphoe Phu Phiang, Chang Wat Nan 55000, Thailand",TH
1561,50.605103,5.659773,40.5090201,16.5654971,"Via A. Moneta, 1, 75016 Pomarico Matera, Italien",IT
1562,45.784225,7.53008,64.825712,-22.4019186,"Kolviðarnesvegur, 311, Islande",IS
1563,46.933914,6.390213,55.8294512,9.8360071,"Krokusvej 67, 8700 Horsens, Denmark",DK
1564,55.43776,10.19997,43.0317579,27.4383165,"2083, 9261 Tsonevo, Bulgaria",BG
1565,56.087765,11.889317,45.8500852,12.6598204,"SP43, 33087 Villaraccolta-buset Pordenone, Italy",IT
1566,52.47052,8.624948,42.5170877,1.5296674,"Ctra. dels Vilars, 38-54, AD700 Escaldes-Engordany, Andorra",AD
1567,52.94837,9.266901,50.4263484,30.4339232,"Odeska Street, 8-10, Kyyiv, Kyiv city, Ukraine",UA
1568,52.083076,9.115338,38.6233636,-3.6023183,"Ronda de Sol, 13, 13739 Villalba de Calatrava, Ciudad Real, Spain",ES
1569,46.325226,5.9818163,25.131049,55.5296639,Ras Al Khor Rd - Dubai - United Arab Emirates,AE
1570,48.670555,8.455976,23.0490301,89.178601,"Monirampur - Jhikorgacha Rd, Bangladesh",BD
1571,54.003403,12.843531,25.2326637,55.4040794,Airport Rd - Dubai - United Arab Emirates,AE
1572,47.02503,8.226733,56.4037607,22.3547494,"Parka iela 4, Ezere, Ezere parish, LV-3891, Latvia",LV
1573,53.304543,8.505515,56.0254055,10.2142222,"Starupvej 135, 8340 Malling, Danemark",DK
1574,49.06256,7.143097,46.4041103,-81.1892535,"Saint Louis Street, Greater Sudbury, ON P3Y 1G2, Canada",CA
1575,48.089752,8.267282,5.5648442,-73.4190469,"Cucaita - Tunja, Sora, Boyacá, Kolumbia",CO
1576,53.652546,9.415759,-6.871987,109.1138402,"Jalur Pantura No.26, Tegal Bar., Kota Tegal, Jawa Tengah 52147, Indonesien",ID
1577,16.497381,3.0863764,-26.3833027,31.8625434,"MR3, Swaziland",SZ
1578,48.92289,8.213575,-18.1098509,25.3226349,"A33, Botswana",BW
1579,48.660873,7.952052,54.7259093,38.3841688,"Р114, Moskovská, Rusko",RU
1580,46.59575,7.2680426,50.4263484,30.4339232,"Odeska Street, 8-10, Kyyiv, Kyiv city, Ukraine",UA
1581,50.13298,6.6608,-26.287397,-48.8488511,"Rua Doutor João Colin, 1536-1602 - Santo Antonio, Joinville - Santa Catarina, 89218-035, Brazil",BR
1582,49.286636,3.3074708,54.6873962,25.2780825,"Gediminas Avenue 15-17, Vilnius 01103, Lithuania",LT
1583,47.00583,6.8305674,55.8294512,9.8360071,"Krokusvej 67, 8700 Horsens, Denmark",DK
1584,52.49942,9.487348,32.9550701,35.2114311,"8533, Yarka, Israel",AU
1585,50.36577,9.393015,49.6109867,35.5417344,"E105, Kharkiv Oblast, Ukraine",UA
1586,-23.340977,22.223812,-26.3728241,30.9299223,"MR19, Swaziland",SZ
1587,45.38771,6.282962,-36.643501,174.6625652,"Auckland-Waiwera Motorway, Dairy Flat 0794, New Zealand",NZ
1588,45.0617,18.882467,-6.3434947,106.9862423,"Jl. Cikiwul No.13, Bantargebang, Kota Bks, Jawa Barat 17152, Indonesia",ID
1589,57.30162,12.387488,3.0910031,101.8942377,"Jalan Sungai Lalang, 43500 Semenyih, Selangor, Malaysia",MY
1590,48.490902,7.9946356,60.7757419,11.1633076,"Fylkesveg 117 51, 2312 Ottestad, Norway",NO
1591,51.289055,8.934257,58.4738825,8.8455225,"Fylkesveg 197 410, 4812 Kongshavn, Norvège",NO
1592,51.598087,8.317716,42.5887968,1.6665666,"Ctra. de la Vall d'Incles, AD100 Canillo, Andorra",AD
1593,51.25032,8.115777,47.0660899,7.6068854,"Kirchbergstrasse 187, Burgdorf Zustellung, 3400 Burgdorf, Switzerland",CH
1594,50.15664,8.282671,-46.2888654,168.2507337,"292 Argyle-Otahuti Road, Waianiwa 9874, New Zealand",SI
1595,47.71734,6.8923664,50.6937208,4.0341937,"Rue de Nazareth 23, 7850 Enghien, Belgium",BE
1596,49.95835,10.680104,-26.2103654,31.0303871,"MR3, Ngwenya, Swaziland",SZ
1597,52.626526,9.103184,29.1100354,-110.9793581,"Manuel I. Loaiza 344, Olivares, 83180 Hermosillo, Sonora, Mexico",MX
1598,45.95968,5.3860188,43.3468093,23.1062576,"815, 3527 Bistrilitsa, Bulgaria",BG
1599,49.840813,9.1833725,45.2908913,16.0711935,"D6, 44403, Dolnjaki, Croatia",HR
1600,51.734886,9.599453,56.3164277,22.8861731,"V. Kudirkos gatvė 18A, Naujoji Akmenė 85171, Lithuania",LT
1601,49.59215,8.442049,35.1741142,129.0358504,"601-29 Buam 3(sam)-dong, Busanjin-gu, Busan, South Korea",KR
1602,45.029263,6.0799904,49.9589572,5.6069166,"Jodenville 20, 6640 Vaux-sur-Sûre, Belgium",BE
1603,45.18416,5.443331,52.327489,17.9741224,"Droga Wojewódzka 263, Poland",PL
1604,51.70234,8.535739,34.8336853,132.0485111,"395 Tabasechō, Hamada-shi, Shimane-ken 697-1332, Japan",JP
1605,54.197372,9.647672,45.496882,11.1223834,"SP37b, 37030 Mezzane di sotto VR, Italia",IT
1606,-18.090263,19.586088,-33.4210192,138.6282629,"Belalie East Road, Spalding SA 5454, Australia",AU
1607,39.855957,3.0849578,-33.0682278,-71.3689595,"Nva Toltén, Villa Alemana, 발파라이소 칠레",CL
1608,47.428337,6.2317753,2.3712746,102.8866153,"Jln Muar-Labis, 85300 Labis, Johor, Malaysia",MY
1609,45.188335,7.8754187,54.0902497,-124.1111506,"Stuart Lake Hwy, Vanderhoof, BC V0J 3A2, Canada",CA
1610,49.98147,5.949642,25.1735808,55.2157739,1 7 B St - Dubai - United Arab Emirates,AE
1611,55.736725,10.142471,32.1295997,34.8555277,"HaNevi'im 8-38, Ramat HaSharon, Israel",IL
1612,49.868416,7.3326426,51.1239194,3.3225733,"Berkenstraat 14-24, 8730 Beernem, Βέλγιο",BE
1613,50.87587,8.590439,25.0532923,121.1912727,"337, Taiwan, Taoyuan County, Dayuan Township, 桃43鄉道",TW
1614,49.287514,8.30901,-27.1053278,31.0741307,"MR9, Swaziland",SZ
1615,48.90886,7.9146585,55.8682322,26.0780169,"3622, 32270, Lithuania",LT
1616,49.008583,7.1706953,53.3940802,-0.6831933,"26 Hill Road, Gainsborough, Lincolnshire DN21 5PY, UK",GB
1617,52.28808,9.042024,55.0623853,74.9338126,"P-254, Omskaya oblast', Russia",HR
1618,54.88159,10.680576,51.9037293,5.9082758,"Dikelsestraat 2, 6681 LD Bemmel, The Netherlands",NL
1619,53.45583,9.075085,38.4844043,-4.102389,"CR-5001, 4, 13593 Solana del Pino, Ciudad Real, Spain",ES
1620,47.396683,7.4145327,56.8837267,21.2012013,"Dzintaru iela 97-99, Pāvilosta, Pāvilostas pilsēta, LV-3466, Latvia",PE
1621,51.51715,7.510311,58.4360329,26.4625821,"E263, 60603 Tartu County, Estonia",EE
1622,53.962997,8.655728,51.7680525,5.4969463,"Ussenstraat 100, 5345 HW Oss, The Netherlands",NL
1623,37.51396,42.52804,1.4882711,103.7719972,"14, Jalan Kerambit 1, Taman Sri Tebrau, 80050 Johor Bahru, Johor, Malaysia",MY
1624,55.69354,11.226586,49.9360345,36.1990573,"Svystunivs'ka street, Kharkiv, Kharkiv Oblast, Ukraine",UA
1625,53.507812,11.077599,58.0890227,27.4640547,"Räpina-Kahkva, Sillapää, 64420 Põlva County, Estonia",EE
1626,54.86328,10.048284,60.7837355,25.9787291,"172 348-398, 16270 Orimattila, Finland",FI
1627,45.83741,6.5932846,11.0120143,103.6674068,"Unnamed Road, ឃុំ ជ្រោយស្វាយ, Kambodža",KH
1628,44.51582,11.9905815,-26.3794905,31.0628963,"MR19, Swaziland",SZ
1629,47.29904,7.2737465,55.4332431,10.6114364,"Ladbyvej 163, 5300 Kerteminde, Denemarken",DK
1630,53.355545,9.832643,58.7727267,25.4855427,"Oisu-Kärevere-Taikse, 72309 Järva County, Estonia",EE
1631,53.43036,9.366471,52.1879139,5.4112893,"Rijksweg, Amersfoort, The Netherlands",NL
1632,48.435738,6.398655,54.8819104,23.7633043,"1932, 53330, Lithuania",LT
1633,55.63365,12.220647,-44.9924682,171.0434234,"254 Hilderthorpe Road, Hilderthorpe 9493, New Zealand",NZ
1634,47.99308,7.7055855,53.4002741,-6.3799234,"59 Corduff Park, Dublin, Ireland",IE
1635,52.140427,9.257191,46.1765579,21.5991128,"DJ708B, Cuvin, Romania",RO
1636,51.4525,10.79006,-6.6012832,106.7564248,"Jl. Ciomas Permai No.81, Ciomas, Bogor, Jawa Barat 16610, Indonesia",ID
1637,51.19963,8.396635,66.2309053,25.7793138,"19654 1137-1201, 97690 Rovaniemi, Finland",FI
1638,50.09635,37.57671,-10.6883215,-76.2524378,"Bolivar, Cerro de Pasco, Peru",PE
1639,46.538208,6.860467,52.1553756,-0.4661687,"18 Kestrel Road, Bedford, Bedford Borough MK41, Royaume-Uni",GB
1640,58.40219,28.981976,27.1518625,90.0726521,"Wangdue - Tsirang Hwy, Bhutan",BT
1641,35.736435,71.510185,35.328599,129.2797806,"257-41 Wolnae-ri, Jangan-eup, Gijang-gun, Busan, South Korea",KR
1642,50.36331,8.524081,49.2995753,-109.7052319,"Saskatchewan 615, Consul, SK S0N 0P0, Canada",CA
1643,55.68396,9.995298,-37.5761941,174.8853757,"279 Dixon Road, Te Akau 3794, New Zealand",NZ
1644,54.133247,17.126839,-35.8367049,-71.5677286,"A Panimavida, Linares, Maule Region, شیلی",CL
1645,51.734665,8.316002,47.9457228,20.0226087,"3243 Bodony, Ballai Street 5, Hungary",HU
1646,56.09856,10.219265,22.435848,114.401893,"Sharp Peak Path, Sai Kung, Hong Kong",HK
1647,51.887634,7.7147903,44.6777951,15.6439339,"D25, 53230, Bunić, Croatia",HR
1648,57.15966,15.928789,32.1005214,34.854468,"Derekh Em Hamoshavot, Petah Tikva, Israel",IL
1649,57.88346,18.403801,45.1721843,-122.4309044,"21131-21215 Woodburn-Estacada Highway, Colton, OR 97017, USA",US
1650,49.246284,7.267516,52.1534857,-9.2473858,"Unnamed Road, Co. Kerry, Ireland",IE
1651,52.018642,9.8475895,46.1590917,23.8841057,"DC34, Tiur, Roemenië",RO
1652,48.632973,7.8635178,56.9416782,24.0373663,"Šampētera iela 9-11, Zemgales priekšpilsēta, Rīga, LV-1046, Latvia",LV
1653,47.66936,7.2826424,42.209682,139.5491715,"Japan, 〒043-1404 Hokkaidō, Okushiri-gun, Okushiri-chō, Miyatsu 道道39号線",JP
1654,53.69175,9.3904,63.616236,11.1557254,"Fylkesveg 108 50, 7630 Åsen, Norway",NO
1655,54.28016,11.476449,55.8288207,25.5295475,"120, Lithuania",LT
1656,40.76632,8.867077,-28.8051324,-66.954761,"Unnamed Road, La Rioja, Argentina",AR
1657,45.768883,8.105338,37.054388,-78.650982,"829-859 David Bruce Highway, Charlotte Court House, VA 23923, USA",US
1658,46.53968,6.3719673,47.1230112,-119.1293288,"2488 Road Q Northeast, Moses Lake, WA 98837, USA",US
1659,50.196594,7.6610107,56.1697855,10.19969,"Niels Jensens Vej 8, Aarhus University, 8000 Aarhus, Denmark",DK
1660,44.214806,5.3585997,64.6161802,-22.1155021,"Iceland, 540",IS
1661,52.805412,9.139324,-33.6863782,-59.6420781,"Avenida España, San Pedro, Buenos Aires, Argentina",AR
1662,50.991596,9.161716,-31.7178127,27.9591392,"R61, Engcobo 5050, South Africa",ZA
1663,47.003662,54.574223,-27.3647279,-70.3375097,"Yumbel 320-390, Copiapó, Región de Atacama, Chile",CL
1664,51.58552,7.306796,22.7008887,120.5134712,"Jīnchéng Street, Pingtung City, Pingtung County, Taiwan 900",TW
1665,54.262054,10.434835,22.2944919,113.9521533,"Man Tung Rd, Tung Chung, Hong Kong",HK
1666,49.04754,7.7132244,-37.5761941,174.8853757,"279 Dixon Road, Te Akau 3794, New Zealand",NZ
1667,50.165367,8.209005,51.9689732,6.212787,"Keppelseweg 41, 7031 EB Wehl, The Netherlands",NL
1668,55.247597,10.645737,-23.7166667,-66.0308333,"Ruta Nacional 52, Jujuy, Argentina",AR
1669,50.97982,7.4640636,38.3471207,22.9060108,"Epar.Od. Agiou Georgiou-Agias Annas 276, Ag. Triada 321 00, Greece",NO
1670,54.578537,11.180845,38.3861509,23.9384805,"EO Chalkidas Aliveriou, Kimi Aliveri 340 06, Greece",GR
1671,48.469284,7.2982635,35.1611247,129.1451666,"994-1 U 1(il)-dong, Haeundae-gu, Busan, South Korea",KR
1672,22.915722,48.904884,22.432045,114.252579,"Nin Wah Rd, Ma On Shan, Hong Kong",HK
1673,50.752735,8.893174,43.2852184,27.0198126,"2, Sjoemen, Bulgarije",BG
1674,52.90641,9.175035,40.8701037,-8.6776685,"Av. da República 3, 3880-379 Ovar, ポルトガル",PT
1675,50.24666,8.598727,20.7019168,-103.7032832,"Calle Arroyo Bermejo, Los Ruiseñores, JAL, Mexico",MX
1676,52.688595,9.660677,60.3927966,12.3555774,"Riksveg 201 220, 2256 Grue Finnskog, Norway",NO
1677,54.180298,9.761127,33.3701796,-111.7663613,"1133 East San Angelo Avenue, Gilbert, Arizona 85234, États-Unis",US
1678,51.319057,6.849634,59.9487471,10.8642616,"Nedre Kalbakkvei 7, 0950 Oslo, Norway",NO
1679,43.67225,69.37305,22.3499715,114.1708058,"Maclehose Trail Sec. 5, Lion Rock, Hong Kong",HK
1680,52.28825,9.647105,-18.2626112,-69.5592403,"Ruta 11, Putre, Arica and Parinacota Region, Chile",CL
1681,50.850693,6.980117,49.5049334,8.4589055,"Industriestraße 3-5, 68169 Mannheim, Germany",DE
1682,52.74341,7.7599535,-33.5570439,-70.5785831,"San Pablo 10791-10863, La Florida, Santiago Metropolitan Region, Chile",CL
1683,48.09278,6.817484,50.2654361,19.7435281,"Gościniec, 32-045, Poland",PL
1684,53.02179,9.812383,-34.4747757,116.8895095,"7918 Muirs Highway, Frankland River WA 6396, Australia",AU
1685,48.040054,8.484771,61.0458901,5.2989248,"Fylkesveg 1 30, 5961 Brekke, Norway",NO
1686,49.691856,8.643982,22.3434543,114.0542863,"Kap Shui Mun Bridge, Hong Kong",HK
1687,51.294464,8.89912,60.0304759,30.2852531,"ulitsa Repishcheva, 20, Saint Petersburg, Russia, 190000",RU
1688,19.141333,4.0199575,65.0016213,-22.8258758,"Helgafellssveitarvegur, Island",IS
1689,50.983162,4.8751316,37.4880284,-8.6390414,"Unnamed Road, 7630-174, Portugal",PT
1690,49.380547,8.481402,1.3212089,103.8802911,"206 Aljunied Rd, Singapore 389827",SG
1691,51.835377,9.3015,35.6505074,139.6700099,"3 Chome-28-4 Taishido, Setagaya, Tokyo, Japan",JP
1692,47.33145,35.75982,22.2824098,114.2217437,香港西灣河筲箕灣道57-87號,HK
1693,52.503227,9.098334,42.7155278,2.9274979,"196 Chemin du Mas Taillant, 66000 Perpignan, France",FR
1694,54.13202,7.9153166,14.3573137,101.7244691,"Unnamed Road, Tambon Wang Mi, Amphoe Wang Nam Khiao, Chang Wat Nakhon Ratchasima 30370, Thailand",TH
1695,57.170204,19.089003,24.94973,55.3624424,E 77 - Dubai - United Arab Emirates,AE
1696,51.31357,8.953575,55.4289106,11.7881968,"Ahorn Alle 1, 4100 Ringsted, Denmark",DK
1697,49.158516,5.951003,46.1114264,14.5772562,"Dragomelj, 1230 Domžale, Slovenia",SI
1698,47.91853,8.361883,27.0811782,89.8735781,"Daga Rd, Daga, Bhutan",BT
1699,50.93816,8.706911,27.4982594,90.5336919,"Trongsa - Yotongla Hwy, Bhutan",BT
1700,50.570328,10.493824,37.5515977,126.8172569,"427-5 Oebalsan-dong, Gangseo-gu, Seoul, South Korea",KR
1701,51.47927,8.6610365,6.436314,116.4804765,"Jln Kota Belud - Kudat, 89150 Kota Belud, Sabah, Malaysia",MY
1702,52.785072,9.418833,42.4821737,11.7202854,"Strada Provinciale 109, 01011 Canino, ויטרבו, איטליה",IT
1703,54.287666,11.817318,40.4784062,25.644481,"Epar.Od. Kamariotissas - Pigon Samothrakis, Samothraki 680 02, Grekland",GR
1704,28.778275,96.76551,23.4757499,89.9079302,"Mawa - Bhanga Hwy, Bangladesh",BD
1705,47.86822,7.542919,53.2981475,34.0656249,"Zarechnyy Pereulok, Glinishchevo, Bryansk Oblast, Russia",RU
1706,54.098076,9.458632,49.5293837,0.6449253,"Route de la Cavée, 76490 Anquetierville, France",FR
1707,47.009254,7.0413933,47.2376964,5.7932454,"D415, 25170 Lantenne-Vertière, France",FR
1708,46.205406,7.646226,65.304925,-20.9070209,"Miðfjarðarvegur, Iceland",LT
1709,44.1326,16.536348,23.9052118,120.7461403,"541, Taiwan, Nantou County, Zhongliao Township, 鄉林巷",TW
1710,56.072174,12.3839245,-12.0465333,-77.0431471,"Miguel Baquero, Lima 15082, Peru",PE
1711,52.796204,8.493827,48.8133892,14.3537405,"157, 382 32 Mirkovice, Czech Republic",CZ
1712,46.447166,7.5129137,53.8336546,-7.7992397,"Unnamed Road, Co. Leitrim, Ireland",IE
1713,-1.9083025,12.263676,-24.5902154,26.0655905,"Tlokweng, Gaborone, Botswana",BW
1714,52.014812,8.658994,38.4844043,-4.102389,"CR-5001, 4, 13593 Solana del Pino, Ciudad Real, Spain",ES
1715,57.83813,14.403439,1.3768117,103.8100417,"Old Upper Thomson Rd, Singapore",SG
1716,57.185276,12.844221,55.7765947,12.4522845,"Nybrovej 401C, 2800 Lyngby, Danemark",DK
1717,50.671497,7.5159883,49.4805472,15.7874967,"34822, 588 13 Polná, Czech Republic",BT
1718,52.36044,12.773851,-33.3980675,-70.5641248,"Presidente Riesco 6603, Las Condes, Santiago Metropolitan Region, Chile",CL
1719,49.176353,8.0469675,43.9384919,26.2245382,"2102, 7063 Borisovo, Bulgaria",BG
1720,54.983074,9.018173,22.3109085,113.9393625,"E Coast Rd, Chek Lap Kok, Hong Kong",HK
1721,47.490875,7.1886206,13.6680888,107.3567746,"78, Cambodia",KH
1722,51.71406,9.653193,27.3120493,89.6027391,"Unnamed Road, Bhutan",BT
1723,50.877666,8.651253,-35.3062151,173.649868,"2637 State Highway 1, Horeke 0475, New Zealand",NZ
1724,49.142685,9.426207,65.8819193,-17.4333187,"Aðaldalsvegur, Islanda",RU
1725,53.05506,9.313548,46.362023,25.7921714,"Brassói Way, Miercurea Ciuc, Romania",RO
1726,47.51296,7.3180914,59.3741886,24.3116328,"Keila-Keila-Joa, 76715 Harju County, Estonia",EE
1727,57.901787,18.794167,32.2657004,34.8634485,"5611, Beit Yehoshua, Israel",IL
1728,45.978767,6.532734,50.4320613,30.6767719,"Zroshuvalna Street, 5-7, Kyyiv, Kyiv city, Ukraine",UA
1729,44.49881,6.3500757,-37.5047489,175.1495994,"475B Te Ohaki Road, Te Ohaki 3771, New Zealand",NZ
1730,50.39707,7.3095875,59.0204323,6.6483989,"Fylkesveg 500 10, 4127 Lysebotn, Norwegen",NO
1731,49.581867,10.457222,25.3444186,55.4394532,Unnamed Road - Sharjah - United Arab Emirates,AE
1732,46.205517,8.235792,65.3201798,12.913305,"Riksveg 76 40, 8960 Hommelstø, Norwegia",NO
1733,45.43247,7.6420975,-15.4512817,-47.5960274,"Rua A - Setor Leste, Planaltina - Goiás, Brazil",BR
1734,50.720394,8.900415,48.3715247,17.9747146,"513012, 951 42 Zbehy-Andač, Slovakia",SK
1735,49.073734,6.456835,46.0040207,15.1733661,"738, 8297 Šentjanž, Slovénie",BW
1736,56.273666,12.432169,22.334099,114.267596,"Unnamed Road, Clear Water Bay, Hong Kong",HK
1737,57.46268,16.919168,42.5364021,1.5872049,"Carrer del Riu Aixec, AD200 Encamp, Andorra",AD
1738,41.02726,6.8382416,51.7652063,-104.1085607,"SK-16, Wynyard, SK S0A 4T0, Канада",CA
1739,48.62088,5.990816,50.5191532,30.4357458,"Kanivska Street, 3, Kyyiv, Kyiv city, Ukraine",UA
1740,56.161316,10.514266,35.1702067,128.9771662,"1232-1 Nakdong-daero, Sasang-gu, Busan, South Korea",KR
1741,48.67239,7.1510468,48.5042953,-53.9935967,"1542 NL-1, Glovertown South, NL A0G 2M0, Canada",CA
1742,49.127125,8.657878,49.8305078,15.3933856,"Vlkaneč 51, 286 01 Vlkaneč, Czech Republic",CZ
1743,58.46045,22.472662,23.0716123,89.2341836,"Jessore - Rajarhat - Monirampur - Keshabpur - Chuknagar Rd, Bangladesh",BD
1744,52.94114,9.455207,62.451718,10.9773794,"Fylkesveg 735, 2542, Norwegia",NO
1745,52.036926,9.023721,-33.3064488,26.5127788,"Cradock Road, Grahamstown 6139, South Africa",ZA
1746,46.774673,7.802722,49.9698213,36.1781779,"Volozhanivs'ka street, 68, Járkov, Óblast de Járkov, Ucrania",UA
1747,53.1864,8.576823,42.5892842,1.6668848,"Carretera de la Vall d'Incles, AD100 Canillo, Andorre",AD
1748,50.39003,8.598983,46.7709221,17.2928336,"8315 Gyenesdiás, Kossuth Lajos Street 54-56, Hungary",HU
1749,38.024696,8.375839,-33.5594587,18.8780228,"R45, South Africa",ZA
1750,52.18325,8.580131,51.2118339,3.0209157,"Clemensheulestraat 11-17, 8460 Oudenburg, Belgium",BE
1751,45.50261,6.1336308,-32.3889989,-62.2068096,"Ruta Provincial 2, Córdoba, Argentina",AR
1752,54.61382,10.449284,4.7756482,-74.2386147,"Madrid # 2, Madrid, Cundinamarca, Colombia",CO
1753,49.762733,8.078114,37.9061191,-88.3053347,"22301-22999 Illinois 1, Omaha, Illinois 62871, Stati Uniti",MY
1754,47.862938,5.8205757,46.2000778,14.3287468,"Šutna 55, 4209 Žabnica, Słowenia",SI
1755,57.121113,16.911072,27.1518625,90.0726521,"Wangdue - Tsirang Hwy, Bhutan",BT
1756,52.53557,8.565755,31.9870043,34.9347568,"Modi'im 26-40, Shoham, Israel",IL
1757,50.284374,5.383868,18.6549304,-88.2217949,"Unnamed Road, Quintana Roo, Mexico",MX
1758,51.305557,9.341484,-6.9010153,109.4921939,"Jl. Perintis Kemerde, Petarukan, Pemalang, Jawa Tengah 52362, Indonésie",ID
1759,46.036804,9.401985,38.0556627,139.9841084,"2000 Kurosawa, Iide-machi, Nishiokitama-gun, Yamagata-ken 999-0603, Japan",JP
1760,50.19307,9.845411,50.4411236,5.7092565,"Hameau de Stoqueu, 4920 Aywaille, Belgium",PE
1761,52.278717,11.347845,22.8280711,91.5511453,"Dhaka - Chittagong Hwy, Bangladesh",BD
1762,57.38458,17.351446,43.5197815,25.978956,"5001, 7161 Ostritsa, Bulgaria",BG
1763,37.149002,5.8519754,-22.2793183,28.946603,"Transit Road, Botswana",BW
1764,51.17817,6.925955,46.5208009,6.5380785,"Chemin du Chaney 6, 1026 Denges, Switzerland",CH
1765,51.652252,8.981659,23.9704769,120.4615517,"Section 1, Chénggōng Road, Puyan Township, Changhua County, Taiwan 516",TW
1766,50.251503,6.632347,37.2825016,-8.052506,"Unnamed Road, 8100, Portugal",PT
1767,48.391052,7.2831697,41.753626,-6.5694148,"R. Central, 5300, Portugal",PT
1768,49.11296,34.022297,23.6557167,90.6026,"Sonargaon Rd, Sonargaon, Bangladesh",BD
1769,49.514965,5.548956,13.7260264,103.3496333,"Unnamed Road, Cambodia",KH
1770,43.499523,4.6923256,47.2428861,8.5941098,"Bergstrasse, 8815 Horgen, 스위스",CH
1771,45.769424,7.2151117,44.965667,25.99374,"Extensia Hortensiei, Blejoi, Roumanie",RO
1772,46.69281,11.801262,50.9670219,21.3549442,"Chabrowa 7, Ostrowiec, Poland",PL
1773,50.96935,9.435574,42.5576688,1.6884895,"CG-2, AD100 Canillo, Andorra",AD
1774,55.276443,10.121961,39.4428943,-0.7392601,"E-901, 323, 46370 Chiva, Valencia, Spanien",ES
1775,55.691513,10.23355,32.0762276,34.8662739,"Levi Eshkol 37-43, Petah Tikva, Israel",IL
1776,52.740196,9.1776495,22.2825237,114.2281781,"8 Oi Yin St, Aldrich Bay, Hong Kong",HK
1777,48.652733,9.337757,43.4005301,26.7644422,"E70, Buynovo, Bulgarije",BG
1778,53.097607,8.489359,46.4561844,6.1890641,"La Violettaz, 1273 Arzier, Switzerland",CH
1779,52.791122,8.999744,-22.6730349,-47.6686077,"Rua Guararapes, 120-188 - Santa Terezinha, Piracicaba - São Paulo, 13411-149, Brazil",BR
1780,54.74897,8.71626,46.4563001,30.6949293,"Mykoly Voronoho street, 16, Odessa, Oekraïne",UA
1781,54.05413,9.433196,35.1386027,-80.7000568,"2825 Файервуд Драйв, Мэттьюс, Северная Каролина 28105, Соединенные Штаты Америки",US
1782,47.283997,6.8034477,23.0490301,89.178601,"Monirampur - Jhikorgacha Rd, Bangladesh",BD
1783,24.468384,23.028912,-11.4482656,-61.4454087,"Rua das Graças, 56-174 - Liberdade, Cacoal - Rondônia, Brazil",BR
1784,30.767689,78.844864,1.3081129,103.8334193,"22 Scotts Rd, Singapore",SG
1785,25.514042,7.9727545,-33.1772428,136.8935952,"Whyalla Road, Nilginee SA 5641, Australia",AU
1786,48.94371,7.0215263,40.8437535,-3.2857766,"GU-199, Malaguilla, Guadalajara, Spain",ES
1787,40.65672,10.717289,-33.151725,148.1881733,"135 Nash Street, Parkes Nouvelle Galles du Sud 2870, Australie",AU
1788,48.47066,6.350054,42.5379332,1.7278882,"CG-2, AD200 Encamp, Andorra",AD
1789,37.045105,57.400112,22.2783426,114.1747987,"204 Lockhart Rd, Wan Chai, Hong Kong",HK
1790,56.731575,11.522802,46.191582,7.2475311,"E62, 1957 Chamoson, Switzerland",CH
1791,57.84176,26.850458,37.125495,22.100589,"Epar.Od. Thourias - Polianis, Kalamata 240 09, Griechenland",GR
1792,53.76387,9.501284,45.9606244,15.6856872,"Bizeljsko- Čatež, 8258 Kapele, Slovenija",SI
1793,21.910526,0.8535203,-22.1302439,28.6390409,"Bobonong, Botswana",BW
1794,46.93587,8.314709,25.1167107,55.3928987,Academic City Rd - Dubai - United Arab Emirates,AE
1795,47.677498,8.365644,-32.3592851,18.4574141,"R366, South Africa",ZA
1796,49.097855,7.441367,45.9205464,12.9350009,"Via Pieve di Rosa, 14, 33030 Camino al Tagliamento, Udine, Italy",IT
1797,51.909294,8.30031,43.523396,0.8119587,"D149, 32130 Polastron, France",FR
1798,52.14615,8.92124,36.3523542,139.1482507,"1 Kamimasudamachi, Maebashi, Gunma Prefecture, Japan",JP
1799,50.04686,7.984521,4.2597766,-74.5992037,"I-40 # 1 a 56, Melgar, Tolima, Colombia",CO
1800,49.764816,7.955394,48.2878569,18.1344725,"Dolná 4-6, 949 07 Nitra-Janíkovce, Slovakia",SK
1801,47.36315,6.8635864,8.1538735,-76.0397602,"Unnamed Road, Tierralta, Córdoba, Colombia",SZ
1802,46.066257,6.4648476,52.327489,17.9741224,"Droga Wojewódzka 263, Poland",PL
1803,55.75379,13.071993,46.5461779,6.5959634,"Chemin des Vignettes 32, 1008 Jouxtens-Mézery, Switzerland",CH
1804,52.845436,9.182903,37.7748814,140.4842266,"Oshu Highway (Rikuu Highway), Matsuyamacho, Fukushima, Prefektura Fukushima 960-8228, Japonia",JP
1805,47.010933,5.7615833,45.571204,8.5121765,"Via Solarolo, 11, 28010 Barengo Novare, Italie",IT
1806,51.16217,7.149022,42.5933474,22.9218666,"6032, 2342 Leskovets, Bulgaria",BG
1807,50.855465,6.59359,-35.8038831,-70.0857608,"RN145, Mendoza, Argentina",AR
1808,0.64113224,9.326557,-22.077826,27.2749981,"A1, Botswana",BW
1809,56.969788,11.018107,1.4108127,103.7004095,"465 Lim Chu Kang Rd, Singapore 719416",SG
1810,48.811653,6.9611607,48.3952828,17.4389949,"504004, 919 01 Dlhá, Slovakia",US
1811,54.640804,9.4916,35.204315,129.1216226,"1646 Banyeo-dong, Haeundae-gu, Busan, South Korea",KR
1812,46.819366,8.957382,43.242746,-7.8546832,"LU-P-2301, 27307 Guitiriz, Lugo, Spain",ES
1813,49.72406,7.4906273,52.5286269,-1.5108508,"61 Kingfisher Avenue, Nuneaton, Warwickshire CV10, UK",GB
1814,50.94451,9.091572,-16.8560937,-71.8543872,"1S, Peru",PE
1815,48.6619,6.4524574,-37.2119094,141.0937928,"15 Fullertons Road, Poolaijelo VIC 3312, Australia",AU
1816,46.991306,6.6907244,46.2832857,-73.7641883,"180-224 Rue Jean Baptiste Lepage, Saint-Damien, QC J0K, Canada",CA
1817,49.392616,11.189868,46.5043951,24.4960706,"DN15, Cristeşti 547185, Romania",RO
1818,49.041412,6.6481447,52.77698,-6.1988537,"Unnamed Road, Co. Wicklow, Ireland",IE
1819,50.70621,6.9934645,46.0272618,14.3462463,"Brezje pri Dobrovi 17, 1356 Dobrova, Slovenia",SG
1820,53.90001,9.499522,46.6590426,23.9660521,"DJ161A, Ceanu Mare, Romania",RO
1821,49.05883,7.537754,52.3953338,9.7692239,"Holbeinstraße 4, 30177 Hanover, Germany",DE
1822,49.048958,5.471076,-9.6282467,-76.0570707,"Carretera Central 25, Peru",PE
1823,53.24514,9.1189575,11.372104,102.979362,"ឃុំ ជ្រោយប្រស់, Cambodia",KH
1824,47.805122,7.99854,54.988374,-7.9134663,"Unnamed Road, Co. Donegal, Ireland",IE
1825,51.73277,4.9340324,54.7184308,-7.1669021,"78 Crockanboy Road, Omagh BT79 7RR, UK",GB
1826,46.668232,15.693321,-21.1835874,-50.4616806,"Rua Vereador Aldo Campos, 2927-2987 - Paraíso, Araçatuba - État de São Paulo, 16050-145, Brésil",BR
1827,52.676674,9.105875,20.4339707,-101.7345095,"López Mateos 41, Los Presidentes, 36900 Pénjamo, Guanajuato, Mexico",MX
1828,46.774757,6.781739,55.4143907,10.4248691,"Tjørnehaven 22-30, 5240 Odense, Denmark",DK
1829,47.13165,6.5747023,-33.7166106,150.9632054,"1-3 Hart Place, Kellyville Nowa Południowa Walia 2155, Australia",AU
1830,49.754787,9.177393,37.4745335,127.0321647,"617 Yangjae 1(il)-dong, Seocho-gu, Seoul, South Korea",KR
1831,44.291264,6.255678,51.9091184,22.4975919,"Łuków, Pologne",PL
1832,54.93392,9.703834,32.0358581,34.8780965,"Mevo Yasmin 2-16, Yehud-Monosson, Israel",IL
1833,52.05506,9.218448,39.7523686,19.6320257,"Unnamed Road, Ag. Stefanos 490 81, Griekenland",GR
1834,51.279175,7.462201,45.6563482,11.447065,"Via Redentore, 13, 36034 Borgo Redentore Vicenza, Italië",IT
1835,46.669357,6.5380535,64.6789914,-21.9546235,"535, Iceland",IS
1836,53.43473,14.277489,46.3506033,18.6917201,"7100 Szekszárd, Kálvin tér 1-3, Hungary",HU
1837,53.843567,8.9855175,-26.6299193,152.9889315,"27 Andreasens Road, Rosemount QLD 4560, Australia",AU
1838,51.36956,10.3017025,22.287992,114.142317,"14 Centre St, Sai Ying Pun, Hong Kong",HK
1839,46.972813,8.021338,13.7260264,103.3496333,"Unnamed Road, Cambodia",KH
1840,55.061405,9.740129,53.6288939,38.4860488,"Р145, Tula Oblast, Russia",RU
1841,47.643456,8.129476,-28.0725886,153.2269243,"1085 Beechmont Road, Lower Beechmont QLD 4211, Australia",AU
1842,50.94037,8.815164,-8.5357353,115.000173,"Unnamed Road, Selemadeg, Tabanan, Bali, Indonesia",ID
1843,51.64933,9.242585,46.3542499,15.8543072,"690 22, 2284 Videm pri Ptuju, Slovenia",SI
1844,48.233578,29.854893,16.7400885,100.6693588,"Unnamed Road, Tambon Chomphu, Amphoe Noen Maprang, Chang Wat Phitsanulok 65190, Thailand",TH
1845,48.551468,7.098027,54.8372523,11.364654,"Vestre Landevej 284, 4952 Stokkemarke, Denmark",DK
1846,48.486835,7.873336,62.0695078,28.2778775,"Joroistentie 137, 58900 Rantasalmi, Finland",FI
1847,54.851418,9.97522,52.2151876,5.0241849,"Hoefijzer 104, 3632 WD Loenen, The Netherlands",NL
1848,57.96308,26.96039,1.2479538,103.8232957,"85A Palawan Beach Walk, Singapore 098521",SG
1849,51.096764,7.8264523,53.5303386,10.1530888,"Strietkoppel 4-5, 22115 Hamburg, Germany",DE
1850,-10.363652,14.660727,-24.2373448,23.264808,"A2, Botswana",BW
1851,45.084972,7.085657,52.6655349,-8.1139486,"Unnamed Road, Co. Tipperary, Ireland",NO
1852,50.16975,8.39485,44.9483358,37.9808079,"Krasno-Zelenaya ulitsa, 110, Krymsk, Krai de Krasnodar, Rusia, 353380",RU
1853,51.09034,8.167828,44.6070679,27.3179317,"Amara, Romania",RO
1854,58.145676,19.951544,49.5320274,18.9010258,"Skalité 727, 023 14 Skalité, Slovakia",SK
1855,57.587696,18.86867,50.4680681,13.7923479,"257, 440 01 Kozly, Czech Republic",CZ
1856,51.981926,8.967274,-26.3315129,26.3670619,"N14, South Africa",ZA
1857,46.177204,5.180957,53.4561756,-6.1861153,"2-34 Seabury Wood, Malahide, Co. Dublin, Ireland",IE
1858,52.3339,6.120166,25.0850136,121.648091,"No. 124, Section 2, Xīwàn Road, Xizhi District, New Taipei City, Taiwan 221",TW
1859,46.45783,8.119734,45.0416878,25.8420419,"Strada Horia, Băicoi, Rumunia",RO
1860,53.21721,9.646234,2.8246878,101.89581,"Jln Orkid 1, Kampung Atap, 71700 Mantin, Negeri Sembilan, Malaysia",MY
1861,51.467022,9.399954,49.9213907,14.3087252,"Nad Rozcestím, 252 31 Všenory, Czech Republic",CZ
1862,49.26046,6.1972504,64.1881783,-21.6856812,"Vesturlandsvegur, Mosfellsbær, Iceland",IS
1863,58.671257,22.553558,45.8007664,15.6675261,"Draganje Selo 5F, 10430, Samobor, Croatia",HR
1864,51.319294,7.543249,47.9403165,20.5456215,"3413 Cserépfalu, Berezdalja Way 11, Hungary",HU
1865,54.682755,9.360508,-6.2288053,107.6148663,"Jl. Raya Muara Cilamaya, Cilamaya Wetan, Karawang, Jawa Barat 41384, Indonesia",ID
1866,50.448517,9.775328,64.0873038,-21.9160945,"Kirkjulundur, Garðabær, Islandia",IS
1867,48.195892,8.30733,64.8212047,-22.269815,"Snæfellsnesvegur, Islandia",IS
1868,45.068558,4.5977716,52.2429156,-6.3271366,"Waddingsland, Co. Wexford, Ireland",IE
1869,48.106285,8.268468,-26.8144282,31.9296988,"MR8, Big Bend, Swaziland",SZ
1870,53.483486,43.778324,-6.580606,110.78207,"Jl. Pasar Batealit, Pakis Aji, Jepara, Jawa Tengah 59461, Indonesia",ID
1871,57.703545,17.271624,27.1518625,90.0726521,"Wangdue - Tsirang Hwy, Bhutan",BT
1872,51.442406,7.7350464,33.9458604,-81.0977548,"1919-1999 Windsor Road, Cayce, Jižní Karolína 29033, Spojené státy americké",US
1873,52.25837,10.899643,49.1061827,18.9177622,"Francúzskych partizánov, 036 01 Martin, Slovakia",SK
1874,57.395477,16.389412,52.631067,-8.3542035,"Unnamed Road, Co. Limerick, Ireland",EE
1875,50.719223,8.447969,52.8248156,36.2750439,"Р119, Oryol Oblast, Russia",RU
1876,46.668518,8.231683,46.6813917,15.9622669,"Podgrad 43, 9250 Gornja Radgona, Słowenia",SI
1877,47.59624,6.635129,36.0362239,136.2614025,"4 Goshimacho, Fukui, Fukui Prefecture, Japan",JP
1878,55.455746,10.041609,-32.7452993,-71.4744735,"F-30-E, Puchuncaví, Valparaíso Region, Chile",CL
1879,50.58538,8.8808155,47.1756755,18.4174606,"8000 Székesfehérvár, Temető Street, Hungary",HU
1880,50.894196,8.990097,46.6873636,19.84198,"6100 Kiskunfélegyháza, 5402, Hungary",HU
1881,47.81596,7.4518585,23.3698001,120.1957772,"625, Taiwan, Chiayi County, Budai Township, 172縣道",TW
1882,48.62771,7.4331436,45.9703313,1.4089386,"Rue Victor Hugo, 87240 Ambazac, France",NO
1883,54.72196,8.810682,10.9076561,103.0549462,"Union Rd, ឃុំ កោះស្ដេច, Cambodia",KH
1884,52.57717,9.928389,50.4683009,30.4844532,"Polovetska Street, 16, Kiev, Kyiv city, Ukraine",UA
1885,44.159706,6.0379095,39.0069039,-9.0448708,"CM1224, 2630 Arruda dos Vinhos, Portugal",PT
1886,46.58254,6.7361336,48.6323752,6.8051203,"45 Rue d'Amenoncourt, 54450 Igney, France",FR
1887,46.52055,8.848963,53.1259173,17.1443539,"Droga Wojewódzka 190, Poland",PL
1888,48.673218,7.6554947,13.9797971,107.0757142,"Unnamed Road, Cambodia",KH
1889,51.846054,7.4073696,54.0282682,38.3087051,"Parkovaya ulitsa, 8, Novomoskovsk, Tula Oblast, Russia, 301650",RU
1890,44.911438,6.076687,54.0231072,-7.1560338,"Unnamed Road, Co. Cavan, Irlanti",IE
1891,38.799263,44.42059,1.2950301,103.8461382,"2 Cox Terrace, Singapore 179622",SG
1892,39.82879,49.356503,-7.7118977,110.3517334,"Jl. Pramuka, Kec. Sleman, Sleman, Daerah Istimewa Yogyakarta 55512, Indonesia",ID
1893,52.235046,10.004282,22.39606,114.045921,"Yuen Tsuen Ancient Trail, Tai Lam, Hong Kong",HK
1894,56.175167,11.446633,43.9537135,11.332098,"Strada Provinciale 97, 50037 San Piero a Sieve, Florence, Italy",IT
1895,55.493866,12.972641,27.0150198,90.6160787,"Sarpang - Gelephu - Trongsa Hwy, Butāna",BT
1896,54.868977,9.97595,11.1743994,104.5009333,"Unnamed Road, Cambodia",KH
1897,54.000374,17.19641,45.7482351,13.8668966,"Šepulje 33, 6210 Sežana, Słowenia",SI
1898,34.493958,82.63402,25.3144722,55.399128,First Industrial St - Sharjah - Vereinigte Arabische Emirate,AE
1899,55.817368,9.714938,55.8068929,37.6921886,"Bolshaya Olenya ulitsa, 15, Moscú, Rusia, 107014",RU
1900,31.835121,93.5907,45.4534126,14.8903115,"D3, 51311, Skrad, Croatia",US
1901,50.857826,9.207134,23.3736386,120.4165867,"732, Taiwan, Tainan City, Baihe District, 南89鄉道",TW
1902,49.429543,8.192814,50.3702735,4.1111734,"Rue Charles Gantois 2-24, 7120 Estinnes, Belgique",BE
1903,55.512066,9.992435,53.6924095,-1.1993022,"Cobcroft Lane, Knottingley, North Yorkshire WF11, UK",GB
1904,57.034554,14.161312,22.8049109,89.7378131,"Dhaka - Khulna Hwy, Bangladesh",BD
1905,51.63321,9.023271,46.6954309,26.6643392,"DJ156G, Valea lui Ion, Romania",RO
1906,47.613663,7.4347076,47.0292165,7.2467407,"22, 3282 Bargen, Switzerland",CH
1907,55.754112,13.295105,-5.4252853,71.8275081,"Japan, Hokkaidō, Uryū-gun, Horokanai-chō 国道275号線",JP
1908,50.790276,9.879168,23.309822,89.8585176,"Dhaka - Khulna Hwy, Muksudpur, Bangladesh",BD
1909,49.287643,9.183264,-7.6609919,110.40937,"Jl. Raya Turi No.23, Pakem, Sleman, Daerah Istimewa Yogyakarta 55582, Indonesia",ID
1910,48.766895,8.0651045,-38.1492984,143.2457965,"130 Mount Myrtoon Road, Kariah VIC 3260, Australia",AU
1911,47.161224,7.929351,-26.8954723,31.6766118,"MR14, Sithobela, Swaziland",SZ
1912,53.954895,8.713212,-43.5506974,172.63373,"219 Milton Street, Sydenham, Christchurch 8023, New Zealand",NZ
1913,51.558754,7.7664347,52.1949657,5.4393025,"E232, 3829 Hooglanderveen, The Netherlands",NL
1914,51.883156,7.6509027,42.6188325,1.5393376,"Av. de Sant Pere, AD300 Ordino, Andorre",AD
1915,45.26084,6.6506424,54.9196757,9.8565445,"Lambjergskovvej 9, 6400 Sonderborg, Denmark",DK
1916,50.138607,7.3144026,41.6505161,-7.6009779,"Terreiro Santo 117, 5425-021 Arcossó, Portugal",PT
1917,45.598564,5.3208933,52.366377,-9.3535727,"Unnamed Road, Co. Kerry, Ireland",IE
1918,51.851646,8.598324,-21.7900616,-46.6388423,"Avenida Condé do Vila, 983-1143, Poços de Caldas - Minas Gerais, Brésil",BR
1919,50.637695,8.638654,43.5261808,27.1884045,"701, 9937 Harsovo, בולגריה",BG
1920,51.877373,9.158443,1.3075997,103.6952759,"2 Jln Samulun, Singapore 629120",SG
1921,51.413765,7.9526157,-37.1520578,145.0802985,"LOT 1 Hume Freeway, Tallarook VIC 3659, Australia",AU
1922,52.035282,9.41305,64.014488,10.50761,"Fylkesveg 52 180, 7170 Åfjord, Norwegen",NO
1923,51.5933,17.237444,37.5233517,126.9125835,"95 Yeongdeungpodong 2(i)-ga, Yeongdeungpo-gu, Seoul, South Korea",KR
1924,46.367207,7.2418423,52.4702728,18.3122181,"Unnamed Road, Poland",PL
1925,56.571873,15.397672,-33.4952965,150.4033424,"128 Mount Irvine Rd, Mount Wilson NSW 2786, Australien",RU
1926,49.207355,8.007524,48.4320544,19.6423298,"050112, 985 22 Cinobaňa, Slovakia",SK
1927,54.746502,35.468517,24.9828098,55.0937398,Sheikh Zayed Rd - Dubai - Förenade Arabemiraten,AE
1928,53.61601,9.047587,44.1374846,9.7625005,"Via Giacomo Matteotti, 6, 19020 Quaratica La Spezia, Italy",AE
1929,49.670242,5.9244957,37.4738565,127.0386403,"241 Yangjae 2(i)-dong, Seocho-gu, Seoul, South Korea",KR
1930,51.20176,9.359138,45.9479653,-73.1506307,"136-434 Québec 223, Saint-Roch-de-Richelieu, QC J0L 2M0, Canada",CA
1931,16.633799,8.257362,-31.5040108,137.1007904,"Stuart Highway, Mount Gunson Australia Południowa 5710, Australia",AU
1932,50.471977,7.3927383,48.1098579,20.7763777,"3525 Miskolc, Feszty Árpád Street 9, Hungary",HU
1933,48.16625,6.5874853,23.8322969,120.6435121,"No. 10, Section 2, Míngsōng Road, Mingjian Township, Nantou County, Taiwan 551",TW
1934,53.165524,8.795125,27.4412514,91.5679945,"Mongar - Trashigang - Trashiyangtse Rd, Trashiyangtse, Bhutan",BT
1935,51.38163,8.36341,37.4474391,127.0062396,"238-1 Gwacheon-dong, Gwacheon-si, Gyeonggi-do, South Korea",KR
1936,46.79329,6.7407274,46.9414142,17.6994009,"8271 Mencshely, Balatoni Street 14, Hungary",HU
1937,50.257202,9.850704,50.4547431,4.1881359,"Place Adolphe Caffet 12, 7100 La Louvière, Belgium",EE
1938,50.505775,6.584832,8.7918666,-75.6998435,"Carrera 3, San Carlos, Córdoba, Kolumbia",CO
1939,44.93113,7.998914,54.1118377,15.7287992,"78-113 Świelubie, Polska",MY
1940,50.18963,7.653719,-33.4785115,-70.5558954,"Dos Oriente 2387-2441, Peñalolén, Santiago Metropolitan Region, Chile",CL
1941,50.148212,9.298289,23.1755062,89.9483715,"Tekerhat - Gopalganj Rd, Bangladesh",BD
1942,53.594437,9.281915,-32.807946,-71.2217817,"F-62, Calera, Valparaíso Region, Chile",CL
1943,48.80207,8.012611,49.694281,16.7570402,"3718, 569 43 Bezděčí u Trnávky, Czech Republic",US
1944,52.735123,9.158497,-35.6536496,-70.2015677,"RP226, Mendoza, Argentina",AR
1945,51.848213,9.023937,43.599203,27.4804435,"27, 9379 Vladimirovo, Bulgaria",AE
1946,57.496742,14.680292,-26.4063211,31.0833706,"MR19, Swaziland",SZ
1947,54.238636,9.640513,56.7076056,22.4210373,"P108, Saldus parish, LV-3862, Latvia",LV
1948,57.295,18.380022,58.5419525,7.8484569,"Fylkesveg 292 50, 4735 Evje, Norway",NO
1949,50.355198,8.027027,57.8329136,-3.8322957,"Main Street, Tain, Highland IV20 1YL, UK",GB
1950,46.717926,6.772504,51.6441622,-9.2906297,"Unnamed Road, Co. Cork, Ireland",IE
1951,57.99258,19.162169,46.1432154,6.0273483,"Route du Creux-du-Boisset 59, 1285 Avusy, Suisse",CH
1952,24.07534,74.79424,23.2389003,91.3131096,"Dhaka - Chittagong Hwy, Chauddagram, Bangladesh",BD
1953,44.66664,5.929454,54.9598464,8.6737387,"Slusevej 8, Nationalpark Vadehavet, 6280 Højer, Denmark",DK
1954,53.371754,10.407585,63.7579001,-68.5444608,"1516-1520 Ungalliqpaat, Iqaluit, NU X0A, Canada",CA
1955,53.312347,8.30201,53.8309646,22.9797964,"Konwaliowa 18-20, Augustow, Poland",PL
1956,45.05959,7.2344666,24.2044808,120.5445517,"Alley 220, Lane 315, Section 5, Shātián Road, Longjing District, Taichung City, Taiwan 434",TW
1957,47.32733,7.8615,50.3215072,20.7881776,"973, Poland",PL
1958,47.13035,7.877076,53.5181234,-9.605655,"Unnamed Road, Co. Galway, Ireland",IE
1959,55.262962,11.436098,22.2724408,114.2898139,"High Junk Peak Country Trail, Clear Water Bay, Hong Kong",HK
1960,54.766697,9.507756,25.0108586,55.5175584,E 77 - Dubai - Arabiemiirikunnat,AE
1961,54.820587,10.846453,50.6145652,27.2659801,"E40, Zhytomyrs'ka oblast, Ukraine",GR
1962,55.51511,9.981398,35.217057,129.1032415,"386-2 Seo 3(sam)-dong, Geumjeong-gu, Busan, South Korea",KR
1963,54.266212,9.7359085,27.4156938,89.2213616,"Unnamed Road, Bhutan",BT
1964,49.257523,8.757627,46.7156758,6.4128591,"9, 1337 Vallorbe, Szwajcaria",BT
1965,51.619263,8.486358,47.5147777,8.6945991,"Riedhofstrasse 59, 8408 Winterthur, Switzerland",CH
1966,58.01834,22.019236,46.1871809,14.2478212,"Sv. Tomaž 4-7, 4227 Selca, Slovenia",SI
1967,50.526978,8.277257,2.1119429,111.6320084,"Unnamed Road, 96500 Bintangor, Sarawak, Malaysia",MY
1968,43.945297,7.635372,50.8850426,17.3733255,"Droga Krajowa 94, Poland",PL
1969,53.416336,9.525741,51.2752857,4.8701335,"Meikloklaan 17-25, 2275 Lille, Belgique",BE
1970,49.775322,9.804255,-4.9092807,-81.0551491,"Carretera El Arenal-La Huaca, Peru",PE
1971,45.38997,8.072643,-25.8405612,28.0354272,"D420 Street, Centurion, Africa de Sud",ZA
1972,45.723118,10.039524,52.0376974,8.4885073,"Morgenbreede 41, Bielefeld University, 33615 Bielefeld, Germany",DE
1973,14.883887,1.8664421,-23.1557939,27.2505936,"Mahalapye, Botswana",BW
1974,46.29813,8.186857,-36.848873,-58.5533607,"Ruta Provincial 29, Buenos Aires, Argentina",AR
1975,49.08848,6.5204525,49.6755246,5.6219805,"Route d'Arlon, 6740 Étalle, Belgium",BE
1976,39.28846,58.881413,27.2169858,91.2048516,"Gyelpozhing - Nanglam Rd, Bhutan",BT
1977,56.248375,10.43011,50.0106521,36.1930771,"Sirykivs'ka street, 102, Charkov, Oblast Charkov, Oekraïne",UA
1978,37.060173,45.672543,45.7380746,-62.6881305,"119 Fisherman Rd, Pictou, NS B0K 1H0, Canada",CA
1979,48.024574,7.617119,-36.8386953,-73.0873613,"San Pedro 662-742, San Pedro, San Pedro de La Paz, Biobío Region, Chile",CL
1980,50.121067,8.829488,48.6551227,17.144105,"Domky 423, 908 41 Šaštín-Stráže-Stráže nad Myjavou, Slovakia",SK
1981,46.972317,6.60336,44.7547725,10.7363532,"Via Fossa Ronchi, 2, 42015 Correggio Reggio Emilia, Italy",IT
1982,45.936844,5.904481,37.6651656,126.7296008,"1374-4 Daehwa-dong, Ilsanseo-gu, Goyang-si, Gyeonggi-do, South Korea",KR
1983,54.0941,8.93575,48.0874371,11.5326933,"Noestraße 7-11, 81479 Munich, Germany",DE
1984,55.11405,9.720056,14.1157479,105.3406945,"Unnamed Road, Cambodia",KH
1985,37.760353,10.259314,-23.0401911,30.377415,"R524, 0945, South Africa",ZA
1986,55.21256,9.479532,-37.5761941,174.8853757,"279 Dixon Road, Te Akau 3794, New Zealand",NZ
1987,45.409683,6.2469463,46.0368502,15.4912252,"Mali Kamen 52, 8281 Senovo, Slovenia",SI
1988,53.244827,9.493374,23.5606766,89.0309969,"Jhenaidah - Chuadanga Rd, Sadhuhati, Bangladesh",BD
1989,48.40895,7.5715446,52.5204651,-6.4813677,"Unnamed Road, Co. Wexford, Irlandia",IE
1990,45.311607,8.021693,50.432299,45.4320507,"Р228, Volgograd Oblast, Russia",RU
1991,52.042496,9.206611,25.0354847,55.5917997,Dubai-Hatta Rd - Dubai - United Arab Emirates,AE
1992,53.58151,9.694326,-33.9704818,-70.7072263,"Panamericana Sur, Mostazal, O'Higgins Region, Chile",CL
1993,53.54522,9.371189,25.0027841,55.1652137,Honeysuckle Pl - Dubai - Spojené arabské emiráty,AE
1994,50.35751,8.633928,50.5216096,30.4380869,"Zolochivska Street, 44, Kyyiv, Kyiv city, Ukraine",UA
1995,54.19198,9.53573,57.7497828,24.9196817,"P15, Alojas lauku teritorija, LV-4064, Latvia",LV
1996,54.978054,10.697601,40.8616859,-7.6817292,"EM581-1, 3640, Portugal",PT
1997,56.509003,21.786518,47.1234229,7.2762467,"Friedhofweg 9, 2555 Brügg, Switzerland",CH
1998,53.018723,9.075838,62.138724,26.9693726,"Porsaskoskentie 2223-2225, 51670 Mikkeli, Finland",FI
1999,45.75695,5.666253,46.7556481,6.6332728,"E25, 1432 Belmont-sur-Yverdon, Switzerland",BE
0,50.409073,7.351351,11.4063432,-73.0654168,"I-90 # 2 a 100, Ríohacha, La Guajira, Kolumbia",CO
1,47.850723,7.568228,50.5191532,30.4357458,"Kanivska Street, 3, Kyyiv, Kyiv city, Ukraine",UA
2,50.363846,8.609334,48.2095858,19.1357274,"75, 991 41 Čelovce, Slovakia",SK
3,52.694077,9.210871,43.3605414,25.5924138,"502, Klimentovo, Bulgaria",BG
4,49.82319,6.85585,57.1250973,23.0096192,"P128, Zentenes pagasts, LV-3113, Latvia",LV
5,57.61817,18.981707,57.6529708,26.7540514,"Metstaga-Sadramõtsa, 66106 Võru County, Estonia",EE
6,54.592724,7.653983,50.8321194,4.4559598,"Salomélaan 4, 1150 Woluwe-Saint-Pierre, Belçika",BE
7,49.483913,7.9395247,-26.4087085,31.1952904,"MR3, Lobamba, Swaziland",SZ
8,49.28183,8.470434,-36.2389408,174.6439356,"72 Pilling Road, Tomarata 0974, New Zealand",NZ
9,46.13889,6.2489767,43.4767011,-3.6625051,"Calle Romano, 5, 39160, Cantabria, Spain",ES
10,53.321873,9.29117,-38.1662411,145.1189366,"19 Marcus Road, Frankston South VIC 3199, Australia",AU
11,41.959652,6.6401186,-28.7798239,-70.7823332,"Panamericana Norte, Vallenar, Atacama Region, Chile",CL
12,52.783546,9.52038,38.9633774,-78.483119,"1027-1349 Greenwalt Road, Maurertown, Virginie 22644, États-Unis",US
13,52.93322,8.872917,2.7509039,101.9336529,"102-112, Jalan Zamrud 4, Taman Desa Temiang, 70200 Seremban, Negeri Sembilan, Malaysia",MY
14,50.88234,5.241452,-33.194243,-70.6680929,"Arturo Pacheco Altamirano 1130-1170, Colina, Santiago Metropolitan Region, Chile",CL
15,46.33795,7.052965,46.8442127,16.204298,"Lucova 35, 9203 Petrovci, Słowenia",SI
16,50.70224,9.049867,57.5696581,18.2081362,"Västerhejde Toftavägen 238, 621 99 Visby, Sweden",SE
17,47.651764,6.727849,57.1763695,27.6796189,"Dārzu iela 32, Viļaka, Viļakas pilsēta, LV-4583, Latvia",LV
18,52.093544,7.811862,46.478751,0.0632616,"E5, 86600 Curzay-sur-Vonne, France",FR
19,48.02629,8.226408,59.3741886,24.3116328,"Keila-Keila-Joa, 76715 Harju County, Estonia",EE
20,45.72049,7.1652765,52.0997667,-2.9330603,"A438, Hereford, Herefordshire HR4, UK",GR
21,57.286236,13.580226,42.6415323,0.1757243,"HU-V-6402, 22351 Bielsa, Huesca, Spain",ES
22,45.683323,7.1643896,-41.1903856,174.9547499,"429-430 Cambridge Terrace, Naenae, Lower Hutt 5019, New Zealand",NZ
23,57.497787,17.159937,-33.4952965,150.4033424,"128 Mount Irvine Rd, Mount Wilson NSW 2786, Australien",RU
24,40.87244,56.71831,52.9856852,22.2432812,"Białostocka 4, Zambrow, Poland",PL
25,51.600975,7.917034,32.6039369,35.0220679,"70, Israel",IL
26,58.29075,19.52833,-31.6847326,152.2841497,"2809-2911 Bulga Road, Bobin NSW 2429, Australia",AU
27,50.74228,8.08225,55.9325173,21.2462646,"218, 97240, Lithuania",LT
28,49.67951,7.5790195,57.3884084,10.5091239,"Industrivej 1, 9900 Frederikshavn, Denmark",DK
29,50.25761,8.896915,2.3712746,102.8866153,"Jln Muar-Labis, 85300 Labis, Johor, Malaysia",MY
30,45.99846,8.655597,56.0130935,27.625316,"Krasta iela, Nikšāni, Robežnieku pagasts, LV-5676, Latvia",LV
31,49.919548,7.3442564,23.9472663,120.6695007,"542, Taiwan, Nantou County, Caotun Township, 聯絡道國道3號",TW
32,52.54178,6.116226,27.4634681,90.1692339,"Unnamed Road, Bhutan",BT
33,50.68134,9.318116,51.73074,4.9328767,,HK
34,48.873245,8.382085,-37.6228107,144.7115246,"32-34 Shoring Road, Diggers Rest VIC 3427, Australia",AU
35,46.962147,9.201201,-34.6762017,139.4254406,"LOT 398 Black Hill Road, Cambrai SA 5353, Australia",AU
36,52.698215,9.256924,46.8490722,18.437047,"8135 Dég, 64, Hungary",HU
37,52.568832,8.55382,42.1864053,14.2936293,"SP215, 66016 San Vincenzo-cerchiara Chieti, Italy",IT
38,57.03512,12.651739,36.1777205,133.334634,"2023 Misakimachi, Okinoshima-chō, Oki-gun, Shimane-ken 685-0021, Japan",JP
39,56.67373,12.682154,8.8873934,-75.7895149,"Glorieta # 2 a 100, Cerete, Cordoba, Colombia",CO
40,46.661266,8.388248,-26.9701924,29.2131777,"3068 Tsubella Street, Standerton 2431, South Africa",ZA
41,36.403107,11.040777,44.6287316,-123.0886967,"1097-1199 14th Avenue Southeast, Albany, OR 97322, USA",US
42,47.219257,6.9320126,24.9945717,55.4659598,E66 - Dubai - United Arab Emirates,AE
43,55.11234,9.247041,42.1485719,24.4215468,"8004, 4417 Ognyanovo, Bulgaria",BG
44,50.043648,7.4969654,37.8509902,-4.8936336,"Calle la Revoltosa, 14710 Córdoba, Spain",ES
45,47.033375,7.613756,-32.300029,27.9774168,"N2, Butterworth 4960, South Africa",ZA
46,51.732563,8.686888,50.4825777,30.3617668,"Akademika Palladina avenue, Kyyiv, Kyiv city, Ukraine",UA
47,52.270515,9.277913,41.1194653,16.4412182,"SP231, 70037 Ruvo di Puglia, Bari, Italy",IT
48,37.2618,12.438577,37.4242086,-7.7936995,"N124, 8970, Portugal",PT
49,49.108543,7.204007,65.304925,-20.9070209,"Miðfjarðarvegur, Iceland",LT
50,46.458923,7.1051283,-38.0574869,175.9493031,"Leslie Road, Ngatira 3485, New Zealand",NZ
51,52.634624,9.099722,25.2833333,55.4666667,Unnamed Road - Sharjah - United Arab Emirates,AE
52,49.63463,7.905613,48.949103,20.751586,"536, 053 62 Bystrany, Eslovaquia",SK
53,49.731964,7.5371256,-37.74839,175.9786412,"101 Te Kohanga Road, Whakamarama 3176, New Zealand",NZ
54,9.58342,5.423732,-24.3235927,25.5462841,"Kweneng East, Botswana",BW
55,57.03377,12.126528,32.8129766,34.9807805,"Horsha 7-9, Haifa, Israel",IL
56,52.404785,7.93067,52.1534857,-9.2473858,"Unnamed Road, Co. Kerry, Ireland",IE
57,52.538055,7.8316097,-42.6723271,147.1511142,"1160 Church Road, Broadmarsh Tasmanie 7030, Australie",AU
58,54.737186,11.479937,-20.1959189,26.1824442,"A33, Nata, Botswana",BW
59,46.984314,7.8290234,-11.991095,-41.2344604,"BA-046, Bonito - BA, 46820-000, Brazil",AU
60,52.454247,9.054022,21.2232714,92.0484567,"Cox's Bazar - Teknaf LGED Rd, Bangladesch",BD
61,49.801575,7.3929777,47.393485,8.5004486,"Bernerstrasse, 8048 Zurich, Switzerland",CH
62,57.03918,12.439474,13.7306363,105.3790168,"Unnamed Road, Cambodia",KH
63,-9.084068,15.848462,-24.6872355,25.5692985,"A10, Thamaga, Botswana",BW
64,53.232697,14.125971,-24.4034355,-53.4982141,"Rua Piratininga, 605-629, Parana, 85935-000, Brazil",BR
65,53.45131,9.411771,25.3137894,55.3420362,108 Al Khaleej Rd - Dubai - Vereinigte Arabische Emirate,AE
66,45.044647,5.5413656,-7.8556689,112.49617,"Jl. Gn. Banyak, Kec. Batu, Kota Batu, Jawa Timur 65312, Indonesia",ID
67,50.105225,7.948475,21.901,-102.3007296,"Roble 613(913), Las Arboledas, 20020 Aguascalientes, Mexico",MX
68,46.523056,7.895855,-26.5127635,31.3774186,"Second Avenue, Manzini, Swaziland",SZ
69,48.60331,7.599574,53.01965,5.4920837,"Hieslumerdijk, 8764 Dedgum, The Netherlands",NL
70,48.29206,7.170334,-41.482807,147.1501805,"Midland Highway, Kings Meadows TAS 7249, Australia",AU
71,51.986916,10.464765,42.6310887,1.5180111,"Avinguda de Tristaina, AD300 Ordino, Andorra",AD
72,49.2781,8.534877,27.224057,90.6197323,"Unnamed Road, Bhutan",BT
73,52.527054,8.504331,35.2164876,129.2245784,"289-4 Yeonhwa-ri, Gijang-eup, Gijang-gun, Busan, South Korea",KR
74,52.03724,8.634799,35.8699,137.203056,"1549 Hagiwarachō Furuseki, Gero-shi, Gifu-ken 509-2505, Япония",JP
75,50.992188,7.9199696,66.8673647,21.1912893,"818, 980 41 Hakkas, Suède",SE
76,49.68673,7.536006,45.7048548,16.0209918,"Nova cesta 69, 10412, Donja Lomnica, Croatia",HR
77,49.363052,9.453213,41.945615,-6.9556997,"Unnamed Road, 5320, Portugal",PT
78,4.1811085,8.129252,-33.770065,20.9376201,"R62, Breede River DC, South Africa",ZA
79,48.02914,6.493532,54.272291,-7.9138146,"R206, Co. Cavan, Ireland",IE
80,54.42402,8.244814,37.5939012,-4.7665558,"A-386, 14548 Montalbán de Córdoba, Córdoba, Spain",ES
81,45.849174,7.0360403,64.1189007,-21.8849623,"Eyrarland, Reykjavik, Iceland",IS
82,46.706444,7.188484,-5.2188215,-39.3031067,"CE-166, Quixeramobim - CE, 63800-000, Brazil",SG
83,53.107098,9.174116,42.9219778,25.8751267,"662, 5070 Elena, Bulgaria",BG
84,52.765503,9.220592,40.373305,17.5195934,"Strada Provinciale 129, 74028 Sava, Taranto, Italy",IT
85,53.815628,9.566206,42.5995862,1.6375459,"Ctra. de Ransol, AD100 Canillo, Andorra",AD
86,43.459484,8.893703,61.121278,14.6225809,"Hantverkargatan 22, 794 34 Orsa, Sweden",SE
87,51.438713,8.500081,22.1578051,-101.8707548,"Aguascalientes 30, Palo Alto, Aguascalientes, Mexico",MX
88,51.518776,9.151904,1.2716089,103.620717,"150 Tuas South Ave 5, Singapore 637363",SG
89,51.08426,6.165312,50.2674975,4.4503384,"Rue des Barrages 12-74, 5650 Walcourt, Βέλγιο",BE
90,52.686886,9.074126,40.3897981,-3.6702635,"Calle de Pablo Rica, 8, 28053 Madrid, Spain",ES
91,54.77278,9.267561,11.8447102,104.6501911,"Unnamed Road, ឃុំ ត្បែងខ្ពស់, Cambodia",KH
92,54.537918,9.573456,50.022487,36.3644602,"533th Microrayon, Kharkiv, Kharkiv Oblast, Ukraine",UA
93,53.04295,9.034154,31.2714939,34.7719106,"Shmu'el Rodenski 25-41, Beersheba, Israel",IL
94,44.648655,6.055992,-32.5564458,23.4892997,"R61, South Africa",ZA
95,54.90456,10.521128,57.4100618,25.9080062,"Mežoles iela 13, Smiltene, Smiltenes pilsēta, LV-4729, Latvia",LV
96,46.03754,6.8816986,49.9589572,5.6069166,"Jodenville 20, 6640 Vaux-sur-Sûre, Belgium",BE
97,58.03342,18.273033,4.6231647,-74.1869381,"Transversal 87B # 58S-1 a 58S-99, Bogota, Cundinamarca, Kolumbia",CO
98,45.01651,7.347475,63.5263295,-18.4707352,"Þjóðvegur, Iceland",IS
99,50.503372,6.809084,62.16145,5.1735825,"Fylkesveg 633 80, 6750 Stadlandet, Norway",CL
100,46.67247,7.5089483,58.3575583,26.6255891,"Tartu–Viljandi–Kilingi-Nõmme, Haage, 61402 Comté de Tartu, Estonie",FI
101,48.42443,7.660923,48.0280564,-1.4743834,"Le Bois Riant, 35150 Amanlis, France",FR
102,44.775566,7.4475527,30.7998584,35.2615528,"139, Hatzeva, Israel",IL
103,50.939007,7.8582163,27.8534753,128.9561251,"Japan, 〒891-7423 Kagoshima-ken, Ōshima-gun, Tokunoshima-chō, San 県道629号線",JP
104,52.08769,9.074133,59.5237993,18.2533572,"Sjöbergsvägen 76, 186 91 Vallentuna, Sweden",SE
105,52.81557,8.500143,12.1806522,104.8814769,"Unnamed Road, ឃុំ ព្រៃគ្រី, Kambodscha",KH
106,52.718117,9.713079,64.0770614,-21.9449117,"Helluhraun, Hafnarfjörður, Islande",KR
107,49.682243,6.1111383,49.8526248,19.0716966,"Barkowska 272, 43-346 Bielsko-Biala, Poland",PL
108,47.289505,7.024804,-46.2329396,168.2400295,"178 Spar Bush-Bay Road, Northope 9874, New Zealand",NZ
109,49.38288,8.537829,58.8225845,25.7745348,"E263, 72501 Järva County, Estonia",EE
110,45.683357,7.6563816,46.4638853,13.9432373,"Dovje, 4281 Mojstrana, Słowenia",SI
111,49.746223,8.359433,46.6873636,19.84198,"6100 Kiskunfélegyháza, 5402, Hungary",HU
112,50.33892,8.438127,27.48657,89.7692987,"Thimphu-Wangdue Phodrang Hwy, Bhutan",BT
113,53.401215,9.125229,47.511661,3.7365399,"D21, 89660 Montillot, France",FR
114,47.106445,8.776343,56.8651894,24.4194106,"Bajāru iela 2, Bajāri, Salaspils lauku teritorija, LV-2121, Latvia",LV
115,50.600777,7.4648523,50.4159391,30.519073,"Kazymyra Malevycha Street, 86, Kyyiv, Kyiv city, Ukraine",UA
116,6.250307,8.999299,24.992155,55.357965,Dubai - United Arab Emirates,AE
117,48.34373,9.572056,23.9772469,120.5794357,"No. 427, Lane 518, Section 1, Fúzhèn Road, Yuanlin Township, Changhua County, Taiwan 510",TW
118,48.227203,7.6384726,51.0139239,-103.0569553,"Saskatchewan 15, Fenwood, SK S0A 0Y0, Canada",CA
119,50.332195,8.481171,7.9467281,-75.4410501,"Montelíbano - Puerto Libertador, Montelíbano, Cordoba, Colombia",CO
120,27.64827,32.973396,4.2644893,-74.568264,"Túnel Del Sumapaz, Melgar, Tolima, Kolumbia",CO
121,50.90091,9.170925,-7.2084006,107.6594101,"Jl. Raya Cibeureum No.13, Kertasari, Bandung, Jawa Barat 40386, Indonesia",ID
122,52.866673,9.531101,55.1153278,26.2120654,"109, 18129, Lithuania",LT
123,49.612793,7.4987097,23.4086769,121.3231379,"982, Taiwan, Hualien County, Zhuoxi Township, 10",TW
124,49.44654,8.281209,56.077678,23.7512242,"2917, 83324, Lithuania",LT
125,51.79164,8.88433,59.0992238,24.3796144,"Riisipere-Nurme, 76215 Raplamaa, Estonia",EE
126,49.64383,9.189009,11.5826405,105.4781551,"NR8, Kambodscha",KH
127,54.505344,8.114197,53.3453153,83.7660928,"prospekt Krasnoarmeyskiy, 106, Barnaul, Altai Krai, Russia, 656907",RU
128,49.496696,8.12445,49.4622157,11.1481309,"Rehhofstraße 18, 90482 Nuremberg, Germany",DE
129,49.282936,7.800535,52.6655349,-8.1139486,"Unnamed Road, Co. Tipperary, Ireland",NL
130,55.654846,11.134692,61.6433027,16.0515383,"Harsavägen, 820 40 Järvsö, Sweden",SE
131,54.183685,9.444773,45.5039172,15.5265387,"Ulica Mirka Seljana 43, 47000, Károlyváros, Horvátország",GB
132,51.033104,8.67933,39.6446884,2.8960738,"Carretera Montuïri, 11, 07140 Sencelles, Балеарские о-ва, Испания",ES
133,50.619026,7.9753294,47.2881574,23.102448,"DJ108D, Romania",RO
134,51.336105,7.8678007,42.2827463,25.9329267,"554, 6260 Radnevo, Bulgaria",BG
135,48.020752,5.8427496,54.2978387,23.9618252,"2512, 64238, Lithuania",LT
136,47.164467,7.6048326,47.6737164,19.1110651,"2015 Szigetmonostor, Horánygyöngye Street 61, Hungary",HU
137,53.992725,10.621853,23.8823813,120.6044848,"No. 3-8, Qīngxìng Road, Shetou Township, Changhua County, Taiwan 511",TW
138,50.099304,7.3086014,48.8620542,17.9421051,"061028, 913 04 Chocholná-Velčice-Velčice, Slovensko",SK
139,49.735382,6.188306,-36.6105231,-59.0594022,"Ruta Provincial 30, Buenos Aires, Argentina",AR
140,46.366997,7.5839386,44.115245,-80.1786301,"556300-556598 Mulmur Melancthon Townline, Shelburne, Ontario L0N 1S6, Kanada",CA
141,50.612022,6.179744,46.0491157,16.6608072,"D41, 48263, Carevdar, Croatia",HR
142,-12.271628,20.235327,-23.7752106,24.7683412,"Kweneng West, Botswana",BW
143,47.538418,7.348055,48.6216377,18.7808059,"Trubín 162, 966 23 Lovčica-Trubín, Slovakia",SK
144,50.46595,7.925935,56.6698549,23.7354294,"Loka maģistrāle 39-41, Jelgava, LV-3004, Latvia",LV
145,51.799847,8.898648,-29.2727642,26.1712951,"N1, Republika Południowej Afryki",ZA
146,57.350178,12.367301,21.4026542,92.1118713,"Ramu-Maricha Rd, Bangladesh",BD
147,52.310265,9.239997,36.1105352,139.923768,"484 Kuriyama Shinden, Joso, Ibaraki Prefecture, Japan",JP
148,47.183666,6.097803,-28.1988867,152.6734563,"LOT 1 Waterfall Creek Road, Maroon QLD 4310, Australia",AU
149,50.001865,8.02625,45.0524611,10.3596262,"Strada Provinciale 60, 26030 Gussola, Cremona, Italy",IT
150,54.116302,9.671171,56.841608,24.5015716,"P10, Jaunikšķile, Ikšķiles lauku teritorija, LV-5052, Latvia",LV
151,51.946884,8.626914,54.9238988,25.170779,"5230, 14271, Lithuania",LT
152,51.47204,8.953267,46.5134563,7.3598954,"Eggweid, 3770 Zweisimmen, Switzerland",CH
153,57.167328,11.97486,32.2711461,34.951698,"97, Porat, Israel",IL
154,57.05978,15.509762,14.8969242,99.2746783,"Unnamed Road, Tambon Khao Chot, Amphoe Si Sawat, Chang Wat Kanchanaburi 71220, Thailand",PE
155,3.9086466,8.679818,-26.7521696,31.8888286,"MR8, Swaziland",SZ
156,51.571102,8.594837,48.2878569,18.1344725,"Dolná 4-6, 949 07 Nitra-Janíkovce, Slovakia",SK
157,31.123596,54.792507,-25.9561855,31.247268,"MR1, Piggs Peak, Swaziland",SZ
158,47.638798,6.4096813,52.9637792,-7.7920174,"20-32 An Gleann Glas, Co. Tipperary, Ireland",IE
159,49.674973,6.312378,46.091911,12.0850332,"Via Cal da Prà, 7, 32036 Sedico, Belluno, Italy",IT
160,48.88748,7.7691774,64.0770614,-21.9449117,"Helluhraun, Hafnarfjörður, Islande",KR
161,49.98239,8.250456,52.3521748,9.7919598,"Messeschnellweg, 30519 Hanover, Germany",DE
162,46.79258,8.383482,-34.344186,-66.2045948,"RP43, San Luis, Argentina",AR
163,51.712833,9.250232,44.8393303,38.3975864,"ulitsa Lenina, Kholmskaya, Krasnodar Krai, Russia",RU
164,47.61686,7.3793373,27.4389148,89.4314246,"Unnamed Road, Paro, Bhutan",BT
165,55.208263,7.6367874,-37.1520578,145.0802985,"LOT 1 Hume Freeway, Tallarook VIC 3659, Australia",AU
166,53.30537,8.2822695,38.1709116,22.3394773,"Unnamed Road, Krathi 250 06, Greece",GR
167,22.238682,29.891651,37.7739398,-92.2076558,"26475 State Highway H, Mark Twain National Forest, Waynesville, Missouri 65583, États-Unis",US
168,55.592712,10.227968,35.1970325,129.0964066,"766-1 Allak 1(il)-dong, Dongnae-gu, Busan, South Korea",KR
169,52.789177,9.154293,16.8700262,-99.8171144,"Ciudad Pérdida 10, La Sabana, 39799 Acapulco, Guerrero, Mexico",NL
170,48.13667,6.8161135,43.5093055,23.0468837,"1, 3482 Vinište, Bulgaria",BG
171,56.673386,23.07231,-8.2738579,115.5925777,"Jl. Kubu, Kubu, Karangasem, Bali 80852, Indonesien",ID
172,48.869682,8.424085,1.383967,103.8906174,"151 Compassvale Bow, Singapore 544997",SG
173,50.22064,8.309972,23.9511143,120.6963837,"No. 51-1, Huánshān Road, Nantou City, Nantou County, Taiwan 540",TW
174,54.59571,9.313185,39.5767576,-0.5170821,"Calle Fuente del Algezar, 46117 San Antonio de Benagéber, Valencia, Spain",ES
175,27.306698,18.123026,43.2516228,-8.340779,"Camino Culebrón, Carral, A Coruña, Spain",ES
176,54.049423,9.965685,-4.1652883,-42.8934892,"Rua Eustáquio Borges, 148-204, Piauí, 64130-000, Brazil",BR
177,50.956978,7.3718653,47.1213938,17.156821,"9545 Jánosháza, Széchenyi Street 25-27, Hungary",HU
178,55.915226,10.869642,12.5826117,106.1367792,"Unnamed Road, Cambodia",KH
179,46.686745,4.8862433,-20.5080807,-40.3833834,"Rua José Mendes Pereira, 459-527 - Balneario Ponta da Fruta, Espirito Santo, 29128-472, Brazil",BR
180,46.716164,7.049882,27.6627839,90.7482937,"Unnamed Road, Bhutan",LT
181,51.021606,7.622363,25.125524,55.4259981,Manama Rd - Dubai - Vereinigte Arabische Emirate,AE
182,51.34964,9.171067,50.4536019,30.465432,"Brest-Lytovs'kyi lane, 30, Kiev, Kyiv city, Ukraine",UA
183,58.2229,18.593538,-37.74839,175.9786412,"101 Te Kohanga Road, Whakamarama 3176, New Zealand",NZ
184,53.151596,9.103985,66.8673647,21.1912893,"818, 980 41 Hakkas, Suède",SE
185,51.129593,9.182285,64.6102623,25.1516494,"Koivumaanperäntie 126-128, 92430 Siikajoki, Finland",FI
186,40.75708,4.845436,61.833327,25.2953128,"16567 470-508, 42100 Jämsä, Finland",FI
187,50.7296,8.70067,49.3628852,17.5653511,"Bořenovice 50, 769 01 Bořenovice, Czech Republic",CZ
188,48.4401,8.213364,46.4512785,30.6910501,"Kvitkova street, 13, Odessa, Ukraine",UA
189,57.640022,33.295547,49.4484731,15.3385594,"347, 393 01 Zachotín, Czech Republic",CZ
190,51.11335,8.341321,22.463473,114.0306794,"Nam Sang Wai Rd, Yuen Long, Hong Kong",HK
191,44.862915,40.151264,-38.3822022,176.0822174,"283 Dunkirk Road, Atiamuri 3078, New Zealand",NZ
192,55.8962,12.064247,-40.4318435,-71.5300999,"Ruta Nacional 40, Neuquén, Argentina",AR
193,50.970684,6.993869,53.7906457,-9.2815936,"Unnamed Road, Co. Mayo, Ireland",IE
194,51.06626,7.43071,-24.6505712,25.8456314,"A10, Gaborone, Botswana",BW
195,46.529366,6.0284843,51.8690883,-8.8383803,"Unnamed Road, Co. Cork, Ireland",IE
196,49.954754,6.770465,65.1903302,20.5920366,"890, 930 52 Fällfors, Sweden",SE
197,41.320824,7.732317,39.8353549,-88.516362,"East 300 North Road, Atwood, IL 61913, USA",US
198,48.185886,8.452943,-9.6249589,-77.1906914,"110, Peru",PE
199,8.683347,9.072443,-28.2865407,-54.22981,"Rua Armindo Utzig, 2-74, Rio Grande do Sul, Brazil",BR
200,52.866608,9.225206,46.884343,18.0175412,"8600 Siófok, E71, Hungary",HU
201,52.827827,9.398291,47.7284681,19.9118764,"3212 Gyöngyöshalász, M3, Ungarn",HU
202,51.803738,8.96086,1.3081129,103.8334193,"22 Scotts Rd, Singapore",SG
203,57.97632,19.15016,51.9939313,5.0981564,"Jan Blankenweg 2, 4131 ZA Vianen, The Netherlands",NL
204,48.054443,32.648502,-29.8264916,30.8519392,"10 Greenfields Crescent, Pinetown 3610, South Africa",ZA
205,54.993217,9.744505,25.0354847,55.5917997,Dubai-Hatta Rd - Dubai - United Arab Emirates,AE
206,53.099545,9.164227,56.16943,8.6855281,"Videbækvej 35A, 7480 Vildbjerg, Denmark",DK
207,41.085197,39.89838,23.5835719,90.6372611,"N1, Gazaria, Bangladesh",BD
208,52.00281,9.37908,51.6497215,20.9744784,"26-800 Szczyty, Poland",PL
209,42.981552,6.478032,-15.7235843,-52.2549757,"BR-158, Mato Grosso, 78600-000, Brazil",BR
210,54.645752,10.617619,51.1847416,19.4152902,"Gmina Kamieńsk, Poland",PL
211,49.345028,7.049287,23.8418528,120.4880734,"524, Taiwan, Changhua County, Xizhou Township, 廣東巷",TW
212,52.35383,9.246815,22.4461865,114.0047327,"15 Ping Ha Rd, Ping Shan, Hongkong",HK
213,48.74298,6.882538,37.6454654,22.8457736,"Epar.Od. Argous - Arachneou, Nafplio 210 55, Greece",GR
214,54.473846,9.904865,54.0680955,24.0537352,"2518, Dzūkijos nacionalinis parkas, Liškiava 65319, Lithuania",LT
215,49.212955,6.0760145,42.5607406,1.4956923,"CG-4, 82, AD400 Erts, Andorra",AD
216,50.95964,9.221359,42.9747781,25.3312194,"4041, 5374 Yantra, Bulgaria",BG
217,34.07979,33.81604,-33.4283406,-70.6617585,"Presidente Eduardo Frei Montalva, Independencia, Santiago Metropolitan Region, Chile",CL
218,55.59261,9.947956,45.3253342,14.8552191,"Poljička ulica 1, 51315, Mrkopalj, Croatie",HR
219,52.786118,7.7871037,47.3509221,17.4063941,"8521 Nagyacsád, 8406, Hungary",HU
220,52.586018,9.027633,9.9165528,-74.0574925,"I-80 # 2 a 100, Ariguaní (El Difícil), Magdalena, Colombia",CO
221,54.133957,9.846642,49.970491,17.9618178,"46, Opava-Malé Hoštice, Czech Republic",CZ
222,52.26788,9.373913,46.4711471,-0.0220694,"D5, 79340 Saint-Germier, France",FR
223,51.001976,9.366676,49.510062,8.5530327,"Magdeburger Straße, 68309 Mannheim, Germany",DE
224,45.689598,7.7387934,25.1951466,55.6391754,E 102 - Sharjah - Förenade Arabemiraten,AE
225,47.82718,5.570347,41.6282032,-4.7345681,"Calle Daniel del Olmo González, 8, 47008 Valladolid, Spain",ES
226,48.857193,8.81288,54.9280092,9.4899152,"Lundtoftvej 2, 6300 Gråsten, Danmark",DK
227,57.031975,15.128221,14.1685084,104.695391,"Unnamed Road, Cambodge",KH
228,51.210953,7.937622,37.7128646,-3.9627146,"Calle Manuel Bueno Sanchez, 23600 Martos, Jaén, Spain",ES
229,51.06265,8.353056,22.4454044,114.0052008,"15 Ping Ha Rd, Ping Shan, Гонконг",HK
230,45.47879,12.662174,15.3820674,100.0888471,"5002, Tambon Hat Thanong, Amphoe Mueang Uthai Thani, Chang Wat Uthai Thani 61000, Thailand",TH
231,54.264008,9.452451,56.8967605,9.7811385,"Guldbækvej 151, 9530 Støvring, Denemarken",DK
232,52.674583,9.355324,40.9415683,23.9246594,"Unnamed Road, Amfipoli 620 41, Greece",GR
233,47.711166,7.8949995,52.108108,5.029727,"Jan Vogellaan, 3451 Vleuten, The Netherlands",NL
234,-15.257506,18.469208,-20.1830191,24.0225867,"A3, Botswana",BW
235,54.753704,24.845652,37.5127364,127.070302,"1082-1 Jamsil-dong, Songpa-gu, Soul, Korean tasavalta",KR
236,47.58851,5.8586483,64.035064,-22.7025737,"Vallargata, Sandgerði, Islandia",PE
237,52.23175,8.945051,42.6318376,1.4995781,"Ctra. d'Arcalís, AD300 Ordino, Andorra",AD
238,50.07128,8.231846,45.4438524,22.78991,"DJ685, Roemenië",RO
239,58.318398,21.302355,22.4702562,114.2330693,"66 Tai Mei Tuk Rd, Shuen Wan, Hong Kong",HK
240,45.046333,7.440776,55.9842306,9.7867,"Potmosevej 24, 8752 Østbirk, Denmark",DK
241,49.67276,10.96451,-24.928505,30.8100907,"R532, Motlatse Canyon Provincial Nature Reserve, South Africa",ZA
242,50.74166,8.88632,16.0511282,102.5374209,"Unnamed Road, Tambon Non Payom, Amphoe Chonnabot, Chang Wat Khon Kaen 40180, Thailand",CL
243,49.617844,8.321189,4.3250681,-74.4043975,"Calle 24, Fusagasuga, Cundinamarca, Kolumbia",CO
244,53.36064,9.2983675,32.7687408,-96.8612105,"2400 Лон Стар Драйв, Даллас, Техас 75212, Соединенные Штаты Америки",US
245,45.735786,7.6429853,55.4165008,25.0615687,"1201, Kurkle 29234, Litwa",LT
246,52.02236,10.298019,26.9232211,-105.6582615,"Venezuela 53, Kennedy, 33880 Parral, Chihuahua, Mexico",MX
247,50.429283,7.422365,52.1760085,5.4622366,"Oosterdorpsstraat 25-27, 3871 AA Hoevelaken, The Netherlands",NL
248,50.01102,8.741031,50.08027,8.6322293,"Saonestraße 3, 60528 Frankfurt, Germany",DE
249,47.44252,7.6048098,54.182748,-105.9642454,"CanAm Highway, Division No. 18, Unorganized, SK S0J, Canada",CA
250,31.345276,1.0379252,-20.1793031,25.3548453,"A3, Botswana",BW
251,51.426186,5.6133757,-39.5997613,175.8176904,"211 Te Moehau Road, Taihape 4795, New Zealand",NZ
252,51.002525,7.5399675,55.7681499,12.4958948,"Odinsvej 8-10, 2800 Lyngby, Denmark",DK
253,54.148296,9.445675,32.9550701,35.2114311,"8533, Yarka, Israel",NO
254,56.07531,11.665167,60.3176179,10.4206605,"Heierkleiva 18, 2750 Gran, Norway",NO
255,49.84413,7.3022947,52.6302253,18.8084057,"Droga Krajowa 62, Poland",PL
256,46.851753,7.062976,53.7141013,-8.3429046,"Unnamed Road, Co. Roscommon, Ireland",IE
257,38.549934,79.876915,-7.3763105,108.5422744,"Jl. St. Banjar, Pataruman, Kota Banjar, Jawa Barat 46322, Indonesia",ID
258,51.038303,7.8159227,38.4452284,140.8174227,"Daigamorikita-31 Yoshida, Taiwa-chō, Kurokawa-gun, Miyagi-ken 981-3625, Japan",JP
259,52.27189,6.5199776,-33.5831725,-70.6958797,"Fontecilla 189, San Bernardo, Santiago Metropolitan Region, Chile",CL
260,53.952312,8.598245,23.7131769,88.7661701,"Chuadanga - Meherpur Hwy, Bangladesh",BD
261,52.63459,9.1005335,-26.3828061,25.9094833,"N14, Biesiesvlei 2755, South Africa",ZA
262,53.19662,9.781456,47.5473098,21.6462336,"4028 Debrecen, Jósika Street 3-5, Hungary",HU
263,50.661705,8.297669,48.0004801,37.7796199,"Torets'ka street, 10-12, Donetsk, Donetsk Oblast, Ukraine",UA
264,49.090126,8.058202,40.2282045,-8.7355929,"R. Arieiro 19, 3090-837, Portugal",PT
265,50.364834,8.549212,47.7430706,21.3444613,"4074 Hajdúböszörmény, Bagota Street 30-32, Hungary",HU
266,51.89248,9.43998,-25.6385734,27.1970455,"Swartruggens Road, Rustenburg 0309, Republika Południowej Afryki",ZA
267,50.46524,8.966347,55.5506575,22.2659733,"E85, 75492, Litwa",BT
268,53.30287,9.65263,3.9444281,101.2861419,"Jalan Besout 5, 35600 Sungkai, Perak, Malaysia",MY
269,50.31787,7.962801,24.0461699,120.4670907,"Lane 207, Section 6, Zhānglù Road, Fuxing Township, Comté de Changhua, Taïwan 506",TW
270,46.67419,7.0066833,1.4017732,103.9704287,"Natural Trail, Singapore",SG
271,54.121014,14.3465,42.8876728,11.8179239,"Strada Provinciale della Valle del Rigo, 53040 San Casciano dei Bagni, Sienne, Italie",IT
272,51.442516,6.7943354,45.8778673,15.2414974,"8220 Brezovica, Słowenia",SI
273,53.975212,9.659914,56.497676,27.2627216,"E262, Ozolmuižas pagasts, LV-4601, Lettonie",LV
274,50.456104,8.453122,49.6363818,4.0082574,"D592, 02340 Dizy-le-Gros, France",FR
275,44.198456,11.865818,62.3114187,17.3732856,"Sandslåvägen 9, 862 33 Kvissleby, Sweden",SE
276,53.815178,9.639791,-19.7008111,22.0219143,"Unnamed Road, Botswana",NL
277,55.998497,12.861027,67.6016027,26.740429,"Rovaniementie 2257-2339, 99600 Sodankylä, Finland",FI
278,45.378925,8.056607,50.8267309,5.2945375,"Kerselaarstraat 10, 3840 Borgloon, Belgium",BE
279,17.063288,2.936545,42.3701226,-5.0982994,"N-120, 245, 24342 Calzada del Coto, León, Spain",ES
280,51.23489,8.711852,47.3906561,5.3047511,"D70, 21310 Mirebeau-sur-Bèze, France",FR
281,49.488327,8.027286,42.9404815,23.2655811,"8102, Svidnya, Bulgaria",BG
282,48.345512,6.6006413,52.6590337,16.7980613,"Bielawska, 64-600 Oborniki, Poland",PL
283,51.72692,8.463075,40.4190483,-3.542011,"Avenida de Madrid, 32, 28822 Coslada, Madrid, Spain",ES
284,51.481926,8.324226,48.1821803,11.4875356,"Ernst-von-Beling-Straße 27, 80997 Munich, Germany",DE
285,48.20623,51.106388,-7.7066264,108.6559457,"Jl. Pantai Timur, Pangandaran, Pangandaran, Jawa Barat 46396, Indonesia",ID
286,49.400627,7.930374,41.6218947,26.3067614,"Epar.Od. Keramou - Dikeon 50, Elea 680 07, Greece",GR
287,50.27481,6.698395,22.4138177,114.0675682,"220 Ho Pui Tsuen, Tai Lam, Hong Kong",HK
288,52.729008,9.212995,50.0338351,13.3402048,"2066, 331 65 Žihle, Czech Republic",CZ
289,49.44937,7.3476458,23.636505,90.5944565,"N1, Sonargaon, Bangladesh",BD
290,50.16781,8.525987,3.8500152,113.8588369,"AH150, 98200 Miri, Sarawak, Malaysia",MY
291,46.44046,9.575742,-32.0381438,-61.8149515,"RP66, Santa Fe, Argentina",AR
292,54.679653,10.036219,3.9109249,101.9941726,"C144, Kampung Pamah Kulat, 27600 Raub, Pahang, Malaysia",MY
293,51.488625,8.812991,44.9483358,37.9808079,"Krasno-Zelenaya ulitsa, 110, Krymsk, Krai de Krasnodar, Rusia, 353380",RU
294,50.91446,8.073348,5.2004754,-74.8801828,"Carrera 18 # 1 a 99, Mariquita, Tolima, Kolumbia",CO
295,48.4905,6.857912,53.1487384,21.4494996,"Unnamed Road, Polska",PL
296,38.530937,80.3459,1.3772112,103.8407848,"642 Ang Mo Kio Ave 5, Singapore",SG
297,54.15618,9.938123,22.5243666,114.2154747,"Luk Keng Rd, Shuen Wan, Hong Kong",HK
298,55.166016,9.63973,50.4969879,30.3248695,"Ponomarova Street, Ukraine",UA
299,51.224903,9.236294,36.9924393,25.1175995,"Epar.Od. Parikias-Pountas, Pounta 844 00, Greece",GR
300,57.314667,19.937147,1.2716089,103.620717,"150 Tuas South Ave 5, Singapore 637363",UA
301,52.4225,9.748005,68.0442669,13.3491664,"Fylkesveg 807 350, 8380 Ramberg, Norway",NO
302,52.779053,10.3455715,35.2778119,129.1099154,"611-2 Seon-dong, Geumjeong-gu, Pusan, Corée du Sud",KR
303,50.45418,9.062601,5.014344,-75.3434102,"I-50, Manizales, Caldas, Kolumbia",CO
304,50.914345,9.074547,46.7906502,-0.5171665,"D38, 79300 Bressuire, France",KR
305,47.74482,6.744508,48.399294,20.2688545,"50, 982 51 Stránska, Slovakia",SK
306,43.348854,6.549651,62.5700859,29.4739787,"Liperintie 60-62, 83130 Liperi, Finlande",FI
307,54.86194,9.4527645,22.3107687,91.8570272,"N1, Bangladesh",BD
308,50.834393,7.5806103,47.2187059,6.8211097,"4 Rue Lamarck, 25140 Charquemont, France",FR
309,51.77404,8.35392,46.4041103,-81.1892535,"Saint Louis Street, Greater Sudbury, ON P3Y 1G2, Canada",CA
310,49.723404,8.124726,48.9294531,21.8812766,"Družstevná, 066 01 Humenné, Slovakia",SK
311,49.571335,7.5833626,-25.6385734,27.1970455,"Swartruggens Road, Rustenburg 0309, Republika Południowej Afryki",ZA
312,42.60285,12.862303,25.2429346,55.2755186,149 Al Mina Rd - Dubai - United Arab Emirates,AE
313,53.92508,9.749529,-34.4649258,-71.4012914,"I-318, Peralillo, VI Región, Chile",US
314,56.434834,12.932783,49.9698213,36.1781779,"Volozhanivs'ka street, 68, Járkov, Óblast de Járkov, Ucrania",UA
315,46.43938,5.9715443,51.8690883,-8.8383803,"Unnamed Road, Co. Cork, Ireland",IE
316,49.793156,9.146761,-26.0007604,28.0090296,"13 Pagoda Crescent, Sandton 2055, South Africa",ZA
317,49.82149,7.4913406,59.4516713,16.815981,"966, 645 92 Strängnäs, Sweden",SE
318,58.119057,15.622086,31.8361176,130.7690913,"Unnamed Road, Makizonochō Shimonakatsugawa, Kirishima-shi, Kagoshima-ken 899-6506, Japan",JP
319,45.38764,6.169159,49.2963794,17.7326203,"Hradská 306, 763 17 Lukov, Czech Republic",AU
320,47.384224,7.1269894,43.342394,16.7219768,"D113, 21424, Pražnica, Croatie",HR
321,48.557632,8.564406,56.783834,37.8270874,"Р104, Obwód twerski, Rosja",RU
322,46.003014,6.808282,-33.1882057,22.0083091,"R328, Prince Albert 6930, Sydafrika",ZA
323,50.00321,8.273159,50.9307098,5.4556834,"Steenakkerstraat 94-120, 3590 Diepenbeek, Belgium",KH
324,51.25688,9.301579,47.6828049,-72.5674974,"Québec 155, La Tuque, QC G0X, Canada",CA
325,54.305107,9.521173,42.511272,1.560387,"Ctra. d'Engolasters, 1, AD700 Escaldes-Engordany, Andorra",AD
326,52.36602,9.192866,37.6490324,-3.4346602,"A-324, 23560 Huelma, Jaén, Spain",ES
327,51.55738,9.05049,55.4397255,37.5602865,"Paradnyy proyezd, 8, Podolsk, Obwód moskiewski, Rosja, 142100",RU
328,48.997227,10.760469,42.4710159,1.7934933,"CG-2, AD200 Encamp, Andorra",AD
329,47.288605,7.8823843,46.091911,12.0850332,"Via Cal da Prà, 7, 32036 Sedico, Belluno, Italy",IT
330,49.2667,7.6631737,53.4462008,-113.2403662,"Alberta 14, Sherwood Park, AB T8C, Canada",CA
331,50.299843,8.400164,37.8587391,-25.2638665,"Japon, 〒100-2211 Tōkyō-to, Ogasawara-mura, Hahajima 都道241号線",JP
332,50.4862,7.652096,48.4320544,19.6423298,"050112, 985 22 Cinobaňa, Slovakia",SK
333,51.50312,8.559107,62.5267906,17.5883418,"Västansjövägen, 860 35 Söråker, Sweden",SE
334,45.68091,6.1799526,-15.4512817,-47.5960274,"Rua A - Setor Leste, Planaltina - Goiás, Brazil",BR
335,50.18699,9.617019,2.5630845,-75.4804738,"RT45, Hobo, Huila, Kolumbia",CO
336,51.892235,8.403479,54.1118377,15.7287992,"78-113 Świelubie, Polska",CH
337,47.937004,8.597245,65.7681697,-21.7001211,"Strandavegur, Islande",CH
338,54.284378,11.301899,46.1713974,14.509816,"Utik 38, 1217 Vodice, Słowenia",SI
339,13.434411,4.0702324,49.2881896,13.3814079,"1718, 341 42 Kolinec, Czech Republic",CZ
340,48.786255,8.724375,52.1473641,6.7014308,"Eibergsestraat 191, 7481 HJ Haaksbergen, Pays-Bas",HU
341,53.886826,9.230122,-18.7065728,-39.8804237,"Avenida Cricaré, 377-669, Espirito Santo, Brazil",BR
342,55.53491,10.127399,36.733052,-3.4375369,"GR-5209, Motril, Provincie Granada, Španělsko",ES
343,53.322075,9.240226,39.4428943,-0.7392601,"E-901, 323, 46370 Chiva, Valencia, Spanien",ES
344,53.9883,10.610291,-19.9816151,23.4511249,"Koro, Maun, Botswana",BW
345,46.18036,8.761354,16.995623,99.9534957,"Unnamed Road, Tambon Krai Nai, Amphoe Kong Krailat, Chang Wat Sukhothai 64170, Thailand",NL
346,10.097919,6.1915665,-48.7754542,-71.2419339,"RP29, Santa Cruz, Argentine",AR
347,58.547146,23.529142,27.4638542,90.5007355,"Sarpang - Gelephu - Trongsa Hwy, Bhutan",BT
348,47.644756,5.752822,-27.3202521,152.8538747,"31 Hills Road, Closeburn QLD 4520, Australia",AU
349,51.335846,8.40355,64.3164538,-22.0793033,"Faxabraut, Akranes, Iceland",IS
350,45.94228,7.4463243,54.5542008,23.1698604,"5116, Geisteriškiai 70321, Lithuania",LT
351,54.00824,9.36885,56.6294927,21.2946957,"P112, Tadaiķi parish, LV-3452, Latvia",GR
352,52.038353,9.245326,59.4414714,-126.1650289,"Alaska Hwy, Northern Rockies B, BC V0C, Canada",CA
353,47.10255,6.5036163,40.8957614,-7.8740673,"R. São Brás 53, 3600, Portogallo",PT
354,45.22633,5.614665,42.5839018,1.5195989,"Av. de l'Ensegur, AD300 Ordino, Andorra",AD
355,50.415962,7.7927694,44.7090512,15.1439246,"A1, 53224, Ličko Lešće, Croatia",HR
356,52.694298,9.376834,23.7088357,120.2416707,"635, Taiwan, Yunlin County, Dongshi Township, 雲115鄉道",TW
357,47.53736,5.209306,39.8394127,-8.1273309,"N2, 6100, Portugal",PT
358,55.837143,12.07124,11.1780268,105.3035697,"Unnamed Road, Cambodia",KH
359,55.88903,12.177357,3.0303684,101.8666965,"Jalan Sungai Lalang, 43500 Semenyih, Selangor, Malaysia",MY
360,46.838272,5.7437267,-35.9323472,-60.3396814,"Ruta Nacional 205, Buenos Aires, Argentina",AR
361,-20.09339,20.540327,-24.2260168,26.1718687,"A1, Botswana",BW
362,48.97014,7.8581963,42.5810107,1.5192698,"Av. de l'Ensegur, AD300 Ordino, Andorra",AD
363,51.23119,9.727688,48.6368456,22.1607806,"552032, 072 53 Bežovce, Slovakia",SK
364,49.72397,7.720661,45.164017,-73.272238,"1162-1262 Rue Principale, Île-aux-Noix, QC J0J 1G0, Canada",CA
365,56.287712,11.389595,51.7680525,5.4969463,"Ussenstraat 100, 5345 HW Oss, The Netherlands",NL
366,50.323242,7.5274525,37.6598455,-87.1541111,"7906-8048 Fitts Road, Owensboro, KY 42301, USA",US
367,57.558243,17.029125,51.0309511,20.5256603,"26-080 Borki, Poland",PL
368,52.68091,8.959068,42.5174979,1.5264201,"Av. Fiter i Rossell, 90, AD700 Escaldes-Engordany, Andorra",AD
369,45.88035,6.4636106,46.7092222,16.0923537,"Lemerje 55, 9201 Puconci, Slovenia",SI
370,52.2144,8.833789,50.9594226,5.775302,"Merodestraat 36, 6171 XN Stein, Nederland",NL
371,51.855186,5.978698,48.8419253,19.1150043,"E77, 976 02 Staré Hory, Slovakia",SK
372,49.319862,9.788846,22.5777727,88.9985457,"Satkhira-Kaliganj Highway, Debhata, Bangladesh",BD
373,56.70205,11.931475,54.9844629,25.2255339,"5254, Glitiškės 14292, Lithuania",LT
374,51.40972,8.354275,51.9927043,-3.3646638,"1 Park-View, Brecon, Powys LD3 9RL, UK",GB
375,50.798027,8.231545,49.4698987,8.5409321,"E50, 68239 Mannheim, Germany",DE
376,53.11879,9.42901,-25.6700289,27.2421008,"Pretorius Street, Rustenburg 0299, South Africa",ZA
377,51.707024,8.62019,-6.7435555,-79.4998769,"6A 630, Перу",PE
378,49.723976,7.4422054,52.0277167,8.5979614,"Wüstenrotstraße 16-18, 33719 Bielefeld, Germany",DE
379,47.205368,8.873389,54.7692573,11.9667913,"Grønsundsvej 220, 4800 Nykøbing Falster, Danmark",DK
380,53.653015,9.441594,42.915128,23.7957492,"ул. „Хан Аспарух“, 2140 Botevgrad, Bulgaria",BG
381,57.555626,22.68805,44.1374846,9.7625005,"Via Giacomo Matteotti, 6, 19020 Quaratica La Spezia, Italy",AE
382,52.181717,9.303401,-30.445979,-60.1336612,"RP39, Santa Fe, Argentina",AR
383,45.190475,6.723093,45.8517466,10.9481522,"SS240, 38065 Mori, Trentino, Italy",IT
384,48.799263,7.261256,64.0343611,-20.3371822,"Þjórsárdalsvegur, Islande",IS
385,53.522133,9.60605,46.6736738,6.3623323,"Bois-de-Ban, 1325 Vaulion, Switzerland",CH
386,48.33845,7.2596226,43.9745198,16.3591532,"D1, 22310, Kijevo, Croatia",HR
387,52.981926,9.233086,-36.3731954,142.4415883,"Sheep Hills-Kellalac Road, Kellalac Victoria 3393, Australie",AU
388,49.332657,8.939585,24.8909901,55.0590456,Sheikh Mohammed Bin Zayed Rd - Dubai - United Arab Emirates,AE
389,52.856216,9.485194,22.516208,114.138223,"Unnamed Road, Sheung Shui, Hong Kong",HK
390,53.271973,9.04817,2.7811033,101.6730497,"Jalan Pekeliling & E6, Kuala Lumpur International Airport, 64000 Klia, Selangor, Malaysia",MY
391,52.791977,9.22648,61.6915034,23.3241346,"Hirvilahdentie 30-34, 39310 Ylojarvi, Finland",FI
392,53.070812,6.5710783,37.3929047,127.1031512,"101-3 Pangyo-dong, Bundang-gu, Seongnam-si, Gyeonggi-do, South Korea",KR
393,49.218987,8.919326,47.8283237,20.4611166,"3398 Nagytálya, 2502, Hungary",HU
394,50.622513,7.9293785,60.115099,12.0498987,"Arko-vegen, 2210 Granli, Noruega",NO
395,55.552937,9.182697,49.9897421,36.3494461,"Saltivs'ke highway, 143, Kharkiv, Kharkiv Oblast, Ukraine",UA
396,43.685913,5.8750973,54.2388228,-8.964558,"Unnamed Road, Co. Sligo, Irlanda",IE
397,55.550117,10.084789,32.8165321,34.9980443,"Ibn Rushd, Haifa, Israel",IL
398,49.355255,7.238716,41.3819858,-84.0382627,"Ohio 109, Napoleon, Ohio 43545, États-Unis",US
399,51.547394,6.8901205,48.0004801,37.7796199,"Torets'ka street, 10-12, Donetsk, Donetsk Oblast, Ukraine",UA
400,54.04062,9.744858,17.9932717,-94.0864116,"A Cuichapa 326, J. Mario Rosado 1a Sección, 96980 Las Choapas, Veracruz, Mexico",MX
401,56.106644,34.81332,47.5576434,7.5771667,"Birmannsgasse 25-27, 4055 Bazylea, Szwajcaria",CH
402,50.982773,8.5222025,70.4414191,26.7952101,"Riksveg 98 30, 9740 Lebesby, Norway",NO
403,27.698368,8.566693,-26.4901085,27.0369582,"R53, South Africa",ZA
404,50.970634,7.511818,45.0426792,7.4122133,"Strada Avigliana, 4, 10090 Trana, Turin, Italy",IT
405,44.683887,5.087922,55.6193937,22.7201195,"3505, Kražiai 86274, Lithuania",LT
406,50.863605,8.375849,43.5084572,143.693874,"Unnamed Road, Rikubetsugenya Nishi 1 Sen, Rikubetsu-chō, Ashoro-gun, Hokkaidō 089-4300, Япония",JP
407,16.581753,1.7538517,-21.6926416,25.8727713,"A14, Botswana",BW
408,51.550056,8.843956,49.4622157,11.1481309,"Rehhofstraße 18, 90482 Nuremberg, Germany",DE
409,57.651558,17.205431,47.0032794,6.0404312,"D492, 25330 Éternoz, France",FR
410,54.02276,9.080574,56.3145028,44.0671034,"ulitsa Rodionova, 165 корпус 10, Nizhny Novgorod, Nizhny Novgorod Oblast, Russia, 603000",RU
411,38.425297,25.868681,25.7895697,88.6684147,"Kantaji Temple Road, Bangladesh",BD
412,43.96423,11.3651905,38.1382169,21.4761532,"Unnamed Road, Ditiki Achaia 252 00, Greece",GR
413,56.514977,11.294216,38.3927816,-8.3159698,"Unnamed Road, 7580 ポルトガル",PT
414,51.44061,9.222971,46.5137615,14.8605246,"Kopališka pot 11, 2392 Mežica, Slovenia",LT
415,-1.6197455,11.784447,-22.8599422,27.7440679,"Mahalapye, Botswana",BW
416,45.807228,6.645938,-33.7401958,24.7789793,"R331, Afrique du Sud",ZA
417,56.199043,9.6919155,41.5563232,14.416357,"SS618, 86096 Macchiagodena Isernia, Italy",IT
418,53.003155,7.49747,45.9477931,13.7190478,"Šmihel 18b, 5261 Šempas, Slovenia",SI
419,50.84852,8.426604,47.4080837,21.7843795,"Monostorpályi, Bajcsy-Zsilinszky u. 64, 4275 Hungary",IS
420,50.052853,7.308483,50.0288734,36.3039915,"Zhulyardi Descent, Kharkiv, Kharkiv Oblast, Ukraine",UA
421,50.564262,9.650136,42.5444342,1.4705768,"CG-4, AD400 La Massana, Andorra",AD
422,52.62436,9.467081,27.3834509,90.5135841,"Sarpang - Gelephu - Trongsa Hwy, Bhutan",BT
423,51.85025,9.274487,59.9114121,71.1658738,"R404, Khanty-Mansiyskiy avtonomnyy okrug, Russia, 628327",GR
424,49.73416,8.342433,56.5528455,22.3131543,"P107, Pampāļi parish, LV-3882, Latvia",LV
425,51.37083,8.798114,48.0643267,7.1369913,"9-11 Route du Linge, 68140 Hohrod, France",FR
426,44.83795,6.851815,41.5386452,0.2049882,"N-II, 22520 Fraga, Huesca, Spain",ES
427,51.33631,8.821102,46.4300441,14.2686605,"4290 Podljubelj, Slovénie",SI
428,48.05878,7.38258,-42.9579129,147.5311315,"38-39 Pipe Clay Esplanade, Cremorne TAS 7024, Australia",AU
429,48.63719,8.11761,28.2928461,-97.8556045,"3000-3224 Farm to Market 796, Beeville, TX 78102, USA",US
430,50.358696,8.3774,51.490837,6.643706,"Verbandsstraße, 47199 Duisburg, Germany",DE
431,49.653015,7.5680456,46.4818168,21.9875352,"DJ792A, Beliu, Romania",RO
432,47.510307,8.69458,40.2951343,-6.3316391,"CC-V-110, 10630 Casar de Palomero, Cáceres, Spain",ES
433,51.667854,8.339021,43.4786261,-1.4892108,"56 Chemin de Lestanquet, 64100 Bayonne, France",FR
434,43.924244,6.011344,50.9013552,4.5467928,"Stroeykensstraat 22, 3071 Kortenberg, Belgium",BE
435,53.02494,10.439922,56.4463776,27.4103894,"P55, Čornajas pagasts, LV-4617, Łotwa",LV
436,48.142387,8.361689,26.9393268,89.9381904,"Daga Rd, Bhutan",BT
437,52.09043,9.824251,23.9176749,90.1024221,"Dhaka - Aricha Hwy, Bangladesh",BD
438,49.01747,8.2238035,4.9261488,-74.428179,"I-50 # 76, Sasaima, Cundinamarca, Colombia",CO
439,57.00323,13.994272,50.8542725,3.364421,"Hazewindstraat 61-73, 8540 Deerlijk, Belgium",BE
440,50.585716,8.2916155,55.504888,21.6494498,"193, Švėkšna 99387, Lithuania",LT
441,51.131554,6.6108065,51.9567976,5.9640952,"Van der Hoevensstraat 77, 6931 DB Westervoort, The Netherlands",NL
442,-6.4225864,13.594175,-24.6179983,25.531906,"Road No 4, Thamaga, Botswana",BW
443,52.832115,9.299345,46.4446486,30.7230668,"Yakova Breusa street, 5, Odesa, Odessa Oblast, Ukraine",UA
444,53.10737,8.093949,-29.9901643,-51.1260566,"Avenida Alcides Maia, 59-259 - Sarandi, Pôrto Alegre - Rio Grande do Sul, 91120-440, Brésil",BR
445,45.73071,6.901882,53.2994806,-112.6357685,"Alberta 834, Tofield, AB T0B 4J0, Canada",CA
446,54.115356,8.882132,10.1309891,-75.2273514,"Malagana # 2 a 100, Mahates, Bolívar, Kolumbia",CO
447,50.343407,7.5032578,49.3045089,-1.2489062,"2-4 Rue Jean Truffaut, Parc Naturel Régional des Marais du Cotentin et du Bessin, 50500 Carentan, France",FR
448,50.807556,8.355717,-26.3791816,31.955276,"MR7, Swaziland",DK
449,52.827435,9.4650345,4.5521506,100.7272031,"Jalan Changkat Jering - Sri Manjung - Kampung Koh, 34800 Terong, Perak, Malaysia",MY
450,55.705162,11.238112,32.0781812,34.768641,"Ben Yehuda 41-57, Tel Aviv, Israel",IL
451,50.472385,8.824604,51.649071,4.6971888,"Bredeweg 4, 4844 PZ Terheijden, The Netherlands",NL
452,53.607475,9.537189,32.0781812,34.768641,"Ben Yehuda 41-57, Tel Aviv, Israel",IL
453,47.15684,8.186124,25.4783652,-108.2219399,"Culiacán - Los Mochis, Sinaloa, Mexico",CH
454,36.817757,4.139057,37.7672705,-8.3613577,"N263, 7670 ポルトガル",PT
455,56.973637,13.226732,46.0373596,-74.2480644,"113-135 Mount Rainer, Sainte-Agathe-des-Monts, QC J8C 2Z7, Canada",CA
456,46.486286,5.717409,56.0008736,23.5346364,"2908, Sereikiai 81475, Lithuania",LT
457,52.312675,8.989678,57.2097378,25.0421079,"Siguldas iela 1, Gauja National Park, Līgatne, Līgatnes pilsēta, LV-4110, Latvia",CH
458,50.63955,8.416649,-33.3213572,-71.4092225,"Avenida Portales, Casablanca, Région de Valparaíso, Chili",CL
459,51.127007,7.384362,47.9403165,20.5456215,"3413 Cserépfalu, Berezdalja Way 11, Hungary",HU
460,51.201782,7.997613,51.5750068,-9.3710405,"Unnamed Road, Co. Cork, Ireland",IE
461,50.87874,9.529985,23.493841,89.4314935,"Dauladia - Faridpur - Magura - Jhenaidah - Jessore - Khulna - Mongla Rd, Magura, Bangladesh",BD
462,50.998867,8.94661,23.7163168,89.1559151,"Kushtia - Jhenaidah Hwy, Bangladesh",BD
463,52.499146,9.052712,51.5648821,5.1009988,"Ringbaan Oost 136, Kanaalzone II, 5013 CE Tilburg, The Netherlands",NL
464,50.722565,9.433953,52.1719937,4.523959,"Provincialeweg, 2353 Leiderdorp, The Netherlands",NL
465,52.79928,9.975112,37.9143229,-77.5706583,"13530 Verdon Road, Ruther Glen, VA 22546, USA",US
466,50.064655,6.978917,23.874098,90.9853479,"Unnamed Road, Бангладеш",BD
467,53.684563,9.3834,25.1312736,55.1158182,Crescent Rd - Dubai - Các tiểu Vương quốc Ả rập Thống nhất,AE
468,48.341263,7.7606134,52.4869325,5.6959088,"Palingweg 8, 8256 PA Biddinghuizen, The Netherlands",NL
469,53.36683,9.392198,52.4752612,5.6803692,"Botweg 1, 8256 PB Biddinghuizen, The Netherlands",NL
470,51.02557,8.018,14.9119888,104.8759603,"Unnamed Road, Tambon Khok Sawang, Amphoe Samrong, Chang Wat Ubon Ratchathani 34360, Thailand",TH
471,48.35089,6.5708904,50.2568686,2.2501504,"D115, 62270 Bonnières, France",FR
472,46.45436,10.601317,24.6642407,120.9185617,"Shuǐyuán Road, Toufen Township, Miaoli County, Тайвань 351",TW
473,45.999634,6.302349,-40.2439772,-70.3398808,"RN237, Neuquén, Argentina",AR
474,44.273132,11.921967,-24.1855489,-53.0247436,"Avenida Dezenove de Agosto, 545, Parana, 87360-000, Brazylia",BR
475,48.20695,8.172302,50.6306177,13.7799857,"Hudcovská 76, 415 01 Teplice, Czech Republic",CZ
476,51.983116,8.878151,-34.1209123,18.8331725,"52 Neethling Street, Cape Town 7139, South Africa",ZA
477,52.22615,40.547028,5.1415144,-74.8995983,"I-43 # 1, Armero, Tolima, Kolumbia",CO
478,53.65364,10.2303505,40.2225809,-7.864872,"EM508, 3305, Portugal",PT
479,54.190186,9.424043,44.0278418,12.5707097,"Via Alda Costa, 1, 47924 Rimini, Italy",IT
480,54.484436,10.060144,43.0438002,-90.6564256,"14813-14953 County Road T, Fennimore, WI 53809, USA",HK
481,54.774334,9.454175,12.2909367,105.7503083,"Unnamed Road, Cambodia",EE
482,53.58621,9.656145,35.1078956,136.9538505,"1 Chome-14-2 Nonami, Tenpaku Ward, Nagoja, Prefektura Aichi, Japonia",JP
483,50.715164,8.839688,55.5506575,22.2659733,"E85, 75492, Litwa",IS
484,50.71666,9.084854,48.5105254,19.3073135,"2463, 962 25 Slatinské Lazy, Slovakia",MY
485,51.755287,7.6454306,43.7982577,24.0873477,"Strada Nicolae Bălcescu, Dăbuleni, Romania",RO
486,58.45739,19.44539,43.8632161,12.981152,"Località San Biagio, 36B, 61032 Fano Pesaro and Urbino, Italy",IT
487,49.004745,8.389653,51.649071,4.6971888,"Bredeweg 4, 4844 PZ Terheijden, The Netherlands",NL
488,20.120205,63.137074,10.7209814,99.385552,"4004, Tambon Chum Kho, Amphoe Pathio, Chang Wat Chumphon 86160, Thailand",TH
489,53.912933,9.055483,6.6164833,100.2549219,"7, 02100 Padang Besar, Perlis, Malaysia",MY
490,46.82824,6.8599396,41.1131713,15.265177,"Contrada Olmo, 9, 83030 Zungoli, Avellino, Italy",IT
491,51.91294,8.770587,-33.4949277,-70.5993844,"Macul 4333-4559, Macul, Santiago Metropolitan Region, Chile",CL
492,-24.60581,24.63645,-20.8501609,27.1491023,"A3, Botswana",DE
493,54.63308,9.730578,12.7093601,102.4420745,"3299, Tambon Nong Bon, Amphoe Bo Rai, Chang Wat Trat 23140, Thailand",CZ
494,53.39318,9.514523,1.3343549,103.9201323,"708 Bedok North Rd, Singapore 470708",SG
495,54.25589,9.025314,51.1583258,16.9342609,"Północna 4-6, 54-105 Wrocław, Polska",PL
496,50.195107,7.3740044,51.2118339,3.0209157,"Clemensheulestraat 11-17, 8460 Oudenburg, Belgium",BE
497,51.797035,8.514996,31.9854443,34.9626007,"Yitzhak Rabin Highway, Israel",IL
498,53.30783,9.0615635,-15.6709115,-74.5232407,"Panamericana Sur, Peru",PE
499,54.105064,9.646976,42.5581535,1.4467652,"CG-4, AD400 La Massana, Andorra",AD
500,50.19547,8.140474,50.4430329,15.9635208,"3073, 552 05 Brzice, Czech Republic",CZ
501,46.661217,11.877672,48.7788083,9.1652936,"Falkertstraße 27, 70176 Stuttgart, Germany",DE
502,50.695114,8.910965,48.9385649,18.0929176,"E75, 913 31 Skalka nad Váhom, Slovakia",SK
503,49.793564,9.028972,41.0104656,140.8896274,"Japan, 〒039-3301 Aomori-ken, Higashitsugaru-gun, Hiranai-machi, Higashitazawa 県道9号線",JP
504,49.14154,8.730207,23.8861277,89.1058197,"Kushtia - Jhenaidah Hwy, Kushita, Bangladesh",BD
505,45.608414,9.014803,47.0819878,7.1258675,"Chemin de la Roche-Au-Cros, 2514 La Neuveville, Elveţia",CH
506,50.10515,8.610826,66.1213553,12.5635224,"Fylkesveg 181 12, 8820 Dønna, Norway",NO
507,46.28894,7.968856,-35.4769933,-63.1648236,"Ruta Provincial 70, Buenos Aires, Argentinien",AR
508,48.085884,8.32199,25.1128676,55.1088845,Crescent Rd - Dubai - Vereinigte Arabische Emirate,AE
509,44.106857,6.14645,56.8686955,10.0105504,"Brøndumvej 19, 9520 Skørping, Denmark",DK
510,48.4709,15.959334,50.6145652,27.2659801,"E40, Zhytomyrs'ka oblast, Ukraine",GR
511,32.34519,66.18198,-6.2939238,107.4289676,"Jl. Syeh Quro, Talagasari, Karawang, Jawa Barat 41381, Indonesia",ID
512,46.898968,7.277322,57.0675851,27.2958045,"P47, Balvi parish, LV-4561, Latvia",LV
513,54.809883,9.897522,57.1997281,22.571605,"P120, Lībagu pagasts, LV-3258, Latvia",LV
514,50.79761,8.738832,33.1112414,139.8439913,"Japan, 〒100-1622 Tōkyō-to, Hachijō-machi, Sueyoshi 八丈一周道路",JP
515,47.513313,7.342078,-15.836903,-71.0895441,"Salinas and Aguada Blanca National Reservation, 34A, Peru",PE
516,58.018658,18.949617,51.5898989,5.3980232,"Boxtelseweg 9, 5491 XT Sint-Oedenrode, The Netherlands",NL
517,50.54525,8.877963,42.4765685,1.4529428,"Ctra. de Canòlich, AD600 Sant Julià de Lòria, Andorra",AD
518,54.59093,8.240945,23.7131769,88.7661701,"Chuadanga - Meherpur Hwy, Bangladesh",BD
519,48.94068,6.7616863,55.8508762,21.3687717,"2316, Raguviškiai 97210, Lithuania",LT
520,46.773994,7.3516283,51.8265267,4.4697196,"Dorpsstraat 128, 3274 Heinenoord, The Netherlands",NL
521,56.398724,10.761281,42.5915174,143.2834518,"Hiroo National Hwy, Hokkaidō, Japan",JP
522,49.01452,7.834859,42.8639573,-79.0764126,"4318-4384 Erie Road, Fort Erie, ON L0S 1N0, Canada",CA
523,50.435978,6.7162046,50.0816073,8.5803907,"Schwanheimer Bahnstraße 100, 60529 Frankfurt am Main, Duitsland",DE
524,49.196938,8.675733,-29.9987708,151.6753723,"LOT 14 Old Ben Lomond Road, Ben Lomond Nouvelle Galles du Sud 2365, Australie",AU
525,49.867615,8.245669,22.824537,91.5525901,"Dhaka - Chittagong Hwy, Bangladesh",BD
526,52.486416,9.923178,41.09244,23.923704,"Unnamed Road, Perichora 620 45, Greece",MY
527,52.05762,8.000504,41.6220916,24.953784,"863, 4741 Krastatitsa, Bulgaria",BG
528,54.68825,9.616516,58.7830271,6.0776962,"Fylkesveg 286 70, 4330 Ålgård, Norway",NO
529,38.18752,37.04627,22.4437693,114.0154795,"133 Castle Peak Road (Ping Shan), Ping Shan, Hong Kong",HK
530,50.379097,7.626893,41.4415217,13.275162,"Località Capo D'Acqua, 20, 03021 Amaseno, Frosinone, República Italiana",IT
531,53.85156,7.556878,47.5703847,18.9556788,"1028 Budapest, Tópart Street 1-3, Hungary",HU
532,48.597073,7.173092,64.9839948,-22.9180545,"Helgafellssveitarvegur, Iceland",IS
533,47.768753,6.6995115,37.6048937,127.0600202,"137 Hwarang-ro 32-gil, Seongbuk-gu, Seoul, South Korea",PE
534,52.657562,7.709771,48.2601156,21.8995833,"3973 Cigánd, Hajnal Street 6, Hungary",HU
535,48.905083,7.613405,58.1678375,-5.1970313,"A837, Lairg, Highland IV27 4LW, Royaume-Uni",GB
536,50.7205,8.628486,24.9821778,55.0225499,Unnamed Road - Dubai - Spojené arabské emiráty,AE
537,50.5938,8.223775,44.0103803,15.2750569,"D110, 23263, Ždrelac, Croatia",HR
538,54.620483,10.2103,-7.7118977,110.3517334,"Jl. Pramuka, Kec. Sleman, Sleman, Daerah Istimewa Yogyakarta 55512, Indonesia",ID
539,49.289093,6.3942013,4.7520584,-74.0617542,"Calle 168 # 62-2 a 62-100, Bogotá, Cundinamarca, Colombia",AE
540,52.130215,7.464978,53.6158108,10.1506213,"Redderblock 28E, 22145 Hamburg, Germany",DE
541,46.82255,8.740472,27.7017701,128.9083412,"Japon, 〒891-8323 Kagoshima-ken, Ōshima-gun, Isen-chō, Kinoko 県道83号線",JP
542,53.041748,9.961047,2.6904574,101.933517,"30, Jalan Rasah, 70300 Seremban, Negeri Sembilan, Malaysia",MY
543,52.882668,9.108955,55.1186264,9.1862396,"Gammel Tøndervej 34, 6534 Agerskov, Tanska",DK
544,46.588764,49.447727,59.6772136,10.9560448,"Fylkesveg 205 30, 1825 Tomter, Norway",NO
545,49.237343,7.4954863,25.2555632,55.3841112,217 Al Quds St - Dubai - United Arab Emirates,AE
546,53.87142,9.288246,45.7048548,16.0209918,"Nova cesta 69, 10412, Donja Lomnica, Croatia",HR
547,56.532,12.4131975,42.5220045,141.3208403,"356 Ishiyama, Shiraoi-chō, Shiraoi-gun, Hokkaidō 059-0921, Japan",JP
548,47.64897,6.2607365,46.3848987,-63.2081199,"63-295 Macquarrie Road, Lot 33, Wyspa Księcia Edwarda C0A, Kanada",CA
549,55.664913,11.79461,-4.9092807,-81.0551491,"Carretera El Arenal-La Huaca, Peru",PE
550,45.47328,7.018898,-42.9420246,147.2755987,"661 Summerleas Road, Fern Tree TAS 7054, Australia",AU
551,50.439796,8.384219,63.9638891,-20.2775832,"Landvegur, Iceland",IS
552,49.791504,8.629708,13.9561152,100.9377592,"Unnamed Road, Tambon Bung Nam Rak, Amphoe Bang Nam Priao, Chang Wat Chachoengsao 24170, Thailand",TH
553,52.85402,8.412505,46.2146368,6.0813041,"Route de Peney 27, 1214 Vernier, Switzerland",CH
554,52.088116,8.223295,49.0591551,19.8849551,"Východná 728, 032 32 Východná, Slovakia",SK
555,48.544712,9.2744255,57.6523541,25.752042,"Sporta iela 9, Seda, Sedas pilsēta, LV-4728, Latvia",LV
556,50.0335,6.595991,66.1505472,-15.1726827,"Norðausturvegur, Iceland",IS
557,49.55857,6.8576,58.4950605,5.8072231,"Nordsjøvegen, 4364 Sirevåg, Norway",AE
558,55.16591,9.130449,60.2715806,11.5061273,"Sjølivegen, 2164 Skogbygda, Norway",NO
559,49.437542,16.50945,52.5450233,13.3789358,"Hochstraße 23A, 13357 Berlin, Germany",DE
560,54.51671,9.490881,54.3045641,-7.7877177,"89A Gardrum Road, Enniskillen, Fermanagh BT74 9AT, UK",GB
561,41.03895,15.136757,34.6036743,133.8227701,"1956 Hayashima, Tsukubo District, Okayama Prefecture, Japan",JP
562,50.538452,8.826766,49.4675216,11.1077297,"Thorner Straße 21, 90491 Nuremberg, Germany",DE
563,53.946037,9.390788,24.9859577,55.0199025,Unnamed Road - Dubai - United Arab Emirates,AE
564,49.22986,7.563488,47.7021732,18.015285,"2941 Ács, Igmándi Street, Hungary",HU
565,48.382847,6.8089657,51.9381465,8.5048669,"Buschkampstraße 322, 33659 Bielefeld, Allemagne",DE
566,48.140556,6.8738337,23.5622354,119.4772417,"881, Tajvan, Penghu County, Xiyu Township, 148-6",TW
567,48.883728,7.530382,50.1305973,20.0896906,"71, 32-010 Sulechów, Poland",PL
568,47.647686,7.597274,-26.2722395,28.1790981,"Kreupelhout Street, Germiston 1401, South Africa",ZA
569,54.679836,9.498043,46.7330469,7.6257835,"Hännisweg 6, 3645 Thun, Switzerland",CH
570,49.32218,10.661098,54.5416928,18.28992,"Wejherowska, Полша",PL
571,49.34834,7.1134396,10.7552952,104.7947989,"Unnamed Road, Cambodia",KH
572,50.6294,8.264319,-30.5213414,29.5831545,"N2, South Africa",ZA
573,48.820305,7.301835,42.631586,27.4854645,"906, 8216 Burgaz, Bulgaristan",BG
574,17.266375,8.578013,-32.0909361,133.4968798,"Denial Bay Road, Nadia SA 5690, Australia",AU
575,47.40937,6.730195,5.4819241,116.982925,"Jln Telupid - Tongod - Penangah, Kota Kinabatangan, Sabah, Malaysia",MY
576,56.136566,15.730857,37.4432574,126.4017452,"928-20 Nambuk-dong, Jung-gu, Incheon, South Korea",KR
577,46.917313,6.184474,65.461981,-15.660118,"Þjóðvegur, Iceland",IS
578,15.394909,27.781233,17.8603624,101.5729512,"2195, Tambon Pak Tom, Amphoe Chiang Khan, Chang Wat Loei 42110, Thailand",TH
579,50.348843,7.5407276,-41.454344,-72.916392,"Camino A Alerce, Puerto Montt, Los Lagos Region, Chile",CL
580,13.304637,9.125328,-23.38521,27.5344222,"R510, South Africa",RU
581,47.21463,8.822333,18.5667056,-97.1018664,"Unnamed Road, Veracruz-Llave, Mexikó",MX
582,54.20973,9.707966,24.9211073,55.1056031,Sheikh Mohammed Bin Zayed Rd - Dubai - United Arab Emirates,AE
583,58.07715,18.404978,26.8362093,-109.6357069,"Azucena 103, 14 de Enero, 85930 Huatabampo, Sonora, Mexico",MX
584,55.331436,11.746972,63.360023,14.8484796,"751, 836 93 Lit, Sweden",SE
585,50.308685,6.7633896,48.3767273,17.6812775,"Lovčická 26-28, 919 27 Brestovany-Horné Lovčice, Slovakia",SK
586,54.088142,9.325024,35.2976864,129.228075,"298-3 Cheonggwang-ri, Ilgwang-myeon, Gijang-gun, Busan, South Korea",KR
587,47.548748,6.918068,39.1351119,25.9303947,"Epar.Od. Kallonis-Skala Eresou, Skala Eresou 811 05, Greece",GR
588,43.28157,9.49133,-26.9928742,31.7326623,"MR14, Swaziland",SZ
589,57.713577,15.614184,37.5882032,127.0234995,"347-6 Anamdong 1(il)-ga, Seongbuk-gu, Seul, Južna Koreja",KR
590,45.714584,11.587363,47.2287387,2.3410572,"16-18 La Grande Noue, 18110 Allogny, France",FR
591,49.46357,9.23068,52.4086514,-114.9598425,"7327-7407 David Thompson Highway, Alhambra, Alberta T0M 0C0, Kanada",CA
592,56.80063,10.846928,27.5870202,91.4915538,"Mongar - Trashigang - Trashiyangtse Rd, Trashiyangtse, Bhutan",BT
593,54.83225,10.476566,46.7888584,18.9391045,"7020 Dunaföldvár, Külsőbölcskei Way 19-21, Hungary",HU
594,52.05542,9.154291,46.4460912,25.7584953,"E578, Racu, Romania",RO
595,50.1702,8.50637,17.3822122,103.3042539,"22, Tambon Kho Tai, Amphoe Sawang Daen Din, Chang Wat Sakon Nakhon 47110, Thailand",TH
596,45.645924,4.3729153,50.08027,8.6322293,"Saonestraße 3, 60528 Frankfurt, Germany",DE
597,56.84347,12.9597435,53.3453153,83.7660928,"prospekt Krasnoarmeyskiy, 106, Barnaul, Altai Krai, Russia, 656907",RU
598,47.77608,8.779094,63.0049403,29.7303084,"Komakantie, 83950 Juuka, Finland",FI
599,42.009277,76.53766,26.9292632,89.9644295,"Daga Rd, Bhutan",BT
600,53.52907,8.859994,63.3456134,21.3125572,"Björkövägen 807, 65870 Korsholm, Finland",FI
601,53.449474,10.039417,54.4006886,24.0957968,"Druskininkų gatvė 40, Alytus 62216, Lithuania",LT
602,44.789925,7.055498,63.8950625,24.4990746,"Toholammintie 137-139, 85410 Sievi, Finlandia",FI
603,48.194115,5.750287,42.8982629,-85.6409298,"1113-1185 36th Street Southeast, Grand Rapids, MI 49508, USA",US
604,55.4953,10.725624,45.7244084,16.3618363,"Lepšić 3, 10310, Lepšić, Croatia",HR
605,50.814682,8.951885,51.8627153,-120.8634183,"3474 Canim-Hendrix Lake Rd, Forest Grove, BC V0K 1M0, Canada",CA
606,44.402397,4.4028854,52.7740645,-7.4998618,"Unnamed Road, Co. Kilkenny, Ireland",IE
607,53.499928,9.335009,-33.6526989,-70.5333907,"Santa Rita, Pirque, Santiago Metropolitan Region, Chile",CL
608,44.857224,8.162256,-37.9113917,-69.171326,"Ruta Provincial 5, Neuquén, Argentina",AR
609,57.12673,12.736615,50.9574798,18.2095391,"Nowodworska 4, Kluczbork, Poland",PL
610,54.427082,9.382921,63.189854,15.5314488,"768, 830 76 Stugun, Sweden",SE
611,52.957394,7.9192715,5.7417205,-72.9073857,"Calle 47 # 10B-1 a 10B-99, Sogamoso, Boyacá, Kolumbia",CO
612,52.519714,9.265273,23.6687352,119.6044621,"Natik St, Cambridge Bay, NU X0B, Kanada",CA
613,49.809906,8.124698,1.4351542,103.7166995,"51 Lim Chu Kang Lane 6, Singapore 718864",SG
614,53.658524,9.093095,-37.2119094,141.0937928,"15 Fullertons Road, Poolaijelo VIC 3312, Australia",AU
615,44.02682,7.704691,47.2902073,26.8209199,"DJ281C, Romania",EE
616,51.683834,10.191384,23.5133928,89.4616785,"Mawa - Bhanga Hwy, Bangladesh",BD
617,45.223564,5.997905,-26.1512298,28.1074727,"0B Edward Avenue, Johannesburg 2192, Südafrika",ZA
618,42.583538,69.044876,23.3283279,89.998428,"Dhaka - Barisal Hwy, Bangladesh",BD
619,52.44333,10.604927,1.3775105,103.9423469,"623 Elias Rd, Singapore 510623",SG
620,49.995712,7.1815634,45.223092,0.4094151,"24 Au Bois Sema, 24600 Saint-Pardoux-de-Drône, Francja",FR
621,48.152504,17.221815,47.2287387,2.3410572,"16-18 La Grande Noue, 18110 Allogny, France",FR
622,52.73718,9.195994,39.5767576,-0.5170821,"Calle Fuente del Algezar, 46117 San Antonio de Benagéber, Valencia, Spain",ES
623,54.63578,7.9202776,37.6362722,126.7934969,"455-3 Baekseok-dong, Ilsandong-gu, Goyang, Gyeonggi-do, Südkorea",KR
624,57.23862,12.905503,47.3081825,6.795854,"Rue du Dessoubre, 25190 Saint-Hippolyte, France",FR
625,47.18911,6.561948,36.4764667,23.1582867,"Unnamed Road, Monemvasia 230 53, Greece",GR
626,49.187595,8.890321,42.361032,0.0908119,"A-2205, 22330, Huesca, Spain",ES
627,56.854706,12.11714,45.55708,13.8708789,"6275 Gabrovica pri Črnem Kalu, Slovénie",SI
628,35.874115,7.075962,37.5218802,126.8110718,"434-1 Wonjong 1(il)-dong, Ojeong-gu, Bucheon-si, Gyeonggi-do, South Korea",KR
629,49.21773,8.496902,43.3492099,142.1512656,"Yubari National Hwy, Ashibetsu, Ashibetsu-shi, Hokkaidō 075-0000, Японія",JP
630,49.07708,7.796874,41.6154266,-5.6482623,"CL-612, 16, 49123 Benegiles, Zamora, España",ES
631,53.247078,9.162205,-29.9901643,-51.1260566,"Avenida Alcides Maia, 59-259 - Sarandi, Pôrto Alegre - Rio Grande do Sul, 91120-440, Brésil",BR
632,52.880157,8.970351,40.4134696,-7.4419568,"N232 18, 6300 Vale de Amoreira, ポルトガル",PT
633,55.181465,10.607543,24.1744881,120.6252425,"No. 118-1, Ānhé Road, Xitun District, Taichung, Taïwan 407",TW
634,49.736282,7.534334,23.9180964,90.1092353,"Dhaka - Aricha Hwy, Bangladesh",BD
635,45.685608,9.096495,-26.2138615,31.9149464,"MR3, Simunye, Swaziland",SZ
636,56.731583,11.567574,49.7978316,14.0012353,"115, Jince, Czech Republic",CZ
637,51.54477,9.501323,59.913407,10.5099903,"Gabbroveien 15, 1352 Kolsås, Norway",NO
638,50.102524,7.824398,53.3201833,34.3129544,"Pochtovaya ulitsa, 46А, Bryansk, Bryansk Oblast, Russia, 241016",RU
639,50.92909,8.505492,52.2137475,4.9313539,"Achterveld 10, 3645 HP Vinkeveen, The Netherlands",NL
640,49.876717,7.67556,51.1621951,6.8667717,"Benrather Schloßallee 89, 40597 Düsseldorf, Tyskland",DE
641,48.620304,6.223197,50.8321194,4.4559598,"Salomélaan 4, 1150 Woluwe-Saint-Pierre, Belçika",BE
642,52.08374,9.27342,44.6988257,26.1337661,"DJ111, Izvorani, Romania",RO
643,47.07394,7.621353,56.8719929,22.2410858,"Kārļa iela, Vārme, Vārme parish, LV-3333, Latvia",LV
644,35.678154,8.600498,25.155773,55.2998538,Muscat St - Dubai - United Arab Emirates,AE
645,46.167656,7.334196,39.0799892,-8.4465683,"Unnamed Road, 2100, Portugal",KH
646,46.181458,7.250353,56.3189743,-3.1103637,"A92, Cupar, Fife KY15, Reino Unido",GB
647,53.67398,8.506492,27.5033661,90.7303241,"Bumthang - Ura Hwy, Bhutan",BT
648,52.100075,8.71804,53.6924095,-1.1993022,"Cobcroft Lane, Knottingley, North Yorkshire WF11, UK",GB
649,50.637844,6.9338627,36.4558818,-86.6383917,"121 Strassle Drive, White House, Tennessee 37188, États-Unis",US
650,57.92565,20.023865,41.8692671,140.1513469,"245 Hinokitai, Esashi-chō, Hiyama-gun, Hokkaidō 043-0035, Japan",JP
651,43.737633,38.200134,-29.8117286,30.8417433,"11 Swanfield Road, Pinetown 3610, Afrique du Sud",ZA
652,50.826736,9.351423,23.9941533,120.7667975,"Lane 151, Jiànxíng Road, Caotun Township, Nantou County, Taiwan 542",TW
653,55.29004,17.031061,1.0810851,111.1706816,"AH150, 95000 Sri Aman, Sarawak, Malaysia",MY
654,55.582607,10.610336,-33.0473559,-71.4011881,"Ramón Angel Jara 125-141, Villa Alemana, Valparaíso Region, Chile",CL
655,44.84059,6.7833233,52.2509268,5.3375971,"3754 NA Eemdijk, Нидерланды",NL
656,21.78477,3.9920714,39.5202911,-3.0134775,"CM-3162, 6, 45820 El Toboso, Toledo, Spain",ES
657,44.099354,6.2062664,51.9493792,-8.277969,"Unnamed Road, Co. Cork, Ireland",IE
658,24.6531,39.988796,15.6001944,101.522274,"Unnamed Road, Tambon Sap Yai, Amphoe Sap Yai, Chang Wat Chaiyaphum 36130, Thailand",TH
659,54.98324,10.95282,52.2147818,4.5126804,"A44, Jagtlust, 2171 Sassenheim, The Netherlands",NL
660,51.43879,8.174676,23.8485872,89.8532811,"Dhaka - Aricha Hwy, Bangladesh",BD
661,46.300987,7.7393503,57.4285947,24.9257849,"P14, Stalbes pagasts, LV-4151, Lettonie",AE
662,46.658653,7.556942,53.0215819,-6.2228435,"L1076, Co. Wicklow, Ireland",IE
663,47.67417,6.585044,65.461981,-15.660118,"Þjóðvegur, Iceland",IS
664,49.732708,8.671606,53.9281992,-8.6077558,"Unnamed Road, Co. Roscommon, Ireland",IE
665,50.46352,8.47628,-25.4104675,-49.4968802,"Estrada de Bateias, 6871 - Centro, Parana, Brazil",BR
666,56.94152,11.898884,51.5898989,5.3980232,"Boxtelseweg 9, 5491 XT Sint-Oedenrode, The Netherlands",NL
667,54.69644,9.700621,42.9520023,16.7352851,"D118, 20270, Blato, Croatia",HR
668,53.300045,9.009387,46.5232931,-1.0190949,"50-54 Route de Saint-Aubin, 85210 Saint-Étienne-de-Brillouet, France",FR
669,52.191463,8.980209,45.8556572,27.3701509,"E581, Romania",RO
670,-0.6796446,13.2640705,32.4178461,34.9138964,"Yitshak Ben Zvi, Hadera, Israel",IL
671,46.072517,8.345923,51.4029072,7.0691671,"Wechselpfad 1, 45259 Essen, Tyskland",DE
672,46.356308,4.547973,-37.4135393,144.9652236,"25 King William Court, Wallan VIC 3756, Australia",AU
673,50.168278,8.655345,-25.8870663,31.5097728,"MR1, Swaziland",SZ
674,53.990864,9.554586,49.2777657,16.0968105,"3923, 675 79 Tasov, Czech Republic",CZ
675,51.846237,8.930399,35.4876817,-97.4593944,"2913-2981 Northeast 18th Street, Oklahoma City, OK 73111, USA",US
676,48.45059,7.4358807,42.9935328,11.2897244,"SS223, 58045 Civitella Paganico, Grosseto, Italy",IT
677,46.574097,4.5880604,65.9483462,-18.4992938,"Ólafsfjarðarvegur, Iceland",IS
678,54.25937,10.561539,-18.7065728,-39.8804237,"Avenida Cricaré, 377-669, Espirito Santo, Brazil",BR
679,52.65215,7.9569283,46.0224438,7.8074598,"Aegerta, 3929 Täsch, Zwitserland",CH
680,45.271946,6.332633,37.2825016,-8.052506,"Unnamed Road, 8100, Portugal",PT
681,31.31546,93.576355,37.5597493,126.9403781,"74-23 Sinchon-dong, Seodaemun-gu, Seoul, South Korea",KR
682,51.76776,7.392868,43.3565393,26.1272812,"51, 7852 Kovachevets, Bulgaria",BG
683,54.955154,10.792198,50.7770022,3.1900546,"Grote Kruisstraat 102, 8930 Menin, Belgique",BE
684,52.44007,6.894186,47.5127001,18.8319071,"2071 Páty, Kossuth Street 15, Hungary",US
685,48.60686,6.5622206,1.3856295,104.0005263,"1 Nicoll Dr, Singapore 498985",SG
686,53.54438,9.276297,26.9407937,91.557731,"Unnamed Road, Bhutan",BT
687,53.305992,9.271093,50.8797003,5.9741276,"Welterlaan 35, 6417 CG Heerlen, The Netherlands",NL
688,50.300865,8.354876,50.0987665,36.2823294,"E40, Kharkiv Oblast, Ukraine",UA
689,57.54599,16.646551,22.2839185,113.926245,"Hong Kong, Lantau Island, 東澳古道",HK
690,57.564186,30.110735,23.5133928,89.4616785,"Mawa - Bhanga Hwy, Bangladesh",BD
691,-15.142198,21.851538,23.1901291,-102.864378,"Genaro Vázquez, Emiliano Zapata, 99010 Fresnillo, Zacatecas, Mexico",MX
692,48.28042,7.613635,51.7969622,19.4341254,"Gdyńska 5, Łódź, Pologne",PL
693,44.31316,14.650599,46.5049063,-87.1650328,"101-375 Shot Point Dr, Marquette, MI 49855, USA",BW
694,54.605644,9.650028,29.2785157,-13.4884991,"Unnamed Road, 35540 Teguise, Las Palmas, Spain",HU
695,49.745026,8.987403,55.4946168,10.1528454,"Brolundvej 20, 5471 Sonderso, Denmark",DK
696,44.613274,4.478547,65.2864334,21.4878704,"Tistelvägen 13, 941 53 Piteå, Suède",SE
697,56.752434,11.589052,46.3641386,23.0563891,"Câmpeni, Romania",RO
698,-5.631995,12.973904,-24.5658839,25.5276014,"A10, Botswana",BW
699,47.5655,8.1274395,56.2400473,26.836042,"P62, Rušonas pagasts, LV-5318, Latvia",LV
700,48.778973,7.105217,63.1729907,17.2505174,"Skärvstavägen 18, 881 30 Sollefteå, Sweden",SE
701,33.716507,89.98744,12.5505862,106.349887,"ប្រាសាទខ្វាន់ពីរ, Cambodia",KH
702,51.52828,9.028346,61.0898476,27.7788883,"14768 103-125, 54710 Lemi, Finland",FI
703,51.193336,8.938119,63.0768984,14.4447609,"592, 832 94 Orrviken, Szwecja",SE
704,52.318535,11.45136,1.259456,103.8083075,"Imbiah Rd, Singapore",SG
705,42.566395,25.97575,4.6557044,-74.0754004,"Carrera 28 # 63D-1 a 63D-99, Bogotá, Cundinamarca, Colombia",CO
706,52.298164,9.241863,-24.385316,30.8689992,"R527, South Africa",ZA
707,58.747955,26.104624,-7.7222078,112.753721,"Unnamed Road, Purwosari, Pasuruan, Jawa Timur 67162, Indonésie",ID
708,53.16677,9.37999,49.9592963,16.1478638,"Hradecká, Karosa, 566 01 Vysoke Myto, Czech Republic",CZ
709,50.307373,9.344929,-24.5455093,25.963094,"A1, Gaborone, Botswana",BW
710,54.314407,16.702885,35.3907051,136.903131,"2 Chome-372 Unumaasahimachi, Kakamigahara, Prefektura Gifu, Japonia",JP
711,47.08471,4.5215616,38.9326881,-8.6415523,"Unnamed Road, 2100, Portugal",PT
712,48.648487,6.16757,47.6776153,22.4657045,"Strada Nuferilor, Carei, Roemenië",RO
713,53.660133,8.435624,48.2940476,19.923391,"571021, 980 32 Konrádovce, Slovakia",SK
714,3.0324483,48.467,70.1519449,22.4368096,"Riksveg 882 360, 9550 Øksfjord, Norway",NO
715,51.96459,7.746667,42.2432358,0.7216239,"N-230, 22583 Arén, Huesca, Spain",ES
716,54.02356,18.306915,1.2917125,103.7664709,"W Coast Hwy, Singapore",SG
717,50.70789,5.4214897,52.057255,5.4144752,"Rottegatsteeg 1, 3953 MN Maarsbergen, The Netherlands",NL
718,54.615646,9.619084,55.3389926,25.9212592,"111, 30210, Lithuania",LT
719,51.98777,7.417905,51.4302402,24.6007254,"М19, Butsyn, Volyns'ka oblast, Ukraine",AU
720,48.8208,7.7500467,53.0353793,-1.2872484,"B600, Nottingham, Nottinghamshire NG16 3QX, UK",GB
721,53.284706,7.296604,-5.98831,-79.746813,"Avenida Miguel Grau 1014, Olmos, Peru",PE
722,56.341633,11.918447,43.6625063,6.1249169,"8 Lotissement les Terres de Régusse, 83630 Régusse, France",FR
723,55.883102,10.22431,65.654724,-16.4485392,"Route 1, Iceland",IS
724,54.18154,9.97637,63.28481,19.0541071,"1062, 891 96 Arnäsvall, Sweden",SE
725,48.916553,8.379056,-23.5465543,-51.6686084,"BR-376, Parana, 86975-000, Brazil",BR
726,50.136925,8.216462,26.9235107,90.398768,"Sarpang - Gelephu - Trongsa Hwy, Bhutan",BT
727,48.88536,9.248917,50.4570574,34.944555,"Unnamed Road, Trostianets', Sums'ka oblast, Ukraine, 42602",LT
728,48.928257,7.0014944,52.2689642,-2.7200414,"A49, Leominster, Herefordshire HR6 0DL, UK",GB
729,49.09218,8.590629,37.8048426,20.9048465,"Unnamed Road, Zakinthos 291 00, Greece",GR
730,50.773743,8.374241,53.2981475,34.0656249,"Zarechnyy Pereulok, Glinishchevo, Bryansk Oblast, Russia",RU
731,44.44401,5.3964195,51.4142165,20.172457,"Droga Wojewódzka 713, Polonia",PL
732,48.809895,7.1010504,55.8967348,9.7637635,"Engvej 7, 8700 Horsens, Denmark",DK
733,48.615902,8.712968,55.5155929,25.4823023,"4924, Tirmūnai 28107, Lithuania",LT
734,54.388554,9.444659,51.7680525,5.4969463,"Ussenstraat 100, 5345 HW Oss, The Netherlands",NL
735,51.079697,8.303466,42.4045835,23.8699484,"803, 2050 Ihtiman, Bulgaria",BG
736,49.436928,8.461696,55.1186264,9.1862396,"Gammel Tøndervej 34, 6534 Agerskov, Tanska",DK
737,45.60739,6.284006,56.9573089,9.4112695,"Halkærvej 210, 9240 Nibe, Denmark",GR
738,49.85176,7.7295275,45.9140891,16.5143392,"Cugovec, 10345, Cugovec, Croatia",HR
739,51.3013,9.971371,59.1141587,-2.5521806,"Unnamed Road, Orkney, Orkney KW17 2AG, UK",GR
740,55.076363,11.198698,48.4492991,19.4901876,"050105, Budiná, Slovakia",SK
741,57.494614,21.078352,42.5609024,1.5902193,"CG-2, AD100 Canillo, Andorra",AD
742,44.383034,6.238823,47.9955238,0.7890413,"D84, 72320 Valennes, France",FR
743,48.910957,7.5425234,56.1007085,26.5446052,"Krasta iela 9-11, Kalupe, Kalupe parish, LV-5450, Latvia",LV
744,55.948273,12.839646,43.4090347,5.1990796,"Chemin des Macreuses, 13700 Marignane, France",FR
745,57.381294,19.087252,26.6242883,128.0540889,"465 Genka, Nago-shi, Okinawa-ken 905-1141, Япония",JP
746,49.77339,7.2412453,60.7977213,25.0431661,"Torholanlammintie 8, 12100 Hausjärvi, Finlande",FI
747,47.842052,8.319322,63.7864416,9.813636,"Riksveg 721 120, 7160 Bjugn, Norway",NO
748,48.60547,9.063646,44.3203379,-90.7842191,"West Mission Road, Black River Falls, WI 54615, USA",US
749,45.636322,6.5829945,46.3848987,-63.2081199,"63-295 Macquarrie Road, Lot 33, Wyspa Księcia Edwarda C0A, Kanada",CA
750,49.940952,6.692999,51.1239194,3.3225733,"Berkenstraat 14-24, 8730 Beernem, Βέλγιο",BE
751,39.904648,4.7717257,40.9784603,-5.4807255,"Calle la Ruìza, 25, 37340 San Morales, Salamanka, Hiszpania",ES
752,48.710136,7.8610992,-37.7646374,176.4883513,"118-718 Pukehina Parade, Pukehina 3189, New Zealand",NZ
753,50.426575,7.867546,-26.5084509,30.0016206,"80 Pet Street, Ermelo 2351, South Africa",ZA
754,53.084892,6.651107,42.6191221,1.5397607,"Av. de Sant Pere, AD300 Ordino, Andorra",AD
755,47.22523,6.3366575,46.3149537,16.8180152,"Brodarska ulica 15, 40328, Donja Dubrava, Croatie",HR
756,57.032288,12.449938,32.9550701,35.2114311,"8533, Yarka, Israel",NO
757,47.816406,7.0115414,-33.5807992,-62.6046917,"RN8, Córdoba, Argentina",AR
758,44.977985,6.660429,-33.5445359,115.9493367,"191 Attwood Road, Lowden WA 6240, Australia",AU
759,47.227943,7.798506,46.2000778,14.3287468,"Šutna 55, 4209 Žabnica, Słowenia",SI
760,50.13165,5.609824,10.573481,-75.0109661,"Castillejo, Sabanalarga, Atlantico, Colombia",CO
761,53.98606,9.422274,-12.4636737,-76.7460056,"Panamericana Sur, Pucusana District, Peru",PE
762,49.75872,11.467011,55.1746913,22.2957812,"4515, 72368, Lithuania",LT
763,53.019882,9.327717,47.616847,-77.2367782,"1404 Trans-Canada Hwy, Réservoir-Dozois, QC J0W, Canada",CA
764,50.17737,5.8606358,41.3532174,-6.8513558,"R. do Meio, 5350, Portugal",PT
765,57.80878,17.332827,46.3437093,-74.2592915,"1280-2180 Chemin Régimbald, Saint-Donat-de-Montcalm, QC J0T 2C0, Canada",CA
766,47.12115,7.1281757,42.8424922,-79.4814379,"224 Mohawk Point Rd, Lowbanks, ON N0A 1K0, Canada",CA
767,49.115303,8.4136095,55.4877591,10.731199,"Stavrevej 27-401, 5300 Kerteminde, Denemarken",DK
768,51.32696,7.3213167,-43.3919464,172.6514019,"9 Isaac Wilson Road, Kaiapoi 7630, New Zealand",NZ
769,50.291325,7.0447464,46.3191837,27.3958647,"DJ241, Motoșeni, Romania",RO
770,52.32897,8.566708,45.2800836,18.658327,"Gorjani, 32281, Ivankovo, Croatia",HR
771,48.022068,7.5392113,23.9893771,120.9199888,"No. 128, Xiàngshàn Road, Puli Township, Nantou County, Taiwan 545",TW
772,56.57771,11.96209,32.0559166,34.8141923,"Golani 9, Ramat Gan, Israel",IL
773,45.52423,5.7603254,51.4042893,4.6073577,"Lage Weidenstraat 3, 2990 Wuustwezel, Belgium",BE
774,51.713295,8.288951,47.616847,-77.2367782,"1404 Trans-Canada Hwy, Réservoir-Dozois, QC J0W, Canada",CA
775,52.873848,8.836078,45.8207939,14.6571526,"Gornje Retje 6, 1315 Velike Lašče, Słowenia",SI
776,57.634636,15.658352,35.0846921,129.0256227,"705 Nambumin 2(i)-dong, Seo-gu, Busan, South Korea",KR
777,49.039925,7.8075485,62.16145,5.1735825,"Fylkesveg 633 80, 6750 Stadlandet, Norway",CL
778,50.823265,8.261536,40.5681182,21.2121296,"EO Kastorias Prespon, Kastoria 521 00, Greece",GR
779,47.594593,9.864174,15.8243853,101.8385058,"Unnamed Road, Tambon Talat Raeng, Amphoe Ban Khwao, Chang Wat Chaiyaphum 36170, Thailand",LT
780,55.012177,10.009236,46.0427098,11.7424145,"Via Piei, 9, 32033 Lamon BL, Italia",IT
781,45.062782,5.5087385,54.3835373,-8.5722222,"Unnamed Road, Co. Sligo, Ireland",IE
782,50.287933,7.7144566,22.3129733,114.2642911,"Wan Po Rd, Hang Hau, Hong Kong",HK
783,53.6459,9.403858,62.3114187,17.3732856,"Sandslåvägen 9, 862 33 Kvissleby, Sweden",SE
784,52.42061,9.329551,45.0048911,26.4319042,"Cimitirul Mizil, Mizil, Romania",RO
785,50.095776,9.117176,23.1901291,-102.864378,"Genaro Vázquez, Emiliano Zapata, 99010 Fresnillo, Zacatecas, Mexico",MX
786,50.561653,8.810582,55.6258036,9.0889567,"Drivvejen 7, 6623 Vorbasse, Denmark",DK
787,49.630665,9.123035,47.2473022,16.6784181,9700 솜버트헤이 Vénusz Street 26 헝가리,HU
788,50.490547,8.412223,39.4461345,22.3123672,"Epar.Od. Agriosikion - Kranona, Kileler 415 00, Greece",GR
789,47.978516,5.4930935,69.1171051,-105.0213478,"Natik St, Cambridge Bay, NU, Canada",CA
790,52.65164,7.766631,42.9582315,25.6067922,"55, 5055 Golemanite, Bulgaria",BG
791,51.70559,9.06552,57.3685841,21.5773049,"Dīķu iela 88, Ventspils, LV-3601, Latvia",LV
792,54.761364,10.292078,42.9304622,25.1910786,"44, 5332 Draganovtsi, Bulgaria",BG
793,50.3478,7.7053986,42.5475485,1.5919251,"CG-2, AD100 Canillo, Andorra",AD
794,51.057953,9.032902,-32.3367801,-69.3824788,"RN149, Mendoza, Argentinien",AR
795,52.11942,7.44339,51.3517942,5.1432857,"Pikoreistraat 3, 5541 NS Reusel, The Netherlands",NL
796,48.612404,6.6556606,50.0948769,18.2580884,"Leona Czugały 12, Racibórz, Polska",PL
797,55.83884,11.150602,54.960538,23.2926608,"140, 71197, Lithuania",LT
798,51.66104,9.093267,25.0615959,55.1529014,Unnamed Road - Dubai - United Arab Emirates,AE
799,50.863525,9.089687,-13.475452,-76.1906558,"Unnamed Road, Tambo de Mora, Перу",PE
800,51.639595,7.88999,38.6816128,-6.4146795,"Calle Villalba, 64-66, 06200 Almendralejo, Badajoz, Spain",ES
801,51.484543,8.888519,64.2847715,24.7496124,"7890 449-487, 86300 Oulainen, Finland",FI
802,51.26046,8.223046,32.0535579,131.0982562,"Japan, 〒886-0112 Miyazaki-ken, Kobayashi-shi, Sukishimoda 県道26号線",JP
803,47.511555,7.391617,51.1763359,6.8616084,"Peter-Krahe-Straße 32, 40599 Düsseldorf, Allemagne",DE
804,50.063965,8.374814,63.7410864,14.1192746,"689, 830 60 Föllinge, Sweden",SE
805,48.411594,9.539882,50.8850426,17.3733255,"Droga Krajowa 94, Poland",PL
806,49.54536,7.65396,51.9091184,22.4975919,"Łuków, Pologne",PL
807,45.17868,7.3339005,-37.8561714,140.5457193,"LOT 1 Kongorong Road, German Creek SA 5280, Australia",AU
808,52.201904,7.21416,52.0417588,4.3918582,"Molenweg 15, 2631 AA Nootdorp, The Netherlands",NL
809,49.14997,7.3642044,-37.1520578,145.0802985,"LOT 1 Hume Freeway, Tallarook VIC 3659, Australia",AU
810,50.77957,8.024473,-31.0994487,149.9021674,"Oxley Highway, Mullaley NSW 2379, Australia",AU
811,52.910976,8.393475,32.1175225,34.803476,"מסוף האוניברסיטה, Tel Aviv",IL
812,51.4427,9.365896,46.5453377,6.5708286,"Chemin du Saugy 1, Arc-en-Ciel, 1023 Crissier, Switzerland",CH
813,48.478012,7.421362,-18.1098509,25.3226349,"A33, Botswana",BW
814,50.697186,8.514857,50.8737202,4.4710842,"Grote Daalstraat 91-105, 1930 Zaventem, Belgium",BE
815,53.98997,9.61278,59.2847153,13.0391685,"E45, 660 40 Segmon, Szwecja",SE
816,50.87358,8.792909,58.8703372,22.8145219,"Kaasiku, 92123 Hiiumaa, Estonia",EE
817,50.813038,6.74669,56.9564789,23.6736205,"Dzelzceļa iela 36, Jūrmala, LV-2008, Latvia",LV
818,52.41442,8.737636,23.5233471,119.6004169,"880, Taiwan, Penghu County, Magong City, 澎25鄉道1499號",TW
819,55.2873,11.960258,35.2306454,129.0870851,"309-25 Jangjeon 3(sam)-dong, Geumjeong-gu, Busan, Zuid-Korea",KR
820,55.845127,10.2057705,46.124685,18.1714378,"7677 Orfű, 6604, Hungary",HU
821,53.21478,9.538799,46.2213679,27.658637,"Strada Islaz, Bârlad, Romania",RO
822,49.614326,7.758601,46.5649869,23.8830626,"Strada Ialomiţei, Aranyosgyéres, Románia",RO
823,47.078415,6.9444075,23.3331935,91.2726461,"Dhaka - Chittagong Hwy, Bangladesh",BD
824,17.27777,110.95848,24.2075691,89.0118923,"কলেজ রোড, Gopalpur, Bangladesz",BD
825,52.140667,9.287426,64.6550192,17.0882292,"360, 912 94 Latikberg, Sweden",SE
826,50.481377,7.929183,1.4199424,103.7578967,"9 Woodlands Rd, Singapore 738656",SG
827,48.845078,6.396861,49.8074193,24.1328573,"Lomonosova street, 31, Vynnyky, Lviv Oblast, Ukraine",UA
828,54.08245,9.802784,23.8976083,120.4171424,"No. 232, Section 2, Dòuyuàn Road, Erlin Township, Changhua County, Taiwan 526",TW
829,48.104084,7.4544773,-38.8549372,176.0424489,"State Highway, Hatepe 3382, New Zealand",NZ
830,50.198174,7.19034,45.8542921,21.5544571,"DC66, Romania",RO
831,55.24594,9.6725235,24.8909901,55.0590456,Sheikh Mohammed Bin Zayed Rd - Dubai - United Arab Emirates,AE
832,55.034878,8.034553,47.393485,8.5004486,"Bernerstrasse, 8048 Zurich, Switzerland",CH
833,48.234478,7.1514034,9.3190206,-75.4157027,"Carrera 4 # 6-2, Sincelejo, Sucre, Colombia",CO
834,25.151367,4.2654743,-31.6553668,18.7135059,"N7, Vanrhynsdorp 8170, Afrique du Sud",BW
835,51.91796,8.373326,61.207143,7.1895544,"Helgheimsvegen, 6854 Kaupanger, Norway",NO
836,49.47058,8.294272,32.649008,35.0991111,"Sderot Yitshak Rabin, Yokne'am Ilit, Israel",IL
837,50.130775,8.481004,50.8711485,36.4393701,"avtodoroga Krym, Yakovlevo, Belgorod Oblast, Russia",RU
838,45.480515,5.5168247,55.6193937,22.7201195,"3505, Kražiai 86274, Lithuania",LT
839,48.213932,7.33364,25.1735808,55.2157739,1 7 B St - Dubai - United Arab Emirates,AE
840,55.976246,11.375069,59.4974583,25.0440913,"Saviranna tee, 74122 Harju County, Estonia",EE
841,25.933533,14.00473,25.407771,55.5086372,Sheikh Ammar Bin Humaid St - Ajmān - United Arab Emirates,AE
842,52.61193,9.682035,37.5405019,126.8489244,"56-23 Hwagokbon-dong, Gangseo-gu, Seoul, Corea del Sur",KR
843,50.212395,6.6099844,42.5235367,1.6831886,"Ctra. de Grau Roig, AD200 Encamp, Andorra",AD
844,48.350487,6.839057,56.9894987,22.5351116,"Blaumaņa iela 68, Sabile, Sabiles pilsēta, LV-3294, Latvia",LV
845,53.518814,9.448511,-20.1793031,25.3548453,"A3, Botswana",BW
846,47.841187,6.762864,-38.8835505,-62.4907647,"Ruta Nacional 3, Buenos Aires, Argentina",AR
847,46.340523,6.9416313,42.5484866,1.7354655,"Túnel d'Envalira, AD200 Encamp, Andorra",AD
848,49.214066,7.10277,10.242959,-75.4433681,"Turbana # 74 a 100, Turbana, Bolivar, Colombia",CO
849,46.835537,7.2558975,-22.5400503,27.1193837,"Yarona Road, Palapye, Botswana",BW
850,46.46038,6.518729,54.2388228,-8.964558,"Unnamed Road, Co. Sligo, Irlanda",IE
851,53.762814,8.954605,23.587024,120.3822102,"623, Taiwan, Chiayi County, Xikou Township, 嘉88鄉道",TW
852,51.59063,9.11239,55.1706084,-119.2450026,"AB-43, Wembley, AB T0H 3S0, Canada",CA
853,46.85968,8.201726,-38.7726025,143.4557829,"3060 Great Ocean Road, Glenaire VIC 3238, Australia",AU
854,49.908333,7.872238,57.1516024,25.7002967,"P30, Taurene parish, LV-4119, Latvia",LV
855,57.326866,12.97188,48.3092991,18.0893943,"Wilsonovo nábrežie 66, 949 01 Nitra, Slovaquie",SK
856,56.957767,11.465454,45.349993,-73.4724839,"3115-3175 Route Édouard Vii, Saint-Philippe, Quebec J0L 2K0, Kanada",CA
857,51.501007,8.407962,-33.5148884,21.6631277,"R62, Calitzdorp 6660, South Africa",ZA
858,37.293797,5.3571444,-23.4980613,28.39854,"R561, Afrique du Sud",ZA
859,50.747,8.039066,42.1600442,12.5542154,"Via del Laghetto, 95, 00065 Rome, Italy",IT
860,16.340105,3.4085662,-16.099845,-71.6104882,"34A 1500, Perù",PE
861,50.95405,9.377216,-8.6498832,115.2174458,"Jl. Veteran No.70F, Denpasar Utara, Kota Denpasar, Bali 80233, Indonesia",ID
862,50.660152,5.234563,47.9604244,21.7408445,"4400 Nyíregyháza, Lobogó Street 1, Hungary",HU
863,54.00784,9.6602,40.978843,16.4391405,"Contrada Modesti, 70037 Ruvo di Puglia, Bari, Italy",IT
864,50.119514,8.124828,23.2310813,90.0203,"Dhaka - Barisal Hwy, Takerhat, Bangladesh",BD
865,53.27277,8.976935,-33.5594412,-70.5551547,"Los Prensistas 4451-4485, Puente Alto, Région métropolitaine de Santiago, Chili",CL
866,27.603474,100.28587,23.0390096,88.8843728,"terminal, Bangladesh",BD
867,46.99614,8.07076,46.3770761,14.7534086,"Raduha 55, 3334 Luče, Słowenia",SI
868,47.09327,7.2171574,23.526283,89.6014316,"Mawa - Bhanga Hwy, Bangladesh",BD
869,55.695457,39.31482,-31.6847326,152.2841497,"2809-2911 Bulga Road, Bobin NSW 2429, Australia",AU
870,51.78922,8.388937,50.9140928,3.209141,"Pieter Baesstraat 2-30, 8870 Izegem, Belgique",BE
871,57.09795,13.980618,44.3121689,7.6834191,"Regione Gambarello, 37B, 12013 Chiusa di Pesio, Coni, Italie",IT
872,56.35931,21.733381,33.6628104,-102.4120478,"2501-2811 Farm to Market Road 2306, Levelland, TX 79336, USA",US
873,51.07037,8.725475,44.7860533,-0.2357768,"D11, 33420 Dardenac, France",FR
874,51.915264,8.397209,-6.9561407,110.4613662,"Jl. Kaligawe, Genuk, Kota Semarang, Jawa Tengah 50112, Indonesia",ID
875,49.7166,8.034175,11.0934876,106.1424798,"Unnamed Road, Krong Bavet, Kambodscha",KH
876,57.788696,16.42525,7.8662294,-72.4735327,"Calle 11 # 11-2, Villa del Rosario, North Santander, Colombia",CO
877,55.22298,11.413523,47.9998382,37.7124365,"Vuhil'na street, 28, Donetsk, Oblast de Donetsk, Ukraine",UA
878,54.61509,9.457226,37.6398194,126.7629486,"550-2 Janghang 1(il)-dong, Ilsandong-gu, Goyang-si, Gyeonggi-do, South Korea",KR
879,46.307148,6.2830887,53.5686962,-6.9060755,"43-45 Moyview, Co. Meath, Ireland",IE
880,48.44918,6.764902,43.6047918,25.6216143,"5201, 7133 Novgrad, Bulgaria",BG
881,45.32988,6.5324717,-27.88143,29.3358357,"R722, South Africa",HK
882,51.378563,9.150408,43.5261808,27.1884045,"701, 9937 Harsovo, בולגריה",BG
883,52.4488,9.132969,38.1157648,-7.322552,"Unnamed Road, 7875, Portugal",PT
884,43.593864,5.3554516,55.6852823,24.1437329,"3415, Naujamiestis 38335, Lithuania",LT
885,57.107506,33.076305,1.3336754,103.9041845,"6 Kaki Bukit Ave 1, Singapore 417940",SG
886,53.30346,11.025944,22.2003601,114.0175293,"Cheung Chau Family Walk, Cheung Chau, Hong Kong",HK
887,57.03196,11.517145,55.6712727,12.5615747,"Helgolandsgade 19-21, 1650 Copenhagen, Denmark",DK
888,53.636875,8.905523,23.4856858,89.4191757,"Gorsthan Road, Magura, Bangladesh",BD
889,53.74683,7.393491,46.0443953,14.4878945,"Jadranska ulica 2, 1000 Ljubljana, Słowenia",SI
890,50.92511,8.537125,45.0460698,23.9163494,"DJ676D, Pojogi-Cerna, Romania",RO
891,51.870953,27.507742,-7.660333,111.129254,"Jl. Grojogan Sewu, Tawangmangu, Karanganyar, Jawa Tengah 57792, Indonésie",ID
892,47.25432,6.649248,46.1866913,14.3294684,"Sv. Duh 111a, 4220 Škofja Loka, Slovenia",SI
893,47.4085,8.11166,-6.3880246,107.1228934,"Jalan Wijaya Kusuma III, Serang Baru, Bekasi, Jawa Barat 17330, Indonesia",ID
894,54.732857,12.014182,22.5031273,114.1267955,"39 Lung Sum Ave, Sheung Shui, Hong Kong",HK
895,50.248558,8.821242,6.3395749,100.4203754,"North-South Expy, 06000 Jitra, Kedah, Malaysia",MY
896,46.152428,8.228903,41.2159187,-5.3762542,"ZA-604, 14, 49410 Fuentelapeña, Zamora, Spain",ES
897,55.796432,9.916246,26.1409386,127.7980969,"Hyakuna-707 Tamagusuku, Nanjō-shi, Okinawa-ken 901-1400, Japan",JP
898,46.393562,6.748948,55.4076715,21.6519644,"4209, Gardamas 99417, Lithuania",LT
899,52.844162,9.241941,-37.7646374,176.4883513,"118-718 Pukehina Parade, Pukehina 3189, New Zealand",NZ
900,48.226036,7.7895813,52.430705,-8.9610243,"Unnamed Road, Co. Limerick, Ireland",IE
901,48.15811,8.054334,53.3334886,18.2082925,"Główna, Poland",PL
902,52.345306,9.750127,14.4075329,99.0708668,"Unnamed Road, Tambon Tha Kradan, Amphoe Si Sawat, Chang Wat Kanchanaburi 71250, Thailand",TH
903,53.376698,10.460731,39.0034446,21.7785903,"Epar.Od. Karpenisiou - Neraidas 104, Domiani 360 80, Grekland",GR
904,51.7672,7.8308954,58.7254333,25.9434652,"Pajusi-Sepasaare-Mällu, 48216 Jõgeva County, Estonia",EE
905,45.6185,7.0323725,22.4856941,89.0120064,"Satkhira-Kaliganj Highway, Bangladesh",BD
906,50.19073,22.28959,10.7146421,103.5480248,"Unnamed Road, Cambodia",KH
907,48.97589,5.786401,54.9346435,20.5386381,"Lugovaya ulitsa, 37, Sosnovka, Kaliningrad Oblast, Russia",RU
908,50.627583,9.553968,-28.5283104,32.1520083,"N2, Africa de Sud",ZA
909,46.69056,7.8901434,49.9874914,36.3164386,"Saltivs'ke highway, 107-109, Kharkiv, Kharkiv Oblast, Ukraine",UA
910,47.20463,6.380574,51.4388902,4.6967757,"Blauwputten, 2321 Hoogstraten, Belgium",UA
911,53.627377,9.342883,46.2607603,14.6218619,"Brezje nad Kamnikom 3, 1242 Stahovica, Slovenia",SI
912,51.914024,7.925501,48.8419253,19.1150043,"E77, 976 02 Staré Hory, Slovakia",SK
913,55.51591,12.304344,66.0463603,-17.3448832,"Hafnarstétt, Húsavík, Iceland",IS
914,49.86996,9.4476795,-17.8563162,25.227868,"A33, Botswana",KR
915,54.66212,9.833376,51.5898989,5.3980232,"Boxtelseweg 9, 5491 XT Sint-Oedenrode, The Netherlands",NL
916,51.239155,9.140601,46.5461779,6.5959634,"Chemin des Vignettes 32, 1008 Jouxtens-Mézery, Switzerland",CH
917,44.86446,5.8716507,57.1523297,24.8626024,"Pūpolu iela 3-5, Sigulda, Siguldas pilsēta, LV-2150, Latvia",LV
918,51.77842,7.5574026,46.9553175,18.8463354,"2421 Nagyvenyim, Táncsics Street 27-29, Hungary",HU
919,57.632675,13.632767,-20.0010292,23.4133476,"Tsheke Tsheko Road, Maun, Botswana",BW
920,54.30175,9.781145,44.1651777,25.9580274,"Strada Sfântul Nicolae, Uzunu, Romania",RO
921,45.751686,8.7350235,50.5501715,15.7739961,"Čermná 174, 543 77 Čermná, Czech Republic",CZ
922,48.27415,6.8803806,47.0804736,7.0267212,"Route Principale, 2073 Enges, Switzerland",CH
923,51.853024,7.7532454,46.399793,15.8583983,"Zidanškova ulica 17, 2250 Ptuj, Slovenia",SI
924,52.830196,7.8965816,1.314139,103.9894386,"50 Tanah Merah Ferry Rd, Сингапур 498833",SG
925,49.329163,6.278899,-46.219825,168.6762253,"915 Cross Road, Pebbly Hill 9872, New Zealand",NZ
926,47.88401,4.1764193,-29.5879594,-50.8033888,"Rua Olavo Bilac, 304-386, Rio Grande do Sul, 95650-000, Brazylia",BR
927,50.25215,9.499733,50.0858453,36.3177221,"E40, Kharkiv Oblast, Ukraine",UA
928,57.01438,16.607155,43.3226457,-4.3729025,"CA-850, 39595, Cantabria, Spain",ES
929,43.961674,8.072184,-37.6613828,-69.452372,"RP7, Neuquén, Argentina",AR
930,53.94136,10.72127,1.4291064,103.7754209,"309 Woodlands Ave 1, Singapore 730309",SG
931,-9.681287,15.409534,-35.1495158,-65.9779266,"Ruta Nacional 188, San Luis, Аргентина",AR
932,56.11031,10.790813,42.5257529,1.7239102,"Unnamed Road, AD200 Encamp, Andorra",AD
933,57.699684,15.299292,50.0059267,36.2357461,"Pravdy avenue, 12, Kharkiv, Kharkiv Oblast, Ukraine",UA
934,53.22169,11.607505,35.1730614,129.1013717,"840 Mangmi-dong, Suyeong-gu, Busan, South Korea",KR
935,47.916843,7.3400726,65.9540848,-14.8434837,"Norðausturvegur, Iceland",IS
936,49.965668,9.316428,55.482914,37.5302599,"Ryazanovskoye shosse, Obwód moskiewski, Rosja",RU
937,51.763763,9.568506,43.0438002,-90.6564256,"14813-14953 County Road T, Fennimore, WI 53809, USA",RU
938,51.881596,9.492723,59.4498384,9.0750782,"Reshjemvegen 69, 3800 Bø i Telemark, Norway",NO
939,57.63967,17.127384,2.3865265,-60.8239306,"Unnamed Road, Cantá - RR, 69390-000, Brazil",SG
940,49.480045,8.209582,54.1054255,-7.4208405,"Fay Crescent, Co. Cavan, Irlanda",IE
941,50.266167,8.918052,-15.9354947,-74.0881876,"1S, Pérou",PE
942,53.71972,11.180184,-5.5635274,-80.8072373,"1NK, Peru",PE
943,55.86934,11.018806,43.5918981,16.626852,"E65, 21204, Dugopolje, Croatia",NZ
944,48.469257,7.1584215,9.7275971,-73.7194798,"US43 # 2 a 74, El Paso, Sesaro departamentas, Kolumbija",CO
945,52.96034,9.402057,45.7154028,21.9719168,"Timiș, Romania",RO
946,43.048008,7.8634405,65.5145949,-19.2994511,"Þjóðvegur, Iceland",IS
947,37.12911,22.843962,10.2540997,-75.3430907,"Carrera 40 # 1 a 99, Arjona, Bolivar, Colombia",CO
948,52.696125,8.230355,46.7092222,16.0923537,"Lemerje 55, 9201 Puconci, Slovenia",SI
949,49.088207,7.4276133,48.949103,20.751586,"536, 053 62 Bystrany, Eslovaquia",SK
950,32.97494,5.1403027,49.3744367,3.0642008,"D16, 60350 Hautefontaine, France",FR
951,51.21587,9.228071,4.2009246,114.0589141,"AH150, 98150 Bekenu, Sarawak, Malaysia",MY
952,51.138123,9.050032,60.2612033,10.1888494,"E16 630, 3525 Hallingby, Norway",NO
953,47.647995,7.866894,53.2853401,18.9535679,"Macieja Rataja 8, Wabrzezno, Полша",PL
954,48.245274,6.7381983,46.0473928,18.2500111,"7631 Pécs, Kanizsai Dorottya Way 179, Hungary",HU
955,-18.945957,20.950235,-28.2865407,-54.22981,"Rua Armindo Utzig, 2-74, Rio Grande do Sul, Brazil",BR
956,54.120407,10.006701,7.6541168,-73.3359823,"I-45A, La Esperanza, Kolumbia",KH
957,55.486,10.228907,47.1127421,21.2675859,"5525 Füzesgyarmat, 4225, Hungary",HU
958,52.896416,7.2504845,53.3337396,6.589008,"Beckeringhstraat 7, 9959 PT Onderdendam, The Netherlands",NL
959,47.81237,9.390763,32.1976486,34.855594,"Patriya 26-36, Ra'anana, Israel",IL
960,51.431507,9.244207,24.972379,55.4141158,E 77 - Dubai - United Arab Emirates,AE
961,42.585682,59.150387,22.4798153,114.0574243,"Yau Pok Rd, Tam Mei, Hong Kong",HK
962,48.16703,6.5997906,51.3517942,5.1432857,"Pikoreistraat 3, 5541 NS Reusel, The Netherlands",HU
963,49.24976,6.8621616,52.4511382,-1.9410316,"Queen Elizabeth Hospital, Queen Elizabeth Hospital (Stop UV), University of Birmingham, Birmingham, West Midlands B15, UK",GB
964,50.638535,8.8493,45.3589667,8.8122102,"Via Roma, 99, 27023 Cassolnovo פאויה, איטליה",IT
965,53.472794,9.865139,33.2946573,-83.3861579,"Gray Road Southwest, Eatonton, Georgia 31024, Statele Unite ale Americii",US
966,30.871693,93.44801,14.0953681,106.3871106,"Unnamed Road, Cambodia",KH
967,48.91909,7.895154,-30.0146331,30.9265225,"737 Kingsway, Amanzimtoti 4126, Afrique du Sud",ZA
968,51.89456,8.96744,39.7726259,-8.0024522,"IC8, 6100 ポルトガル",PT
969,49.640415,7.14126,-26.7174906,31.3497886,"MR9, Swaziland",SZ
970,41.295853,11.761904,42.4196943,-6.1004331,"LE-133, 24731 Santiago Millas, León, Espanja",ES
971,53.80155,9.194119,47.1016559,17.5541234,"8400 Ajka, Babits Mihály Street 1, Hungary",HU
972,45.521507,5.572522,56.3253167,21.3730365,"P113, Dunika parish, LV-3480, Latvia",LV
973,46.425056,6.195196,1.3150474,103.6719587,"18 Gul Ave, Singapore 629660",SG
974,52.919098,9.349955,48.2129407,2.2984683,"D2152, 45300 Marsainvilliers, France",FR
975,44.64195,7.2526426,12.283623,102.9732249,"Unnamed Road, Kambodja",KH
976,49.755512,5.7304487,1.6766633,111.0479141,"Jalan Maludam, Sarawak, Malaysia",MY
977,51.72892,9.899633,26.9393268,89.9381904,"Daga Rd, Bhutan",BT
978,55.5717,11.033183,20.6756793,-103.4552915,"Avenida Periférico Manuel Gómez Morin 2400, Ciudad Granja, 45010 Zapopan, JAL, Mexico",MX
979,51.662853,8.617529,-33.2087852,-63.2857581,"Ruta Provincial 4 131, Córdoba, Argentina",AR
980,48.388916,6.901188,23.4719197,120.3713182,"612, Taiwan, Chiayi County, Taibao City, 嘉64鄉道",TW
981,50.64007,7.4496727,19.1712189,-98.3353394,"V. Guerrero, San Pedro Tlaltenango, 72600 Tlaltenango, Puebla, Mexico",MX
982,49.754684,8.0793295,42.9461166,-115.3050228,"607-655 West Madison Avenue, Glenns Ferry, ID 83623, USA",US
983,52.316044,9.248289,47.4422891,26.8424288,"DC150, Pârcovaci, Romania",RO
984,43.711193,6.4056187,51.4302402,24.6007254,"М19, Butsyn, Volyns'ka oblast, Ukraine",NO
985,56.986282,14.155144,42.5052351,1.5235334,"Carrer Prada Casadet, 4-6, AD500 Andorra la Vella, Andorra",AD
986,47.38264,7.7929544,-20.4168735,148.6810307,"71 Leeder Road, Preston QLD 4800, Australia",AU
987,55.53235,10.919507,42.4213153,-71.2439333,"19 Benjamin Road, Lexington, MA 02421, USA",US
988,49.3637,7.951024,41.3549455,15.7802657,"A14, 71045 Orta Nova, Foggia, Italie",IT
989,54.03463,11.234677,4.1849962,-73.6068521,"I-65, Villavicencio, Meta, Colombia",CO
990,46.277336,7.164729,22.9071406,89.9019799,"Patgati Tungipara Road, Tungipara, Bangladesh",BD
991,49.24415,7.9133787,56.4866891,24.6644161,"P87, Valle Parish, LV-5106, Latvia",LV
992,56.2668,11.448367,22.9133437,89.8024321,"Dhaka - Khulna Hwy, Bangladesh",BD
993,55.969673,10.339299,50.1256658,19.6170325,"Teńczyńska, Poland",PL
994,52.338223,9.043098,46.8401887,24.7349119,"DC163, Roumanie",NL
995,51.440605,10.559938,-15.9354947,-74.0881876,"1S, Pérou",PE
996,51.063835,9.929152,58.7181404,26.5948136,"Laiusevälja-Toovere, 49220 Jõgeva County, Estonia",EE
997,43.94586,5.6362257,56.8686955,10.0105504,"Brøndumvej 19, 9520 Skørping, Denmark",DK
998,44.38986,8.251201,56.5528455,22.3131543,"P107, Pampāļi parish, LV-3882, Latvia",LV
999,52.694626,9.947464,-33.0571537,-71.6393694,"Alfredo Vargas Sotoller 1, Valparaíso, Valparaíso Region, Chile",CL
1000,49.709312,7.3152304,51.8723346,4.3661284,"Oudelandseweg 226, 3194 XB Hoogvliet Rotterdam, The Netherlands",NL
1001,48.709934,7.235876,43.4546089,11.2919884,"SS222, 53011 Castellina in Chianti, Siena, Italien",IT
1002,45.77899,6.682969,56.7248939,22.0062916,"P116, Raņķi parish, LV-3326, Latvia",LV
1003,44.763824,8.091832,43.242746,-7.8546832,"LU-P-2301, 27307 Guitiriz, Lugo, Spain",ES
1004,53.207108,8.676918,54.4949136,24.5548875,"4706, 21212, Lithuania",LT
1005,50.590904,3.949874,-27.19059,31.3794812,"MR11, Swaziland",SZ
1006,42.79593,6.7320957,56.6584889,22.7533057,"A9, Blīdene parish, LV-3852, Latvia",LV
1007,48.360306,7.3861637,46.6796684,16.9145425,"8771 Hahót, E65, Węgry",HU
1008,48.591736,8.291956,43.523396,0.8119587,"D149, 32130 Polastron, France",FR
1009,46.614853,5.649517,44.6062444,26.2154708,"Strada Crizantemelor, Dascălu, Romania",RO
1010,48.35818,7.1933546,49.5289268,21.6885962,"38-450 Trzciana, Pologne",PL
1011,50.49739,9.1378975,48.6809606,22.246556,"E58, 072 51 Krčava, Slovakia",SK
1012,50.094677,7.375005,-11.0702905,-77.5991932,"San Martin 285, Huaura, Peru",PE
1013,55.987007,10.627193,-8.3852983,115.3349263,"Jl. Tampaksiring, Tampaksiring, Gianyar, Bali 80661, Indonesia",ID
1014,53.99168,7.920414,1.372516,103.8562108,"529 Ang Mo Kio Ave 10, Singapur 560529",RU
1015,55.616554,12.421324,-36.41834,140.5071828,"Munes Road, Mundulla West SA 5270, Australia",AU
1016,55.422188,10.632346,50.8267309,5.2945375,"Kerselaarstraat 10, 3840 Borgloon, Belgium",BE
1017,50.815598,8.338817,53.853431,-8.2291154,"N61, Co. Roscommon, Ireland",IE
1018,58.88971,22.600956,27.3120493,89.6027391,"Unnamed Road, Bhutan",BT
1019,45.56041,6.8007994,55.8522824,10.574701,"Stadionsvej 22, 8305 Samsø, Denmark",DK
1020,52.632553,9.175506,39.7523686,19.6320257,"Unnamed Road, Ag. Stefanos 490 81, Griekenland",GR
1021,54.802643,9.187766,47.2743952,17.1731857,"9500 Celldömölk, 843, Hungary",HU
1022,48.290474,6.9589643,54.3035585,-8.0509198,"Unnamed Road, Co. Leitrim, Ireland",IE
1023,58.589165,20.273554,27.5218205,89.7475334,"Thimphu-Wangdue Phodrang Hwy, Bhutan",GB
1024,48.00599,6.504077,49.9909549,36.3172344,"Ivana Kamysheva street, 66, Kharkiv, Kharkiv Oblast, Ukraine",UA
1025,56.409935,10.505331,31.94448,34.8886008,"Haim Arlozorov 34, Lod, Israel",IL
1026,46.094017,7.952874,-26.4715671,31.1899078,"D55, Swaziland",SZ
1027,43.33527,9.483858,65.7670164,-17.1673502,"Kísilvegur, Iceland",IS
1028,53.148796,9.295845,34.044305,-117.6678009,"1648-1700 South Palmetto Avenue, Ontario, CA 91762, USA",US
1029,43.031403,5.6743956,49.3875815,1.0697446,"33 Avenue de la Mare aux Daims, 76800 Saint-Étienne-du-Rouvray, France",FR
1030,50.168873,9.2578335,48.5398506,19.8637364,"531007, 980 53 Lehota nad Rimavicou, Slovakia",SK
1031,46.328125,6.783396,65.5220487,-19.8495675,"Þjóðvegur, Islandia",IS
1032,50.088696,7.516055,51.2352361,5.5372713,"Merelstraat 29, 3930 Hamont-Achel, Belgique",BE
1033,58.449913,20.075474,49.867436,19.489343,"Kasztanowa 19, 34-100 Wadowice, Polska",PL
1034,49.046394,7.15331,-6.3130342,107.9858289,"Jl,Raya. Sukra, Patrol, Indramayu, Jawa Barat 45257, Indonesia",ID
1035,54.860878,10.4902935,1.3881352,103.9988825,"1 Nicoll Dr, Singapore 498985",SG
1036,48.264324,7.7441225,22.5995312,88.470726,"Kulaura - Barlekha Hwy, Банґладеш",BD
1037,53.39371,10.45499,51.4157288,19.6752453,"Wojska Polskiego 133, Piotrków Trybunalski, Pologne",PL
1038,48.35612,8.737545,37.8644182,21.877727,"EO Patras Levidiou, Archea Olimpia 270 63, Greece",GR
1039,48.82731,7.967925,-37.474097,140.3967875,"221 Walkers Scrub Road, Sebastopol SA 5280, Australia",AU
1040,46.341515,6.962164,55.3883726,11.277948,"Hejningevej 16-18, 4200 Slagelse Municipality, Danimarca",DK
1041,48.04858,7.508168,46.7589234,-1.6446827,"D948, 85190 Aizenay, France",FR
1042,-13.267856,21.001188,-26.4428033,31.3669238,"William Pitcher Rd, Manzini, Swaziland",SZ
1043,51.69577,51.571102,15.1501889,98.5413111,"323, Tambon Nong Lu, Amphoe Sangkhla Buri, Chang Wat Kanchanaburi 71240, Thailand",TH
1044,48.574524,6.6928263,-33.0695721,27.2032588,"N2, South Africa",ZA
1045,54.94291,22.04781,42.553477,1.6636886,"Camí Pont de Capigol, AD100 Canillo, Андорра",AD
1046,37.785683,19.529825,22.4495835,114.0304905,"8 Wang Yip St E, Yuen Long, Hong Kong",HK
1047,49.910187,9.963501,-33.8116672,146.3003397,"Rankins Springs-Lake Cargelligo Road, Rankins Springs NSW 2669, Australia",AU
1048,48.941692,7.9010515,52.0997667,-2.9330603,"A438, Hereford, Herefordshire HR4, UK",GR
1049,50.417377,7.7758102,1.3212089,103.8802911,"206 Aljunied Rd, Singapore 389827",SG
1050,58.45822,21.033346,50.9108949,-1.8727515,"Hare Lane, Dorset, UK",GB
1051,46.787994,7.7510033,32.1442223,34.9559741,"5233, Izrael",IL
1052,55.67118,10.488845,62.477481,6.1823553,"Riksveg 658 480, 6002 Ålesund, Norvège",NO
1053,57.485092,15.407841,22.4454343,114.1320011,"Lam Kam Rd, Lam Tsuen, Hongkong",HK
1054,48.051796,7.0332127,52.4929054,6.1030958,"Zwarteweg 116, 8017 AZ Zwolle, The Netherlands",NL
1055,56.378693,11.494428,32.2978307,34.8567524,"Shmu'el 25, Netanya, Israel",IL
1056,50.40322,7.921706,27.5480806,90.1393181,"Wangdue Phodrang - Nobding Hwy, Bhutan",BT
1057,57.030846,16.068775,57.79059,26.5079836,"Antsla-Haabsaare, 66422 Võru County, Estonia",EE
1058,49.53994,8.216565,10.9085218,106.130546,"Unnamed Road, Cambodia",KH
1059,55.92234,13.216378,50.401142,30.4950395,"Hvardiiska Street, 62, Kyyiv, Kyiv city, Ukraine",UA
1060,55.69684,10.089684,57.2127576,27.5659858,"P42, Susāju pagasts, LV-4582, Latvia",LV
1061,48.502247,6.330843,55.4249525,10.2583715,"Rådyrløkken 36, 5210 Odense, Denmark",DK
1062,51.399612,9.034179,56.4354412,26.7918852,"P58, Stabulnieku pagasts, LV-5333, Latvia",LT
1063,52.597366,9.724733,55.1076501,9.1110059,"Bedstedvej 12, 6534 Agerskov, Denmark",DK
1064,47.902863,6.909586,2.8493767,111.7457968,"Unnamed Road, Dalat, Sarawak, Malaysia",MY
1065,48.48132,8.166945,48.1185803,18.5301787,"510020, 935 41 Tekovské Lužany, Slovakia",SK
1066,48.63544,7.9061346,53.435488,-7.3416885,"Unnamed Road, Co. Westmeath, Ireland",IE
1067,47.67092,7.078145,42.4436133,1.4920595,"Ctra. de la Rabassa, AD600 Sant Julià de Lòria, Andorra",AD
1068,50.55468,5.4965696,11.0934876,106.1424798,"Unnamed Road, Krong Bavet, Kambodscha",KH
1069,54.68489,9.661529,54.8054967,23.8438525,"E67, 53285, Lithuania",LT
1070,51.87514,8.935075,58.9198044,24.493331,"Mõisamaa-Kümniku, 78229 Rapla County, Estonia",EE
1071,50.73739,8.322318,-13.6496882,132.130589,"Kakadu Highway, Burrundie NT 0822, Australia",AU
1072,50.52204,8.020165,24.1504576,120.436142,"Zhāngbīn West 4th Road, Xianxi Township, Changhua County, Taiwan 507",TW
1073,53.192406,9.37373,-32.9806153,-71.5313785,"Blasia 245, Viña del Mar, Valparaíso Region, Chile",CL
1074,51.487015,9.013618,47.8169793,19.6286305,"3051 Szarvasgede, 2129, Hungary",HU
1075,47.842278,7.833274,58.7317239,26.3044677,"Siimusti-Kaave, 48413 Jõgeva County, Estonia",EE
1076,48.941048,8.335738,37.0841282,15.2120085,"Autostrada Catania - Siracusa, 96100 Siracusa Syracuse, Italy",IT
1077,47.48716,6.7829494,9.2534078,-75.3373018,"Chocó - El Mamon # 2 a 74, Sincelejo, Sucre, Kolumbien",CO
1078,51.56169,9.223754,63.0768984,14.4447609,"592, 832 94 Orrviken, Szwecja",SE
1079,54.720825,10.099554,58.9198044,24.493331,"Mõisamaa-Kümniku, 78229 Rapla County, Estonia",EE
1080,53.80304,9.239504,70.5446201,22.2346592,"Riksveg 882 15, 9593 Breivikbotn, Norway",NO
1081,52.146824,9.058791,42.6105811,27.1912263,"539, 8118 Vinarsko, Bulgaria",BG
1082,47.863716,6.895712,-25.9497657,27.6777932,"R563, South Africa",ZA
1083,50.001347,7.135583,-24.9234181,25.4087804,"B105, Botswana",BW
1084,57.650597,18.968458,49.1003642,18.8781077,"Viliama Žingora, 036 01 Martin, Slovakia",SK
1085,50.426643,8.206078,-35.3266726,-69.5994959,"RN40, Mendoza, Argentina",AR
1086,52.122658,9.177944,54.3764517,-116.7610554,"AB-43, Greenview No. 16, AB, Canada",CA
1087,50.171265,7.809476,55.4107239,11.7566409,"Englerupvej 46, 4100 Ringsted, Danemark",DK
1088,57.812218,16.24865,-34.840703,-71.1025397,"Panamericana Sur, Teno, Maule Region, Chile",CL
1089,53.555878,9.19495,-34.0621148,23.0884809,"2 Boyce Close, Knysna 6571, South Africa",ZA
1090,56.342487,12.537937,6.3395749,100.4203754,"North-South Expy, 06000 Jitra, Kedah, Malaysia",MY
1091,53.299187,16.818703,-8.3548057,115.1383325,"Unnamed Road, Penebel, Tabanan, Bali 82152, Indonesia",ID
1092,49.497704,45.178783,55.4561768,9.5550342,"Bjert Vestervang 29, 6091 Bjert, Denmark",DK
1093,51.31508,9.305168,56.2713291,14.753231,"Hemsjövägen 1533, 376 36 Svängsta, Suède",CH
1094,49.438515,9.334252,60.903982,7.1975804,"Skulevegen 2, 5745 Aurland, Norway",NO
1095,53.055817,9.390039,48.0577095,19.4222444,"2673 Csitár, Ságvári Way 3-5, Hungary",HU
1096,49.679512,8.956488,43.5707534,25.3755668,"405, 5282 Tsarevets, Bulgaria",BG
1097,53.00583,9.109335,1.3717535,103.819387,"Oncospermum Trail, Singapur",SG
1098,50.77453,7.8850327,50.9201709,4.0185296,"Hoezestraat 65, 9320 Aalst, Belgium",BE
1099,39.296555,9.818972,24.0605015,87.8476086,"Unnamed Road, Bangladesh",BD
1100,53.45517,8.719498,23.3013656,91.2901129,"Dhaka - Chittagong Hwy, Bangladéš",BD
1101,47.65308,7.6577473,69.1085433,-105.1316769,"Gravel Pit Rd, Cambridge Bay, NU, Canada",CA
1102,51.40203,9.146378,63.6783206,-18.3826141,"Þjóðvegur, Iceland",IS
1103,52.413025,26.09662,43.5918981,16.626852,"E65, 21204, Dugopolje, Croatia",KH
1104,53.288116,9.517644,24.6139414,-101.3736105,"Saltillo - Zacatecas, Pozo Colorado, Zacatecas, Mexico",UA
1105,56.650932,10.1008625,26.3953431,128.0012627,"1286 Yonashiroikei, Uruma-shi, Okinawa-ken 904-2421, Япония",JP
1106,52.22513,9.362957,24.9630045,55.188531,D57 - Dubai - United Arab Emirates,AE
1107,47.561253,8.967356,47.2273866,6.0102233,"11 Rue du Petit Chaudanne, 25000 Besançon, France",FR
1108,52.221107,9.137905,58.5026235,16.8597777,"209, 610 25 Vikbolandet, Sweden",SE
1109,50.13966,7.865899,58.9444006,24.7602046,"Rapla-Järvakandi-Kergu, Raela, 78409 Rapla County, Estonia",EE
1110,55.941727,9.399977,46.8789441,27.8898519,"DJ244F, Dolheşti, Romania",RO
1111,49.834698,8.706204,50.4567435,30.5415959,"ulitsa Parkovaya doroga, Kiev, Kyiv city, Ucrania",UA
1112,48.330235,8.639814,-33.24003,-70.7388008,"Liray, Colina, Santiago Metropolitan Region, Chile",CL
1113,55.688194,9.769449,23.5433995,121.4159135,"Ānyèxi Industry Road, Ruisui Township, Hualian, Tajwan 978",TW
1114,56.440086,10.498459,23.4222985,91.165639,"Dhaka - Chittagong Hwy, Bangladesh",BD
1115,49.70017,8.519015,48.2382433,22.1017071,"4495 Döge, 4145, Hungary",HU
1116,47.11384,8.961539,26.6242883,128.0540889,"465 Genka, Nago-shi, Okinawa-ken 905-1141, Япония",JP
1117,57.574028,18.14384,58.9033559,22.9802659,"Hilleste-Hellamaa, 92318 Hiiumaa, Estonia",EE
1118,50.332798,7.51167,69.0132515,18.6772588,"Riksveg 87 220, 9325 Bardufoss, Noorwegen",NO
1119,52.78225,9.411517,24.9022205,54.9451526,Sheikh Zayed Rd - Dubai - United Arab Emirates,AE
1120,46.41127,5.951434,38.2263153,25.8939545,"Unnamed Road, Chios 821 02, Greece",GR
1121,54.136383,14.983407,-36.0736902,-64.2753816,"RN35, La Pampa, Argentina",AR
1122,58.561317,21.290857,32.8691237,132.7913627,"Japan, 〒787-0556 Kōchi-ken, Tosashimizu-shi, Arinaga 県道344号線",JP
1123,49.106796,7.1724024,50.54688,3.8573669,"Rue de Bauffe 5-17, 7050 Jurbise, Belgium",BR
1124,51.201157,8.800674,48.399294,20.2688545,"50, 982 51 Stránska, Slovakia",SK
1125,32.26072,90.83386,1.2982233,103.6229325,"96 Tuas South Ave 3, Singapur 637366",SG
1126,31.772532,10.786019,-22.3275908,-49.0159467,"Rua Teófilo Feliciano da Silva, 175-281 - Núcleo Habitacional José Regino, Bauru - São Paulo, 17031-713, Brazil",BR
1127,48.250023,9.395287,50.1435795,16.081714,"11, 517 21 Týniště nad Orlicí, Czech Republic",CZ
1128,53.33755,9.336549,55.264094,-7.3016956,"3 Rock View, Co. Baie de Donegal, Irlande",IE
1129,57.785034,17.207798,55.1929926,37.7650598,"Kashirskoye shosse, Moskovskaya oblast, Russia",RU
1130,50.39798,7.5231514,25.002809,55.1653279,Honeysuckle Pl - Dubai - United Arab Emirates,AE
1131,48.272316,5.550707,-37.5725526,175.5371903,"104-120 Manhire Road, Te Puninga 3374, New Zealand",NZ
1132,46.887993,7.9002275,45.5488426,14.0904516,"Obrov, 6243 Obrov, Slovenia",SI
1133,37.700256,9.946594,-25.3274768,-64.9364754,"Ruta Nacional 9, Salta, Argentina",AR
1134,45.44369,6.7104816,45.7066483,21.0608113,"DJ591, Romania",RO
1135,47.047615,8.256868,23.8251282,90.4434085,"Bashundhara-Purbachal Link Rd, Dhaka, Bangladesh",BD
1136,56.094925,10.622299,36.9778922,-78.2820689,"1600-1658 Lunenburg County Road, Victoria, Virginie 23974, États-Unis",US
1137,57.008778,22.093554,37.5591687,126.8388924,"674-1 Deungchon-dong, Gangseo-gu, Séoul, Corée du Sud",IS
1138,57.088768,11.352195,27.1460933,91.6064461,"Unnamed Road, Bhutan",BT
1139,51.981506,8.898829,-23.8663007,27.6527721,"R510, South Africa",ZA
1140,57.232048,19.944084,-33.4033669,-70.6804954,"Bajos de Jiménez 2877-2893, Independencia, Santiago Metropolitan Region, 칠레",CL
1141,47.38141,4.9518595,2.8908572,101.9270965,"17, N34, Kampung Solok, 71750 Mantin, Negeri Sembilan, Malaysia",KH
1142,53.10479,9.280903,43.6047918,25.6216143,"5201, 7133 Novgrad, Bulgaria",BG
1143,39.484657,73.883804,50.8507005,15.5170243,"Droga Wojewódzka 358, Poland",PL
1144,55.61138,10.294519,35.0846921,129.0256227,"705 Nambumin 2(i)-dong, Seo-gu, Busan, South Korea",KR
1145,45.329582,9.686417,55.2790556,21.4291363,"4213, 99335, Lithuania",LT
1146,54.956833,9.323387,46.4563001,30.6949293,"Mykoly Voronoho street, 16, Odessa, Oekraïne",UA
1147,51.19748,8.911518,50.0338351,13.3402048,"2066, 331 65 Žihle, Czech Republic",CZ
1148,53.337303,9.595017,42.5407498,1.729939,"Carrer de la Solana, 66-68, AD200 Encamp, Andorra",AD
1149,48.9756,8.373858,1.3823638,103.725278,"67 Sungei Tengah Rd, Singapore 699008",SG
1150,55.808105,9.749278,47.9282936,22.1715064,"4335 Kántorjánosi, 4917, Hungary",HU
1151,50.71763,7.3035994,58.5612439,24.9778659,"Suurejõe-Vihtra-Jõesuu, Rahnoja, 87622 Pärnu County, Estonia",EE
1152,55.617188,10.314222,56.0141806,23.2759831,"154, 76101, Lithuania",LT
1153,47.569187,5.62459,-28.1988867,152.6734563,"LOT 1 Waterfall Creek Road, Maroon QLD 4310, Australia",AU
1154,48.285343,6.953038,51.7175769,0.5888765,"27 Belvedere Road, Danbury, Chelmsford, Essex CM3 4RD, UK",GB
1155,50.68244,8.771051,39.7058556,-3.8389759,"CM-42, 45430 Almonacid de Toledo, Toledo, Spain",ES
1156,54.087467,9.591854,64.3577209,-14.9239005,"Þjóðvegur, Iceland",IS
1157,55.091534,10.234644,57.1266485,24.6971964,"E77, Gauja, Inčukalna pagasts, LV-2140, Latvia",LV
1158,48.486626,6.520364,49.6487079,14.7401604,"150, 257 03 Jankov, Czech Republic",CZ
1159,48.873848,24.389322,51.6940867,39.3081054,"avtodoroga Don, Voronezh, Voronezh Oblast, Russia, 394000",RU
1160,51.000114,9.3019,24.0409505,120.7054827,"Fēnggǔ Road, Wufeng District, Táijhong, Taiwan 413",TW
1161,50.30612,6.7661896,53.4692094,-113.5541846,"109 Westbrook Drive Northwest, Edmonton, Alberta T6J 2C8, Kanada",CA
1162,51.331093,9.14126,47.1003215,26.3037108,"DC165, Crăcăoani, Romania",RO
1163,54.2025,8.646559,22.404547,113.9669865,"Ming Kum Rd, Tuen Mun, Hong Kong",HK
1164,53.290863,46.817196,1.305643,103.772807,"26 College Ave E, Singapore 138677",SG
1165,50.030266,8.682593,42.7662695,140.2823786,"Unnamed Road, Suttsu-gun, Hokkaidō, Japan",JP
1166,55.764732,10.984832,47.1093432,17.9184398,"8200 Veszprém, Haszkovó Street 31, Hungary",HU
1167,43.252163,11.504677,45.7142232,21.2063461,"Aleea Nicoreşti, Timișoara, Romania",IS
1168,46.897324,7.3565607,51.9689732,6.212787,"Keppelseweg 41, 7031 EB Wehl, The Netherlands",NL
1169,53.924515,14.202024,42.5918325,1.4436706,"Ruta General 11.1, AD400 La Massana, Andorra",AD
1170,51.026577,9.023646,48.1561384,17.1238475,"Legionárska 23, 811 07 Bratislava, Slovakia",SK
1171,51.504997,9.308657,36.2265067,23.0829215,"μονοπ. Φάρου Αβλέμονα, Avlémonas 802 00, Greece",GR
1172,53.358,10.999798,28.7351269,-106.1460043,"U. Magisterial, José Vasconcelos, Pistolas Meneses, 31137 Chihuahua, Mexico",MX
1173,36.563263,30.205845,35.0846921,129.0256227,"705 Nambumin 2(i)-dong, Seo-gu, Busan, South Korea",KR
1174,48.612736,7.40777,-34.0679524,146.7208686,"Unnamed Road, Barellan NSW 2665, Australia",AU
1175,52.351143,8.644839,36.5851451,-4.8526195,"A-355, 29610 Ojén, Province de Málaga, Espagne",ES
1176,45.390244,8.36263,-32.833047,-70.5340897,"E-765, Valparaíso Region, Chile",CL
1177,46.698624,6.1635523,51.9293589,-8.3228851,"Unnamed Road, Co. Cork, Irlande",IE
1178,47.530033,8.835194,49.6684285,18.6424905,"Na aleji 117, 739 61 Trinec, Czech Republic",CZ
1179,39.85938,52.619194,12.5737489,105.2578283,"Unnamed Road, Cambodia",KH
1180,48.73963,7.161031,58.7254333,25.9434652,"Pajusi-Sepasaare-Mällu, 48216 Jõgeva County, Estonia",EE
1181,46.434734,11.786425,-8.5312454,115.1069462,"Jl. Raya Denpasar Gilimanuk, Kerambitan, Tabanan, Bali 82111, Indonesia",ID
1182,48.127426,7.7392206,70.0102323,22.0488744,"E6 100, 9161 Burfjord, Norway",NO
1183,48.474533,8.645433,51.8073961,19.5363787,"Opolska 75, Łódź, Polonia",IS
1184,39.21929,11.982079,46.5930419,30.7873322,"Henerala Bocharova street, 28, Odessa, Ukraine",UA
1185,-7.858677,13.590391,-41.0400423,-67.6456601,"RP66, Río Negro, Argentina",AR
1186,45.46964,6.6388607,-45.7447497,-72.0016475,"Ruta 7, Coihaique, Aisén Region, Chile",CL
1187,49.10507,7.2575874,40.4190483,-3.542011,"Avenida de Madrid, 32, 28822 Coslada, Madrid, Spain",ES
1188,52.79963,9.14824,41.1194653,16.4412182,"SP231, 70037 Ruvo di Puglia, Bari, Italy",IT
1189,38.885723,8.156939,4.8227268,-73.6745581,"I-50, Gacheta, Cundinamarca, Colombia",CO
1190,58.251167,17.63355,51.8794451,-9.1174744,"Unnamed Road, Co. Cork, Ireland",IE
1191,54.74962,9.854903,51.5898989,5.3980232,"Boxtelseweg 9, 5491 XT Sint-Oedenrode, The Netherlands",NL
1192,56.108578,10.421995,23.9176749,90.1024221,"Dhaka - Aricha Hwy, Bangladesh",BD
1193,-30.325018,30.62008,-32.0461662,145.9998169,"Kidman Way, Nymagee NSW 2831, Australia",AU
1194,47.769447,7.2003784,57.244784,24.4472755,"P6, Ainava, Saulkrastu lauku teritorija, LV-2160, Latvia",LV
1195,48.92269,8.33158,15.6010669,105.0713521,"Unnamed Road, Tambon Kradian, Amphoe Trakan Phuet Phon, Chang Wat Ubon Ratchathani 34130, Thaimaa",TH
1196,50.720245,9.264357,52.0417588,4.3918582,"Molenweg 15, 2631 AA Nootdorp, The Netherlands",NL
1197,51.52599,7.7876644,60.1749687,10.2654185,"Hønengata 45-47, 3513 Hønefoss, Norway",NO
1198,57.43902,13.203589,42.075815,13.3859216,"A25, 67068 Scurcola Marsicana, L'Aquila, República Italiana",IT
1199,47.276543,7.507843,55.3554676,9.3579507,"Buen 2, 6070 Christiansfeld, Denmark",DK
1200,30.903458,2.7495167,42.575283,26.1539728,"E773, 8876 Staro selo, Bulgarie",BG
1201,48.126846,7.5288076,55.0967574,25.2375159,"2804, 33271, Lithuania",LT
1202,52.715233,9.326253,53.576097,-116.1144248,"Yellowhead Hwy, Yellowhead County, AB T0E, Canada",CA
1203,47.029625,7.4755487,-25.9044778,31.3131854,"MR1, Suazi",KH
1204,36.071228,84.94766,22.3557708,114.1654801,"Kowloon Hills Fitness Trail, Lion Rock, Hong Kong",HK
1205,49.813972,7.433172,55.8364131,9.3848576,"Midtjyske Motorvej, 7323 Give Municipality, Denmark",DK
1206,56.351353,20.206709,1.25016,103.8436695,"1 Paradise Island, Singapore 098468",SG
1207,50.24768,9.295026,42.9582315,25.6067922,"55, 5055 Golemanite, Bulgaria",BG
1208,52.418896,10.162788,19.0550095,100.4576896,"Unnamed Road, Tambon Khun Kuan, Amphoe Pong, Chang Wat Phayao 56140, Thailand",TH
1209,56.361866,20.20125,45.8207939,14.6571526,"Gornje Retje 6, 1315 Velike Lašče, Słowenia",SI
1210,56.458084,12.462748,32.8015439,35.0969265,"Lilienblum 11-25, Kiryat Ata, Israel",IL
1211,30.09319,7.2982025,-32.9955273,24.5477429,"R339, Afrique du Sud",ZA
1212,47.44126,7.3739843,52.4978736,-116.0033026,"14502 David Thompson Hwy, Clearwater County, AB T0M, Canada",CA
1213,50.59656,9.004912,43.2112054,26.8023411,"5102, 7740 Nadarevo, Bulgaria",BG
1214,4.4333487,13.048022,46.0725737,18.2334078,"7622 Pecz, Alsó-malom Street 7, Węgry",HU
1215,47.941742,8.024241,59.9114121,71.1658738,"R404, Khanty-Mansiyskiy avtonomnyy okrug, Russia, 628327",LT
1216,46.30487,5.957556,53.1241448,-1.8310081,"Beresford Lane, Peak District National Park, Buxton, Staffordshire SK17 0HH, Royaume-Uni",GB
1217,55.711647,10.071065,23.0735425,89.2346331,"Jessore - Rajarhat - Monirampur - Keshabpur - Chuknagar Rd, Бангладеш",BD
1218,50.81572,8.561358,63.1348368,29.4547338,"15804 522-620, 83900 Juuka, Finlande",FI
1219,51.353287,8.691087,32.2708084,34.844308,"Menachem Savidor 4-56, Netanya, Israel",IL
1220,49.08432,7.6857624,43.2678371,23.4521238,"E79, 3040 Vratsa, Bulgaria",BG
1221,51.742603,8.11366,51.2590105,7.072752,"Wiedener Straße 65, 42327 Wuppertal, Germany",DE
1222,45.3956,13.163063,1.3239613,103.6384373,"3 Tuas Ave 18A, シンガポール",SG
1223,52.20504,9.455799,37.5008544,127.1156458,"181-1 Songpa 2(i)-dong, Songpa-gu, Seoul, South Korea",KR
1224,50.224678,8.721236,46.0716543,14.5717447,"Cesta na Ježah 6e, 1260 Ljubljana - Polje, Słowenia",SI
1225,46.916237,8.405326,48.399294,20.2688545,"50, 982 51 Stránska, Slovakia",SK
1226,47.737076,13.524599,-37.0409403,-72.3801087,"O-50, Cabrero, Biobío Region, Chile",CL
1227,49.663754,7.471759,11.2487611,-73.8295799,"I-90 # 76, Santa Marta (Distrito Turístico Cultural E Histórico), Magdalena, Kolumbia",CO
1228,46.859676,8.42007,54.0902497,-124.1111506,"Stuart Lake Hwy, Vanderhoof, BC V0J 3A2, Canada",CA
1229,45.59321,7.3398476,13.5431503,104.8660881,"Unnamed Road, Cambodia",KH
1230,47.783836,9.013049,45.1064398,39.0115307,"ulitsa Yagodina (Kalinino), 72 корпус 1, Krasnodar, Krasnodar Krai, Russia, 350000",RU
1231,48.287056,7.652481,46.4157933,-66.4649782,"5544 NB-8, Astle, NB E6A 1N9, Kanada",CA
1232,54.93737,10.494259,-45.3952379,-72.5495823,"Ruta 240, Aysén, Aisén Region, Chile",CL
1233,55.770683,11.530251,31.9598273,34.8614429,"Eitan Street, Nir Cvi, Izrael",HK
1234,56.14251,10.20532,47.4175885,7.1022801,"E27, 2900 Pruntrut, Schweiz",HU
1235,50.18878,8.300489,42.9841897,25.40373,"4041, 5386 Karaivantsa, Bulgaria",BG
1236,51.34565,8.633549,37.5251091,-2.9040097,"GR-8100, 18812 Freila, Grenade, Espagne",ES
1237,53.645073,9.565052,44.9754814,27.0638935,"DJ214A, Luciu, Roumanie",RO
1238,45.146057,8.436827,-17.8563162,25.227868,"A33, Botswana",KH
1239,44.625732,7.143898,52.1461523,4.6765025,"Rigolettohof 36-38, 2402 EX Alphen aan den Rijn, The Netherlands",NL
1240,55.564865,15.24671,22.3831203,114.246351,"Maclehose Trail Sec. 4, Ma On Shan, Hong Kong",HK
1241,57.711555,16.917156,22.2704023,113.8876923,"Hong Kong, Lantau Island, 東澳古道",HK
1242,52.03048,9.14966,47.4175885,7.1022801,"E27, 2900 Pruntrut, Schweiz",HU
1243,55.857433,11.656336,31.9641638,34.7776143,"Beit Yehoshua 3, Rishon LeZion, Israel",IL
1244,48.977703,6.716177,58.655184,23.6129752,"Kõmsi-Mõisaküla-Salevere, 90111 Lääne County, Estonia",EE
1245,48.164932,8.139553,52.3824677,5.2173479,"Markerdreef, Markerkant, 1316 Almere, Nederländerna",NL
1246,50.680824,8.990395,13.9797971,107.0757142,"Unnamed Road, Cambodia",KH
1247,48.904274,8.7558,50.4915981,30.4375115,"Zoryanyi lane, 4, Kyyiv, Kyiv city, Ukraine",UA
1248,44.77502,6.3995056,53.8016493,-8.5934365,"Unnamed Road, Co. Roscommon, Ireland",IE
1249,55.7372,10.206274,24.9532652,55.3081307,E 77 - Dubai - Các tiểu Vương quốc Ả rập Thống nhất,AE
1250,56.925255,11.784559,5.5798591,115.5881394,"Unnamed Road, Kuala Penyu, Sabah, Malaisie",MY
1251,50.25512,8.270226,31.1595742,130.9526397,"Japonska, Kagoshima-ken, Kimotsuki-gun, Kimotsuki-chō 県道74号線",JP
1252,58.315834,27.821878,5.6051983,-75.8136872,"Jardín - Tamesis, Jardín, Antioquia, Colombia",NL
1253,44.119923,6.251549,-33.1270612,-71.5699715,"Cardenal Samoré, Valparaíso, Valparaíso Region, Chile",CL
1254,47.73459,8.144313,53.9841629,-6.5033003,"R178, Co. Louth, Ireland",IE
1255,53.37357,9.4074335,44.3121689,7.6834191,"Regione Gambarello, 37B, 12013 Chiusa di Pesio, Coni, Italie",IT
1256,46.646366,6.378338,66.9874663,14.7658081,"Fylkesveg 495 20, 8110 Moldjord, Norway",NO
1257,45.88437,6.4998074,-38.265264,142.2676795,"LOT 1 Terka Road, Kirkstall VIC 3283, Australia",AU
1258,53.26259,9.076243,40.6647147,23.6423804,"EO Thessalonikis Kavalas, Volvi 570 21, Greece",GR
1259,49.469006,8.025752,55.5942318,9.4935234,"Hovedvejen 8, 6052 Viuf, Denmark",DK
1260,51.46499,9.133609,59.1061742,12.1635581,"Herrenäs Rönningen 2, 666 91 Bengtsfors, Sweden",SE
1261,41.942497,15.8340225,-6.4680658,107.4438619,"Jl. Tol Cipularang, Babakancikao, Purwakarta, Jawa Barat 41151, Indonesien",ID
1262,47.70096,5.3656235,44.7791533,-0.6094729,"77-81 Cours du Général de Gaulle, 33170 Gradignan, France",FR
1263,50.180046,6.3941746,-37.0096605,175.0464092,"164 Monument Road, Clevedon, Auckland 2582, New Zealand",NZ
1264,46.58549,8.025237,55.2558571,10.1654316,"Langstedvej 12, 5620 Glamsbjerg, Denmark",DK
1265,55.87749,14.904364,8.7918666,-75.6998435,"Carrera 3, San Carlos, Córdoba, Kolumbia",CO
1266,50.9089,8.113141,55.249294,9.2898704,"Odinsvej 471, 6500 Vojens Municipality, Danemark",DK
1267,57.28943,20.685915,41.8596,13.9200688,"Strada Statale 479, 67038 Scanno, L'Aquila, Italy",IT
1268,52.60142,9.630351,11.1743994,104.5009333,"Unnamed Road, Cambodia",KH
1269,47.422302,8.149422,63.081083,29.2390644,"15811 1120-1204, 83870 Juuka, Finland",FI
1270,50.901825,8.4675455,27.3648009,89.9123973,"Wangdue - Tsirang Hwy, Bhutan",BW
1271,-11.962121,20.41026,-21.1674696,27.4951849,"Maun Road, Francistown, Botswana",BW
1272,48.79075,8.736113,51.0541274,4.567498,"Berkenhoekstraat 14, 2861 Sint-Katelijne-Waver, Belgium",BE
1273,48.94827,7.1594915,6.436314,116.4804765,"Jln Kota Belud - Kudat, 89150 Kota Belud, Sabah, Malaysia",MY
1274,46.564964,5.5906353,55.8880997,21.2741193,"Vytauto gatvė 120, Kretinga 97133, Lithuania",CZ
1275,49.86025,9.379454,25.2307789,-107.8973171,"Culiacán - Los Mochis, Bacamacari, Sinaloa, Mexico",MX
1276,0.28761595,10.858766,-25.7249197,26.019403,"R49, Ottoshoop 2866, South Africa",ZA
1277,48.870956,8.287282,44.9139505,-0.7224322,"25-27 Route de Joli Bois, 33160 Saint-Aubin-de-Médoc, France",FR
1278,50.43245,7.6710815,37.5759304,13.1779987,"Strada Provinciale 37, 92010 Caltabellotta, Agrigento, Italy",IT
1279,48.660355,8.155318,51.0530526,17.7458222,"Łączańska, 46-100 Namysłów, Poland",PL
1280,31.306591,93.559326,23.8019945,89.286911,"চরপাড়া Dhaka - Kushtia Hwy, Khoksha, Bangladesh",BD
1281,48.582287,8.000797,27.5033661,90.7303241,"Bumthang - Ura Hwy, Bhutan",BT
1282,49.7226,9.000903,55.84405,-118.2681335,"Range Rd 24, Wanham, AB T0H 3P0, Canada",CA
1283,47.82097,5.732834,23.5501739,90.6662166,"N1, Gazaria, Bangladesh",BD
1284,55.320538,14.110113,32.1011912,34.8070912,"Israel National Trail, Tel Aviv, Israel",IL
1285,44.854103,7.383704,50.8396051,4.2298319,"Sint-Annastraat 1, 1701 Dilbeek, Belgium",BE
1286,48.41684,9.726137,-32.5624645,-63.5111275,"RN158, Córdoba, Argentina",AR
1287,55.712265,10.571329,42.2566923,23.3044785,"6206, 2650 Sapareva Banya, Bulgaria",BG
1288,52.95111,9.279539,64.014488,10.50761,"Fylkesveg 52 180, 7170 Åfjord, Norwegen",NO
1289,55.077915,9.762462,24.2183093,120.6587457,"Rénhé North Road, Daya District, Taichung City, Taiwan 428",TW
1290,46.82162,7.27098,49.7980512,14.8664107,"113, 257 26 Divišov, Czech Republic",PE
1291,50.74912,7.623309,24.6329646,121.6095004,"Qīngshuǐ Bridge, Yilan, Tajwan",TW
1292,44.102715,6.1922083,42.6626444,26.6868934,"7, 8883 Gorno Aleksandrovo, Bulgarie",BG
1293,52.23729,12.620976,-21.7686462,-43.2948173,"Rua Aristóteles Evaristo do Nascimento, 622 - Jardim Esperança, Minas Gerais, Brésil",BR
1294,52.97362,8.444829,52.406439,16.851135,"Strzegomska, 60-194 Poznan, Poland",PL
1295,50.592228,7.61423,23.4422802,121.3810277,"Lèdé Road, Yuli Township, Hualien County, Taiwán 981",TW
1296,55.212555,9.780979,46.1590917,23.8841057,"DC34, Tiur, Roemenië",RO
1297,55.684612,9.254318,25.2712332,55.2911454,Al Khaleej Rd - Dubai - United Arab Emirates,AE
1298,49.465725,6.574382,1.3636599,103.8667586,"49A Serangoon Garden Way, Singapore 555945",SG
1299,48.628418,7.22771,55.7858219,9.6427244,"Bredalvej 16, 8722 Hedensted, Denmark",DK
1300,56.030178,9.918383,58.6213234,25.1246213,"Laupa-Suurejõe, 87629 Pärnu County, Estonia",EE
1301,58.45824,17.334429,19.4890289,-100.9212673,"Michoacán 49, Michoacán, Mexico",MX
1302,56.600365,11.784443,42.6262176,1.5512214,"Ctra. de Sorteny, AD300 Ordino, Andorra",AD
1303,48.46805,9.788403,37.491024,127.1455677,"292-13 Geoyeo-dong, Songpa-gu, Seoul, South Korea",KR
1304,57.7844,15.448966,49.8078805,17.7714707,"44337, 747 84 Radkov, Czech Republic",CZ
1305,50.59451,5.649869,49.8526248,19.0716966,"Barkowska 272, 43-346 Bielsko-Biala, Poland",PL
1306,50.117523,8.574508,1.6946566,110.0549643,"Jalan Lundu - Sampadi, 94500 Lundu, Sarawak, Malaysia",MY
1307,51.21249,8.21887,62.16145,5.1735825,"Fylkesveg 633 80, 6750 Stadlandet, Norway",GB
1308,49.03016,8.136213,22.9768467,89.4711826,"Jessore - Khulna Hwy, Phultala, Bangladesh",BD
1309,48.134712,7.769267,-31.685512,-53.0421298,"BR-293, ריו גראנדה דו סול, 96490-000, ברזיל",BR
1310,52.441315,8.999514,-30.3640029,27.5747594,"4100 Road to Nowhere, Iqaluit, NU X0A, Canada",CA
1311,47.858925,9.7753525,-37.0560746,144.2001932,"68 Tomkies Road, Castlemaine VIC 3450, Australia",AU
1312,48.827465,7.1849804,-38.1037657,175.7259255,"743 Old Taupo Road, Waotu 3481, New Zealand",NZ
1313,53.926716,9.313732,52.700689,-6.2671079,"R772, Co. Wexford, Ireland",TH
1314,48.196976,7.036868,27.080095,89.8738139,"Daga Rd, Daga, Bhutan",BT
1315,43.515842,17.684278,-17.8563162,25.227868,"A33, Botswana",KR
1316,-17.684727,19.09185,-23.7088498,22.8262872,"A2, Botswana",BW
1317,56.216614,10.2300205,26.6713485,142.148542,"Japan, 〒100-2211 Tōkyō-to, Ogasawara-mura, Hahajima 都道241号線",JP
1318,54.837265,7.5599957,62.0525478,22.6887482,"13247 523-563, 39920 Karvia, Finlandia",FI
1319,49.90795,8.904017,47.5163644,8.5612335,"Winterthurerstrasse 81, 8180 Bülach, Switzerland",CH
1320,51.77643,8.940262,55.0912487,24.3979373,"1514, 55490, Lithuania",LT
1321,52.893627,7.645529,2.3877721,111.9579573,"Lorong Bahagia 9, 96000 Sibu, Sarawak, Maleisië",MY
1322,51.647476,8.361362,42.5469834,1.5220641,"Carrer de les Costes de Giberga, 39, AD400 La Massana, Andorra",AD
1323,52.36007,6.6947784,19.2968429,-98.2721335,"Independencia 11, Xilotzinco, 90110 Tlaxcala, Mexico",MX
1324,54.898865,8.992779,23.535247,89.7517639,"Mawa - Bhanga Hwy, Bangladesh",BD
1325,50.74495,7.3823223,40.1129485,18.1169897,"Via Guglielmo Oberdan, 14, 73040 Neviano Lecce, Italien",IT
1326,50.753254,12.231472,48.2097957,17.2165841,"Pri struhe 42-44, 831 07 Vajnory, Slovakia",SK
1327,52.42186,9.159892,55.4789595,10.2913947,"Langehede 36, 5471 Sonderso, Denmark",DK
1328,56.34392,12.0981655,24.951151,55.3852484,E 77 - Dubai - United Arab Emirates,AE
1329,53.4551,9.322831,8.1236518,-73.5767755,"I-45 # 31 a 75, Rio de Oro, Cesar, Colombia",CO
1330,53.233566,9.203227,23.7912904,120.3796271,"Wénhuà Road, Erlun Township, Yunlin County, Taiwan 649",TW
1331,50.039303,7.6151953,39.5401146,21.9121722,"Epar.Od. Faneromeni-Nomis, Farkadona 421 00, Greece",GR
1332,50.386906,8.077368,51.9567976,5.9640952,"Van der Hoevensstraat 77, 6931 DB Westervoort, The Netherlands",NL
1333,54.8272,9.684763,23.5225248,120.3651336,"616, Taiwan, Chiayi County, Xingang Township, 166縣道",TW
1334,46.14035,6.323983,44.0534964,-88.7338523,"4442 Wisconsin 116, Omro, WI 54963, USA",US
1335,54.02703,9.340378,45.2892331,-73.3581941,"1050-1382 CH Des Patriotes, Saint-Jean-sur-Richelieu, QC J2Y 1H4, Canada",CA
1336,51.384216,8.844336,37.6438494,21.3189601,"Epar.Od. Pirgou-Katakolon, Katakolo 270 67, Grækenland",GR
1337,50.27456,9.160994,8.3463071,-75.5538771,"I-25 # 30 a 38, Planeta Rica, Cordoba, Colombia",CO
1338,47.80182,7.3452797,60.0310398,30.2857859,"Novoselkovskaya ulitsa, 23, Saint Petersburg, Russia, 190000",RU
1339,53.45647,7.059412,46.3185177,13.5400098,"Čezsoča 123, 5230 Bovec, Słowenia",SI
1340,53.19786,10.1524315,4.7223037,-74.0805848,"Carrera 80 # 128B-1 a 128B-99, Bogotá, Cundinamarca, Colombia",CO
1341,38.0664,19.065119,23.3571749,90.0000284,"Dhaka - Barisal Hwy, Bangladesh",BD
1342,50.539444,9.305618,37.5144656,127.1035965,"27 Sincheon-dong, Songpa-gu, Seoul, South Korea",KR
1343,51.051754,9.253272,2.6845759,101.4804217,"Unnamed Road, Kampung Batu Lapan, Tanjong Sepat, Selangor, Malaysia",MY
1344,56.4358,13.651213,22.395775,114.355424,"Sai Kung Sai Wan Rd, Hong Kong",HK
1345,45.499893,7.5794554,63.8473024,-22.3792602,"427, Islandia",IS
1346,47.509697,7.736595,4.8996123,-74.3160772,"Facatativá # 2 a 100, La Vega, Cundinamarca, Kolumbia",CO
1347,45.42605,6.7634325,47.5235311,17.2741685,"9313 Rábacsanak, Hunyadi Street 168, Hungary",HU
1348,53.502136,14.92091,37.5595607,-96.9984339,"183rd Street, Douglass, KS 67039, USA",US
1349,51.528526,8.824867,2.8067424,101.9176578,"329, Jalan Mantin, 70200 Mantin, Negeri Sembilan, Malaisie",MY
1350,3.2193909,10.482679,-33.9423116,24.3094964,"R62, Kareedouw 6400, South Africa",ZA
1351,49.909786,8.41946,-29.9897526,-71.0610236,"Ruta 41, La Serena, Coquimbo Region, Chile",CL
1352,53.501873,9.096508,44.7100259,37.7759975,"ulitsa Parkhomenko, 11, Novorossiysk, Krasnodar Krai, Russia, 353922",RU
1353,47.494305,6.9455566,6.0048443,-73.5879437,"I-45A, Santander, Kolumbia",CO
1354,50.253426,8.092263,56.9894987,22.5351116,"Blaumaņa iela 68, Sabile, Sabiles pilsēta, LV-3294, Latvia",LV
1355,51.14581,9.035569,42.4990107,1.53065,"Urb. Comella Parc, AD500 Andorra la Vella, Andorra",AD
1356,57.863274,21.771353,27.0518453,142.1912391,"Japan, 〒100-2101 Tōkyō-to, Ogasawara-mura, Chichijima 都道240号線",JP
1357,57.80494,22.671099,43.0147002,23.474167,"161, 2152 Rashkovo, Bulgaria",US
1358,50.002243,8.460551,22.7737821,89.1960026,"Khulna - Satkhira Rd, Bangladesh",BD
1359,45.18996,6.9225426,57.4485549,-1.9201481,"1 Hatton Farm Road, Hatton, Peterhead, Aberdeenshire AB42 0QN, Royaume-Uni",GB
1360,45.623096,6.1134233,55.8294512,9.8360071,"Krokusvej 67, 8700 Horsens, Denmark",DK
1361,51.256092,8.797864,48.0004801,37.7796199,"Torets'ka street, 10-12, Donetsk, Donetsk Oblast, Ukraine",UA
1362,49.381905,8.474643,26.9499764,-82.2434772,"5400-5408 White Avenue, Port Charlotte, Floride 33981, États-Unis",US
1363,49.752647,5.1107473,-35.6536496,-70.2015677,"RP226, Mendoza, Argentina",AR
1364,27.195354,3.5934036,-47.2796229,-71.4751713,"RP41, Santa Cruz, Argentina",BW
1365,49.515697,8.065389,50.8267309,5.2945375,"Kerselaarstraat 10, 3840 Borgloon, Belgium",BE
1366,55.352608,9.898613,51.6866879,4.1961505,"Helledijk, 3255 Oude-Tonge, The Netherlands",NL
1367,55.255363,11.538118,1.40111,110.6588857,"Unnamed Road, Simunjan, Sarawak, Malaysia",MY
1368,44.778873,8.269673,-43.2813389,172.251759,"130 Mcjarrows Road, Starvation Hill 7495, New Zealand",NZ
1369,45.920105,6.637472,67.8109563,23.182561,"99, 984 99 Pajala, Sweden",SE
1370,52.247757,8.83373,35.205288,128.9917719,"1157-1 Gupo 2(i)-dong, Buk-gu, Busan, South Korea",KR
1371,48.94134,7.7475357,68.9058026,27.0080399,"Saarikoskentie 2, 99870 Inari, Finland",FI
1372,49.116474,7.144557,45.3699619,4.7408717,"Le Biez, 42520 Saint-Pierre-de-Bœuf, France",FR
1373,51.549404,9.160762,54.2706261,23.9123028,"2512, Noragėliai 67225, Lithuania",LT
1374,52.435715,7.858059,46.2489434,16.3043532,"Ulica bana Jelačića 116, 42201, Beretinec, Croatia",HR
1375,57.033573,12.661364,47.8031461,22.2182085,"4341 Nyírvasvári, 4915, Hungría",HU
1376,45.19613,5.9820957,51.5890814,-9.1645484,"Unnamed Road, Co. Cork, Ireland",IE
1377,51.14846,8.661015,37.4918264,127.0985011,"707-3 Suseo-dong, Gangnam-gu, Seoul, South Korea",KR
1378,48.523834,6.682558,-26.3028982,31.876244,"MR3, Hlane National Park, Swaziland",SZ
1379,48.18982,8.290673,27.7017701,128.9083412,"Japon, 〒891-8323 Kagoshima-ken, Ōshima-gun, Isen-chō, Kinoko 県道83号線",JP
1380,56.20279,11.756252,25.0092173,55.5045607,E 77 - Dubai - United Arab Emirates,AE
1381,58.000473,15.927037,50.3755358,14.499267,"Pod Chloumečkem 3472, 276 01 Melnik, Czech Republic",CZ
1382,54.226734,10.1259,45.2879302,-79.1956808,"1003-1071 Brunel Road, Huntsville, ON P0B, Canada",CA
1383,50.949127,7.7198915,58.5499726,49.6863211,"Р169, Kirov, Kirov Oblast, Russia, 610913",RU
1384,50.699787,8.259462,44.354459,1.4972071,"A20, 46230 Cieurac, France",FR
1385,51.642197,8.939066,65.6126911,-18.5039302,"Þjóðvegur, Iceland",IS
1386,47.794582,6.7543783,49.9834783,36.3064358,"Dons'kyi lane, 3, Kharkiv, Oblast de Kharkiv, Ukraine",UA
1387,53.147316,9.372303,43.6688271,22.6782484,"102, Granitovo, Bulgarie",BG
1388,0.27687812,10.171989,-23.1156051,27.1243018,"Mahalapye, Botswana",BW
1389,51.28933,9.475894,46.4157933,-66.4649782,"5544 NB-8, Astle, NB E6A 1N9, Kanada",CA
1390,49.296333,8.189872,58.6288387,25.6547837,"Põltsamaa-Võhma, Koksvere, 70604 Viljandi County, Estonia",HU
1391,48.897236,7.064658,38.0633754,-7.1468876,"R. da Fonte de Arouche, 7875 Santo Aleixo da Restauração, Portugal",PT
1392,50.971664,7.144397,-39.5997613,175.8176904,"211 Te Moehau Road, Taihape 4795, New Zealand",NZ
1393,20.512169,84.79871,-8.5312454,115.1069462,"Jl. Raya Denpasar Gilimanuk, Kerambitan, Tabanan, Bali 82111, Indonesia",ID
1394,51.83492,10.2105255,-34.9050913,117.6114861,"812 Redmond W Rd, Redmond West WA 6327, Australia",KH
1395,52.93689,10.605086,37.4333312,127.1282687,"4807 Sujin 2(i)-dong, Sujeong-gu, Seongnam-si, Gyeonggi-do, South Korea",KR
1396,54.391045,8.182558,52.8440957,16.9382828,"Unnamed Road, Polska",PL
1397,57.948273,20.54032,1.311294,103.9506966,"E Coast Park Service Rd, Singapore",SG
1398,45.561977,7.755142,64.035064,-22.7025737,"Vallargata, Sandgerði, Islandia",PE
1399,50.486397,5.950325,37.1449625,140.3066056,"Japan, Fukushima Prefecture, Nishishirakawa District, Izumizaki, Kitahirayama 県道75号線",JP
1400,51.49318,8.8683605,17.2221294,103.4410671,"Unnamed Road, Tambon Tha Sila, Amphoe Song Dao, Chang Wat Sakon Nakhon 47190, Thailand",TH
1401,53.037113,8.607826,20.9439112,-87.3239713,"Carretera Federal 180, Leona Vicario, Quintana Roo, Mehhiko",MX
1402,45.826324,7.818862,-26.5127635,31.3774186,"Second Avenue, Manzini, Swaziland",SZ
1403,48.943565,7.8384094,50.9108949,-1.8727515,"Hare Lane, Dorset, UK",GB
1404,46.828293,8.200247,45.5576019,5.966848,"411-437 Rue de l'Église, 73490 La Ravoire, France",LT
1405,48.714653,8.096422,64.9481597,25.5477387,"Tulipiipuntie 10, 90420 Oulu, Finland",GB
1406,49.427177,9.529539,60.2428633,25.0168136,"Gamla Helsingevägen 2, 00700 Helsinki, Finland",SG
1407,51.256435,8.211729,24.9276445,121.2407152,"No. 43, Lane 620, Section 3, Lónggāng Road, Zhongli City, Taoyuan County, Taiwan 320",TW
1408,46.489304,5.858342,54.1586211,-2.6519256,"3 Keer Holme Lane, Carnforth LA6, UK",GB
1409,54.831387,9.843983,42.4689268,1.4926697,"Av. Rocafort, 21, AD600 Sant Julià de Lòria, Andorra",AD
1410,55.512726,10.009543,44.484794,22.1221621,"Mehedinți, Romania",RO
1411,51.32682,8.350205,41.3856503,14.78413,"SP143, 82020 Circello, Benevento, Italy",IT
1412,51.777767,8.371881,56.9854574,23.4685598,"Malienas iela 16, Ķemeru nacionālais parks, Lapmežciems, Lapmežciema pagasts, LV-3118, Latvia",HK
1413,49.240337,7.788975,43.2112054,26.8023411,"5102, 7740 Nadarevo, Bulgaria",BG
1414,45.904507,6.2995462,-33.7401958,24.7789793,"R331, Afrique du Sud",ZA
1415,52.47254,8.500157,46.1397316,21.5284784,"DN7, Sâmbăteni, Romania",RO
1416,49.83664,9.216194,12.1344669,106.9132528,"76, Cambodia",KH
1417,47.309734,8.6875305,-39.4227425,174.1114962,"691 Rowan Road, Kaponga 4679, New Zealand",NZ
1418,45.003574,45.38903,39.3237947,24.0937996,"Unnamed Road, Kira Panagia 370 05, Greece",GR
1419,49.73129,7.9244604,32.4266545,34.9080545,"4, Hadera, Israël",IL
1420,46.965843,8.914737,15.6010669,105.0713521,"Unnamed Road, Tambon Kradian, Amphoe Trakan Phuet Phon, Chang Wat Ubon Ratchathani 34130, Thaimaa",TH
1421,49.886757,8.596381,47.013334,26.9452087,"Strada Mare, Adjudeni, Romania",RO
1422,52.44558,8.720108,56.5787307,21.1389811,"P111, Medze parish, LV-3461, Latvia",LV
1423,50.257896,8.565272,61.7849917,9.3710241,"Fylkesveg 436, 2670 Otta, Noruega",NO
1424,50.69555,8.595607,-36.996069,174.9005447,"7-9 Sesame Grove, Goodwood Heights, Auckland 2105, New Zealand",BE
1425,53.12339,7.704115,-8.829275,115.084607,"Jl. Pedestrian Walk, Kuta Sel., Kabupaten Badung, Bali, Indonesia",ID
1426,47.456375,12.646711,23.670658,120.3311373,"Ānwu Road, Yuanchang Township, Yunlin County, Taiwan 655",TW
1427,56.946632,12.606444,49.8059604,17.258637,"44417, Mutkov, République tchèque",CZ
1428,53.497673,9.259806,35.0295204,138.9491236,"Shimoda Hwy, Sōkōji, Izunokuni-shi, Shizuoka-ken 410-2302, Japan",JP
1429,47.299683,7.2030773,49.3875815,1.0697446,"33 Avenue de la Mare aux Daims, 76800 Saint-Étienne-du-Rouvray, France",FR
1430,54.541103,19.769041,37.451782,127.0009988,"451-9 Gwacheon-dong, Gwacheon-si, Gyeonggi-do, South Korea",KR
1431,43.664127,4.9885755,4.6009097,-74.1331338,"Carrera 53 # 39S-2 a 39S-100, Bogota, Cundinamarca, Kolumbia",CO
1432,52.460068,9.1242695,46.4314885,9.8375788,"Senda Aguagliöls 12, 7513 Silvaplana, Zwitserland",CH
1433,53.157463,9.8233,46.8011787,16.9304566,"8925 Nemeshetés, 7363, Hungary",HU
1434,42.18365,6.2827883,-29.0022622,134.7491164,"LOT 2089 The Painters Road, Coober Pedy SA 5723, Australia",AU
1435,46.219185,6.2950573,3.5947398,113.6717413,"AH150, 98200 Miri, Sarawak, Malaysia",MY
1436,51.61011,8.995378,68.9629561,23.088906,"Riksveg 93 2910, 9520 Kautokeino, Norway",NO
1437,48.91132,8.951691,56.783834,37.8270874,"Р104, Obwód twerski, Rosja",RU
1438,50.539734,9.093601,41.3549455,15.7802657,"A14, 71045 Orta Nova, Foggia, Italie",IT
1439,49.86765,7.3592424,37.3312486,-8.0500321,"Unnamed Road, 7700, Portugal",PT
1440,55.824215,10.508147,-26.6968938,27.8272698,"19-21 Becqueral Street, Vanderbijlpark 1900, Republika Południowej Afryki",ZA
1441,41.31852,5.8413343,-4.7823774,-48.0764163,"Rua Jaderlândia, 1-449, Pará, 68638-000, Brazylia",BR
1442,45.889557,6.0887756,-24.4850129,26.028638,"A1, Botswana",BW
1443,52.23196,9.229165,40.9562059,-7.5774806,"N226, 3620, Portugal",PT
1444,52.07164,9.669776,33.0158929,35.1354577,"89, Israel",IL
1445,53.887817,9.55127,50.0134188,36.1978307,"Besarabska Street, 25, Kharkiv, Kharkiv Oblast, Ukraine",UA
1446,50.05831,5.2248116,56.0810308,12.243831,"Tulstrupvej 125, 3230 Graested, Denmark",DK
1447,49.755238,8.502774,59.5589381,15.591389,"859, 710 41 Fellingsbro, Sweden",BW
1448,29.064995,61.032166,22.3074,114.1699028,"2 Saigon St, Yau Ma Tei, Hong Kong",HK
1449,51.485054,7.7530394,55.2736092,-3.4247549,"B7076, Moffat, Dumfries and Galloway DG10 9PW, UK",GB
1450,53.95174,11.641878,22.4120169,113.9823973,"8 Castle Peak Rd, Tuen Mun, Hong Kong",HK
1451,47.71653,7.268628,41.6339458,24.3044622,"Змеица - Чала, 4834, Bulgaria",BG
1452,51.236824,8.591055,-10.634179,-76.5746324,"100, Peru",PE
1453,35.734783,48.061604,-26.2176529,28.1423022,"18 Harriet Avenue, Germiston 1400, South Africa",ZA
1454,47.80244,6.688876,56.2501837,14.529528,"Rosenhillsvägen 40, 293 73 Jämshög, Sweden",SE
1455,52.784622,8.121888,54.6722507,25.1621137,"Dubliškių gatvė, Vilnius 02300, Lithuania",LT
1456,53.0532,9.691883,54.9050026,9.6139112,"Brovej, 6320 Egernsund, Denmark",TH
1457,45.295593,7.094841,56.184805,10.1710687,"Herredsvej 152, 8210 Aarhus, Denmark",DK
1458,57.28303,16.098557,59.6058103,25.918736,"Neeme tee 54-58, Lahemaa rahvuspark, Käsmu, 45601 Lääne-Viru County, Estonia",EE
1459,41.132317,9.036226,32.6891728,35.2406688,"Yarden 6, Migdal HaEmek, Israel",IL
1460,45.863346,7.8125534,22.1988463,-102.2944849,"Pabellón de Arteaga-Rincón de Romos, Pabellón de Hidalgo, Aguascalientes, Mexico",MX
1461,44.75309,4.454778,48.3032413,20.3188533,"571041, 980 44 Lenartovce, Slovakia",SK
1462,55.32633,9.5660305,37.5402739,126.7615153,"248-4 Byeongbang-dong, Gyeyang-gu, Incheon, Coreea de Sud",KR
1463,52.324184,8.308891,-34.0239893,22.8225204,"Stingray Close, Sedgefield 6573, South Africa",ZA
1464,49.587074,6.5415955,42.8716608,22.7555348,"813, Vrabcha, Bulgaria",BG
1465,49.140602,10.841412,1.1174743,111.8580572,"2118, 95800 Engkilili, Sarawak, Malaysia",MY
1466,55.432617,10.099554,46.3506033,18.6917201,"7100 Szekszárd, Kálvin tér 1-3, Hungary",HU
1467,52.06514,7.476226,49.4437126,8.5780317,"Trautenfeldstraße 6, 68229 Mannheim, Germany",DE
1468,44.299248,8.714722,22.3941083,113.91799,"Lung Kwu Tan Rd, Tuen Mun, Hong Kong",HK
1469,46.657257,6.455182,55.9548188,23.4425754,"150, 76112, Lithuania",LT
1470,47.653004,7.7355328,53.1471405,-4.199429,"3 Ffordd Minffordd, Llanrug, Caernarfon LL55 4PE, Yhdistynyt kuningaskunta",NO
1471,53.390038,8.218856,-12.0465333,-77.0431471,"Miguel Baquero, Lima 15082, Peru",PE
1472,54.88115,9.186133,39.3358979,22.4258632,"Epar.Od. Farsalon-Asprogion, Farsala 403 00, Greece",GR
1473,54.895767,9.39572,51.4485999,4.4942575,"Nieuwmoersesteenweg 121, 2910 Essen, Belgique",BE
1474,-12.962118,17.773218,-25.1622766,25.534441,"A2, Botswana",BW
1475,54.98928,9.789935,24.972379,55.4141158,E 77 - Dubai - United Arab Emirates,AE
1476,51.307056,9.444535,-31.7178127,27.9591392,"R61, Engcobo 5050, South Africa",ZA
1477,53.177013,11.029749,16.7864984,103.0609462,"Unnamed Road, Tambon Ban Fang, Amphoe Kranuan, Chang Wat Khon Kaen 40170, Thailand",TH
1478,53.97125,9.032239,1.3148992,103.8162315,"Tyersall Ave, Singapur",SG
1479,47.46596,8.104686,50.4738536,30.6368619,"Sholom-Aleikhema street, 17, Kiev, Kyiv city, Ukraine",UA
1480,57.08284,14.834631,22.9017588,89.0202411,"Jessore - Satkhira Hwy, Bangladesh",BD
1481,51.705956,8.843833,56.1961673,26.9548885,"E262, Rušonas pagasts, LV-5329, Latvia",LV
1482,50.69339,8.272934,49.0874905,-0.0442709,"D101, 14270 Biéville-Quétiéville, France",FR
1483,50.58325,4.965662,5.0682326,-75.8777991,"Viterbo - Apia, Viterbo, Caldas, Kolumbia",CO
1484,49.258095,7.491083,-26.7929225,31.3473097,"MR9, Swaziland",SZ
1485,54.904663,9.611908,46.6739748,6.3633035,"Bois-de-Ban, 1325 Vaulion, Switzerland",CH
1486,51.230484,8.749113,28.1288173,-97.2089261,"1467 Farm to Market 136, Bayside, TX 78340, USA",US
1487,48.04075,7.6179333,54.6910794,25.2537372,"Traidenio gatvė 13-15, Vilnius 08119, Lituanie",LT
1488,44.413692,8.605583,43.7493036,23.2577536,"81, Traykovo, בולגריה",BG
1489,55.765503,13.029659,31.7945463,35.2126865,"Ibn Hazel 4-8, Jerusalem, Israel",IL
1490,47.440132,6.278949,-15.9376289,-71.195905,"Salinas and Aguada Blanca National Reservation, 34A 10, Peru",PE
1491,50.798508,9.404379,27.3265131,90.5837093,"Unnamed Road, Bhutan",BT
1492,53.24201,9.476063,-26.4520709,31.4963764,"MR3, Swaziland",SZ
1493,49.8783,8.118022,46.7993633,-76.1662251,"QC-117, Lac-Pythonga, QC J0W, Canada",CA
1494,49.40635,7.9909515,46.5294104,6.6527353,스위스 1012 로잔 떵쁠르 가 10,CH
1495,53.89081,9.2823305,57.3685841,21.5773049,"Dīķu iela 88, Ventspils, LV-3601, Latvia",LV
1496,46.582344,8.231515,46.3715171,16.4192305,"Poljska ulica 27, 40000, Strahoninec, Croatie",HR
1497,51.518295,8.488406,56.4501525,27.4071885,"P55, Čornajas pagasts, LV-4617, Latvia",LV
1498,37.026573,49.323032,1.3775105,103.9423469,"623 Elias Rd, Singapore 510623",SG
1499,48.783257,8.54275,64.2637692,-15.2090206,"Dalbraut, 780 Höfn, Iceland",IS
1500,57.658676,13.819389,5.3261895,-75.637438,"US29, Quinchia, Risaralda, Colombia",CO
1501,47.06899,6.1757336,6.9891655,116.7732397,"Jln Tajau Tiga Papan, 89050 Kudat, Sabah, Malaysia",MY
1502,43.049515,6.967017,64.825712,-22.4019186,"Kolviðarnesvegur, 311, Islande",IS
1503,50.092686,7.911791,59.2229745,23.6896549,"Harju-Risti-Riguldi-Võntküla, Nõva, 91101 Lääne County, Estonia",EE
1504,51.4143,7.402335,52.7942244,-2.1053423,"39 Vauban Drive, Stafford, Staffordshire ST17 4LD, UK",GB
1505,47.21584,7.1952257,52.8773248,-0.7661031,"Knipton Lane, Grantham, Leicestershire NG32, UK",GB
1506,51.829063,10.097008,57.9145041,27.4142587,"Ilumetsa-Rõssa, 64111 Põlva County, Estonia",EE
1507,46.44567,6.5298634,47.1230112,-119.1293288,"2488 Road Q Northeast, Moses Lake, WA 98837, USA",US
1508,50.51942,7.862035,40.4201942,-7.9417453,"N230, 3405, Portugalia",PT
1509,46.435192,7.1600018,-45.4102099,167.728663,"Te Anau-Milford Highway, Te Anau 9600, New Zealand",NZ
1510,46.812347,7.2307587,42.5795753,1.4804635,"Carretera de Prats Sobirans, AD400 La Massana, Andorra",AD
1511,56.917854,14.668356,1.3520448,103.6905225,"96 Nanyang Cres, Singapore",SG
1512,49.265507,10.269893,25.2248802,55.42556,47th St - Dubai - Förenade Arabemiraten,AE
1513,48.479298,7.401677,52.4342079,-2.3344347,"77 Lowe Lane, Alveley, Bridgnorth, Shropshire WV15 6HX, UK",GB
1514,49.004845,6.019146,53.1930027,21.4521385,"07-420 Siarcza Łąka, Polen",PL
1515,50.988518,8.87802,66.1505472,-15.1726827,"Norðausturvegur, Iceland",IS
1516,48.313957,8.39044,51.9885623,4.1983917,"Galgeweg 11, 2671 MR Naaldwijk, Nizozemsko",NL
1517,45.524006,6.4716825,1.8500172,111.1746051,"Jalan Krian, 95300 Kabong, Sarawak, Malaysia",MY
1518,56.174088,12.0166235,56.4037607,22.3547494,"Parka iela 4, Ezere, Ezere parish, LV-3891, Latvia",LV
1519,51.070053,6.3949165,52.6569535,-6.6639592,"N80, Co. Carlow, Irlande",IE
1520,43.95462,5.603448,55.2828795,25.2710548,"2806, Girsteitiškis 33148, Lithuania",LT
1521,53.55746,8.948751,61.7310284,15.2057108,"Norrbyvägen, 820 50 Los, Sweden",SE
1522,49.085728,8.343837,47.9998382,37.7124365,"Vuhil'na street, 28, Donetsk, Oblast de Donetsk, Ukraine",UA
1523,21.729767,4.9860163,-26.3795827,31.0638072,"MR19, Swaziland",SZ
1524,51.453247,14.560123,22.3806765,113.9713056,"22 Hoi Wing Rd, Tuen Mun, Hong Kong",HK
1525,53.017494,8.742599,-7.0816168,112.5717176,"Jl. Raya Sembayat No.35, Manyar, Gresik, Jawa Timur 61151, Indonesien",ID
1526,51.76604,9.127424,49.2269311,-65.9438263,"130 Rue Principale O, Ruisseau-à-Rebours, QC G0E 2C0, Canada",CA
1527,46.783386,7.163454,48.4492991,19.4901876,"050105, Budiná, Slovakia",SK
1528,48.221016,9.157094,51.3517942,5.1432857,"Pikoreistraat 3, 5541 NS Reusel, The Netherlands",HU
1529,56.13294,17.168427,5.8164161,100.9358884,"K702, Kampung Keda Ulu Legong, 09100 Baling, Kedah, Malaysia",MY
1530,53.83629,8.632015,45.0643466,26.332064,"DC69, Malu Roșu, Romania",RO
1531,51.506393,9.306674,51.1254678,5.1905211,"Heidehuizen 1, 2491 Balen, Belgium",NL
1532,51.159523,9.246965,-24.7019136,-50.9313674,"Rodovia José Adamowicz, Paraná, Brésil",BR
1533,53.040466,9.955798,57.2978979,24.9368782,"E264, Straupes pagasts, LV-4152, Latvia",LV
1534,49.598896,7.74636,37.5221056,127.1606201,"86 Gamcho-ro, Hanam-si, Gyeonggi-do, Südkorea",KR
1535,47.395912,7.3632555,43.6086068,16.8486642,"D220, 21245, Tijarica, Croatia",HR
1536,48.640667,7.393385,4.4072962,-75.1660057,"Vía Bogotá 118 # 1 a 99, Ibagué, Dipartimento di Tolima, Colombia",CO
1537,52.280167,9.039501,53.4830269,-2.3898788,"M62, Worsley, Manchester, Greater Manchester M30 8JW, UK",BW
1538,41.35453,7.3967495,-33.8791294,18.53184,"10 Driebergen Street, Le Cap 7441, Afrique du Sud",ZA
1539,55.847794,11.405792,-33.3079833,-70.8563415,"Irene Frei, Lampa, Santiago Metropolitan Region, Chile",CL
1540,47.40255,6.4161015,49.1717732,21.6618364,"15, 091 01 Stropkov, Slovakia",SK
1541,22.303074,28.04716,1.3125156,103.9013935,"66 Tembeling Rd, Singapore 423587",SG
1542,48.200626,6.16601,41.2667267,-8.604227,"Praça Alberto Ferreira Lima da Hora 61, 4475, Portugal",PT
1543,49.67743,8.60407,-25.0761996,31.0267098,"Kiepersol Road, South Africa",ZA
1544,46.802155,8.254512,46.1088126,15.5701837,"Buče 33-35, 3255 Buče, Slovenia",SI
1545,47.034466,8.386126,55.5790843,11.3829526,"Jyderupvej 83, 4291 Ruds-Vedby, Denmark",DK
1546,54.979607,10.255602,27.0981117,142.2124805,"Japon, 〒100-2101 Tōkyō-to, Ogasawara-mura, Chichijima 都道240号線",JP
1547,40.980476,47.9149,27.0756616,91.5154883,"Unnamed Road, Bhutan",BT
1548,47.953125,7.313263,56.7764974,16.4769608,"Revsuddevägen, 380 30 Rockneby, Suède",SE
1549,52.721027,9.177271,28.0609883,-15.7306474,"GC-200, 35489 Agaete, Las Palmas, Spain",CL
1550,45.814556,8.5667305,50.1506168,4.589548,"Rue du Grand Ry, 5600 Philippeville, Belgium",BE
1551,51.24067,8.457889,23.8418528,120.4880734,"524, Taiwan, Changhua County, Xizhou Township, 廣東巷",TW
1552,48.575027,7.677387,-50.3538114,-72.5032146,"RP11, Santa Cruz, Argentinië",AR
1553,55.23645,10.143866,24.9498958,55.3687806,E 77 - Dubai - United Arab Emirates,AE
1554,49.287247,7.9147177,36.7653551,136.9774677,"Japan, 〒933-0968 Toyama-ken, Takaoka-shi, Kuniyoshi 県道32号線",JP
1555,50.145805,7.8163385,53.4319718,-2.5881725,"101 Myddleton Lane, Winwick, Warrington WA2 8LR, UK",GB
1556,43.404335,5.765317,-33.7554902,24.6708768,"R332, Republika Południowej Afryki",ZA
1557,58.443222,20.639582,27.4638542,90.5007355,"Sarpang - Gelephu - Trongsa Hwy, Bhutan",BT
1558,49.43699,8.16267,40.2611816,23.4965414,"Unnamed Road, Psakoudia 630 71, Greece",GR
1559,55.495415,11.289743,45.2879302,-79.1956808,"1003-1071 Brunel Road, Huntsville, ON P0B, Canada",CA
1560,3.148575,8.528361,-43.6085422,-65.916921,"RP10, Chubut, Argentina",AR
1561,57.898476,24.400251,19.1992412,-98.2521732,"Avenida Manantiales 6, Manantiales, 90740 Zacatelco, Tlaxcala, Estados Unidos Mexicanos",MX
1562,49.147198,7.5562925,51.575763,7.3568379,"Strünkedestraße 193, 44359 Dortmund, Germany",DE
1563,47.185383,6.6383257,45.747346,12.4534309,"Via Fossadelle di Sopra, 1, 31047 Ponte di Piave, Treviso, Italy",IT
1564,46.961514,7.369153,56.8837267,21.2012013,"Dzintaru iela 97-99, Pāvilosta, Pāvilostas pilsēta, LV-3466, Latvia",LT
1565,50.884995,7.578334,23.2362502,120.2278521,"Zhōngshān Road, Xiaying District, Tainan City, Taiwan 735",TW
1566,50.031704,8.159382,56.8719929,22.2410858,"Kārļa iela, Vārme, Vārme parish, LV-3333, Latvia",LV
1567,45.506577,8.711624,-22.4871558,-51.67685,"Estrada Municipal Doutor José Joaquim de Araújo, 2, São Paulo, 19230-000, Brazil",BR
1568,51.44131,8.988882,40.9307904,24.9446547,"Unnamed Road, Avdira 670 61, Greece",GR
1569,49.278206,8.157133,49.3855358,-98.6117178,"Manitoba 23, Saint Leon, MB R0G 2E0, Canada",CA
1570,53.848427,11.508012,41.6072254,-8.8058345,"Urbanização Foz do Neiva 15, 4740-018, Portugal",PT
1571,51.11579,7.7768574,48.7356598,5.3086357,"D120, 55310 Salmagne, France",FR
1572,53.17741,7.3934155,-7.2094156,112.4728481,"Unnamed Road, Gresik, Jawa Timur 61172, Indonesia",ID
1573,48.337204,7.6804323,49.8393512,0.6661709,"Rue de l'Aérodrome, 76460 Saint-Sylvain, France",FR
1574,49.089893,6.902299,59.3840977,25.3102438,"Anija, 74415 Harju County, Estonia",EE
1575,51.20436,8.457606,54.5542008,23.1698604,"5116, Geisteriškiai 70321, Lithuania",LT
1576,20.80931,9.026681,-31.5040108,137.1007904,"Stuart Highway, Mount Gunson Australia Południowa 5710, Australia",AU
1577,46.667957,4.907194,27.3803995,89.4325698,"Bonday Lam Rd, Paro, Bhutan",BT
1578,48.09671,8.52062,58.9033559,22.9802659,"Hilleste-Hellamaa, 92318 Hiiumaa, Estonia",EE
1579,52.78623,8.914233,-50.4417639,-73.1418228,"RP11, Santa Cruz, Argentinien",AR
1580,50.99009,8.272251,45.0426792,7.4122133,"Strada Avigliana, 4, 10090 Trana, Turin, Italy",IT
1581,51.727837,9.083314,43.3370061,24.3212746,"E83, Sadovets, Bulgarien",KH
1582,37.888355,9.681257,51.0972846,-3.9082676,"1 Thorn Park Cottages, Brayford, Barnstaple, Devon EX32 7PS, UK",GB
1583,48.671944,8.171779,-38.212725,143.6389595,"1265 Colac-Ballarat Road, Beeac VIC 3251, Australia",AU
1584,53.09867,9.468196,47.5110541,7.5505368,"Bielstrasse 51, 4104 Oberwil, Schweiz",CH
1585,53.918106,9.164667,37.5261097,127.0140685,"380 Apgujeong-dong, Gangnam-gu, Seoul, South Korea",KR
1586,53.712402,9.8456,41.5031622,-90.4675735,"1100-1156 52nd Street Court, Moline, IL 61265, USA",US
1587,49.99456,6.48106,50.8256483,4.0357466,"Elsbeekstraat 23, 9402 Ninove, Belgium",BE
1588,48.569687,5.5727596,53.6294404,10.1308204,"Pferdekoppel 4-9, 22159 Hamburg, Germany",DE
1589,48.75301,7.356392,53.5637069,20.9734537,"Gnieźnieńska 2, Шчитно, Полша",PL
1590,50.792603,8.977912,42.5245908,1.5628475,"Av. de la Bartra, AD200 Encamp, Andorra",AD
1591,57.859386,20.539125,45.4534126,14.8903115,"D3, 51311, Skrad, Croatia",BE
1592,53.91196,9.03589,22.451893,114.001587,"Tin Yiu Rd, Tin Shui Wai, Hong Kong",HK
1593,56.24,10.940834,50.0106521,36.1930771,"Sirykivs'ka street, 102, Charkov, Oblast Charkov, Oekraïne",UA
1594,49.51888,9.894365,25.1501628,55.6335819,E 102 - Sharjah - United Arab Emirates,AE
1595,50.50134,7.5036564,42.4602028,1.5156452,"Ctra. de la Peguera, AD600 Sant Julià de Lòria, Andorra",AD
1596,53.38082,8.904571,23.8538231,120.3265199,"Lane 254, Běipíng Road, Dacheng Township, Changhua County, Taiwan 527",TW
1597,52.842983,6.8270187,2.6231057,101.7031562,"Persiaran Sepang Timur, Pantai Sepang Putra, 43950 Tanjong Sepat, Selangor, Malajsie",MY
1598,54.660686,9.777257,-6.9666343,110.2813233,"Jalur Pantura, Kaliwungu, Kendal, Jawa Tengah 51372, Индонезия",ID
1599,48.17903,6.7748985,42.364898,2.8590717,"GI-504, 7, Capmany, Girona, Spain",ES
1600,52.572624,9.265821,31.7882183,35.2232866,"Hasidei Karlin 3-7, Jerusalem, Israel",IL
1601,57.018852,34.690964,43.0190562,-4.8713357,"N-621, 108, 24913 Boca de Huérgano, León, Hiszpania",ES
1602,49.98237,8.086402,45.9798556,27.7642651,"DJ251A, Drăgușeni, Rumunia",CL
1603,53.20427,9.3741665,32.8365103,35.0689874,"Dov Frommer 3, Haifa, Israel",IL
1604,1.3547865,9.007112,-22.509417,27.6445982,"Serowe, Botswana",BW
1605,45.48343,7.8413296,44.6070679,27.3179317,"Amara, Romania",RO
1606,47.7028,8.543117,-29.6905719,-51.0634811,"Rua Helmuth Blos, 23-155, Campo Bom - Rio Grande do Sul, Brazil",BR
1607,51.16063,8.919344,47.2561589,7.6843384,"E25, 4538 Oberbipp, Switzerland",CH
1608,49.066635,8.633878,42.9408926,144.4854237,"Ponmataitoki-12 Konbumorimura, Kushiro-chō, Kushiro-gun, Hokkaidō 085-2273, Japon",JP
1609,-25.062195,24.68987,-16.7716692,-49.3166844,"Avenida Princesa Isabel, 950-1014 - Jardim Buriti Sereno, Aparecida de Goiânia - Goiás, 74943-820, Brazil",BR
1610,49.752327,8.388567,57.6882267,-2.0197858,"23 Hillcrest, Fraserburgh, Aberdeenshire AB43, UK",GB
1611,46.99054,8.202127,55.5973544,12.5823737,"Kongelundsvej 490, 2770 Kastrup, Denmark",DK
1612,55.55442,9.882724,38.0270676,-1.3397529,"B-11, 30191 Campos del Río, Murcia, Spain",ES
1613,50.665916,8.573374,48.8419253,19.1150043,"E77, 976 02 Staré Hory, Slovakia",SK
1614,54.714577,11.886747,46.5461779,6.5959634,"Chemin des Vignettes 32, 1008 Jouxtens-Mézery, Switzerland",CH
1615,48.73387,8.196237,27.3265131,90.5837093,"Unnamed Road, Bhutan",BT
1616,52.311726,11.55508,11.092859,104.3828431,"Unnamed Road, Cambodia",KH
1617,47.090973,6.094758,43.6433768,22.6561225,"1401, 3916 Dabravka, Bulgaria",BG
1618,54.03149,8.486434,43.1053317,-79.1341483,"8082-8164 Pinellas Park Drive, Niagara Falls, ON L2H, Canada",CA
1619,54.06908,9.890953,23.6974336,88.6020272,"Mujibnagar Road, Purandarpur, Bangladeš",BD
1620,-7.3945284,14.074347,-24.2260168,26.1718687,"A1, Botswana",BW
1621,50.1722,9.432129,-27.4118951,-70.2589622,"Doce, Copiapó, Atacama Region, Chile",CL
1622,48.638355,8.708507,26.9461955,90.2274012,"Tsirang - Sarpang Hwy, Bhutan",BT
1623,45.37735,5.341337,46.0626084,16.2384412,"Vrbovo, 49283, Vrbovo, Croatia",HR
1624,51.471554,32.4286,-26.0281856,31.1997984,"MR1, Swaziland",SZ
1625,48.352455,7.7571507,58.5441024,22.8496793,"Tagavere-Randküla, 94660 Saaremaa, Estonia",BT
1626,49.278065,7.533457,44.9301802,25.3040223,"DJ702A, Drăgăieşti Pământeni, Romania",RO
1627,53.684483,10.507518,50.4319443,30.4279218,"Mykhaila Dontsya street, 13, Kiev, Kyiv city, Ucrania",UA
1628,56.161797,10.800293,25.0119422,55.5253321,E 77 - Dubai - United Arab Emirates,AE
1629,52.34297,9.394156,53.050551,19.9560884,"Olszewska, 09-300 Żuromin, Polen",PL
1630,51.42693,9.674579,49.0250529,14.1711087,"122, 384 11 Netolice, République tchèque",CZ
1631,50.83529,8.874298,25.2643854,121.4926759,"Tiánliáo Road, Sanzhi, Nouveau Taipei, Taïwan 252",TW
1632,29.435263,0.17987692,-16.4922462,-71.8393696,"Panamericana Sur, El Cruce, Peru",PE
1633,51.74444,4.9667406,57.1523297,24.8626024,"Pūpolu iela 3-5, Sigulda, Siguldas pilsēta, LV-2150, Latvia",LV
1634,47.788597,6.4954367,46.0725737,18.2334078,"7622 Pecz, Alsó-malom Street 7, Węgry",HU
1635,52.32542,9.05531,46.3566037,0.3872013,"Haute Belle, 86160 Magné, France",FR
1636,48.057606,6.9346876,51.6841427,-9.2360392,"Unnamed Road, Co. Cork, Irland",IE
1637,52.774815,9.117174,-33.8344916,18.9538561,"R45, South Africa",ZA
1638,49.245724,8.67086,55.767783,21.4340251,"2230, 96201, Lithuania",LT
1639,52.412415,9.043918,-30.0020785,-50.1458045,"Avenida Deputado Osvaldo Bastos, 194-260, Rio Grande do Sul, 95590-000, Brazylia",BR
1640,52.36763,9.123821,-27.0306169,30.7556522,"R543, South Africa",ZA
1641,54.972,9.766886,9.4750503,-75.4963561,"US90 # 1 a 2, Toluviejo, Sucre, Colombia",CO
1642,49.41639,9.019677,53.8625293,-9.2300061,"Unnamed Road, Co. Mayo, Ireland",IE
1643,53.34747,9.75436,58.7727267,25.4855427,"Oisu-Kärevere-Taikse, 72309 Järva County, Estonia",EE
1644,47.998207,5.5283117,-9.0252529,-76.064434,"5N, Peru",PE
1645,51.239685,9.593332,42.5783362,1.6319365,"CG-2, AD100 Canillo, Andorra",AD
1646,43.675644,5.846156,55.3390838,11.3591281,"Koldekildevej 3, 4200 Slagelse Municipality, Denmark",DK
1647,48.447685,8.972267,-11.3712688,-77.4415016,"Panamericana Norte, Peru",PE
1648,49.04076,7.0930357,16.0006061,-95.4436074,"Salina Cruz - Santiago Pinotepa Nacional, Oaxaca, Estados Unidos Mexicanos",MX
1649,48.59046,7.7457943,49.816577,24.00273,"Knyahyni Ol'hy street, 25, Lviv, Lviv Oblast, Ukraine",UA
1650,48.225216,7.389101,48.5635343,17.9941386,"Vozokany 116, 956 05 Vozokany, Slovakia",SK
1651,51.396027,9.296793,-8.382094,115.0332453,"Jl. Antosari Pupuan, Pupuan, Tabanan, Bali 82163, Indonesia",ID
1652,53.29296,8.986982,43.9845308,-78.1731995,"Baltimore Road & Macdonald-Cartier Freeway, Baltimore, ON K0K 1C0, Canada",CA
1653,45.92122,6.4221535,49.0141338,21.8384872,"558009, 067 22 Ohradzany, Słowacja",SK
1654,50.438038,8.509768,24.7190763,125.3384898,"Arazato-1405-226 Ueno, Miyakojima-shi, Okinawa-ken 906-0000, Japan",JP
1655,56.503983,13.150633,-33.4283406,-70.6617585,"Presidente Eduardo Frei Montalva, Independencia, Santiago Metropolitan Region, Chile",CL
1656,55.529804,9.523895,40.0508616,21.337214,"Unnamed Road, Mavronoros 511 00, Greece",GR
1657,46.82538,6.5878706,40.1007255,15.5734989,"Strada Provinciale 210, 84079 Vibonati, Salerno, Italy",IT
1658,52.61099,9.42388,42.7576817,25.7077988,"55, 6197 Pchelinovo, Bulgaria",BG
1659,48.789173,8.25392,45.8297884,15.4303263,"Dolšce 16, 8311 Kostanjevica na Krki, Slovénie",SI
1660,49.597717,9.247524,56.4187708,24.0604731,"P103, Rundāles pagasts, LV-3921, Latvia",LV
1661,49.58181,8.740995,55.2790556,21.4291363,"4213, 99335, Lithuania",LT
1662,46.222614,7.073683,46.0844101,-64.9943598,"47234-47260 Homestead Rd, Moncton, NB E1G, Canada",CA
1663,47.091724,8.596412,37.5336701,140.9457396,"Yotsuguri-24-15 Odakaku Kawabusa, Minamisōma-shi, Fukushima-ken 979-2164, Japan",JP
1664,49.512817,8.613185,42.556672,1.6894405,"CG-2, AD200 Encamp, Andorra",AD
1665,46.767,7.2693205,49.3320882,14.3606583,"Slabčice 38, 398 43 Slabčice, Czech Republic",CZ
1666,52.254505,9.123575,41.4607657,-3.9049228,"SG-242, 40314 Fuentesoto, Segovia, Spain",ES
1667,48.365807,6.3425417,-26.4123161,31.7837114,"MR3, Mpaka, Swaziland",SZ
1668,33.71027,16.79867,11.0120143,103.6674068,"Unnamed Road, ឃុំ ជ្រោយស្វាយ, Kambodža",KH
1669,24.875183,2.6142125,-27.2953317,31.8653099,"MR11, Lavumisa, Swaziland",SZ
1670,54.619293,8.749985,59.4908084,24.8865584,"Maikellukese tee 40, 11914 Tallinn, Estonia",EE
1671,9.843469,5.7255487,-22.077826,27.2749981,"A1, Botswana",BW
1672,53.893867,9.542606,-8.3852983,115.3349263,"Jl. Tampaksiring, Tampaksiring, Gianyar, Bali 80661, Indonesia",ID
1673,51.95056,9.214887,55.7039448,9.9747882,"Fjordager 12, 7130 Juelsminde, Danmark",DK
1674,54.40272,9.470608,1.4586244,103.8419621,"53 Jln Mempurong, Singapore",SG
1675,47.41343,8.8034315,55.2542274,26.5654949,"4427, Svylė 30173, Lithuania",LT
1676,49.736946,8.503189,-8.4066899,-78.8225042,"Panamericana Norte, Перу",PE
1677,50.021515,6.6405115,58.9659964,26.8135373,"Alekere-Laekannu, 42111 Ida-Viru County, Estonia",EE
1678,48.3306,7.979926,59.0486876,24.0364095,"Risti-Kuijõe, 90902 Lääne County, Estonia",EE
1679,44.261284,5.017438,51.6755348,-8.7838547,"Unnamed Road, Co. Cork, Ierland",IE
1680,51.650745,7.06503,53.5686962,-6.9060755,"43-45 Moyview, Co. Meath, Ireland",IE
1681,58.25756,23.001062,19.6952717,-96.4128028,"Poza Rica - Veracruz, Palma Sola, Veracruz, Mexico",NZ
1682,52.112953,9.104141,55.3812889,10.5210528,"Marslev Stationsvej 7, 5290 Marslev, Tanska",DK
1683,48.595985,7.920804,58.5419525,7.8484569,"Fylkesveg 292 50, 4735 Evje, Norway",NO
1684,54.05404,9.422434,4.7930773,-74.3809489,"Zipacón - Facatativá # 1 a 5, Zipacon, Cundinamarca, Colombia",CO
1685,56.832535,15.500087,-6.7206476,106.8860632,"Jl. Tapos, Ciawi, Bogor, Jawa Barat 16720, Indonesia",ID
1686,50.90644,8.782013,5.0989693,-75.5648679,"Calle 10N # 1, Manizales, Caldas, Colombia",CO
1687,55.967854,10.924217,1.3418183,103.6794886,"50 Nanyang Dr, Singapore 637553",SG
1688,44.000774,5.9092226,46.7009461,20.1747753,"6640 Csongrád, Levendula Street 9, Hungary",HU
1689,17.814207,93.456894,19.9758157,-96.6080515,"Poza Rica - Veracruz, Los Pozos, 93980 Emilio Carranza, Veracruz, Mexico",MX
1690,53.020653,9.272956,46.6101435,15.238725,"Spodnja Vižinga 39, 2360 Radlje ob Dravi, Słowenia",SI
1691,47.11084,8.401119,39.7546849,19.9045275,"Unnamed Road, Meggoulas 491 00, Greece",GR
1692,52.331627,9.2090645,-30.9772474,151.581948,"189 North Street, Walcha Noua Ţară a Galilor din Sud 2354, Australia",AU
1693,33.662884,33.00244,9.7371166,-75.5303991,"Carrera 18, San Onofre, Sucre, Kolumbia",CO
1694,40.67149,39.756695,22.3434543,114.0542863,"Kap Shui Mun Bridge, Hong Kong",HK
1695,50.396748,7.269539,27.0100824,90.5583611,"Sarpang - Gelephu - Trongsa Hwy, Bhutan",BT
1696,50.911148,8.082093,51.1621951,6.8667717,"Benrather Schloßallee 89, 40597 Düsseldorf, Tyskland",DE
1697,48.196175,7.146961,51.0370436,5.7195591,"Schoolstraat 30-48, 3650 Dilsen-Stokkem, Belgium",BE
1698,48.879623,7.0022783,55.1367069,23.6925143,"1925, 54291, Lithuania",LT
1699,56.875854,25.26681,39.0034446,21.7785903,"Epar.Od. Karpenisiou - Neraidas 104, Domiani 360 80, Grekland",GR
1700,48.219543,8.274828,53.7081451,-1.814261,"10 Church Lane, Halifax, West Yorkshire HX3 9TD, UK",GB
1701,47.677864,7.447116,4.923101,-74.0953838,"Calle 8 # 2-100, Tabio, Cundinamarca, Kolumbia",CO
1702,50.432045,8.671625,58.4721738,8.7778718,"Nyli Terrasse 6B, 4844 Arendal, Norway",NO
1703,52.776108,7.5483303,22.442254,114.0662615,"Kam Tin Bypass, Kam Tin, Hong Kong",HK
1704,47.26924,8.258806,55.8967348,9.7637635,"Engvej 7, 8700 Horsens, Denmark",DK
1705,58.356743,19.031763,53.2965893,34.8072247,"E101, Bryansk Oblast, Russia",RU
1706,13.15413,53.40034,37.5114547,126.5242687,"465-22 Unbuk-dong, Jung-gu, Incheon, South Korea",KR
1707,49.61166,9.750839,45.2901609,27.6598683,"DJ221, Găvani, Romania",RO
1708,48.33237,6.2829685,-49.6770475,-72.7710318,"Ruta Provincial 21, Santa Cruz, Argentina",AR
1709,48.79778,8.056557,49.8163154,24.0774946,"Pasichna street, 98, Lwów, Obwód lwowski, Ukraina",UA
1710,44.708954,6.135991,27.224313,-97.7915182,"Weiss Road, Sarita, TX 78385, USA",US
1711,49.939518,6.004795,7.1371379,-73.1243207,"Calle 10 # 23-2 a 23-100, Bucaramanga, Santander, Kolumbia",CO
1712,50.82519,9.348296,-33.109736,21.3851763,"N1, South Africa",ZA
1713,48.24258,8.274966,52.368079,-113.7859484,"Alberta 597, Blackfalds, AB T0M 0J0, Canada",CA
1714,47.678577,8.100735,63.7592506,26.4959431,"16053 211-359, 74700 Kiuruvesi, Finland",FI
1715,48.22112,5.5928135,57.1599962,10.1456585,"Søndermarken 6, 9320 Hjallerup, Denmark",DK
1716,49.55226,6.946458,-18.9550966,-48.248171,"Avenida Seme Simão, 1322-1448 - Jardim Botanico, Uberlândia - Minas Gerais, Brazil",BR
1717,55.25332,9.972264,-4.9345752,-80.5467021,"Unnamed Road, Peru",PE
1718,55.270813,12.867816,38.6892502,1.4067943,"PMV-820-1, 07860 Cap de Barbaria, Balearic Islands, Spain",ES
1719,47.255814,4.928298,45.9579833,18.3519769,"7766 Peterd, 5711, Hungary",HU
1720,42.192726,4.88566,1.2623677,111.3896125,"Unnamed Road, 95000 Sri Aman, Sarawak, Malaysia",MY
1721,50.149,8.265344,44.7090512,15.1439246,"A1, 53224, Ličko Lešće, Croatia",HR
1722,49.81116,6.1650105,48.3710587,19.416553,"050103, Šuľa, Slovakia",SK
1723,50.75637,8.233891,59.9995302,10.6195217,"Sørkedalsveien, 0758 Oslo, Norway",NO
1724,47.374687,6.2136164,54.6801815,20.590398,"Okruzhnaya doroga, 280в, Kaliningrad, Kaliningrad Oblast, Russia, 236028",RU
1725,55.100838,9.34354,25.1582843,55.4072187,Persia N7 - Dubai - United Arab Emirates,AE
1726,53.449574,8.070937,38.2445653,-1.3757788,"A-30, 30530 Cieza, Murcia, Spain",ES
1727,49.614532,7.7701006,46.7432899,5.120869,"N78, 71440 Thurey, France",FR
1728,44.60132,5.251566,-45.8390614,-71.8504732,"X-695, Coyhaique, XI Región, Chile",US
1729,52.897583,9.004431,55.688042,52.3541829,"avtodoroga Volga, 1Б, Naberezhnye Chelny, Republic of Tatarstan, Russia, 423800",RU
1730,45.437355,6.857482,4.9771511,-73.7459905,"Unnamed Road, Sesquilé, Cundinamarca, Colombia",NO
1731,41.40644,5.5042543,37.7666463,-8.0964573,"N2, 7780 Castro Verde, Portugal",PT
1732,52.864708,8.189223,35.2269819,129.1637803,"884 Bansong 2(i)-dong, Haeundae-gu, Busan, South Korea",KR
1733,48.222176,7.1466017,20.4339707,-101.7345095,"López Mateos 41, Los Presidentes, 36900 Pénjamo, Guanajuato, Mexico",MX
1734,49.45219,6.799411,57.5919819,18.5947634,"625, Sweden",SE
1735,53.315277,10.124838,22.3776962,114.1233977,"Ma Sim Pai Rd, Lo Wai, Hong Kong",HK
1736,54.637287,9.550755,58.9086222,22.388638,"Puski-Kõpu-Ristna, Hiiumaa, Estland",EE
1737,49.836533,8.645882,62.16145,5.1735825,"Fylkesveg 633 80, 6750 Stadlandet, Norway",GB
1738,50.163654,10.435051,41.8369898,2.4682703,"GI-543, 29, 17401 Arbúcies, Girona, Spain",ES
1739,51.565205,7.8480797,45.2365188,15.3760312,"D23, 47264, Kamenica Skradnička, Croatia",HU
1740,50.49148,7.758625,39.1351119,25.9303947,"Epar.Od. Kallonis-Skala Eresou, Skala Eresou 811 05, Greece",GR
1741,47.594986,6.3281507,48.7322984,18.1778654,"Dolné Držkovce 303, 956 54 Veľké Držkovce, Slovakia",SK
1742,49.256252,7.1564064,-33.1251171,119.0314826,"Magenta Road, Newdegate Australia Zachodnia 6355, Australia",AU
1743,54.511124,10.150747,46.4627343,6.3371443,"Avenue de la Gare 20, 1180 Rolle, Switzerland",CH
1744,47.0326,6.338517,52.5621064,-9.2041369,"Unnamed Road, Co. Limerick, Irland",IE
1745,55.741493,10.293727,37.5110696,127.1961968,"10 Daeseong-ro, Hanam-si, Gyeonggi-do, South Korea",KR
1746,51.225964,7.0777473,46.1749093,13.7049424,"Volče 42c, 5220 Tolmin, Słowenia",SI
1747,53.20194,9.154522,42.9520023,16.7352851,"D118, 20270, Blato, Croatia",HR
1748,53.887066,10.011446,40.8637588,25.6226367,"EO2, Alexandroupoli 681 00, Grecia",GR
1749,57.570755,25.167086,48.1333344,-77.3777539,"100 QC-113, Val-d'Or, QC J0Y, Canada",CA
1750,46.010075,6.260271,55.7081357,-2.4909763,"A697, Duns, Scottish Borders TD10 6XF, UK",GB
1751,45.916214,7.0389147,45.1915716,13.6548736,"D302, 52440, Kadumi, Kroatien",HR
1752,50.462074,7.913206,50.08027,8.6322293,"Saonestraße 3, 60528 Frankfurt, Germany",DE
1753,49.433205,8.634434,58.9832687,22.7737891,"Heltermaa-Kärdla-Luidja, 92421 Hiiumaa, Estonia",EE
1754,54.521637,9.727175,-35.8929596,137.3105611,"Грегорс-роуд, Седдон Южная Австралия 5223, Австралия",AU
1755,48.029503,12.888027,11.445779,104.18489,"Unnamed Road, ឃុំ ក្រាំងដីវ៉ាយ, Cambodia",KH
1756,51.98364,7.8568697,53.2239136,-8.815414,"Unnamed Road, Co. Zatoka Galway, Irlandia",IE
1757,53.300545,9.134185,55.6257661,12.4928343,"Søliljevej 28, 2650 Hvidovre, Denmark",US
1758,33.150997,8.590749,-7.8942802,110.7525599,"Unnamed Road, Semin, Kabupaten Gunung Kidul, Daerah Istimewa Yogyakarta 55854, Indonesia",ID
1759,55.796043,10.720087,47.4175885,7.1022801,"E27, 2900 Pruntrut, Schweiz",US
1760,46.01594,7.7640867,58.3575583,26.6255891,"Tartu–Viljandi–Kilingi-Nõmme, Haage, 61402 Comté de Tartu, Estonie",PT
1761,47.717644,7.262047,43.4588624,10.9153004,"SP62, Volterra, Pisa, Italy",IT
1762,57.50891,15.957431,41.3666301,14.8591461,"Contrada Pianella, 82024 Colle Sannita, Benevento, Italy",IT
1763,48.06662,7.1192255,52.9985584,-7.0566633,"Unnamed Road, Co. Kildare, Ireland",IE
1764,48.39513,7.619314,52.3720301,9.6624379,"In der Steinbreite 95-99, 30455 Hanover, Germany",DE
1765,45.39551,8.061892,-41.4721395,-72.9870352,"Pasaje Dos 205-2041, Puerto Montt, Région des Lacs, Chili",CL
1766,47.544575,6.254245,45.0048911,26.4319042,"Cimitirul Mizil, Mizil, Romania",RO
1767,48.310432,8.234791,38.8140208,-7.6028173,"N381, 7100 Estremoz, Portugal",PT
1768,43.85817,5.967429,54.7383684,17.8346878,"Frederyka Kowalewskiego, Poland",PL
1769,50.61825,8.325886,55.747858,25.704287,"3631, 42262, Lithuania",LT
1770,45.401535,8.865058,65.8316808,24.1376711,"Torggatan 21, 953 37 Haparanda, Sweden",SE
1771,57.70269,18.145094,52.4853624,13.4813197,"Bulgarische Straße 62, 12435 Berlin, Germany",DE
1772,34.52156,71.18227,53.4824828,-2.9567723,"7 Leckwith Road, Bootle, Merseyside L30, UK",GB
1773,50.96095,8.218517,42.8256359,12.4201506,"Località Ilci, 29A, 06059 Todi, Perugia, Italy",IT
1774,51.313847,8.01294,45.2917377,11.6078753,"Via Priara, 17, 35034 Lozzo Atestino Pádua, República Italiana",IT
1775,47.30557,7.0979614,37.6446431,-8.0000808,"Unnamed Road, 7780, Portugal",PT
1776,52.683075,8.80462,-29.6322052,-50.8549449,"Rua Antônio Gomes de Morais, 67 - Morada do Funil, Parobé - Rio Grande do Sul, 95630-000, Brazil",BR
1777,54.314735,9.5970745,1.2777489,103.8413266,"1B Cantonment Rd, Singapore 085201",SG
1778,45.65097,37.776356,22.978285,120.2050131,"No. 12, Lane 287, Nánmén Road, Nan District, Tainan City, Taiwan 702",TW
1779,49.20904,8.486007,1.3877415,103.646663,"Bridge Eins, Singapore",SG
1780,53.484306,7.517599,54.4162079,16.5525099,"Droga Wojewódzka 205, Poland",PL
1781,53.673676,9.276838,60.8215772,15.0036889,"Byängsgattu 33, 793 70 Tällberg, Sweden",SE
1782,48.281456,8.252038,44.9384672,21.6606468,"DJ571, Rumunia",RO
1783,50.700424,8.300738,24.9711317,55.1542628,D57 - Dubai - United Arab Emirates,AE
1784,-16.194992,21.03502,-21.1946392,27.4874429,"A1, Francistown, Botswana",BW
1785,48.586178,6.3436403,-38.0574869,175.9493031,"Leslie Road, Ngatira 3485, New Zealand",NZ
1786,47.3954,9.270405,54.0155136,-8.5514433,"R294, Co. Sligo, Ireland",IE
1787,54.68658,9.949642,2.7779243,101.4713594,"5, 42700 Banting, Selangor, Malaysia",MY
1788,57.576523,12.870004,45.0460571,28.6141577,"DN22A, Nalbant, Romania",CL
1789,49.151978,8.290788,55.9477812,25.5786204,"Vilties gatvė 26, Rokiškis 42154, Lithuania",LT
1790,55.895435,12.762533,46.5386283,6.5175373,"Route de Bremblens, 1027 Lonay, Switzerland",CH
1791,54.266506,9.798842,52.0376974,8.4885073,"Morgenbreede 41, Bielefeld University, 33615 Bielefeld, Germany",DE
1792,49.674164,8.894813,55.4237968,9.1592616,"Industriparken 16, 6630 Rodding, Denmark",DK
1793,18.929138,87.327225,1.3618195,103.9920881,"T1 Departure Cres, Singapore",SG
1794,54.48767,25.205631,31.9961764,131.3136169,"Japan, 〒880-1101 Miyazaki-ken, Higashimorokata-gun, Kunitomi-chō, Honjō 県道356号線",JP
1795,50.939407,10.6127825,49.0865406,14.8440074,"Novosedly nad Nežárkou 205, 378 17 Novosedly nad Nežárkou, Czech Republic",KR
1796,48.14537,5.12449,23.1519268,91.3244697,"Dhaka - Chittagong Hwy, Bangladeš",BD
1797,55.197628,28.888845,32.6314324,35.123777,"66, Israel",IL
1798,45.66794,7.9012556,-31.9698083,-62.287262,"RP13, Córdoba, Argentina",AR
1799,53.02082,9.290295,23.5225248,120.3651336,"616, Taiwan, Chiayi County, Xingang Township, 166縣道",TW
1800,47.109543,7.8898344,55.4332431,10.6114364,"Ladbyvej 163, 5300 Kerteminde, Denemarken",DK
1801,16.760815,7.8338013,-21.9701423,-47.42703,"Avenida América do Sul, 342-430 - Vila Esperança, Pirassununga - São Paulo, 13635-101, Brazil",BR
1802,55.728638,9.682847,59.0444506,11.8301001,"2183, 668 91 Ed, Sweden",SE
1803,50.96364,6.894862,42.8469374,26.6566354,"7006, 8463 Sadovo, Bulgaria",BG
1804,53.08947,9.250938,-49.4015712,-67.8585283,"Ruta Nacional 3, Santa Cruz, Argentina",AR
1805,51.542206,8.846009,38.2599876,23.0047624,"Epar.Od. Thivas-Paralia Sarantis 838, Thiva 320 10, Greece",GR
1806,51.009277,6.868972,52.0756378,5.0325635,"Mauritslaan 1, 3454 XP De Meern, The Netherlands",NL
1807,48.50086,10.690611,43.44917,144.2208778,"Akan-Odan Rd, Kushiro-shi, Hokkaidō, Japan",JP
1808,47.650986,6.895443,40.2582176,-86.0692307,"3116 South 300 West, Tipton, IN 46072, USA",US
1809,51.0513,9.051477,41.945615,-6.9556997,"Unnamed Road, 5320, Portugal",PT
1810,56.009212,10.005757,43.3605414,25.5924138,"502, Klimentovo, Bulgaria",BG
1811,51.95474,8.821899,51.6482068,4.8572791,"Van Dubbelmondestraat 21, 4901 VH Oosterhout, The Netherlands",NL
1812,44.55715,8.100439,56.2283967,23.9795485,"2932, Lauksodis, Lithuania",LT
1813,43.851505,5.4118214,52.5803142,16.7172028,"Obornicka, 64-514 Lulinek, Polska",PL
1814,54.797314,8.551314,53.5590081,-2.1411663,"A627(M), Oldham, Greater Manchester, UK",GB
1815,46.504498,5.805032,55.6428897,11.3495233,"Grydemøllevej 4, 4470 Svebølle, Denmark",DK
1816,50.8489,7.2730303,27.4634681,90.1692339,"Unnamed Road, Bhutan",BT
1817,35.215515,83.607185,22.3825081,114.1959837,"34 Tai Chung Kiu Road, Sha Tin, Hong Kong",HK
1818,55.81382,14.417513,40.8133167,-4.8625112,"A-50, 05350 Riocabado, Ávila, Spain",ES
1819,49.10263,8.894586,43.6847226,26.4070887,"2003, 7038 Senovo, Bulgaria",BG
1820,-28.26322,26.093975,-28.2202489,117.8636095,"LOT 153 Great Northern Highway, Cooladar Hill WA 6638, Australia",AU
1821,49.055656,7.740676,22.1681734,114.2605106,"Po Toi Country Trail, Po Toi, Hong Kong",HK
1822,54.92713,11.961598,42.4436133,1.4920595,"Ctra. de la Rabassa, AD600 Sant Julià de Lòria, Andorra",AD
1823,54.902554,21.23859,42.5063832,1.5158277,"Carrer Mestre Xavier Plana, 1-3, AD500 Andorra la Vella, Andorra",AD
1824,57.489456,27.939661,60.4405312,9.3145385,"Riksvei 7 590, 3539 Flå, Noorwegen",NO
1825,48.073624,7.3244934,25.2005107,55.5191446,Amardhi St - Dubai - United Arab Emirates,AE
1826,50.1504,7.107239,55.3322118,8.9025485,"Ribevej 99, 6510 Gram, Denmark",DK
1827,28.446707,32.09337,-22.9220605,-49.6227739,"Rua França, 245 - Parque das Nações, São Paulo, 18900-000, Brazil",BR
1828,54.608727,8.300366,27.5494586,89.6515598,"Dechenchholing-Dodena Lam, Bhutan",BT
1829,27.715786,93.462845,13.6066072,106.3688686,"Unnamed Road, Kambodsja",KH
1830,46.00652,5.7040462,52.5336678,19.6651933,"Stanisława Sołdka 13, Płock, Polen",PL
1831,49.89093,8.477698,24.2229584,120.6243103,"Kēyǎ West Road, Daya District, Taichung City, Taiwan 428",TW
1832,57.773907,15.986172,4.6502323,118.6580984,Malaysia,MY
1833,50.91475,8.555346,-6.9854152,-79.6307321,"Panamericana Norte 109, Peru",PE
1834,50.66872,8.845616,55.0766034,37.8937048,"Moskovskoye Bolshoye koltso, Obwód moskiewski, Rosja",RU
1835,48.8933,23.371294,31.9739691,34.7839739,"HaYasmin 8, Rishon LeZion, Israel",IL
1836,48.840652,8.15168,-7.3213335,-79.3645094,"PE 08 16, Peru",PE
1837,48.443176,8.113892,68.9058026,27.0080399,"Saarikoskentie 2, 99870 Inari, Finland",FI
1838,49.514313,7.7002125,4.9746222,-75.340045,"Nevado Del Ruiz # 1 a 36, Villamaría, Caldas, Colombia",CO
1839,46.994354,5.8193016,-37.108699,175.0908948,"353-355 Gelling Road, Hunua 2583, Nowa Zelandia",NZ
1840,49.96528,7.432976,-46.2401626,-71.4939188,"RP45, Santa Cruz, Argentina",SI
1841,47.809826,7.6020594,65.7817321,20.9262178,"666, 942 92 Älvsbyn, Sweden",SE
1842,44.071335,5.2560883,-33.0154844,27.849417,"125 Dunoon Road, East London 5209, South Africa",ZA
1843,56.2962,10.723032,58.816358,24.1968702,"Silla-Jädivere, 78103 Rapla County, Estonia",EE
1844,48.062664,8.04029,-15.4512817,-47.5960274,"Rua A - Setor Leste, Planaltina - Goiás, Brazil",BR
1845,49.093834,6.905321,-34.0150084,18.6893216,"Old Faure Road, Cape Town 7525, South Africa",ZA
1846,54.093056,9.191622,43.342394,16.7219768,"D113, 21424, Pražnica, Croatie",HR
1847,50.87623,8.810168,54.0125205,23.9826442,"Druskininkų gatvė 15-17, Druskininkai 66166, Lithuania",LT
1848,51.66851,7.4849377,31.8015443,35.1812485,"Shderot Ben Gurion פינת 1, Jerusalem, Israel",IL
1849,54.920258,9.110386,66.4347615,23.6939604,"Tengeliöntie 748-750, 95630 Ylitornio, Finlandia",FI
1850,52.226875,8.678753,42.627679,1.5237155,"Av. de Tristaina, AD300 Ordino, Andorra",AD
1851,47.79917,5.398488,61.1643827,28.7962823,"Kaskikatu 5-7, 55610 Imatra, Finland",FI
1852,51.987648,9.706631,64.035064,-22.7025737,"Vallargata, Sandgerði, Islandia",PE
1853,49.176273,8.08499,51.1440193,3.0407871,"Bekegemstraat 2-6, 8480 Ichtegem, Belgium",BW
1854,51.828125,5.379878,49.4005076,20.9509385,"Czarny Potok 13-17, 33-380 Krynica, Poland",PL
1855,56.89048,18.138361,-26.2720794,31.0890015,"MR3, Swaziland",SZ
1856,52.59597,8.53075,-8.7414001,115.5995859,"Unnamed Road, Nusapenida, Klungkung, Bali 80771, Indonesia",ID
1857,46.906998,7.354636,1.7661193,109.8438198,"Jalan Kg Belungei, 94500 Lundu, Sarawak, Malaysia",MY
1858,53.752357,9.249983,23.874098,90.9853479,"Unnamed Road, Бангладеш",BD
1859,46.933815,7.564207,24.7279905,125.426715,"Japan, 〒906-0000 Okinawa-ken, Miyakojima-shi, Gusukube 県道235号線",JP
1860,54.378265,9.49604,26.0045073,-97.7708921,"Carretera Federal 2, Tamaulipas, Mexique",MX
1861,49.958126,8.668073,27.065196,142.2123071,"Japan, 〒100-2101 Tōkyō-to, Ogasawara-mura, Chichijima 都道240号線",JP
1862,47.166866,7.5895395,44.0723321,0.7760644,"Rue des Pyrénées, 82340 Dunes, France",FR
1863,52.205883,9.003945,53.2095876,50.2379894,"Srednesadovaya ulitsa, 14, Samara, Samara Oblast, Russia, 443058",RU
1864,48.698902,8.807227,-26.6726136,31.4166329,"MR9, Swaziland",SZ
1865,49.19531,7.4178247,44.1091619,15.2598284,"Jadranska turstička cesta, 23000, Zadar, Croatia",HR
1866,58.350967,25.175135,42.5364021,1.5872049,"Carrer del Riu Aixec, AD200 Encamp, Andorra",AD
1867,55.239037,10.479601,45.349993,-73.4724839,"3115-3175 Route Édouard Vii, Saint-Philippe, Quebec J0L 2K0, Kanada",CA
1868,49.859833,7.3887854,45.3286351,19.0477023,"Ulica bana Josipa Jelačića, 32000, Vukovar, Croatia",HR
1869,51.001545,8.501285,52.100526,-4.6140481,"A487, Cardigan, Ceredigion SA43 1RG, UK",GB
1870,50.686943,8.241371,23.7537651,88.6656739,"Chuadanga - Meherpur Hwy, Bangladesh",BD
1871,51.429466,8.460224,54.9347235,21.7056366,"A216, Kaliningrad Oblast, Russia",RU
1872,52.04173,9.134289,7.0792455,-73.0865702,"Calle 30A # 10A-1 a 10A-99, Floridablanca, Santander, Kolumbia",CO
1873,54.24453,8.721119,49.1003642,18.8781077,"Viliama Žingora, 036 01 Martin, Slovakia",SK
1874,50.60451,8.648573,66.4701752,22.5015079,"E10, 956 91 Överkalix, Sweden",SE
1875,48.187477,7.9812555,54.1030531,-8.7747125,"16 Cúil Buí, Co. Sligo, Ireland",IE
1876,47.186787,10.483231,14.6513511,102.9950588,"Unnamed Road, Tambon Tako Ta Phi, Amphoe Prakhon Chai, Chang Wat Buri Ram 31140, Thailand",TH
1877,50.047577,7.993147,63.7628284,9.7871088,"Riksveg 710, 7160 Bjugn, Norvège",NO
1878,53.499523,9.147511,40.6647147,23.6423804,"EO Thessalonikis Kavalas, Volvi 570 21, Greece",GR
1879,53.130047,9.666046,66.0357653,15.0670139,"Blå vägen, 920 66 Hemavan, Svezia",HU
1880,50.112686,8.472136,-17.0670252,-71.6074021,"Carretera Panamericana Sur, Peru",PE
1881,38.143158,10.984911,47.1003215,26.3037108,"DC165, Crăcăoani, Romania",RO
1882,55.14241,9.560251,46.3873687,14.1007911,"Sebenje 25, 4260 Bled, Slovenia",SI
1883,54.077785,10.4077015,24.8980283,54.9412191,Sheikh Zayed Rd - Dubai - United Arab Emirates,AE
1884,52.00743,9.240176,58.61812,25.7398243,"Kõo-Kolga-Jaani, 70505 Viljandi County, Estonia",EE
1885,42.04618,5.887395,-38.3039984,142.4895296,"163-185 Plummers Hill Road, Woodford VIC 3281, Australia",AU
1886,-22.420853,22.22404,-22.9661512,-49.8480561,"Avenida Jacinto Ferreira de Sá, 2167 - Vila Sandano, Ourinhos - São Paulo, 19914-080, Brazil",BR
1887,49.501907,7.017906,49.3451958,21.5451767,"557018, 089 01 Vyšná Jedľová, Slovakia",SK
1888,53.15437,9.261165,41.4851649,141.0069304,"Hamanasu Line, Ikokuma, Kazamaura-mura, Shimokita-gun, Aomori-ken 039-4502, Japan",JP
1889,52.290726,9.345144,24.9211073,55.1056031,Sheikh Mohammed Bin Zayed Rd - Dubai - United Arab Emirates,AE
1890,33.03153,44.76457,12.3097544,103.6184437,"Unnamed Road, Cambodia",KH
1891,52.324745,7.5358257,-24.855926,25.8710126,"Lesetlhana Road, Ramotswa, Botswana",BW
1892,56.01528,10.9496355,18.6204281,-99.0108094,"Morelos Alpuyeca - Tepalcingo, Animas, Morelos, Mexico",MX
1893,17.100515,56.55885,25.0863219,55.2291673,Unnamed Road - Dubai - United Arab Emirates,AE
1894,51.25788,14.231554,52.5410581,49.8448157,"Unnamed Road, Tashiro, Miyako-shi, Iwate-ken 027-0067, Japan",JP
1895,48.333656,4.95698,26.8977588,89.5277486,"Phuntsholing - Thimphu Hwy, Bhutan",BT
1896,52.19512,8.256544,37.6000387,126.8721513,"226-1 Hwajeon-dong, Deokyang-gu, Goyang-si, Gyeonggi-do, South Korea",KR
1897,49.572456,7.7585287,60.595934,5.5293694,"Riksveg 567 550, 5283 Fotlandsvåg, Noorwegen",NO
1898,45.8327,6.1434107,-38.0574869,175.9493031,"Leslie Road, Ngatira 3485, New Zealand",NZ
1899,45.094826,6.6426992,46.5133071,15.6627505,"Ledina 26, 2000 Maribor, Slovenia",SI
1900,52.481796,9.2228155,54.8320437,23.2147474,"2602, Bliuviškiai 71273, Lithuania",LT
1901,50.417526,7.3837824,42.5063832,1.5158277,"Carrer Mestre Xavier Plana, 1-3, AD500 Andorra la Vella, Andorra",AD
1902,52.350883,8.842133,49.2222256,18.6075616,"18, 013 41 Dolný Hričov, Slovakia",SK
1903,49.667603,9.072329,45.8400276,14.6330656,"106 109, 1315 Velike Lašče, Slovenia",SI
1904,52.497906,9.153976,58.4745921,25.634628,"Taari-Auksi, 70202 Viljandi County, Estonia",EE
1905,50.685585,7.6933527,42.4045835,23.8699484,"803, 2050 Ihtiman, Bulgaria",BG
1906,54.405685,10.30035,51.0662482,3.0948178,"Werkenstraat 12, 8820 Torhout, Belgique",BE
1907,57.086132,12.507592,50.0025247,18.4710423,"Wincentego Witosa, 44-300 Wodzisław Śląski, Pologne",PL
1908,33.049263,41.511444,-31.3624878,115.828703,"LOT 2016 Coonabidgee Road, Coonabidgee WA 6503, Australia",AU
1909,48.8749,9.109453,58.6833794,15.2481795,"1096, 590 34 Tjällmo, Sweden",SE
1910,44.09555,5.8981724,46.2484122,3.9952069,"Le Goutillon, 71110 Artaix, France",FR
1911,50.489037,8.658506,47.6607872,20.3495978,"3359 Tenk, 31, Hungary",HU
1912,53.027664,9.444543,59.1537822,26.0966258,"Betooni 3, Tamsalu, 46107 Lääne-Viru County, Estonia",EE
1913,53.63613,9.5309515,46.8151808,-60.8418188,"23213 Cabot Trail, Pleasant Bay, NS B0E 2P0, Kanada",CA
1914,56.227764,11.7357025,58.9832687,22.7737891,"Heltermaa-Kärdla-Luidja, 92421 Hiiumaa, Estonia",EE
1915,49.753963,8.345308,-11.4233322,-76.7928404,"Unnamed Road, Peru",PE
1916,50.047447,8.892867,41.474866,-2.2944544,"SO-330, 13, 42225 Maján, Soria, Spain",ES
1917,46.696915,6.9177036,45.5888467,-84.5729209,"4155-4285 Riggsville Rd, Cheboygan, MI 49721, Stany Zjednoczone",UA
1918,54.457428,8.544643,49.9637539,36.2891412,"Teplovozna street, 3, Kharkiv, Kharkiv Oblast, Ukraine",UA
1919,49.952293,7.1970263,66.0586558,-16.444644,"Norðausturvegur, Iceland",IS
1920,57.979942,22.66199,54.0662342,24.0964532,"2519, Dzūkijos nacionalinis parkas 65319, Lithuania",LT
1921,51.44526,8.811298,58.3257663,16.0985423,"765, Åtvidaberg Ö, Svezia",SE
1922,48.26958,8.179598,2.8117647,101.4956979,"Jalan Sultan Abdul Samad, Banting, 42700 Banting, Selangor, Malasia",MY
1923,52.31423,9.57185,13.951458,101.0567328,"Unnamed Road, Tambon Don Koka, Amphoe Bang Nam Priao, Chang Wat Chachoengsao 24170, Tajska",TH
1924,46.68488,8.0145035,39.2094146,25.8980069,"Unnamed Road, Lesvos 811 03, Greece",GR
1925,29.127792,11.730406,-29.3936251,115.0097238,"LOT 3042 Brand Highway, Mount Adams WA 6525, Australia",AU
1926,47.056793,4.778826,45.6509383,8.2693109,"Via Ortali, 4-5, 13868 Sostegno Biella, Italy",IT
1927,25.442474,53.965412,32.1976486,34.855594,"Patriya 26-36, Ra'anana, Israel",IL
1928,56.348347,12.96365,50.9110985,3.7949884,"Delftselaan 10, 2512 RE The Hague, The Netherlands",NL
1929,52.559578,7.59241,49.9716302,36.2203708,"Kotlyarevs'koho street, 16-18, Kharkiv, Oblast de Kharkiv, Ukraine",UA
1930,52.054436,9.485191,48.0386299,17.3892578,"063012, 930 51 Veľká Paka, Slovakia",SK
1931,50.22824,7.370242,55.0253369,-1.4742758,"66 Barnstaple Road, North Shields, Tyne and Wear NE29 8QG, UK",GB
1932,49.519676,7.846221,42.1782655,25.2158383,"66, 6257 Plodovitovo, Bulgaria",BG
1933,51.472996,11.69832,1.486939,103.769893,"16, Jalan Keris, Taman Sri Tebrau, 80050 Johor Bahru, Johor, Malaysia",MY
1934,47.80906,6.746401,69.9360195,23.2468986,"Kautokeinoveien 22, 9518 Alta, Norwegia",NO
1935,57.4798,15.198677,53.4324733,-6.4543576,"3 Tetrarch Grove, Clonee, Co. Meath, Ireland",IE
1936,54.61381,9.37279,-26.2709402,31.0743089,"MR3, Swaziland",MY
1937,56.0917,17.95921,49.5927923,0.4864415,"Rue des Arbreaux, 76210 Bolbec, France",FR
1938,47.156593,8.294055,53.7500565,-1.7333846,"14 Mill Carr Hill Road, Oakenshaw, Bradford, West Yorkshire BD12, UK",GB
1939,46.97094,30.969574,22.3815205,113.9770538,"6 Sam Shing St, Tuen Mun, Hongkong",HK
1940,50.74711,7.378331,-46.2888654,168.2507337,"292 Argyle-Otahuti Road, Waianiwa 9874, New Zealand",SI
1941,52.922947,9.201864,19.1977588,-99.5186819,"Micheladas, Colonia San Isidro, 52600 San Pedro Tlaltizapan, State of Mexico, Mexico",MX
1942,47.511436,8.104594,40.2448133,16.0781505,"Strada Statale 598, 85010 Gallicchio, Potenza, Italy",IT
1943,54.574554,9.371667,20.2804351,-103.4408329,"Vicente Guerrero Poniente 654, El Panteón, 45800 Jocotepec, Jalisco, Mexique",MX
1944,50.86933,7.977911,45.2800836,18.658327,"Gorjani, 32281, Ivankovo, Croatia",HR
1945,44.808006,55.433876,37.5041908,126.8633577,"320-3 Gocheok 1(il)-dong, Guro-gu, Seoul, South Korea",KR
1946,50.52578,9.237659,35.1688071,129.1657896,"1363-9 Jwa 3(sam)-dong, Haeundae-gu, Busan, South Korea",KR
1947,46.298264,5.8224564,61.4714251,-135.7701557,"Klondike Hwy, Yukon, Unorganized, YT Y0B, Canada",CA
1948,49.1486,7.5907955,42.8824588,-7.5601913,"LU-P-2406, 27181 Guntín, Prowincja Lugo, Hiszpania",ES
1949,50.54181,10.05141,-24.6528072,25.8820384,"A1, Gaborone, Botswana",BW
1950,47.280834,6.4407845,24.9040998,54.9472457,Sheikh Zayed Rd - Dubai - United Arab Emirates,AE
1951,51.914127,9.485848,-24.5449907,25.9621927,"A1, Gaborone, Botswana",BW
1952,52.795147,8.9623785,42.5306763,1.5010273,"Ctra. de Sispony, AD400 La Massana, Andorra",AD
1953,46.63142,6.9775667,55.9477812,25.5786204,"Vilties gatvė 26, Rokiškis 42154, Lithuania",LT
1954,50.290752,7.658166,40.2165629,21.2578109,"Unnamed Road, Vouchorina 500 02, Greece",GR
1955,49.441174,7.0305824,62.5794965,22.5601052,"17283 179-195, 61230 Kurikka, Finland",FI
1956,49.57519,9.424864,55.4237968,9.1592616,"Industriparken 16, 6630 Rodding, Denmark",DK
1957,48.763603,7.662513,41.5386452,0.2049882,"N-II, 22520 Fraga, Huesca, Spain",ES
1958,54.42582,9.078954,35.0874474,128.8791661,"215-5 Sinho-dong, Gangseo-gu, Busan, South Korea",KR
1959,49.654736,8.036052,1.314139,103.9894386,"50 Tanah Merah Ferry Rd, Сингапур 498833",SG
1960,45.00334,11.129505,49.5246089,16.2568481,"Doktora Veselého 856, 593 01 Bystřice nad Pernštejnem, Czech Republic",CZ
1961,54.311703,9.0500555,35.1846475,128.9859644,"11 Sasang-ro 447(sabaeksasipchil), Sasang-gu, Busan, South Korea",KR
1962,52.602783,9.322754,-37.7492346,175.2167228,"Waikato Expressway, Burbush, Horotiu 3288, New Zealand",NZ
1963,35.92878,53.43333,-30.6397833,145.1667005,"Mulya Road, Louth NSW 2840, Australia",AU
1964,49.20541,7.785528,37.9892644,-7.2921423,"N385, 7875 Sobral da Adiça, ポルトガル",PT
1965,49.784615,8.189943,57.028679,9.9304982,"Fasanvej 2, 9000 Aalborg, Denmark",GB
1966,51.201023,5.9823294,64.7764628,-14.4700409,"Þjóðvegur, Iceland",IS
1967,54.059742,9.387632,42.5995862,1.6375459,"Ctra. de Ransol, AD100 Canillo, Andorra",AD
1968,57.347313,18.839834,28.0609883,-15.7306474,"GC-200, 35489 Agaete, Las Palmas, Spain",CL
1969,50.663612,9.52039,22.8151346,120.3956345,"824, Taiwan, Kaohsiung City, Yanchao District, 鞍平巷",TW
1970,25.88911,4.0682507,-32.3589814,124.7638431,"Eyre Highway, Caiguna WA 6443, Australia",AU
1971,55.849316,10.660889,38.2958662,25.9450704,"Unnamed Road, Chios 821 02, Greece",GR
1972,54.224842,9.543777,22.2704383,114.206915,"Wilson Trail Sec. 2, Tai Tam, Hong Kong",HK
1973,53.668446,9.602119,27.4487489,91.1724055,"Unnamed Road, Autsho, Bhutan",BT
1974,48.465527,7.83167,53.2853401,18.9535679,"Macieja Rataja 8, Wabrzezno, Полша",PL
1975,51.434807,10.029419,-20.4564363,-54.5920437,"Rua Piratininga, 1185-1305 - Centro, Campo Grande - Mato Grosso do Sul, Brazylia",BR
1976,28.37519,48.768307,23.9053356,90.0440079,"Dhaka - Aricha Hwy, Bangladesh",BD
1977,51.66211,8.911277,39.5745039,-8.7900177,"R. João Dias 20, 2480 ポルトガル",PT
1978,52.302254,8.793083,45.2908913,16.0711935,"D6, 44403, Dolnjaki, Croatia",HR
1979,56.558086,19.129845,22.2704488,114.2436751,"11 Chong Fu Rd, Chai Wan, Hong Kong",HK
1980,44.2807,8.297749,-7.8160686,112.0625823,"Jl. Erlangga, Ngasem, Kediri, Jawa Timur 64182, Indonesia",ID
1981,46.58452,8.170307,46.7157509,6.4130155,"9, 1337 Vallorbe, Szwajcaria",NZ
1982,50.916023,9.15359,-8.6498832,115.2174458,"Jl. Veteran No.70F, Denpasar Utara, Kota Denpasar, Bali 80233, Indonesia",ID
1983,54.82009,9.343908,40.5795728,24.6569512,"Unnamed Road, Thasos 640 02, Greece",GR
1984,53.797764,9.496858,43.4195537,24.4973977,"305, 5850 Yasen, Bulgaristan",BG
1985,49.877792,7.3552036,27.1461556,91.6064891,"Unnamed Road, Bhutan",BT
1986,55.759895,40.973045,53.7172467,-6.3515826,"101 Greenlanes, Drogheda, Co. Louth, Ireland",IE
1987,49.310787,8.532453,58.032616,38.8043901,"Р104, Rybinsk, Oblast de Iaroslavl, Russie, 152900",RU
1988,56.581467,10.472612,39.7202966,-9.0471711,"São Pedro de Moel - Pataias, 2445 Pataias, Portugal",PT
1989,52.61576,9.207562,36.3523542,139.1482507,"1 Kamimasudamachi, Maebashi, Gunma Prefecture, Japan",JP
1990,55.917946,11.649816,25.2792022,55.303216,D85 - Dubai - United Arab Emirates,AE
1991,46.193443,6.4192305,-37.5047489,175.1495994,"475B Te Ohaki Road, Te Ohaki 3771, New Zealand",NZ
1992,49.674736,6.7932987,48.399294,20.2688545,"50, 982 51 Stránska, Slovakia",SK
1993,51.28267,9.205861,27.3106661,91.0641247,"Bumthang - Ura Hwy, Bhutan",BT
1994,49.875034,8.276056,-46.2315917,-71.557039,"RP45, Santa Cruz, Argentina",AR
1995,55.307144,11.126384,22.4023808,114.2444112,"Ma On Shan Country Trail, Ma On Shan, Hong Kong",HK
1996,49.800262,7.190546,69.1299109,-104.9924286,"Ovayok Road, Cambridge Bay, NU X0B, Canada",CA
1997,26.97717,6.4103756,-23.4980613,28.39854,"R561, Afrique du Sud",ZA
1998,51.99464,9.002105,65.7777683,13.2292597,"Fylkesveg 244 260, 8658 Mosjøen, Norway",NO
1999,50.140827,7.9062977,53.2596505,-106.7899523,"Saskatchewan 3, Mont Nebo, SK S0J 1X0, Canada",CA
0,50.340443,9.05025,62.741049,14.5851187,"546, 840 40 Svenstavik, Sweden",BT
1,45.72269,5.81098,40.2484757,8.8247943,"SP57, 08010 Birori, Nuoro, Italy",IT
2,52.16317,8.524221,-19.5714916,-44.0583355,"Rua Santa Juliana, 683 - Bom Jesus, Matozinhos - Minas Gerais, 35720-000, Brazil",BR
3,51.616524,46.51207,49.177457,19.2131431,"070001, 027 21 Žaškov, Slovakia",SK
4,46.806732,6.444421,-38.1037657,175.7259255,"743 Old Taupo Road, Waotu 3481, New Zealand",NZ
5,53.23228,13.803549,2.8117647,101.4956979,"Jalan Sultan Abdul Samad, Banting, 42700 Banting, Selangor, Malasia",MY
6,51.069824,8.447161,4.2210449,-74.9407438,"I-40, Coello, Tolima, Colombia",CO
7,47.340023,7.431096,56.2790855,13.8080566,"1935, 280 23 Hästveda, Sweden",SE
8,53.359154,9.7933445,44.0278418,12.5707097,"Via Alda Costa, 1, 47924 Rimini, Italy",IT
9,49.742355,6.977599,25.1405764,55.133394,Crescent Rd - Dubai - United Arab Emirates,AE
10,45.636307,6.837105,45.9579833,18.3519769,"7766 Peterd, 5711, Hungary",HU
11,48.01503,6.676778,55.1029968,21.8678096,"4230, 99295, Lithuania",LT
12,49.97853,7.2394457,47.8169793,19.6286305,"3051 Szarvasgede, 2129, Hungary",HU
13,47.12484,7.7519426,1.3111738,103.9503989,"E Coast Park Service Rd, Singapore",SG
14,48.293186,8.900639,46.0478138,14.2769646,"Setnik 29, 1355 Polhov Gradec, Slovenia",SI
15,52.011272,9.370958,23.0791695,120.1575287,"Section 5, Gōngxué Road, Annan District, Tainan City, Taiwan 709",TW
16,48.5543,7.693761,38.6758949,-27.3289406,"Canada do Pilar 105, 9700, Portogallo",PT
17,53.057076,12.81707,65.8527098,20.3970404,"ÖHN 5, 942 95 Vidsel, Швеция",SE
18,46.11226,6.1956244,14.7035596,101.9610884,"Unnamed Road, Tambon Tum, Amphoe Pak Thong Chai, Chang Wat Nakhon Ratchasima 30150, Thailand",TH
19,47.252888,7.80857,42.4818111,1.4540002,"Ctra. de Canòlich, AD600 Sant Julià de Lòria, Andorra",AD
20,51.467903,8.772767,19.1986729,-97.7986672,"11 Oriente, Nopalucan de La Granja, Puebla, Mexico",MX
21,35.339172,53.742676,-20.4564363,-54.5920437,"Rua Piratininga, 1185-1305 - Centro, Campo Grande - Mato Grosso do Sul, Brazylia",BR
22,48.363216,9.979233,-27.627694,-48.6680374,"Rua Açucena, 1-131 - Jardim das Palmeiras, Palhoça - Santa Catarina, 88133-700, Brazil",BR
23,57.993225,17.214502,16.9314129,100.5316482,"Unnamed Road, Tambon Ban Klang, Amphoe Wang Thong, Chang Wat Phitsanulok 65220, Thailand",TH
24,49.725693,8.631217,33.8692017,-98.6379773,"7181 Parker Ranch Road, Wichita Falls, TX 76310, USA",US
25,53.502052,9.567541,6.6834303,116.9456923,"Unnamed Road, 89100 Kota Marudu, Sabah, Malaysia",MY
26,46.85131,8.726843,19.1898168,-103.7505543,"Carretera Federal 110, Colima, Mexico",MX
27,31.811333,89.90687,1.4400932,103.7836949,"35 Marsiling Ind Estate Rd 3, Singapore 739257",SG
28,49.793587,7.9593477,45.9480518,1.5443014,"Le Masjoubert, 23430 Saint-Martin-Sainte-Catherine, France",FR
29,52.933273,7.039631,34.5631087,134.3500543,"Japan, 〒761-4401 Kagawa-ken, Shōzu-gun, Shōdoshima-chō, Yoshida 県道26号線",JP
30,49.102303,7.6192703,-26.4600716,31.1600548,"MR19, Swaziland",SZ
31,47.80925,8.395061,43.0438002,-90.6564256,"14813-14953 County Road T, Fennimore, WI 53809, USA",HK
32,50.353004,7.255766,-6.6326908,111.5149105,"Jl. Sunan Bonang, Sluke, Rembang, Jawa Tengah 59272, Indonesia",ID
33,44.505745,4.2596674,45.0297506,15.1717667,"D23, 53261, Križpolje, Croatie",HR
34,49.163074,4.4392,25.3444186,55.4394532,Unnamed Road - Sharjah - United Arab Emirates,AE
35,52.909515,8.063279,11.1948036,103.5684337,"AH123, ឃុំ កណ្ដោល, Cambodia",KH
36,52.069084,8.951717,66.8673647,21.1912893,"818, 980 41 Hakkas, Suède",SE
37,50.92843,8.291519,60.6809954,13.7728966,"Östra Bangatan, 782 34 Malung, Sweden",SE
38,51.2358,9.167086,-6.9215538,110.2042077,"Jl. Soekarno-Hatta No.193, Kendal, Kendal, Jawa Tengah 51313, Indonesia",ID
39,42.215065,5.074209,51.7557943,19.3077326,"Rszewska 29, 95-050 Konstantynów Łódzki, Poland",PL
40,53.074627,9.259438,22.4678297,114.039822,"Yau Pok Rd, Hongkong",HK
41,55.340847,11.713631,26.6713485,142.148542,"Japan, 〒100-2211 Tōkyō-to, Ogasawara-mura, Hahajima 都道241号線",JP
42,52.691788,8.7901535,51.8794451,-9.1174744,"Unnamed Road, Co. Cork, Ireland",IE
43,52.1205,9.1754465,-33.6298095,19.4020322,"R43, Worcester 6849, South Africa",ZA
44,52.514736,9.211847,23.055574,120.0866956,"709, Taïwan, Tainan, Annan District, 城西街三段",TW
45,53.238213,8.841902,50.4988763,30.4303645,"Kvitnevyi lane, 2, Kyyiv, Kyiv city, Ukraine",UA
46,50.185783,7.790941,23.6532582,89.1991286,"Kushtia - Jhenaidah Hwy, Bangladesh",BD
47,31.795954,93.26875,1.3298894,103.9308756,"412 Bedok North Ave 2, Singapore 460412",SG
48,49.878426,6.609024,48.3710587,19.416553,"050103, Šuľa, Slovakia",SK
49,47.879852,45.338993,23.579846,88.9485896,"Jhenaidah - Chuadanga Rd, Bangladesh",BD
50,45.70893,6.345971,56.6584889,22.7533057,"A9, Blīdene parish, LV-3852, Latvia",LV
51,51.019077,8.900684,65.6126911,-18.5039302,"Þjóðvegur, Iceland",IS
52,49.17968,10.814688,52.1227524,4.3590251,"Nassaulaan 15-17, 2243 HJ Wassenaar, The Netherlands",NL
53,58.113445,18.253178,46.6739748,6.3633035,"Bois-de-Ban, 1325 Vaulion, Switzerland",CH
54,55.26467,9.814841,-6.7435555,-79.4998769,"6A 630, Перу",PE
55,53.77345,9.473257,36.897144,139.9580038,"7 Chome-249-5 Nishimishima, Nasushiobara-shi, Tochigi-ken 329-2756, Japan",JP
56,48.71343,5.240243,44.6204453,26.2776076,"DJ200, Romania",RO
57,53.816162,9.341309,53.0215819,-6.2228435,"L1076, Co. Wicklow, Ireland",IE
58,-8.373225,17.203827,-26.4123161,31.7837114,"MR3, Mpaka, Swaziland",SZ
59,51.138157,8.679575,30.8799929,-83.7746924,"5571 Coffee Road, Boston, Géorgie 31626, États-Unis",US
60,50.115826,8.8285675,50.9691196,6.9488091,"Niehler Kirchweg 32, 50733 Cologne, Germany",DE
61,50.480072,9.67715,-26.2958286,-69.6570652,"C-13, Diego de Almagro, Atacama Region, Chile",CL
62,43.878925,6.143383,52.6629039,17.5508225,"Gnieźnieńska, 62-270 Kłecko, Polska",PL
63,51.436493,8.497841,-37.6519243,176.1952728,"476A Maunganui Road, Mount Maunganui, Tauranga 3116, New Zealand",NZ
64,50.36576,8.722646,54.1514358,-7.2198361,"Unnamed Road, Co. Monaghan, Ireland",IE
65,49.349,11.023075,13.5431503,104.8660881,"Unnamed Road, Cambodia",KH
66,57.24108,12.093533,65.4839926,29.5146046,"Hossantie 338, 89920 Suomussalmi, Finland",FI
67,53.05246,9.086483,60.7837355,25.9787291,"172 348-398, 16270 Orimattila, Finland",FI
68,53.568977,9.106188,1.3252485,103.9736777,"21 Changi Coast Rd, Singapour 499805",SG
69,43.9734,44.029697,25.3144722,55.399128,First Industrial St - Sharjah - Vereinigte Arabische Emirate,AE
70,46.814537,7.1427593,52.8969056,5.0696999,"Noorderdijkweg 24, 1771 MJ Wieringerwerf, The Netherlands",NL
71,50.639023,8.927746,1.383967,103.8906174,"151 Compassvale Bow, Singapore 544997",SG
72,51.811657,9.479166,57.1266485,24.6971964,"E77, Gauja, Inčukalna pagasts, LV-2140, Latvia",LV
73,49.80687,7.0033693,4.6266467,-74.0619428,"Entrada A La TV2 # 1, Bogota, Cundinamarca, Kolumbia",CO
74,42.344307,4.844718,55.2272739,10.0956609,"Hårbyvej, 5683 Haarby, Danmark",DK
75,53.47179,8.287255,49.4797935,20.0264223,"Adama Mickiewicza 2, Nowy Targ, Polonia",PL
76,56.49106,14.970535,22.4120169,113.9823973,"8 Castle Peak Rd, Tuen Mun, Hong Kong",HK
77,49.989967,7.8419924,24.9554574,121.6940327,"232, Tajwan, Nowe Tajpej, Pinglin District, 上坑子口路",TW
78,51.955307,8.687284,38.7404707,22.619195,"Epar.Od. Thivas - Thermopilon, Molos Agios Konstantinos 350 09, Grekland",KH
79,52.995117,9.691914,31.4232478,34.5771075,"Yuval 42, Netivot, Israel",IL
80,54.664886,9.875858,27.4168909,89.2199443,"Unnamed Road, Bhutan",BT
81,48.132774,7.4813213,22.4781753,114.0632761,"Mouton Ave, Tam Mei, Hong Kong",HK
82,50.35421,7.45522,40.2847732,141.2333813,"Japan, 〒028-6102 Iwate-ken, Ninohe-shi, Shimotomai 県道32号線",JP
83,51.000465,8.010095,-33.6999118,148.7786855,"LOT 170 Binni Creek Road, Woodstock NSW 2793, Australia",AU
84,52.101044,9.843746,24.8999808,55.0468301,Unnamed Road - Dubai - United Arab Emirates,UA
85,52.261375,8.147679,-30.7320547,-70.9595955,"D-55, Monte Patria, Coquimbo Region, Chile",CL
86,50.470734,9.074422,52.7116743,23.4202122,"Droga Wojewódzka 689, Polen",PL
87,49.437897,8.347878,53.904257,16.7731267,"78-425 Biały Dwór, Poland",PL
88,53.80538,9.600288,-26.5005013,31.4790866,"MR8, Swaziland",SZ
89,51.311802,8.064644,32.8142209,34.9571881,"Harotem 41-45, Haifa, Israel",IL
90,52.708237,9.11714,42.5597009,1.6855801,"CG-2, AD100 Canillo, Andorra",AD
91,52.121773,8.932829,4.4847097,118.6079559,"Unnamed Road, 91308 Semporna, Sabah, Malaysia",MY
92,51.082542,9.193745,55.1532497,10.2110235,"Stenbækvej 35-39, 5642 Millinge, Danemark",DK
93,53.053642,9.670056,55.5815723,38.9352708,"Ulitsa MTS, 2, Kurovskoye, Moskovskaya oblast, Russia",RU
94,46.59276,7.032942,57.7508366,27.2500907,"Külaoru-Hinsa, 65223 Võru County, Estonia",EE
95,48.006447,8.374876,41.1555728,14.2087781,"Via Lardino, 81041 Vitulazio Caserta, Italy",IT
96,45.755157,10.860359,-29.7286067,31.0806513,"M4, Umhlanga 4320, South Africa",ZA
97,48.831314,8.631955,59.1922227,9.5844649,"Maribakkane 19, 3728 Skien, Norway",NO
98,48.3806,7.652281,23.3571749,90.0000284,"Dhaka - Barisal Hwy, Bangladesh",BD
99,52.86478,9.122438,43.6163308,39.7252382,"Donskaya ulitsa, 40, Soczi, Kraj Krasnodarski, Rosja, 354000",RU
100,49.546406,5.9659376,42.5405868,1.5201471,"Camí Ral, AD400 La Massana, Andorra",AD
101,48.021866,8.283502,-33.5855544,-70.6331066,"Ciudad de México, La Pintana, Santiago Metropolitan Region, Chile",CL
102,-13.693368,18.905176,-22.4143832,28.3938889,"Moritz, Botswana",BW
103,51.125122,7.878827,46.5574328,22.9047968,"Poiana Horea, Romania",RO
104,50.957222,8.294623,55.3510687,12.356136,"Råmosevej 1, 4672 Klippinge, Denmark",DK
105,56.027367,9.792458,37.6429901,126.7863617,"1341 Baekseok-dong, Ilsandong-gu, Goyang-si, Gyeonggi-do, South Korea",KR
106,50.934227,6.817731,65.9244696,-22.9742956,"61, Iceland",IS
107,48.312714,6.762973,12.5931476,102.8485738,"Unnamed Road, Cambodia",KH
108,54.664772,9.09621,51.0139239,-103.0569553,"Saskatchewan 15, Fenwood, SK S0A 0Y0, Canada",CA
109,46.9132,5.1094427,51.7475638,5.833689,"Steegstraat 24, 5439 NL Linden, The Netherlands",NL
110,51.113888,9.712274,43.6140864,26.8181184,"2005, 7449 Bogdantsi, Bulgaria",BG
111,51.406204,9.1083355,32.0095251,34.8160029,"Tsahal Road פינת 4, Azor, Israel",IL
112,47.977364,6.13546,48.7533826,19.1635282,"Pod Hôrkou 10, 974 11 Banská Bystrica, Slovakia",SK
113,52.075966,9.394804,31.9666608,34.9234818,"1, Israel",IL
114,52.82237,9.32729,-31.6445016,115.7013828,"41 Camborne Parkway, Butler Australia Zachodnia 6036, Australia",AU
115,54.623894,9.709532,32.1000371,34.8516552,"Martin Gehl, Petah Tikva, Israel",IL
116,53.7156,10.552569,63.4308913,-18.8795902,"Þjóðvegur, Iceland",IS
117,41.04526,73.13403,61.2691734,27.8462885,"Kuivasensaarentie 575, 54950 Savitaipale, Finland",FI
118,49.28,7.559407,8.7549577,-75.8872882,"Carrera 3 # 26-2 a 26-100, Monteria, Cordoba, Colombia",CO
119,46.867302,8.064858,22.7848248,91.5676936,"Dhaka - Chittagong Hwy, Mirsharai, Bangladesh",BD
120,49.450024,9.344875,63.4877557,26.51182,"16036 334-358, 74680 Kiuruvesi, Finland",FI
121,43.77794,4.7968874,63.7642945,-68.5363823,"1820 Qaqqamiut, Iqaluit, NU X0A, Canada",CA
122,48.110874,7.0477896,1.0368607,110.8184603,"AH150, 94700 Serian, Sarawak, Malaysia",MY
123,43.828484,7.330434,57.1971436,15.2570358,"976, 360 70 Åseda, Sweden",SE
124,51.730556,7.2911263,52.1553756,-0.4661687,"18 Kestrel Road, Bedford, Bedford Borough MK41, Royaume-Uni",GB
125,56.89073,12.27006,51.0759914,3.4737836,"Kraenepoelpad 21, 9880 Aalter, Belgium",BE
126,48.867424,7.0867424,54.9292509,9.2256206,"Saksborgvej 11, 6360 Tinglev, Denmark",DK
127,36.464935,4.3867903,-30.5566881,-71.224227,"D-525, オバエ コキンボ チリ",CL
128,54.22194,8.823055,57.244784,24.4472755,"P6, Ainava, Saulkrastu lauku teritorija, LV-2160, Latvia",LV
129,48.183044,9.113074,63.0159226,14.0954093,"578, 830 24 Oviken, Sweden",SE
130,50.42913,7.9008894,41.4597125,-5.6502891,"Carretera Madridanos, 15, 49150 Moraleja del Vino, Zamora, Spain",ES
131,56.047794,14.979817,35.1699764,129.0959727,"48 Geumnyeon-ro, Yeonje-gu, Busan, South Korea",KR
132,49.53768,8.171947,65.0376746,18.4135225,"Norrvägen, 920 41 Björksele, Sweden",SE
133,50.809032,8.451573,50.270599,-107.9854843,"Trans-Canada Highway, Webb, SK S0N 2X0, Canada",CA
134,36.581955,34.35114,1.298824,103.853511,"111 Middle Rd, Singapur",SG
135,53.67021,9.053771,46.9586367,20.2293298,"5430 Tiszaföldvár, Kurázsi Fő Way 32, Hungary",HU
136,47.45541,6.6670437,58.5068967,13.8903868,"2935, 541 91 Skövde, Sweden",SE
137,53.432533,9.150354,32.8165321,34.9980443,"Ibn Rushd, Haifa, Israel",IL
138,49.369476,39.357967,22.3482009,114.0606326,"33 Pak Yan Rd, Ma Wan, Hong Kong",HK
139,52.03114,8.903131,22.3941083,113.91799,"Lung Kwu Tan Rd, Tuen Mun, Hong Kong",HK
140,55.203205,15.763039,31.3724506,34.8090841,"Sderot Rimon, Lehavim, Israel",IL
141,51.748848,7.822709,54.1514358,-7.2198361,"Unnamed Road, Co. Monaghan, Ireland",IE
142,51.103226,8.6214695,43.4090347,5.1990796,"Chemin des Macreuses, 13700 Marignane, France",FR
143,52.568233,8.361736,46.4662192,30.7193696,"Bohdana Khmel'nyts'koho street, 54, Odesa, Odessa Oblast, Ukraine",UA
144,49.698196,7.020088,2.8054323,101.706555,"32, 43900 Sepang, Selangor, Малайзия",MY
145,48.851994,7.1617746,-25.4104675,-49.4968802,"Estrada de Bateias, 6871 - Centro, Parana, Brazil",BR
146,48.034485,6.6768446,-35.9372781,174.4093379,"50 Applecross Road, Waipu 0582, New Zealand",NZ
147,32.807663,9.25222,42.5688019,1.6784359,"CG-2, AD100 Canillo, Andorra",AD
148,53.058342,8.631324,22.5049981,114.1299057,"155 Jockey Club Rd, Sheung Shui, Hong Kong",HK
149,52.102184,9.561843,37.92242,24.031455,"Arfara, Chamolia 190 03, Greece",GR
150,50.582413,8.339583,61.5957598,25.8854161,"Ylemmäistentie 520, 19600 Hartola, Finlande",MY
151,47.02587,6.1391315,51.0370436,5.7195591,"Schoolstraat 30-48, 3650 Dilsen-Stokkem, Belgium",BE
152,55.561653,9.795425,48.2936744,19.6613047,"585, 985 32 Panické Dravce, Slovakia",SK
153,56.742043,11.282873,65.3073,27.3182272,"Sotkajärventie 790-1192, 93100 Pudasjärvi, Finland",FI
154,49.83988,8.897038,65.304925,-20.9070209,"Miðfjarðarvegur, Iceland",LT
155,17.49166,96.14014,-31.3624878,115.828703,"LOT 2016 Coonabidgee Road, Coonabidgee WA 6503, Australia",AU
156,50.6159,6.9733458,28.3284776,129.2869754,"Japan, 〒894-3213 Kagoshima-ken, Ōshima-gun, Yamato-son, Shidokan 県道79号線",JP
157,53.27642,9.3466835,59.5704279,17.4871053,"Skörbyleden 18, 746 41 Bålsta, Sweden",SE
158,48.384228,7.857991,-43.5874284,172.5133372,"44-46 Stonebridge Way, Prebbleton 7604, New Zealand",NZ
159,33.051373,3.4546,-22.509417,27.6445982,"Serowe, Botswana",BW
160,50.602486,8.246542,37.6490324,-3.4346602,"A-324, 23560 Huelma, Jaén, Spain",ES
161,49.329453,7.841606,21.0082174,-89.5743053,"Calle 25ᶜ, La Florida, 97138 Merida, Yucatan, Mexico",CZ
162,57.846333,30.657013,45.8207939,14.6571526,"Gornje Retje 6, 1315 Velike Lašče, Słowenia",SI
163,49.21096,9.408875,46.478751,0.0632616,"E5, 86600 Curzay-sur-Vonne, France",FR
164,52.987305,9.232692,51.9309544,5.763103,"Heterensestraat 4, 6675 MA Valburg, The Netherlands",NL
165,45.836117,7.5327597,59.662844,16.7302999,"695, 725 96 Västerås, Schweden",SE
166,46.21897,5.4047117,54.5459837,23.1355893,"5122, 70323, Lithuania",LT
167,52.913258,9.386437,61.0593966,7.8153634,"Riksveg 630 20, 6888 Borgund, Norway",NO
168,49.172867,7.1326475,47.5862576,-59.1403395,"Trans-Canada Highway, Channel-Port aux Basques, NL A0M, Canada",CA
169,53.095203,9.552634,41.4580826,-5.6396552,"ZA-610, 7, 49157 Madridanos, Prowincja Zamora, Hiszpania",ES
170,43.8287,5.6306086,44.580291,10.7620528,"Via San Lorenzo, 42013 Casalgrande, Reggio Emilia, Italy",IT
171,52.33416,9.385252,-26.3150675,31.1172095,"MR3, Mbabane, Swaziland",SZ
172,22.886791,106.78964,23.5332406,90.8317235,"N1, Bangladesh",BD
173,-23.65476,24.191587,-22.8297288,26.9837275,"A1, Botswana",BW
174,43.702915,4.7072334,24.9502086,55.255306,D57 - Dubai - アラブ首長国連邦,AE
175,47.255196,8.348751,50.432299,45.4320507,"Р228, Volgograd Oblast, Russia",RU
176,49.596924,7.8602314,-33.5452629,149.6465338,"Lagoon Road, The Lagoon NSW 2795, Australia",AU
177,43.0629,5.8484316,65.3038331,13.511759,"Fylkesveg 273 26, 8680 Trofors, Norway",NO
178,49.84173,9.567529,47.260031,1.5903649,"9 Rue Basse, 41130 Selles-sur-Cher, Francja",FR
179,54.379375,13.385516,50.4547431,4.1881359,"Place Adolphe Caffet 12, 7100 La Louvière, Belgium",US
180,47.37708,7.0331116,43.1116858,-7.8460617,"LU-232, 14, Friol, Lugo, Spain",ES
181,-9.02319,81.14261,-8.72977,115.1649208,"Jl. Kartika No.88, Kuta, Kabupaten Badung, Bali 80361, Indonesia",ID
182,46.98868,5.1910067,27.5631943,91.5062469,"Mongar - Trashigang - Trashiyangtse Rd, Trashiyangtse, Bhutan",BT
183,58.40246,16.639936,31.0710621,-94.0277476,"Bright Berry, Brookeland, TX 75931, USA",US
184,46.015205,6.015479,50.9668686,-4.3254826,"2 Dyers Moor, Parkham, Bideford, Devon EX39 5PR, UK",GB
185,51.757133,8.967023,49.6850531,13.9908181,"Ke Korábu, 261 01 Příbram, Czech Republic",CZ
186,36.30263,4.590636,48.1799119,40.4555036,"Bel. Kalitva - Likhovskoy, Rostov Oblast, Russia",RU
187,54.515923,9.15304,1.3586584,103.6225922,"Malaysia-Singapore Second Link, Kampung Ladang, 81550 Gelang Patah, Johor, Malaisie",MY
188,53.29682,9.305078,51.6084824,16.8731418,"Stanisława Kamińskiego 15-19, 63-900 Rawicz, Poland",PL
189,28.908195,38.29075,32.1803345,34.9579333,"Yitzhak Rabin Highway, Israel",IL
190,51.935837,10.170711,-40.29412,-64.0895663,"Ruta Nacional 250, Río Negro, Argentina",AR
191,56.794598,19.430662,57.5260975,21.8607136,"P124, Ance parish, LV-3601, Latvia",LV
192,51.165676,8.915805,37.8230795,-1.4360286,"N-340, 30840 Alhama de Murcia, Murcia, Španělsko",ES
193,53.004845,8.616321,39.3149783,20.5838677,"Unnamed Road, Souli 462 00, Greece",GR
194,50.4926,7.9768705,55.7801442,38.4733794,"Promyshlennyy proyezd, Elektrostal, Moskovskaya oblast, Russie",RU
195,58.370354,22.87258,46.7983275,4.7633954,"13 Rue de l'Église, 71640 Dracy-le-Fort, Francija",FR
196,55.236496,9.990696,39.5745039,-8.7900177,"R. João Dias 20, 2480 ポルトガル",PT
197,42.024265,5.969411,64.0770614,-21.9449117,"Helluhraun, Hafnarfjörður, Islande",AU
198,47.457207,5.7762117,43.7260608,-79.3617059,"1-19 Suncrest Drive, Toronto, Ontario M3C 2L2, Kanada",CA
199,45.72686,6.5205536,6.0048443,-73.5879437,"I-45A, Santander, Kolumbia",CO
200,47.84484,5.012105,46.4484855,16.1684105,"Mihalovci 19, 2259 Ivanjkovci, Slovenien",SI
201,51.999046,8.641648,22.7903974,89.4665599,"Khulna - Satkhira Rd, Bangladesh",BD
202,55.216995,10.394476,23.0813629,89.8626732,"Tekerhat - Gopalganj Rd, بنگلادش",KR
203,51.151123,8.943067,56.3145028,44.0671034,"ulitsa Rodionova, 165 корпус 10, Nizhny Novgorod, Nizhny Novgorod Oblast, Russia, 603000",RU
204,49.151608,8.168635,50.3702735,4.1111734,"Rue Charles Gantois 2-24, 7120 Estinnes, Belgique",BE
205,48.792294,8.400514,24.8808177,55.0431132,Sheikh Mohammed Bin Zayed Rd - Dubai - United Arab Emirates,AE
206,53.404152,7.893321,55.4561768,9.5550342,"Bjert Vestervang 29, 6091 Bjert, Denmark",DK
207,47.472122,6.1331453,47.5833231,5.0559742,"D120, 21120 Marey-sur-Tille, France",CH
208,50.06774,7.3479395,50.8294109,4.4492923,"Avenue Alfred Madoux 89, 1150 Woluwe-Saint-Pierre, Belgium",BE
209,51.144333,9.172468,-8.246845,115.1001888,"Jl. Raya Pancasari, Buleleng, Bali, Indonesia",ID
210,52.585297,9.550905,48.1561384,17.1238475,"Legionárska 23, 811 07 Bratislava, Slovakia",SK
211,48.060577,8.550179,56.6721127,24.3631625,"P89, Baldones lauku teritorija, LV-2125, Latvia",BT
212,46.012825,6.9469414,-33.7425447,-71.4043699,"G-808, San Antonio, Valparaíso Region, Chile",CL
213,50.61812,7.1495256,25.0532923,121.1912727,"337, Taiwan, Taoyuan County, Dayuan Township, 桃43鄉道",TW
214,58.165096,17.050028,42.5258126,1.5662816,"Av. de la Bartra, AD200 Encamp, Andorra",AD
215,47.610317,5.7993546,51.8749407,5.9695788,"Nijmeegsestraat 1, 6691 CJ Gendt, The Netherlands",NL
216,51.19284,8.957748,45.9139241,-0.5597139,"D127, 17400 Mazeray, France",FR
217,50.063255,6.208208,-6.9751955,-78.5695158,"3N 98, Pérou",PE
218,53.011845,9.290775,47.1230112,-119.1293288,"2488 Road Q Northeast, Moses Lake, WA 98837, USA",US
219,55.61341,10.233981,47.4920249,8.7449565,"Tösstalstrasse 106, 8400 Winterthour, Suisse",CH
220,50.51245,8.495081,55.668933,11.9032974,"Lejregårdsvej 7, 4060 Kirke Såby, Denmark",DK
221,53.484993,9.589717,49.4734699,15.531128,"Smrčná 142, 588 01 Smrčná, Czech Republic",CZ
222,56.216763,12.552776,37.5668747,126.9734656,"5-2 Jeong-dong, Jung-gu, Seul, Coreea de Sud",KR
223,52.261642,8.645186,59.4660284,10.8376751,"Riksveg 115 40, 1591 Sperrebotn, Norway",NO
224,53.70289,9.765842,58.655184,23.6129752,"Kõmsi-Mõisaküla-Salevere, 90111 Lääne County, Estonia",EE
225,51.33161,8.94308,60.738966,24.7504796,"Lehtolantie 15, 11100 Riihimäki, Finland",FI
226,50.05233,8.165387,9.9020573,-74.1244097,"I-80 # 2 a 100, Ariguaní (El Difícil), Magdalena, Colombia",CO
227,52.395016,9.727619,-42.494262,-64.7200487,"Ruta Provincial 2, Chubut, Argentinië",AR
228,53.11308,6.194319,4.5783201,-74.1453593,"Carrera 51 # 1 a 99, Bogota, Cundinamarca, Kolumbia",CO
229,45.00367,8.157199,-25.1122157,23.2747378,"A20, Botswana",BW
230,47.962437,6.6392183,43.5021615,16.26126,"Tudorski put 14, 21223, Okrug Gornji, Croatia",HR
231,47.902843,7.822274,23.6974336,88.6020272,"Mujibnagar Road, Purandarpur, Bangladeš",BD
232,49.512917,9.305763,48.6582514,17.5497186,"Baranecká 55, 906 13 Brezová pod Bradlom, Slovakia",SK
233,45.316734,7.5191584,55.813906,21.6873066,"Saulėtekio g., Kule 90370, Litwa",NL
234,51.14843,7.442293,42.1357434,24.8005746,"g.k. Trakia 83-А, 4023 Plovdiv, Bulgarie",BG
235,48.825287,8.4758625,45.9480518,1.5443014,"Le Masjoubert, 23430 Saint-Martin-Sainte-Catherine, France",FR
236,49.44738,8.566453,46.0138594,4.0083933,"377-661 Chemin des Sources, 42155 Ouches, France",HU
237,49.37578,7.578452,64.7992057,25.4182833,"Raahentie 33, 91900 Liminka, Finland",FI
238,50.67513,8.489478,-40.9098295,147.6824118,"Gunnston, 2828 Waterhouse Rd, Waterhouse TAS 7262, Australia",BR
239,23.092243,2.5731986,-18.6512538,25.6220214,"A33, Botswana",BW
240,43.905167,6.744318,38.7462296,-7.8361726,"Unnamed Road, 7040, Portugal",PT
241,46.043102,8.608461,1.4167652,103.9167684,"Punggol Promenade Nature Walk, Singapore",SG
242,44.928684,6.910221,47.1485565,27.6817516,"DJ249A, Iași, Romania",RO
243,47.986824,7.139922,64.1026086,-21.8502764,"Skógarsel, Reykjavik, Iceland",IS
244,50.109245,8.104893,59.1813917,26.9223424,"Lüganuse-Oandu-Tudu, 46623 Lääne-Viru County, Estonia",EE
245,51.75377,8.147553,59.9549171,11.0688158,"Magnus gate 15-17, 2004 Lillestrøm, Norway",NO
246,50.34766,8.003954,11.8035784,104.9731445,"NR6, Cambodia",KH
247,44.672554,6.1055737,59.8896675,29.6851561,"Koltsevaya Avtomobilnaya Doroga, Óblast de Leningrado, Rusia",RU
248,50.995087,9.539181,47.2350047,19.9604355,"2740 Abony, 3119, Hungary",HU
249,17.933764,86.31094,-7.6027504,110.4496317,"Unnamed Road, Cangkringan, Sleman, Daerah Istimewa Yogyakarta 55583, Indonesia",ID
250,53.74875,10.62846,45.7947652,15.9250789,"Zagrebačka Avenue, 10000, Zagreb, Croatia",RU
251,56.14914,12.543588,32.291951,34.9168346,"HaZamir, Tzur Moshe, Israel",IL
252,47.45405,6.842555,27.0106948,90.5594394,"Sarpang - Gelephu - Trongsa Hwy, Bhutan",BT
253,51.89864,8.910755,64.8870515,-14.4858498,"Þjóðvegur, Iceland",IS
254,54.733677,10.225463,27.5870202,91.4915538,"Mongar - Trashigang - Trashiyangtse Rd, Trashiyangtse, Bhutan",BT
255,50.86028,8.115571,53.4830269,-2.3898788,"M62, Worsley, Manchester, Greater Manchester M30 8JW, UK",BW
256,49.930637,8.601124,64.9698606,20.7945096,"Drängsmark, 934 95 Kåge, Sweden",SE
257,48.75511,6.685526,4.6266467,-74.0619428,"Entrada A La TV2 # 1, Bogota, Cundinamarca, Kolumbia",CO
258,48.375946,7.0420732,37.5251091,-2.9040097,"GR-8100, 18812 Freila, Grenade, Espagne",ES
259,53.978115,10.137895,21.0082174,-89.5743053,"Calle 25ᶜ, La Florida, 97138 Merida, Yucatan, Mexico",CZ
260,49.316593,7.980736,44.580291,10.7620528,"Via San Lorenzo, 42013 Casalgrande, Reggio Emilia, Italy",IT
261,49.641724,7.52427,41.4415217,13.275162,"Località Capo D'Acqua, 20, 03021 Amaseno, Frosinone, República Italiana",IT
262,52.167435,8.765747,44.3639747,8.1639477,"SP28bis, 17017 Roccavignale, Savone, Italie",IT
263,49.369484,7.702943,55.9454331,26.5920897,"Mazā Medus iela 28-30, Daugavpils, LV-5413, Latvia",LV
264,52.07802,8.771652,35.1486408,128.8744354,"31 Mieum-ro, Gangseo-gu, Busan, South Korea",KR
265,51.361755,8.546525,-27.9697472,26.8055598,"11813-11814 Fonya Crescent, Welkom 9478, South Africa",ZA
266,50.999832,8.443383,54.930222,-7.7310742,"Ballyboe, Co. Donegal, Ireland",IE
267,44.648422,5.5420523,48.3975766,17.3828866,"502008, Štefanová, Slovakia",SK
268,50.25261,9.61001,4.9374125,-73.8369476,"Carrera 12 # 8-1 a 8-99, Guatavita, Cundinamarca, Colombia",CO
269,53.28923,7.4837513,-21.1010195,-56.5118953,"MS-178, Mato Grosso do Sul, 79290-000, Brazil",BR
270,45.8371,5.893524,46.2042855,-100.9836522,"BIA Road 7, Selfridge, Dakota du Nord 58568, États-Unis",US
271,50.843277,5.478737,59.425147,13.4381895,"Tömvägen 5, 653 50 Karlstad, Sweden",SE
272,54.545193,9.973178,26.0045073,-97.7708921,"Carretera Federal 2, Tamaulipas, Mexique",MX
273,52.136963,9.048402,45.5491533,9.8996564,"Via Villasche, 25032 Chiari, Brescia, Italy",IT
274,51.807213,9.295695,56.7667504,24.7625022,"P8, Rembates pagasts, LV-5016, Latvia",LV
275,45.035217,7.036149,-24.2373448,23.264808,"A2, Botswana",BW
276,54.070045,10.4132595,41.6161661,-83.4586641,"3715 Curtice Road, Northwood, OH 43619, USA",US
277,48.38722,7.403079,52.3365472,9.711251,"Am Finkenherd 6, 30459 Hanover, Germany",DE
278,40.647,11.793411,43.3730489,11.7693861,"Strada Provinciale 73 bis, 52041 Civitella in Val di Chiana, Arezzo, Italy",IT
279,49.882767,9.016326,39.82551,-7.6548354,"R. da Fonte, 6000, Portugal",PT
280,48.30126,8.533936,-45.2550569,170.2689657,"9750 Kyeburn-Hyde Road, Tiroiti 9397, New Zealand",NZ
281,39.03015,44.5244,25.3144722,55.399128,First Industrial St - Sharjah - Vereinigte Arabische Emirate,AE
282,51.969833,8.800984,56.3500744,8.6246107,"Herningvej 59, 7500 Holstebro, Denmark",DK
283,39.02027,65.32881,1.3455278,103.9251938,"61 Tampines Ave 1, Singapore 529776",SG
284,51.45354,8.559317,-26.24367,27.9135342,"5106-5107 Mooki Street, Soweto 1804, South Africa",ZA
285,47.903957,7.1320095,53.1632065,-2.122329,"Beat Lane, Macclesfield, Staffordshire SK11 0RU, UK",GB
286,49.811172,8.589263,49.4698987,8.5409321,"E50, 68239 Mannheim, Germany",DE
287,57.223755,13.318525,28.3496995,129.4883873,"Japan, 〒894-0773 Kagoshima-ken, Amami-shi, Naze Ōaza Asato 国道58号線",JP
288,-0.039881945,10.091978,-23.9132377,26.3784849,"A1, Botswana",BW
289,54.66591,9.370768,-26.114236,32.0003158,"MR3, Swaziland",SZ
290,52.813866,9.004586,-33.5882369,-70.6504207,"Tucapel 1885-1965, La Pintana, Santiago Metropolitan Region, Chile",CL
291,26.193542,89.38171,14.1368236,105.3238917,"Unnamed Road, Cambodia",KH
292,49.025375,8.547854,43.0392243,25.8926079,"4004, 5090 Zlataritsa, Bulgaria",ID
293,44.22967,5.470745,63.620727,8.6703642,"Fylkesveg 381 290, 7250 Melandsjø, Norway",NO
294,10.949727,108.22389,-34.6762017,139.4254406,"LOT 398 Black Hill Road, Cambrai SA 5353, Australia",AU
295,49.425377,7.1062107,55.2542274,26.5654949,"4427, Svylė 30173, Lithuania",LT
296,-9.312925,17.639212,-24.5902154,26.0655905,"Tlokweng, Gaborone, Botswana",BW
297,52.078438,9.667642,46.0492183,18.2074347,"7634 Pécs, Nyugati Ipari Way, Hungary",HU
298,51.909378,9.30433,32.988114,35.5481092,"Yonatan Shaber, Hatzor HaGlilit, Israel",IL
299,44.741913,7.6332636,56.6499261,22.4758257,"Mežrūpniecības iela 3, Mežvidi, Novadnieki parish, LV-3801, Latvia",LV
300,50.788315,7.4599895,51.6989965,5.5382819,"Loosbroekseweg 54-56, 5388 VP Nistelrode, The Netherlands",NL
301,44.78717,6.2530584,51.1268644,5.0200246,"Lindenstraat 14-30, 2440 Geel, Belgique",BE
302,47.93227,6.133106,64.4601112,11.5450675,"Navarvegen 7-11, 7820 Namsos, Norway",NO
303,49.577465,14.660891,40.978843,16.4391405,"Contrada Modesti, 70037 Ruvo di Puglia, Bari, Italy",IT
304,55.14855,11.944191,48.0003426,37.6122398,"Kostyantynivs'ka street, 3, Donetsk, Donetsk Oblast, Ukraine",UA
305,47.823936,6.2922745,-9.5657956,-77.594982,"14A 320, Peru",PE
306,-11.49085,17.636173,11.6435537,104.1340883,"Unnamed Road, ឃុំ តាសាល, Cambodia",KH
307,49.763824,5.561037,-26.2262558,31.0380077,"MR3, Ngwenya, Swaziland",SZ
308,52.105316,9.375185,-33.3219451,-71.4079109,"Avenida Portales, Casablanca, Valparaíso Region, Chile",CL
309,51.972427,8.878908,38.0815465,-7.9633479,"Unnamed Road, 7800, Portugal",PT
310,48.699726,8.595836,40.8165902,8.4758114,"SP81, 07037 Sorso, Sassari, Italie",IT
311,46.8983,6.8432207,41.3310618,-7.7003785,"EM1231, 5000, Portugal",KR
312,51.519554,8.702793,46.3149537,16.8180152,"Brodarska ulica 15, 40328, Donja Dubrava, Croatie",HR
313,49.493034,7.619564,47.8428289,-111.6285624,"1648-1698 Highway 379, Dutton, MT 59433, USA",US
314,24.548122,105.552826,-6.444858,106.9855046,"Jl. Klp. Manunggal, Klp. Nunggal, Bogor, Jawa Barat 16710, Indonesië",ID
315,46.548607,8.2802725,-24.1931506,30.4097104,"R36, South Africa",ZA
316,53.818188,8.322604,9.0780556,99.8936111,"4232, Tambon Khanom, Amphoe Khanom, Chang Wat Nakhon Si Thammarat 80210, Thailand",TH
317,48.111946,7.964839,-35.1632869,173.2049971,"920 Kaitaia-Awaroa Road, Ahipara 0481, New Zealand",NZ
318,47.353264,6.448287,52.7132388,-0.7457357,"19 Whissendine Road, Ashwell, Oakham, Rutland LE15 7LT, UK",PE
319,58.401096,19.827238,-5.4039015,-79.6299523,"2 A 590, Peru",PE
320,50.724476,8.479437,23.5389062,120.3142945,"Taiwan, Chiayi County, 嘉66鄉道",TW
321,49.535446,10.682104,25.1057739,92.1756915,"Lala Khal Road, Bangladesh",BD
322,49.818897,6.585906,24.9699431,55.1166165,Unnamed Road - Dubai - Các tiểu Vương quốc Ả rập Thống nhất,AE
323,56.07521,14.044021,1.2962589,103.7735539,"Research Link, Singapore",SG
324,42.2191,3.595722,-34.7567241,-68.0278649,"RN143, Mendoza, Argentina",AR
325,49.356907,7.644373,50.4350189,19.945445,"Sportowa, 32-250, Poland",PL
326,18.857887,3.541063,-23.2198836,20.2631505,"Unnamed Road, Botswana",EE
327,49.520294,8.362732,51.6938532,-3.0393905,"37-41 Greys Road, Pontypool, Torfaen NP4, UK",GB
328,52.92813,8.974609,1.3260819,103.6463425,"3 Tuas Ave 8, Singapore",SG
329,57.33381,19.419207,57.2978979,24.9368782,"E264, Straupes pagasts, LV-4152, Latvia",LV
330,45.594307,6.943536,27.080095,89.8738139,"Daga Rd, Daga, Bhutan",BT
331,51.72873,9.911797,25.155773,55.2998538,Muscat St - Dubai - United Arab Emirates,AE
332,41.002274,9.471023,49.1612757,14.7372153,"00352, 391 81 Vlkov, Czech Republic",CZ
333,44.86808,6.5459356,56.9246144,21.8360184,"Baznīcas iela, Īvande, Īvande parish, LV-3313, Latvia",LV
334,52.036552,8.559131,-7.7222078,112.753721,"Unnamed Road, Purwosari, Pasuruan, Jawa Timur 67162, Indonésie",ID
335,48.622643,8.050696,52.8302181,-6.9358341,"Kilkenny Road, Carlow, Ireland",IE
336,46.74789,5.922818,22.2724408,114.2898139,"High Junk Peak Country Trail, Clear Water Bay, Hong Kong",HK
337,51.12648,9.456429,23.950508,-100.9948104,"Cedral - San Tiburcio, San Luis Potosí, Mexique",MX
338,48.19323,6.258171,42.8716608,22.7555348,"813, Vrabcha, Bulgaria",BG
339,51.755695,9.437207,-33.3644845,-70.5785469,"La Cumbre 1326-1398, Vitacura, Santiago Metropolitan Region, Chile",CL
340,47.531467,9.082281,44.9461746,7.3276588,"Via Coassoli, 86, 10060 Cantalupa Turin, Italy",IT
341,55.449707,10.029631,45.8318738,13.8446885,"5295 Šmarje, Slovenia",SI
342,52.06706,7.139344,45.2365188,15.3760312,"D23, 47264, Kamenica Skradnička, Croatia",BW
343,30.478704,9.892704,-26.4901085,27.0369582,"R53, South Africa",ZA
344,52.090538,9.103251,-12.2669733,-76.8786056,"Antigua Panamericana Sur, Lima, Peru",PE
345,56.978634,16.315548,1.4167652,103.9167684,"Punggol Promenade Nature Walk, Singapore",SG
346,57.408905,17.838524,48.9909342,14.6170272,"1468, 373 72 Hvozdec, Czech Republic",CZ
347,51.820953,8.966639,31.9961764,131.3136169,"Japan, 〒880-1101 Miyazaki-ken, Higashimorokata-gun, Kunitomi-chō, Honjō 県道356号線",JP
348,51.008335,8.251746,37.6454654,22.8457736,"Epar.Od. Argous - Arachneou, Nafplio 210 55, Greece",GR
349,25.621996,0.3227893,-16.4922462,-71.8393696,"Panamericana Sur, El Cruce, Peru",PE
350,54.011673,25.260101,46.1648147,14.5175376,"Selo pri Vodicah 1, 1217 Vodice, Slovenia",SI
351,54.7325,31.84623,-36.567715,144.3727006,"1545 Bendigo-Tennyson Road, Kamarooka VIC 3570, Australia",AU
352,54.8715,9.832324,8.8545989,-75.2790003,"Calle 12, La Union, Sucre, Kolumbia",CO
353,49.94828,7.759266,-44.7279311,171.0171819,"233 Mill Road, Waimate 7978, New Zealand",NZ
354,50.576965,8.803108,52.0997667,-2.9330603,"A438, Hereford, Herefordshire HR4, UK",UA
355,54.306953,8.886083,25.0596112,121.6635397,"No. 247, Xiùfēng Road, Xizhi, Nowe Tajpej, Tajwan 221",TW
356,51.039825,8.051577,43.5093055,23.0468837,"1, 3482 Vinište, Bulgaria",BG
357,53.05098,9.947067,41.09244,23.923704,"Unnamed Road, Perichora 620 45, Greece",KR
358,51.687534,9.455122,45.6249265,16.737188,"Podgarić, 43233, Šimljanik, Croatia",HR
359,48.83342,7.76589,25.2005107,55.5191446,Amardhi St - Dubai - United Arab Emirates,AE
360,49.007637,7.6900187,56.0802285,8.9836304,"Skærbækvej 28, 7400 Herning, Denmark",DK
361,47.981762,8.143067,60.9037905,10.0780328,"Lillehammervegen 798-804, 2881, Norway",NO
362,49.541157,7.2433577,13.9797971,107.0757142,"Unnamed Road, Cambodia",KH
363,50.09253,8.911955,11.2448209,104.5255129,"Unnamed Road, Cambodia",KH
364,51.68531,8.629052,-29.7448497,24.752799,"R48, Luckhof 9982, Afrique du Sud",ZA
365,48.42549,6.3500757,10.3895276,-73.0290336,"Calle 2F # 7-1 a 7-99, Manaure Balcón Del César, Cesar, Colombia",CO
366,48.892197,6.972397,45.0460698,23.9163494,"DJ676D, Pojogi-Cerna, Romania",RO
367,45.02114,6.5643187,52.5621064,-9.2041369,"Unnamed Road, Co. Limerick, Irland",IE
368,55.351707,10.563949,68.7355069,16.9478885,"Riksveg 848 80, 9450 Hamnvik, Norway",BW
369,58.418106,19.31576,55.4946168,10.1528454,"Brolundvej 20, 5471 Sonderso, Denmark",DK
370,55.779545,10.251395,11.8310041,105.672031,"Unnamed Road, Cambodia",KH
371,51.074272,6.211527,32.7128813,35.4823485,"767, Yavne'el, Israel",IL
372,48.702084,7.063653,50.7877375,4.2016048,"Molenborrestraat 26-32, 1600 Sint-Pieters-Leeuw, Belçika",BE
373,41.639427,6.3757906,52.4069233,9.6603344,"Hogrefestraße 8, 30419 Hanower, Niemcy",SG
374,55.439007,10.464216,22.3716742,113.9538329,"Lung Mun Rd, Tuen Mun, Hongkong",HK
375,57.04992,13.920305,35.1123983,128.8704513,"779-1 Noksan-dong, Gangseo-gu, Busan, South Korea",KR
376,25.313648,14.565939,32.1865223,34.8581978,"HaShahar 23-33, Ra'anana, Israel",IL
377,54.04148,11.242548,40.8637588,25.6226367,"EO2, Alexandroupoli 681 00, Grecia",GR
378,51.905327,8.606872,46.2269978,14.7355441,"Gradišče v Tuhinju 1b, 1219 Laze v Tuhinju, Słowenia",SI
379,50.791363,7.487793,11.2487611,-73.8295799,"I-90 # 76, Santa Marta (Distrito Turístico Cultural E Histórico), Magdalena, Kolumbia",CO
380,52.050083,8.832072,-11.7326019,-49.0998733,"Rua Antônio de Almeida Veras, 1065-1277 - Alto da Boa Vista, Tocantins, 77425-340, Brésil",BR
381,56.41089,25.141922,37.6679052,127.0461946,"726-46 Banghak 1(il)-dong, Dobong-gu, Seoul, South Korea",KR
382,46.50164,7.017823,23.9366838,121.5549483,"Chéngzhōng 2nd Street, Jian Township, Hualien County, Taiwan 973",TW
383,29.587746,97.10335,23.309822,89.8585176,"Dhaka - Khulna Hwy, Muksudpur, Bangladesh",BD
384,51.73419,10.06526,-24.6880021,25.8793608,"Bishops, Gaborone, Botswana",BW
385,-10.170701,15.514357,67.4177284,-133.9619157,"Dempster Highway, Tsiigehtchic, NT X0E, Canada",CA
386,28.919966,23.177122,-26.8551591,-52.9880616,"Avenida Mato Grosso, 588-696, Santa Catarina, 89870-000, Brazil",BR
387,43.65159,5.3270617,42.22018,-5.7502883,"LE-412, 32, 24791 Roperuelos del Páramo, León, Spain",ES
388,50.33799,8.241678,2.594585,-75.4209034,"RT45 # 1, Hobo, Huila, Colombia",CO
389,45.84457,5.2203407,48.6665479,21.9920491,"555, 072 13 Palín, Slovakia",SK
390,43.401375,5.983513,53.9281992,-8.6077558,"Unnamed Road, Co. Roscommon, Ireland",IE
391,44.25193,7.178751,54.3673122,23.7857583,"1108, Kumečiai 64262, Lithuania",LT
392,49.87838,9.020232,39.1373138,-9.3814955,"R. Dr. João de Barros 1, 2560-487 Silveira, ポルトガル",PT
393,-16.24213,18.867132,-23.1156051,27.1243018,"Mahalapye, Botswana",BW
394,45.51543,6.081526,50.9158229,3.3480016,"Sparrestraat 4-6, 8710 Wielsbeke, Belgium",BE
395,47.87761,6.770461,53.4561756,-6.1861153,"2-34 Seabury Wood, Malahide, Co. Dublin, Ireland",IE
396,54.653687,10.4865055,55.7099931,9.4677096,"Vardevej 359, 7100 Vejle County, Denmark",DK
397,52.226486,9.280574,42.6196325,-6.4641911,"Plaza Indust.Pibas, 5, Parque Industrial del Bierzo Alto, 24318 Bembibre, León, Spain",ES
398,47.52429,6.16282,47.393485,8.5004486,"Bernerstrasse, 8048 Zurich, Switzerland",CH
399,55.831898,9.904686,58.5720516,15.2950079,"34, 590 31 Borensberg, Sweden",SE
400,56.22357,10.96706,-7.0002441,112.5890591,"Jl. Pelita III No.40, Sidayu, Gresik, Jawa Timur 61153, Indonesia",ID
401,49.932533,5.697399,50.4495641,4.6493063,"Rue Trieu des Dames 11-17, 5190 Jemeppe-sur-Sambre, Belgium",BE
402,45.199993,17.137545,55.6712727,12.5615747,"Helgolandsgade 19-21, 1650 Copenhagen, Denmark",DK
403,14.637919,3.3532624,-4.4852264,-80.4000719,"1NN, El Alamor, Perú",PE
404,53.746746,9.419381,55.3389926,25.9212592,"111, 30210, Lithuania",LT
405,49.500046,8.6015625,42.5681766,1.6785764,"CG-2, AD100 Canillo, Andorra",AD
406,47.158882,15.154682,-17.8563162,25.227868,"A33, Botswana",KH
407,47.358906,8.2519865,51.4636735,-9.7859392,"Unnamed Road, Co. Cork, Ireland",IE
408,53.134132,9.387483,63.7369886,-68.4938844,"2444 Paurngaq, Iqaluit, NU X0A, Canada",CA
409,51.50273,8.501715,43.6847226,26.4070887,"2003, 7038 Senovo, Bulgaria",BG
410,51.915382,8.600795,52.3452097,-9.3628419,"Unnamed Road, Co. Kerry, Ireland",IE
411,51.950844,8.782885,57.2555038,9.9275776,"Sdr Omfartsvej 166, 9700 Bronderslev, Denmark",DK
412,50.334915,9.265062,41.2728351,-6.5538654,"R. da Forja, 5200, Portugal",PT
413,54.208458,9.495026,54.1004769,-112.652162,"Alberta 28, Warspite, AB T0A 3N0, Canada",CA
414,36.866848,75.578026,26.9407937,91.557731,"Unnamed Road, Bhutan",BT
415,46.282684,7.1974173,-46.2401626,-71.4939188,"RP45, Santa Cruz, Argentina",SI
416,50.68082,18.702116,42.5080778,1.5230042,"Carrer les Canals, 6, AD500 Andorra la Vella, Andora",AD
417,50.08151,8.477149,45.6191258,9.2025725,"Via Francesco Baracca, 37, 20832 Desio Monza et de la Brianza, Italie",IT
418,44.50446,7.140999,47.5010752,39.9701876,"avtodoroga Don, Oblast de Rostov, Russie",RU
419,47.356655,7.400717,52.6681805,-0.5900387,"46 Willoughby Drive, Empingham, Rutland LE15, Royaume-Uni",GB
420,48.93261,7.8344574,65.6935461,25.9019608,"Oijärventie 3688-3706, 95160 Ii, Finland",FI
421,58.30964,17.692108,53.8398645,-6.5889167,"R165, Co. Louth, Ireland",IE
422,49.022346,8.505438,32.4328681,-115.2702111,"Baja California 2, Ejido Guanajuato, Baja California, Mexico",HK
423,52.0466,9.168412,49.1669076,20.9820085,"Moyzesova, 082 71 Lipany, Slovakia",SK
424,45.324265,8.166888,51.7652063,-104.1085607,"SK-16, Wynyard, SK S0A 4T0, Канада",CA
425,48.67193,8.195053,2.2618071,103.6023409,"Jalan Mersing, Kampung Temigol, 86000 Kluang, Johor, Malaysia",MY
426,46.614952,5.4201355,44.1046775,15.2792612,"Ulica Grgura Barskog Zadranina 17, 23000, Zadar, Croatia",HR
427,49.38288,7.874696,36.6658166,24.8576026,"Unnamed Road, Folegandros 840 11, Grekland",GR
428,34.513924,52.71802,22.4512394,114.1697798,"Tai Po Tai Wo Rd, Tai Po, Χονγκ Κονγκ",HK
429,57.32348,13.033403,45.2768974,25.5014955,"DN71, Romania",RO
430,50.35981,8.258594,41.5070844,-5.1049646,"N-122, 401, 47114 Torrecilla de la Abadesa, Valladolid, Spain",ES
431,48.51076,6.936517,41.8369898,2.4682703,"GI-543, 29, 17401 Arbúcies, Girona, Spain",ES
432,45.23265,23.378435,1.2980055,103.8855409,"30 Meyer Rd, Singapūras 437861",SG
433,46.365486,6.680252,51.8019821,-1.8949661,"A429, Cheltenham, Gloucestershire GL54 3JS, UK",GB
434,58.14781,19.313375,2.8721658,101.844577,"6, Jalan Enam Kaki, Kampung Kuala Pajam, Beranang, Selangor, Malaysia",MY
435,52.429688,9.520834,53.810477,-9.4956793,"Unnamed Road, Co. Mayo, Ireland",IE
436,41.066505,6.550812,-42.711734,-66.1613618,"RP4, Chubut, Argentina",AR
437,52.252453,9.167734,61.4970014,23.7189194,"Pyynikintie 64, 33240 Tampere, Finland",FI
438,48.651108,7.692384,47.947141,21.7862051,"4551 Nyíregyháza, Derüs Street 15-17, Hungary",HU
439,46.576088,7.528267,43.8318722,0.0054974,"D109, 32370 Bourrouillan, France",FR
440,55.952084,10.117278,46.3175448,15.0156884,"Podgorje pri Letušu 5, 3327 Šmartno ob Paki, Słowenia",SI
441,49.637745,8.198313,43.3586699,3.2534768,"D612, 34500 Béziers, France",FR
442,49.761555,7.0920506,41.702202,-6.1439601,"Calle Barceo Domez de Alba, Samir de los Caños, Zamora, España",ES
443,38.33271,79.32333,1.2962589,103.7735539,"Research Link, Singapore",SG
444,-12.443352,19.267359,-20.1895258,25.2798813,"A3, Botswana",BW
445,49.718174,7.444359,52.3630382,9.7375963,"Arthur-Menge-Ufer 1, 30169 Hanovre, Allemagne",DE
446,44.81989,6.942789,47.5049964,26.5196044,"DJ208C, Liteni, Romania",RO
447,52.45626,9.2864895,46.1648147,14.5175376,"Selo pri Vodicah 1, 1217 Vodice, Slovenia",SI
448,48.610405,6.7795525,23.4330232,120.5269451,"No. 585-1, Zhōngzhèng Road, Zhongpu Township, Chiayi County, Taiwan 606",TW
449,45.42959,6.4969616,41.7703948,-8.7790126,"N302, 4925, Portugal",PT
450,50.159714,7.5066404,55.1029968,21.8678096,"4230, 99295, Lithuania",LT
451,34.717506,2.84982,-25.8965665,-70.4768286,"Panamericana Norte, Taltal, Antofagasta Region, Chile",CL
452,46.507416,6.882715,22.4430822,114.0720994,"Kong Tai Rd, Kam Tin, Hong Kong",HK
453,52.825027,9.026404,23.2774863,91.3009311,"Dhaka - Chittagong Hwy, Bangladesh",BD
454,53.182632,9.278989,56.0004882,22.6008667,"E272, Pabalvė 88200, Lituanie",LT
455,49.298424,7.9569254,47.1213938,17.156821,"9545 Jánosháza, Széchenyi Street 25-27, Hungary",HU
456,52.382465,8.847934,-8.3772935,-78.6601773,"Unnamed Road, Peru",PE
457,24.54192,16.251286,25.407771,55.5086372,Sheikh Ammar Bin Humaid St - Ajmān - United Arab Emirates,AE
458,55.617058,11.207308,46.390372,14.6248598,"Logarska Dolina 14, 3335 Solčava, Slovenia",SI
459,50.145065,7.4500303,-30.806412,-71.4040728,"D-649, Ovalle, Coquimbo Region, Chile",CL
460,49.112328,9.595835,49.2854577,19.8450317,"Droga Wojewódzka 958, Poland",PL
461,53.03512,11.652655,-15.7905494,-47.9703286,"Scia Q 14 Conjunto 10 12, 8 - Brasília National Park, Brasilia - Federal District, Brazil",BR
462,58.4215,19.065546,54.4162079,16.5525099,"Droga Wojewódzka 205, Poland",PL
463,49.87757,7.826146,36.2265067,23.0829215,"μονοπ. Φάρου Αβλέμονα, Avlémonas 802 00, Greece",GR
464,55.94809,12.231575,22.7034549,89.6969161,"Bagerhat - Khulna Hwy, Bangladesh",BD
465,50.281258,8.454759,49.963512,-108.9399442,"Unnamed Road, Piapot, Saskatchewan S0N 1Y0, Kanada",CA
466,50.966415,7.973922,54.6722507,25.1621137,"Dubliškių gatvė, Vilnius 02300, Lithuania",LT
467,48.238148,6.6395807,23.874098,90.9853479,"Unnamed Road, Бангладеш",BD
468,49.597565,8.431274,38.6758949,-27.3289406,"Canada do Pilar 105, 9700, Portogallo",PT
469,26.342705,101.34033,-37.0065472,142.8642055,"Navarre Road, Concongella VIC 3381, Australia",AU
470,46.177338,5.172329,45.6180684,25.6686543,"Centura Săcele, Săcele, Romania",RO
471,49.341164,8.383211,45.5039172,15.5265387,"Ulica Mirka Seljana 43, 47000, Károlyváros, Horvátország",GB
472,52.186596,9.078014,59.6772136,10.9560448,"Fylkesveg 205 30, 1825 Tomter, Norway",NO
473,13.923884,50.099625,11.0185206,103.7871266,"National Hwy 4, Камбоджа",KH
474,47.284058,8.4996195,56.9564789,23.6736205,"Dzelzceļa iela 36, Jūrmala, LV-2008, Latvia",LV
475,46.468204,7.140278,27.0100824,90.5583611,"Sarpang - Gelephu - Trongsa Hwy, Bhutan",BT
476,51.07567,9.230676,5.2940783,101.9852278,"D29, 18200 Dabong, Kelantan, Malaysia",MY
477,54.938232,9.015297,46.1799074,14.3307297,"Virmaše 123, 4220 Škofja Loka, Slovenia",SI
478,57.749737,17.51313,42.5421928,1.5916884,"CG-2, AD200 Encamp, Andorra",AD
479,49.898075,8.647491,19.4890289,-100.9212673,"Michoacán 49, Michoacán, Mexico",MX
480,32.63625,7.363593,-23.1015578,30.3974041,"R524, 0985, South Africa",ZA
481,50.04301,8.720063,48.7479153,19.1363754,"E77, 974 01 Banská Bystrica, Slovaquie",SK
482,44.382797,6.919915,-26.7521696,31.8888286,"MR8, Swaziland",SZ
483,50.916992,7.6592836,45.0557497,39.1152164,"1-y Stanovoy proyezd, 4-6, Znamenskiy, Krasnodar Krai, Russia, 350000",RU
484,46.85221,7.5409985,-27.2497673,31.433823,"MR11, Swaziland",SZ
485,47.2761,10.943298,52.0778564,16.6215398,"Juliana Niemcewicza 11, 64-000 Koscian, Poland",PL
486,57.436073,13.798118,58.007536,56.2473741,"ulitsa Pushkina, 25, Perm, Perm Krai, Russia, 614068",RU
487,52.74122,9.068252,55.8607192,9.8707385,"Strandpromenaden 27, 8700 Horsens, Denmark",DK
488,47.72447,7.517872,56.4354412,26.7918852,"P58, Stabulnieku pagasts, LV-5333, Latvia",NO
489,43.811142,7.2304497,39.4687228,-3.2290645,"CM-3012, 7, Alcázar de San Juan, Ciudad Real, Spain",ES
490,49.572887,8.6006775,52.1107378,-7.6774223,"R672, Co. Waterford, Ireland",IE
491,19.83347,8.083012,26.4856465,90.5526287,"Dhaka - Barisal Hwy, Bangladesh",BD
492,49.177757,8.212819,1.2889851,103.7703323,"33 Harbour Dr, Singapore 117606",SG
493,51.41622,8.383428,-28.7221862,24.3565061,"N8, South Africa",ZA
494,48.926956,6.560252,35.188082,128.9824182,"53 Nakdong-daero 1446(cheonsabaek, Sasang-gu, Busan, South Korea",KR
495,48.784584,8.667171,23.4378161,120.3735501,"608, Taiwan, Chiayi County, Shuishang Township, 嘉40-1鄉道",TW
496,51.04473,7.9088736,58.9706318,9.1685919,"Fylkesveg 256 540, 3760 Neslandsvatn, Norway",NO
497,55.871758,10.864353,58.0629122,25.0208749,"Mõisaküla-Jäärja, 86205 Pärnu County, Estonia",EE
498,52.181503,9.682484,65.8527098,20.3970404,"ÖHN 5, 942 95 Vidsel, Швеция",SE
499,51.30881,7.5088835,24.151074,120.5986021,"Jīngkē North Road, Nantun District, Taichung City, Taiwan 408",TW
500,43.681778,59.61855,46.5265046,6.5698032,"Route de la Plaine 5, 1022 Chavannes-près-Renens, Switzerland",CH
501,53.88112,9.634008,27.3106661,91.0641247,"Bumthang - Ura Hwy, Bhutan",BT
502,54.416092,8.296759,46.4638853,13.9432373,"Dovje, 4281 Mojstrana, Słowenia",SI
503,48.295753,6.911702,70.0016971,29.2121019,"E6 110, 9840 Varangerbotn, Norway",IS
504,47.75415,6.057024,48.6368456,22.1607806,"552032, 072 53 Bežovce, Slovakia",SK
505,47.722683,4.754726,43.3468093,23.1062576,"815, 3527 Bistrilitsa, Bulgaria",BG
506,43.296005,8.349037,-34.9055796,117.7932139,"Hazzard Road, Green Valley WA 6330, Australia",AU
507,54.294624,9.821402,42.0880791,-7.7783654,"Rúa Principal, 43, 32693 Vilariño das Poldras, Ourense, Espanja",ES
508,49.525604,7.736107,35.0806828,128.8739751,"311-11 Sinho-dong, Gangseo-gu, Busan, South Korea",KR
509,48.66985,7.6584797,42.062753,24.5535368,"8602, 4225 Perushtitsa, Βουλγαρία",BG
510,51.506863,8.708644,46.6101435,15.238725,"Spodnja Vižinga 39, 2360 Radlje ob Dravi, Słowenia",SI
511,48.593765,7.50616,25.1057739,92.1756915,"Lala Khal Road, Bangladesh",BD
512,48.65473,9.171204,47.4680562,-0.7134867,"11 Rue Saint-Exupéry, 49170 Saint-Léger-des-Bois, France",FR
513,49.718086,5.698328,50.0040019,16.7493491,"Červená Voda 3, 561 69 Červená Voda, Czech Republic",CZ
514,55.631504,10.4699335,47.1485565,27.6817516,"DJ249A, Iași, Romania",RO
515,54.730423,9.384271,52.2141056,21.0329041,"Agrykola 1, Varsovia, Polonia",PL
516,50.351547,8.204299,42.5381722,1.4918619,"Ctra. de la Caubella, AD400 La Massana, Andorra",AD
517,50.85517,8.992926,22.4422477,114.0705052,"Chi Ho Rd, Kam Tin, Hong Kong",HK
518,57.04171,23.249212,23.0990817,89.7601313,"Dhaka - Khulna Hwy, Bangladesh",BD
519,56.11297,11.164322,46.9586367,20.2293298,"5430 Tiszaföldvár, Kurázsi Fő Way 32, Hungary",HU
520,54.951263,9.219709,58.0890227,27.4640547,"Räpina-Kahkva, Sillapää, 64420 Põlva County, Estonia",EE
521,-25.470257,23.975248,-23.7752106,24.7683412,"Kweneng West, Botswana",BW
522,55.34485,10.144119,41.8596,13.9200688,"Strada Statale 479, 67038 Scanno, L'Aquila, Italy",IT
523,49.17913,5.6008797,53.718721,10.0849129,"Segeberger Chaussee, 22397 Hamburg, Tyskland",DE
524,51.25392,13.144032,50.8810774,4.6908401,"Brusselsestraat 204, 3000 Leuven, Belgium",BE
525,46.107887,6.604351,-25.0935137,-50.1899816,"Rua Visconde de Macaé, 295-381 - Nova Rússia, Ponta Grossa - Parana, 84053-190, Brazil",BR
526,48.432453,7.8351707,53.4224466,19.5431051,"Droga Wojewódzka 538, Pologne",PL
527,58.09323,19.970797,32.0735909,34.8206606,"Hurgin 7-25, Ramat Gan, Israel",IL
528,49.04915,8.27408,-21.1010195,-56.5118953,"MS-178, Mato Grosso do Sul, 79290-000, Brazil",BR
529,52.804962,12.218686,-19.9816151,23.4511249,"Koro, Maun, Botswana",BW
530,49.12445,6.667118,62.066357,5.5715553,"Riksveg 61 50, 6144 Sylte, Norvège",NO
531,47.059986,7.8156805,63.7164527,11.2538142,"Fylkesveg 122, 7600 Levanger, Norge",NO
532,53.853237,9.944248,22.4738949,89.5979362,"Khulna - Mongla Hwy, Mongla, Bangladesh",BD
533,51.75997,8.773584,52.100526,-4.6140481,"A487, Cardigan, Ceredigion SA43 1RG, UK",GB
534,55.90589,18.748941,35.1563226,128.9919381,"38-4 Jugam-ro, Sasang-gu, Busan, South Korea",KR
535,55.681427,23.990532,-18.983229,140.4358429,"Burke Developmental Road, Stokes QLD 4823, Australia",AU
536,43.43138,5.776061,44.7791533,-0.6094729,"77-81 Cours du Général de Gaulle, 33170 Gradignan, France",FR
537,58.071327,21.461956,37.0369783,-79.9056519,"Jamestown Road, Rocky Mount, VA 24151, USA",US
538,48.011383,6.3544626,52.3824677,5.2173479,"Markerdreef, Markerkant, 1316 Almere, Nederländerna",NL
539,49.218483,9.212865,40.1309432,20.9691264,"Epar.Od. Samarinas - Fourkas, Grevena 510 32, Grækenland",GR
540,54.096344,13.024593,-19.5714916,-44.0583355,"Rua Santa Juliana, 683 - Bom Jesus, Matozinhos - Minas Gerais, 35720-000, Brazil",BR
541,55.073864,11.769688,1.7583022,110.3192568,"1101, 93050 Kuching, Sarawak, Malaysia",MY
542,53.57505,7.8425884,50.0288734,36.3039915,"Zhulyardi Descent, Kharkiv, Kharkiv Oblast, Ukraine",UA
543,50.471424,6.2872257,49.7980512,14.8664107,"113, 257 26 Divišov, Czech Republic",US
544,51.95465,8.285002,35.1493083,128.8705909,"34-15 Mieum-dong, Gangseo-gu, Busan, South Korea",KR
545,57.678314,23.070972,52.4044233,9.8046393,"Meersmannufer 11, 30655 Hanover, Germany",DE
546,47.77826,8.290928,56.7281893,37.6018089,"Р112, Moskovskaya oblast, Russie",RU
547,51.942448,8.734521,59.3060987,9.1164907,"Vrangfossvegen 868, 3825 Lunde, Norway",NO
548,44.495163,5.801013,54.591129,25.3522521,"Mechanizatorių gatvė, Rudamina 13246, Litauen",LT
549,48.138252,7.0329714,59.3549549,13.7876572,"ARNÖN 210, 660 57 Väse, Sweden",KH
550,52.03637,7.9559593,45.7161573,11.4648062,"Via Santa Rosa, 36010 Zané Vicenza, Italy",IT
551,49.582375,7.6356144,36.7942211,21.840297,"Epar.Od. Koronis-Kamarias, Pilos Nestor 240 04, Greece",GR
552,57.59089,28.54336,43.2209618,13.3119029,"Strada Provinciale 53, 62029 Tolentino, Macerata, Italië",IT
553,54.685383,9.424452,2.9018825,101.8678174,"Jalan Semenyih, 43000 Beranang, Selangor, Malaysia",MY
554,50.15849,10.173309,38.7404707,22.619195,"Epar.Od. Thivas - Thermopilon, Molos Agios Konstantinos 350 09, Grekland",GR
555,57.222916,22.887386,42.4929584,1.4994714,"CG-1, AD500 Andorra la Vella, Andorra",AD
556,49.155235,8.948573,51.6583473,-9.3520954,"Unnamed Road, Co. Cork, Ireland",IE
557,54.86202,9.856199,50.3167032,14.7193757,"27220, 294 78 Dolní Slivno, Czech Republic",CZ
558,57.218983,13.058688,27.88351,128.9330603,"1610 Tete, Tokunoshima-chō, Ōshima-gun, Kagoshima-ken 891-7421, Japan",JP
559,57.405567,12.537413,42.9747781,25.3312194,"4041, 5374 Yantra, Bulgaria",BG
560,54.054123,9.71976,-5.0026364,-81.0678328,"Unnamed Road, Colán, Peru",PE
561,51.898506,8.548769,61.202647,6.5254476,"Sognefjordvegen 21, 6899 Balestrand, Norway",NO
562,55.044308,11.59512,-26.5994848,31.1517241,"MR4, Swaziland",SZ
563,56.314266,11.909706,-2.8902352,-58.9841424,"AM-010, Itacoatiara - AM, 69100-000, Brasilien",HU
564,45.573914,6.8863935,-25.7808011,25.1543644,"B101 Road, South Africa",ZA
565,43.721252,6.504196,35.0806828,128.8739751,"311-11 Sinho-dong, Gangseo-gu, Busan, South Korea",KR
566,53.211926,9.269129,54.817936,23.116096,"1912, Degutinė 71297, Lituanie",LT
567,28.50667,98.30827,-12.0622821,-77.0952454,"Avenida Venezuela, San Miguel District 15088, Peru",PE
568,58.062073,18.365057,52.5523972,13.1955134,"Askanierring 57, 13585 Berlin, Germany",DE
569,13.175704,5.549094,-19.9769498,26.1607635,"A33, Botswana",LT
570,48.76188,6.8984404,5.1258552,-74.9003299,"43 - Palo Cabildo, Armero-Guayabal, Tolima, Colombia",CO
571,47.1268,4.7807145,55.5868775,9.2109997,"Margretenborgvej 17, 6600 Vejen, Denmark",DK
572,33.504875,5.5923376,-3.7498162,-38.5287303,"Avenida Treze de Maio, 447-591 - Fatima, Fortaleza - Ceará, 60040-530, Brazil",BR
573,45.943863,7.504445,56.4903789,-3.096128,"13 Kirk Road, Dundee, Angus DD2, UK",GB
574,47.766384,8.476479,66.6501518,19.8669336,"818, 962 99 Jokkmokk, Sweden",SE
575,51.415955,9.394829,59.9187773,10.5931882,"Bærumsveien 194, 1357 Bekkestua, Norway",NO
576,50.819874,9.318493,52.1398234,5.3573952,"Utrechtseweg 291, 3818 EH Amersfoort, The Netherlands",NL
577,48.374485,8.156219,53.8825725,22.6956887,"Droga Wojewódzka 661, Poland",PL
578,47.127495,9.45351,12.283623,102.9732249,"Unnamed Road, Kambodja",KH
579,42.80607,6.290328,49.4067206,22.1567012,"892, Polska",PL
580,50.160805,8.499058,15.1119659,103.4911581,"Unnamed Road, Tambon Ka Ko, Amphoe Mueang Surin, Chang Wat Surin 32000, Thailand",TH
581,54.303596,9.083259,-26.8954723,31.6766118,"MR14, Sithobela, Swaziland",SZ
582,44.147446,6.3533316,54.7644682,37.9965604,"Р115, Bogoslovskoye, Tula Oblast, Russia",RU
583,41.40915,4.0031433,42.4045835,23.8699484,"803, 2050 Ihtiman, Bulgaria",BG
584,46.737503,7.398525,27.3143143,91.3384094,"Mongar - Trashigang - Trashiyangtse Rd, Yadi, Bhutan",BT
585,54.752594,23.923265,46.418209,15.8695808,"Jadranska ulica 15, 2250 Ptuj, Słowenia",SI
586,56.253906,23.477253,24.9883384,55.0212371,D53 - Dubai - United Arab Emirates,AE
587,47.377533,52.99699,-12.9536192,-38.4589731,"Rua Silveira Martins, 2387-2401 - Engomadeira, Salwador - Bahia, Brazylia",BR
588,58.223335,18.402029,57.79059,26.5079836,"Antsla-Haabsaare, 66422 Võru County, Estonia",EE
589,50.623383,8.344361,42.4566487,1.4787141,"Ctra. de Fontaneda, AD600 Sant Julià de Lòria, Andorra",AD
590,42.713844,5.984379,56.4554691,27.5229237,"Rēzeknes iela 2, Stoļerova, Stoļerovas pagasts, LV-4642, Latvia",LV
591,51.597584,7.7225447,57.1516024,25.7002967,"P30, Taurene parish, LV-4119, Latvia",LV
592,56.7613,15.208479,11.016457,-74.8444981,"Carrera 51B # 1 a 99, Puerto Colombia, Atlántico, Kolumbia",CO
593,47.652332,9.717762,-6.050922,107.4076704,"Jl. Cemara Jaya, Pedes, Karawang, Jawa Barat 41353, Indonesia",ID
594,9.011416,5.5446787,-20.4723592,24.4991213,"Xhumaga, Botswana",BW
595,51.49096,8.204719,37.9646643,24.7506179,"Unnamed Road, Andros 845 01, Greece",GR
596,53.50198,9.147727,25.1265689,55.208014,757 Sheikh Zayed Rd - Dubai - United Arab Emirates,AE
597,48.92729,7.417343,48.6736669,-54.0967318,"NL-1, Glovertown, NL A0G 2L0, Canada",CA
598,45.76235,3.7378054,51.3326356,3.2969982,"Kragendijk 124-134, 8300 Knokke-Heist, Belgium",BE
599,49.856056,9.534309,-26.9159344,31.3383031,"MR9, Nhlangano, Swaziland",SZ
600,45.106396,7.192849,45.5430242,20.8507707,"DN59B, Roemenië",RO
601,57.109627,18.756256,54.988374,-7.9134663,"Unnamed Road, Co. Donegal, Ireland",IE
602,50.02362,8.229104,46.6532712,27.6740119,"DJ207E, Brodoc, Romania",RO
603,50.64508,9.165447,37.2518946,140.3015342,"Chigire-65-46 Hodowara, Sukagawa-shi, Fukushima-ken 962-0045, Japan",JP
604,46.5325,6.1259346,23.5436787,89.5335446,"Mawa - Bhanga Hwy, Bangladesh",BD
605,51.08882,9.727982,6.5978062,-73.1587887,"Barichara, San Gil, Santander Department, Colombia",CO
606,50.32844,8.158479,40.6175328,23.7752242,"Epar.Od. Stavrou-Neas Chalkidikis, Aristotelis 630 74, Greece",GR
607,46.54743,7.4790125,43.4425742,-8.1363108,"Carretera Fonfría, 15611 Cabanas, A Coruña, Spain",ES
608,49.879623,8.085901,-19.5904326,-40.1939023,"BR-101, Espirito Santo, Brazil",BR
609,39.77131,7.8455086,-33.9423116,24.3094964,"R62, Kareedouw 6400, South Africa",ZA
610,41.214504,65.93828,22.4333652,89.043889,"Satkhira - Kalaroa Rd, Bangladesh",BD
611,50.47655,9.657494,-32.7448998,-71.4741487,"F-30-E, Puchuncaví, Valparaíso Region, Chile",CL
612,53.023216,9.049165,53.3384022,-8.9494577,"N17, Co. Galway, Ireland",IE
613,48.319214,8.542215,53.0353793,-1.2872484,"B600, Nottingham, Nottinghamshire NG16 3QX, UK",GB
614,54.18193,9.192434,-30.1526535,-51.2048711,"Avenida do Altos do Santa Rita, 509-589 - Hipica, Porto Alegre - Rio Grande do Sul, 91755-016, Brazylia",BR
615,44.837105,7.4409266,51.8997232,5.7760665,"Valburgsestraat 22, 6677 PC Slijk-Ewijk, The Netherlands",NL
616,49.21945,7.6485558,-36.7618528,145.575812,"48-50 Mansfield Road, Euroa VIC 3666, Australia",AU
617,53.72466,9.308623,57.3121937,25.6482569,"E77, Rauna parish, LV-4131, Lettonie",KH
618,53.25569,9.0921135,56.4699519,23.3850821,"P95, Tērvetes pagasts, LV-3730, Latvia",LV
619,53.02954,9.349659,22.2885634,113.9417325,"33 Tat Tung Rd, Tung Chung, Hong Kong",HK
620,50.57893,6.6259127,51.5750068,-9.3710405,"Unnamed Road, Co. Cork, Ireland",IE
621,50.700577,8.736949,46.0884873,3.443733,"27 Rue de la Gare, 03270 Hauterive, Francja",AE
622,55.237843,11.341185,5.7036859,100.9167833,"Unnamed Road, 09100 Baling, Kedah, Malaysia",MY
623,53.533897,9.23574,55.8743369,26.5275568,"Stacijas iela 42, Daugavpils, LV-5401, Latvia",LV
624,51.315063,8.855819,43.9374584,-79.1024568,"3602-4000 Sideline 16, Pickering, Ontario L1Y 1A2, Kanada",CA
625,51.45083,10.143972,4.2597766,-74.5992037,"I-40 # 1 a 56, Melgar, Tolima, Colombia",CO
626,52.293903,9.123956,-24.6131293,25.9529418,"Kgope, Gaborone, Botswana",BW
627,51.12264,7.692768,11.0934876,106.1424798,"Unnamed Road, Krong Bavet, Kambodscha",KH
628,48.8183,8.56378,-21.1330771,27.4307177,"A30, Botswana",BW
629,49.68964,6.5764837,56.1524746,9.7075752,"Linåvej 62, 8600 Silkeborg, Denmark",DK
630,52.720917,9.232802,48.2276102,19.6169321,"3138 Ipolytarnóc, 2205, Hongarije",HU
631,50.763107,8.006423,26.9433502,-104.6245114,"Carretera Federal 49de Cuota, Chihuahua, Mexico",MX
632,55.434177,9.92562,-26.4063211,31.0833706,"MR19, Swaziland",SZ
633,50.801685,8.275211,47.8655216,18.7510283,"564, 943 65 Bajtava, Slovakia",SK
634,52.596558,9.909432,60.3047598,17.7553752,"735, 748 96 Tobo, Suède",SE
635,55.30513,9.258703,26.9004311,91.5020939,"Unnamed Road, Bhutan",BT
636,57.047188,14.155738,42.6312706,1.5168846,"Av. de Tristaina, AD300 Ordino, Andorra",AD
637,49.720566,6.7590284,51.0720884,13.6653624,"E55, 01157 Dresde, Allemagne",DE
638,56.973656,14.659899,46.7993633,-76.1662251,"QC-117, Lac-Pythonga, QC J0W, Canada",CA
639,42.524353,6.9209576,47.3675534,20.3909522,"5061 Tiszasüly, 3224, Hungary",HU
640,47.60755,8.345095,55.4568286,9.6044814,"Varmarkvej 24-26, 6092 Sønder Stenderup, Denmark",DK
641,54.238094,8.827054,53.2135756,50.1816754,"Moskovskoye shosse, 35, Samara, Samara Oblast, Russia, 445240",RU
642,48.858635,6.6887226,24.9388946,55.0565658,Unnamed Road - Dubai - Förenade Arabemiraten,AE
643,43.802864,5.6570816,45.694322,-62.2852864,"4264 Shore Rd, Merigomish, NS B0K 1G0, Canada",CA
644,50.364983,7.643133,13.9797971,107.0757142,"Unnamed Road, Cambodia",KH
645,54.16957,9.618653,58.1608305,7.9885753,"Egsveien, 4615 Kristiansand, Reino da Noruega",NO
646,49.008877,7.608983,-46.2888654,168.2507337,"292 Argyle-Otahuti Road, Waianiwa 9874, New Zealand",SI
647,46.987053,7.65176,49.7980512,14.8664107,"113, 257 26 Divišov, Czech Republic",US
648,54.905396,9.471981,57.9972839,22.1276452,"Mäebe-Kargi, 93246 Saaremaa, Estonia",EE
649,55.263916,14.239367,63.7181056,-68.5143394,"Akilliq, Iqaluit, NU, Canada",CA
650,53.673004,9.803205,42.5452988,1.4829278,"CG-4, AD400 La Massana, Andorra",AD
651,47.39784,8.288662,31.2385333,34.77376,"Sderot Johana Jabotinsky 13, Beersheba, Israel",IL
652,49.933655,8.046822,49.0927351,-53.8075154,"NL-320, Indian Bay, NL A0G 2V0, Canada",CA
653,46.87487,6.291237,53.4435091,-6.7770112,"Unnamed Road, Co. Meath, Ireland",IE
654,49.472633,6.998891,24.1197883,120.6172781,"Gāotiě 3rd Road & Section 3, Gāotiě Road, Taichung City, Taiwan",TW
655,55.15484,8.883065,48.76376,44.5563384,"ulitsa Kuznetsova, 32, Volgogrado, Óblast de Volgogrado, Rusia, 400007",RU
656,53.73269,9.296705,-33.7790672,150.9291218,"38-40 Oldfield Road, Seven Hills NSW 2147, Australia",AU
657,51.865166,9.049061,48.2095858,19.1357274,"75, 991 41 Čelovce, Slovakia",SK
658,57.483673,31.102488,1.2971707,103.9031092,"910 ECP, Singapore 449889",SG
659,51.16747,9.021027,45.6045819,14.2363,"Šembije 33, 6253 Knežak, Słowenia",SI
660,52.217712,6.9868917,-5.98831,-79.746813,"Avenida Miguel Grau 1014, Olmos, Peru",PE
661,51.55077,9.563367,22.4191344,113.9833265,"Lam Tei Main St, Tuen Mun, Hong Kong",HK
662,10.844853,3.5946958,-37.2401264,-73.2303487,"Ruta 160, Biobío Region, Chile",CL
663,49.223755,8.965891,48.2095858,19.1357274,"75, 991 41 Čelovce, Slovakia",SK
664,55.365364,10.031394,60.2487652,25.8965794,"Tirmontie 597-599, 07360 Porvoo, Finland",FI
665,50.993366,7.635332,50.0148468,36.2357966,"ulitsa Krymskaya, Kharkiv, Ukraine, 61000",UA
666,53.354805,5.699374,46.1809728,16.3327488,"Remetinec, 42220, Remetinec, Croatie",HR
667,50.698563,8.874836,46.0478138,14.2769646,"Setnik 29, 1355 Polhov Gradec, Slovenia",SI
668,47.765038,7.4828787,49.3875815,1.0697446,"33 Avenue de la Mare aux Daims, 76800 Saint-Étienne-du-Rouvray, France",FR
669,55.570793,9.921953,43.6687167,26.1566198,"E70, 7081 Pisanets, Bulgaria",BG
670,49.272285,9.116169,62.1808088,24.7287531,"Isohiekantie 156, 42560 Keuruu, Finland",FI
671,44.720295,5.1470594,-28.0037751,152.0037265,"112 Jonel Park Road, Allora QLD 4362, Australia",AU
672,50.055397,8.868372,-27.6230047,-65.659771,"Ruta Provincial 308, Tucumán, Argentina",AR
673,45.345917,7.9930744,-22.4039807,27.2083271,"A1, Botswana",BW
674,52.66141,8.379804,1.3898742,103.6470293,"Bridge Eins, Singapore",SG
675,47.211853,7.704506,1.2333324,111.645491,"AH150, Spalau, 95700 Betong, Sarawak, Malaysia",MY
676,48.61241,6.111561,59.5757752,25.9585057,"Mere 46, Lahemaa rahvuspark, Võsu, 45501 Lääne-Viru County, Estonia",EE
677,50.397064,7.755539,50.761943,14.5493064,"Nádražní 256, 473 01 Nový Bor, Czech Republic",CZ
678,45.863064,5.2464113,49.3628852,17.5653511,"Bořenovice 50, 769 01 Bořenovice, Czech Republic",CZ
679,21.510693,95.762276,-31.9225127,149.0203924,"Mendooran Road, Mendooran NSW 2842, Australia",AU
680,45.337692,7.039054,47.4080837,21.7843795,"Monostorpályi, Bajcsy-Zsilinszky u. 64, 4275 Hungary",AU
681,50.066925,8.401093,52.9301505,36.0356742,"Avtovokzalnaya ulitsa, 48, Oryol, Oryol Oblast, Federação Russa, 302010",RU
682,52.162453,8.836885,-37.646978,-72.5916616,"Ruta 180, Negrete, Biobío Region, Chile",CL
683,52.13972,8.836508,56.1983259,-3.4232111,"18 Queich Place, Kinross, Perth and Kinross KY13 8DF, UK",GB
684,50.739334,8.684919,-30.0146331,30.9265225,"737 Kingsway, Amanzimtoti 4126, Afrique du Sud",ZA
685,44.820366,6.2241993,44.0743087,142.1412508,"Japan, Hokkaidō, Uryū-gun, Horokanai-chō 国道275号線",JP
686,54.354042,9.758502,45.667792,22.1608736,"DJ681, Roemenië",RO
687,48.68673,7.8633757,46.2604088,15.5255747,"Nova vas pri Šmarju 10, 3240 Šmarje pri Jelšah, Slovénie",SI
688,50.8398,9.256567,50.9201709,4.0185296,"Hoezestraat 65, 9320 Aalst, Belgium",BE
689,40.71021,6.8543234,-15.7235843,-52.2549757,"BR-158, Mato Grosso, 78600-000, Brazil",BR
690,51.80128,8.687113,2.5009864,-60.8830441,"BR-174, Boa Vista - RR, Brazil",CH
691,49.055504,25.969366,18.8527584,-96.9183068,"Ex-vía FFCC, Las Flores, 94950 Amatlán de los Reyes, Veracruz de Ignacio de la Llave, Mexico",MX
692,47.153755,6.6336384,39.1318428,21.2110001,"Unnamed Road, Georgios Karaiskakis 470 48, Greece",GR
693,49.797558,9.259098,53.8456993,20.5347916,"Romana Domagały, Pologne",PL
694,55.046722,10.526096,43.3193524,25.0877361,"301, 5913 Asenovtsi, Bulgarije",BG
695,52.738663,8.988384,20.4718765,-100.5386006,"Morelos, Guanajuato, Mexico",MX
696,51.329082,9.355207,25.0402682,55.4370859,E66 - Dubai - Vereinigte Arabische Emirate,AE
697,47.871986,5.3391685,43.6565424,144.0734618,"Japan, 〒092-0223 Hokkaidō, Abashiri-gun, Tsubetsu-chō, Mito 道道588号線",JP
698,50.95114,8.768273,-33.778865,25.3755945,"R334, Uitenhage 6229, South Africa",ZA
699,58.164795,28.237947,12.5505862,106.349887,"ប្រាសាទខ្វាន់ពីរ, Cambodia",KH
700,48.11162,8.080633,-26.4788363,31.2791613,"MR3, Swaziland",SZ
701,48.66618,7.546605,48.7533826,19.1635282,"Pod Hôrkou 10, 974 11 Banská Bystrica, Slovakia",SK
702,54.157227,9.020244,56.3468864,27.5105967,"P55, Rāzna National Park, Kaunatas pagasts, LV-4622, Latvia",LV
703,28.435572,71.85978,32.7129517,34.949245,"7110 פינת 2, Israel",IL
704,22.371155,91.81282,4.2644893,-74.568264,"Túnel Del Sumapaz, Melgar, Tolima, Kolumbia",CO
705,48.394966,4.8734245,64.1830292,11.8922147,"E6 120, 7732 Steinkjer, Norway",NO
706,46.25845,7.673401,45.2995071,14.5570826,"E65, 51222, Bakar, Croatia",HR
707,49.729515,9.5189085,41.5744425,-81.2186752,"364-374 Wilson Mills Road, Chardon, OH 44024, USA",US
708,53.764526,9.5380745,64.1157089,-21.880143,"Viðigrund, Kópavogur, Islandia",IS
709,55.803596,13.602434,24.9630045,55.188531,D57 - Dubai - United Arab Emirates,AE
710,15.349168,2.1500607,-27.1053278,31.0741307,"MR9, Swaziland",SZ
711,52.07931,9.3107605,59.1537822,26.0966258,"Betooni 3, Tamsalu, 46107 Lääne-Viru County, Estonia",EE
712,49.14382,7.111758,50.54688,3.8573669,"Rue de Bauffe 5-17, 7050 Jurbise, Belgium",BR
713,52.804413,9.275047,-37.5697215,-60.8032527,"Coronel Lavalle, Buenos Aires, Argentina",AR
714,50.3494,10.935787,-24.6256773,25.8580041,"Molepolole Road, Gaborone, Botswana",BW
715,45.78871,4.518915,52.8969056,5.0696999,"Noorderdijkweg 24, 1771 MJ Wieringerwerf, The Netherlands",NL
716,51.420902,8.706953,34.5631087,134.3500543,"Japan, 〒761-4401 Kagawa-ken, Shōzu-gun, Shōdoshima-chō, Yoshida 県道26号線",JP
717,34.722588,8.008117,32.4777548,-114.7810996,"Avenida Francisco Eusebio Kino 295, Comercial, 83449 San Luis Río Colorado, Sonora, Mexique",MX
718,51.652702,9.175177,-30.1526535,-51.2048711,"Avenida do Altos do Santa Rita, 509-589 - Hipica, Porto Alegre - Rio Grande do Sul, 91755-016, Brazylia",BR
719,47.444443,6.671877,42.5688088,-83.3562708,"4741 Fairway Ridge South, West Bloomfield Township, MI 48323, USA",US
720,49.284115,36.54152,11.0467216,105.2102658,"Unnamed Road, Cambodia",KH
721,46.731983,8.141305,-35.0563141,-63.1691975,"RN188, Buenos Aires, Argentina",AR
722,47.678722,8.209506,50.7196355,15.0665256,"Dlouhý Most 275, 463 12 Dlouhý Most, Czech Republic",CZ
723,51.8349,8.997614,56.5369498,9.0367902,"Sdr Boulevard 224, 7800 Skive, Denmark",DK
724,53.943413,9.281806,59.8110508,10.2709084,"Joseph Kellers vei 5, 3408 Tranby, Norway",NO
725,45.518494,6.196122,51.0904476,-115.2208674,"AB-1A, Bighorn No. 8, AB T0L, Canada",CA
726,49.097027,6.7401934,44.115245,-80.1786301,"556300-556598 Mulmur Melancthon Townline, Shelburne, Ontario L0N 1S6, Kanada",CA
727,52.207962,9.46405,-5.1694793,-80.630954,"Gardenias, Piura, Peru",PE
728,50.271492,7.96548,50.937246,4.0625128,"Bergekouter 34, 9300 Aalst, Belgium",BE
729,51.802162,9.254488,63.6368858,22.726819,"Skeppsbyggarevägen, 68600 Pedersöre, Finland",FI
730,51.239006,7.570053,56.2455768,22.7441503,"Dabikinės gatvė 46, Akmenė 85377, Lithuania",LT
731,57.04245,18.997547,50.6902843,15.407152,"29063, 512 11 Vysoké nad Jizerou, Czech Republic",CZ
732,50.376392,7.8919144,25.1400055,121.7977093,"No. 345-363, Běiníng Road, Zhongzheng District, Keelung City, Taiwan 202",TW
733,52.137573,9.980353,57.1266485,24.6971964,"E77, Gauja, Inčukalna pagasts, LV-2140, Latvia",LV
734,39.533974,50.8829,35.2306454,129.0870851,"309-25 Jangjeon 3(sam)-dong, Geumjeong-gu, Busan, Zuid-Korea",KR
735,46.76901,6.7675076,13.1309946,105.2461205,"Unnamed Road, Sandan, Cambodia",KH
736,53.03707,9.192581,45.6823973,-76.7395579,"489-773 Grants Settlement Rd, Foresters Falls, ON K0J 1V0, Canada",CA
737,51.76757,9.158264,48.2936744,19.6613047,"585, 985 32 Panické Dravce, Slovakia",SK
738,47.50251,7.5716486,22.8437649,89.2899842,"Jessore-Satkhira Road, Bangladesh",BD
739,51.223644,9.846367,4.6490013,-74.0555208,"Carrera 4 # 66-2 a 66-100, Bogota, Cundinamarca, Kolumbia",CO
740,52.72996,9.599724,49.6383022,5.3496045,"N840, 6823 Florenville, Belgique",BE
741,55.46024,10.246759,1.3050433,103.8317368,"Paterson Rd, Singapore",SG
742,51.45719,9.371159,60.5740906,15.8587114,"E16, Sweden",SE
743,48.829964,6.850401,48.3767273,17.6812775,"Lovčická 26-28, 919 27 Brestovany-Horné Lovčice, Slovakia",SK
744,53.771057,9.6157675,-33.0675393,-71.5848956,"Río Bueno 186-202, Valparaíso, Valparaíso Region, Chile",CL
745,47.276543,9.268567,-23.5918194,-50.1428113,"Rodovia Transbrasiliana, Paraná, Brésil",BR
746,54.083385,9.795694,38.2599876,23.0047624,"Epar.Od. Thivas-Paralia Sarantis 838, Thiva 320 10, Greece",GR
747,51.445305,9.316998,36.1592976,-75.8590247,"7695-7711 Caratoke Highway, Powells Point, Caroline du Nord 27966, États-Unis",US
748,50.584724,10.226406,-34.0712375,18.8290244,"Curlew Way, Cape Town 7130, South Africa",ZA
749,46.809177,9.93365,19.2306667,101.0671048,"Unnamed Road, Tambon Phu Kha, Amphoe Pua, Chang Wat Nan 55120, Thailand",TH
750,51.005142,7.9527607,39.0939617,-95.5669481,"2380-2698 Barton Road, Grantville, KS 66429, USA",US
751,55.931347,9.725243,57.598382,34.5193641,"Yamskaya ulitsa, 88-90, Wysznij Wołoczok, Obwód twerski, Rosja",RU
752,45.126923,6.117161,11.092859,104.3828431,"Unnamed Road, Cambodia",KH
753,49.97866,9.037279,44.0723321,0.7760644,"Rue des Pyrénées, 82340 Dunes, France",FR
754,33.228962,80.271454,-32.7742434,115.8669766,"245-249 Coolup Valley Road, Coolup WA 6214, Australia",AU
755,49.795326,7.5163383,-32.4880103,24.7823793,"R63, South Africa",ZA
756,45.61271,7.7419653,27.0309296,89.5883963,"Phuntsholing - Thimphu Hwy, Bhutan",BT
757,47.529377,7.5724287,49.4700618,11.0973391,"Steigerwaldstraße 32, 90409 Nuremberg, Germany",DE
758,48.782505,6.5110626,-24.4034355,-53.4982141,"Rua Piratininga, 605-629, Parana, 85935-000, Brazil",BR
759,44.837845,5.599906,48.5487713,19.4127923,"Milana Rastislava Štefánika 55, 962 12 Detva, Slovakia",SK
760,53.071144,10.163435,57.2127576,27.5659858,"P42, Susāju pagasts, LV-4582, Latvia",LV
761,50.817696,7.5431566,53.12082,18.0604221,"Iławska 22, Bydgoszcz, Polska",PL
762,51.98999,8.954311,51.0174128,7.0072736,"Knochenbergsweg 3, 51373 Leverkusen, Germany",DE
763,50.23775,8.473485,28.4587891,129.7189029,"2168 Kasarichō Ōaza Ushuku, Amami-shi, Kagoshima-ken 894-0501, Japan",JP
764,54.238693,9.7758875,42.5607406,1.4956923,"CG-4, 82, AD400 Erts, Andorra",AD
765,57.69834,18.063837,45.8297884,15.4303263,"Dolšce 16, 8311 Kostanjevica na Krki, Slovénie",SI
766,50.472984,8.000749,-33.1270612,-71.5699715,"Cardenal Samoré, Valparaíso, Valparaíso Region, Chile",CL
767,51.108753,11.751974,1.3050433,103.8317368,"Paterson Rd, Singapore",SG
768,49.809895,6.9889345,52.5625662,5.6433015,"Rozentuin 31, 8255 JG Swifterbant, The Netherlands",NL
769,50.716347,8.721431,51.0972846,-3.9082676,"1 Thorn Park Cottages, Brayford, Barnstaple, Devon EX32 7PS, UK",GB
770,45.026413,6.353573,-40.2439772,-70.3398808,"RN237, Neuquén, Argentina",AR
771,45.113068,5.2470675,52.6326329,-8.2749797,"Unnamed Road, Co. Limerick, Irlande",IE
772,49.27359,5.418214,4.959534,116.4619247,"Jln Nabawan-Kalabakan, Pandawan, Nabawan, Sabah, Malaysia",MY
773,58.061806,14.541712,27.5033661,90.7303241,"Bumthang - Ura Hwy, Bhutan",BT
774,49.818996,8.16528,-30.9813834,150.2920607,"7315 Oxley Highway, Gunnedah NSW 2380, Australia",AU
775,52.54581,9.422609,37.6599941,127.1162987,"342-3 Byeollae-dong, Namyangju-si, Gyeonggi-do, South Korea",KR
776,50.614082,7.9872484,52.2137475,4.9313539,"Achterveld 10, 3645 HP Vinkeveen, The Netherlands",NL
777,57.69179,18.019117,46.2678243,15.3704408,"Jarmovec 6, 3222 Dramlje, Slovenia",SI
778,52.323406,9.1135235,43.4987176,11.8624836,"Sc Patrignone - Bivio Stroppiello, 52100 Arezzo, Italy",IT
779,50.44895,9.691244,37.5145356,126.8633412,"South Korea, Seoul, Sinjeong-dong, 1302 목동13단지아파트",KH
780,57.693962,30.024899,43.0025688,17.5514336,"D8, 20356, Podgradina, Croatia",HR
781,47.086784,7.926482,40.8632462,16.7503775,"SP236, 70020 Santeramo in Colle, Bari, Italy",IT
782,52.102283,9.234395,15.6001944,101.522274,"Unnamed Road, Tambon Sap Yai, Amphoe Sap Yai, Chang Wat Chaiyaphum 36130, Thailand",TH
783,49.363434,8.238385,45.9994828,14.331601,"Drenov Grič 43, 1360 Vrhnika, Słowenia",SI
784,52.966736,10.22691,19.2392949,-98.248186,"Cristóbal Colón 2, San Juan Huactzinco, 90190 San Juan Huactzinco, Tlaxcala, Mexikó",MX
785,53.847557,10.790464,37.5402739,126.7615153,"248-4 Byeongbang-dong, Gyeyang-gu, Incheon, Coreea de Sud",KR
786,52.527344,8.124333,31.7522634,130.1948084,"5896 Hashima, Ichikikushikino-shi, Kagoshima-ken 896-0064, Japan",JP
787,47.498558,6.822839,58.4409894,25.6634248,"Taari-Auksi, 70202 Viljandi County, Estonia",EE
788,48.656693,7.212785,-7.3535445,112.6139871,"Jl. Sumput No.1, Driyorejo, Gresik, Jawa Timur 61177, Indonesia",ID
789,50.551414,7.6273537,48.1028114,19.5622149,"3170 Szécsény, Fő Way 41, Hungary",HU
790,42.099365,8.460674,-33.4382717,-70.5678766,"Príncipe de Gales 6174-6254, La Reina, Santiago Metropolitan Region, Chile",CL
791,45.98014,9.378893,14.6793719,98.365119,"Unnamed Road, Tambon Pilok, Amphoe Thong Pha Phum, Chang Wat Kanchanaburi 71180, Thailand",TH
792,56.564293,11.517107,25.1128676,55.1088845,Crescent Rd - Dubai - Vereinigte Arabische Emirate,AE
793,47.18719,15.512356,-24.6194593,25.8444358,"Molepolole Road, Gaborone, Botswana",BW
794,47.24347,6.5576735,50.9167229,17.1362789,"55-216 Polwica, Poland",PL
795,51.054092,8.3106985,56.5764667,9.1325234,"Hobrovej, 7840 Højslev, Denmark",DK
796,53.472893,9.770937,42.628325,1.4959969,"Ctra. d'Arcalís, AD300 Ordino, Andorra",AD
797,48.957863,8.914115,53.4891127,19.7595255,"19 Stycznia, Lubawa, لهستان",PL
798,52.26032,9.197068,52.1396434,-8.4336073,"Unnamed Road, Co. Cork, Irlande",IE
799,47.141533,7.769104,-46.2329396,168.2400295,"178 Spar Bush-Bay Road, Northope 9874, New Zealand",NZ
800,48.660618,6.8478813,62.8260359,30.1712038,"Karhusalontie 209, 81200 Joensuu, Finland",FI
801,51.323524,7.8153667,56.4501525,27.4071885,"P55, Čornajas pagasts, LV-4617, Latvia",LV
802,50.058655,7.37366,56.0656954,-3.4144787,"2 Norway Gardens, Dunfermline, Fife KY11 8JW, UK",GB
803,51.647957,9.131878,9.7275971,-73.7194798,"US43 # 2 a 74, El Paso, Sesaro departamentas, Kolumbija",CO
804,50.122772,7.857936,55.5723719,11.8486653,"Lerbjergvej 2, 4330 Hvalso, Denmark",DK
805,55.09443,10.787145,24.8910439,55.0591307,Sheikh Mohammed Bin Zayed Rd - Dubai - Các tiểu Vương quốc Ả rập Thống nhất,AE
806,46.494522,6.5154724,31.7771157,130.9987196,"Japan, 〒885-0113 Miyazaki Prefecture, Miyakonojo, Shonaicho 県道31号線",JP
807,-4.4012527,11.227026,-31.5040108,137.1007904,"Stuart Highway, Mount Gunson Australia Południowa 5710, Australia",AU
808,52.156197,8.90912,46.5867032,15.6692798,"Pekel, Slovenia",SI
809,51.56842,9.130533,22.2753197,113.9443117,"Wong Lung Hang Rd, Lantau Island, Hong Kong",HK
810,51.355343,8.878702,19.9758157,-96.6080515,"Poza Rica - Veracruz, Los Pozos, 93980 Emilio Carranza, Veracruz, Mexico",MX
811,53.95643,9.423832,55.434293,12.9842149,"585, 236 91 Höllviken, Sweden",SE
812,43.205135,7.024749,42.5120341,27.1656544,"539, 8108 Troyanovo, Bulgarije",BG
813,51.59578,8.586034,28.0294412,-81.7673696,"2879 Avenue G Northwest, Уинтер Хейвен, Флорида 33880, Соединенные Штаты Америки",US
814,49.22442,6.5557775,-38.1037657,175.7259255,"743 Old Taupo Road, Waotu 3481, New Zealand",NZ
815,56.799595,11.0419655,45.4598855,14.1370093,"Unnamed Road, 52421, Vodice, Croatia",HR
816,57.465584,14.977335,56.6491071,25.1222015,"Birzes iela 1A, Skrīveri, Skrīveru novads, LV-5125, Latvia",LV
817,54.594448,7.918068,55.5309649,25.1072772,"Stoties gatvė 12, Anykščiai 29111, Lithuania",LT
818,55.50416,10.396296,56.0195161,12.5631132,"Støberivej 1, 3000 Helsingor, Denmark",DK
819,43.809093,12.43181,-27.0306169,30.7556522,"R543, South Africa",ZA
820,55.219173,41.595554,26.6652714,142.1534287,"Japan, 〒100-2211 Tōkyō-to, Ogasawara-mura, Hahajima 都道241号線",JP
821,51.44864,10.413763,-19.5750656,-44.0313482,"Rua Nossa Senhora da Conceição, 1-151 - Lagoa Santo Antonio, Pedro Leopoldo - Minas Gerais, 33600-000, Brazylia",BR
822,48.768158,8.260504,-24.6194593,25.8444358,"Molepolole Road, Gaborone, Botswana",BW
823,48.828003,8.2623005,45.3163698,8.8402696,"Via Marsala, 13, 27029 Vigevano Pavia, Italië",IT
824,49.588757,7.988844,62.5267906,17.5883418,"Västansjövägen, 860 35 Söråker, Sweden",SE
825,45.784405,7.9622993,10.4958935,-74.5182421,"Pivijay # 99, Pivijay, Magdalena, Kolumbia",CO
826,49.86061,8.527404,44.4181204,27.769679,"Ialomița, Romania",RO
827,48.11662,5.632433,51.3326356,3.2969982,"Kragendijk 124-134, 8300 Knokke-Heist, Belgium",BE
828,53.902782,9.372385,63.7369886,-68.4938844,"2444 Paurngaq, Iqaluit, NU X0A, Canada",CA
829,55.290504,10.017021,45.8500852,12.6598204,"SP43, 33087 Villaraccolta-buset Pordenone, Italy",IT
830,54.43892,9.476334,51.9640761,5.6308469,"Haarweg 26, 6709 PK Wageningen, The Netherlands",NL
831,53.262764,9.161259,32.692425,35.3197795,"HaGefen 16, Nazareth Illit, Israel",IL
832,51.81581,8.226279,22.8228845,89.3349395,"Khulna - Satkhira Rd, Bangladesh",BD
833,46.301453,6.017436,54.9891999,23.9452805,"222, Voškoniai, Lithuania",LT
834,52.26288,9.201597,55.0767947,10.3214428,"Svendborgvej 288, 5600 Faaborg, Tanska",DK
835,45.989384,5.035206,50.3100949,-113.0641194,"Township Rd 160, Champion, AB T0L 0R0, Kanada",CA
836,53.975056,9.5871105,43.474454,144.3017001,"Akan-Odan Rd, Okushunbetsu, Teshikaga-chō, Kawakami-gun, Hokkaidō 088-3228, Japan",JP
837,53.20245,9.8488865,-30.7659714,-70.9429794,"D-55, Monte Patria, Coquimbo, Chili",CL
838,50.69302,8.555923,-20.5746946,-48.5560648,"Avenida Ibirapuera, 937-1039 - City Barretos, Barretos - São Paulo, Brazil",BR
839,53.6174,9.668474,26.6543822,142.1540844,"Japon, 〒100-2211 Tōkyō-to, Ogasawara-mura, Hahajima 都道241号線",JP
840,54.771847,9.365594,49.1612757,14.7372153,"00352, 391 81 Vlkov, Czech Republic",CZ
841,48.51317,8.15187,48.5398506,19.8637364,"531007, 980 53 Lehota nad Rimavicou, Slovakia",SK
842,51.716675,9.50354,50.0946933,-125.2015766,"Heriot Bay Road, Campbell River, BC V9W 5E3, Canada",CA
843,51.18673,8.25343,-33.4796254,-70.578798,"Vespucio Sur Express, Macul, Santiago Metropolitan Region, Chile",CL
844,51.433464,9.110428,27.0569804,89.9019135,"Daga Rd, Bhutan",BT
845,52.46993,9.529874,43.777732,16.6082868,"D1, 21233, Satrić, Croatia",HR
846,55.19967,9.842667,18.7444121,99.0206952,"Soi Ban San Khue 4 Mu 8, Tambon Nong Phueng, Amphoe Saraphi, Chang Wat Chiang Mai 50140, Thailand",TH
847,52.36157,8.688436,43.5261808,27.1884045,"701, 9937 Harsovo, בולגריה",BG
848,49.45806,8.348503,70.4866558,24.1595946,"Riksveg 94 600, 9620 Kvalsund, Reino da Noruega",NO
849,52.817955,9.116323,45.6747481,16.0793767,"A11, 10410, Okuje, Croatia",HR
850,49.343178,7.1500845,42.576472,1.6248929,"CG-2, AD100 Canillo, Andorra",AD
851,57.23743,15.949458,-33.4952965,150.4033424,"128 Mount Irvine Rd, Mount Wilson NSW 2786, Australien",FI
852,49.39572,8.211145,52.0606003,5.2141451,"Schoudermantel, 3981 Bunnik, The Netherlands",NL
853,51.407986,33.6909,25.0356043,55.5920968,Dubai-Hatta Rd - Dubai - United Arab Emirates,AE
854,51.22194,9.063452,44.0318904,24.1451349,"DJ604, Marotinu de Jos, Romania",RO
855,50.033413,7.1591024,59.4271741,24.944586,"Nehatu-Loo-Lagedi, Loo, 74201 Harju County, Estonia",EE
856,51.820778,8.810249,-25.8752343,148.5526312,"8687 Carnarvon Highway, Injune Queensland 4454, Australie",AU
857,52.354057,9.275607,49.8334176,23.9947928,"Mykoly Zerova street, 4, Lwów, Obwód lwowski, Ukraina",UA
858,54.706604,10.434339,43.5103603,16.4718429,"Ulica Matice hrvatske 51, 21000, Split, Croatie",HR
859,48.143707,6.48557,57.6012572,39.8765501,"Moskovskiy prospekt, 89, Yaroslavl, Yaroslavl Oblast, Russia, 150000",RU
860,53.83207,10.341625,-11.2164768,-77.5532676,"Panamericana Norte, Peru",PE
861,46.730988,8.251605,43.4994167,-8.2457915,"Camino Iglesia, 5, 15405 Ferrol, A Coruña, Spain",ES
862,51.118645,9.282018,45.3253342,14.8552191,"Poljička ulica 1, 51315, Mrkopalj, Croatie",HR
863,53.94557,8.843633,37.4555366,127.0204098,"359-1 Juam-dong, Gwacheon-si, Gyeonggi-do, South Korea",KR
864,47.21772,6.503249,1.3398301,103.9331085,"806 Bedok Reservoir Rd, Singapore 479243",SG
865,45.98065,9.714642,41.9794515,3.04472,"Barri Castell d'Empordà, 16C, 17115 Castell d'Empordà, Girona, Spain",ES
866,44.727264,5.7818346,67.1363555,24.069122,"Lohinivantie 43, 95800 Kolari, Finland",CL
867,47.760826,7.0914717,55.2736092,-3.4247549,"B7076, Moffat, Dumfries and Galloway DG10 9PW, UK",GB
868,50.022346,9.416404,56.7248939,22.0062916,"P116, Raņķi parish, LV-3326, Latvia",LV
869,58.455647,18.63913,58.0629122,25.0208749,"Mõisaküla-Jäärja, 86205 Pärnu County, Estonia",EE
870,53.025375,9.243626,52.7621096,-112.229356,"Alberta 855, Daysland, AB T0B 1A0, Canada",CA
871,49.925323,8.720378,-7.5080058,-46.0405847,"Rua Bela Vista, 1-67, Maranhão, 65800-000, Brazil",BR
872,44.820393,5.8393955,51.5750068,-9.3710405,"Unnamed Road, Co. Cork, Ireland",IE
873,51.286335,9.004164,47.4604181,8.4407857,"Alter Bahnhof 2, 8107 Buchs, Switzerland",CH
874,53.689,7.218074,37.5468269,126.8707464,"508-2 Mok 2(i)-dong, Yangcheon-gu, Seoul, South Korea",KR
875,55.4303,11.217561,23.5433995,121.4159135,"Ānyèxi Industry Road, Ruisui Township, Hualian, Tajwan 978",TW
876,54.346085,9.985556,57.1165753,23.2312433,"Pļavas iela 1, Ķesterciems, Engure parish, LV-3113, Latvia",LV
877,52.26467,9.426033,22.9598778,120.3876129,"Nánpíng Road, Longqi District, Tainan City, Taiwan 719",TW
878,52.377895,9.0820055,39.4212583,-9.1118586,"N360, 2500-303, Portugal",PT
879,50.981693,8.956776,55.7858219,9.6427244,"Bredalvej 16, 8722 Hedensted, Denmark",DK
880,46.94926,6.7722206,49.2881896,13.3814079,"1718, 341 42 Kolinec, Czech Republic",CZ
881,57.760628,14.306505,53.4656915,21.4863972,"Droga Krajowa 59, Poland",PL
882,55.801147,11.176294,-7.6040886,109.5087552,"Gg. Nanas Gombong, Gombong, Kebumen, Jawa Tengah 54414، إندونيسيا",ID
883,21.719765,3.3510613,38.3585153,-94.0305347,"1444-1498 Missouri 18, Urich, MO 64788, USA",US
884,48.145794,6.185814,65.6879019,-18.1147907,"Höfðahlíð, Akureyri, Iceland",IS
885,51.788948,8.548694,47.2851345,-71.3499335,"Unnamed Road, Sainte-Brigitte-de-Laval, QC G0A 3K0, Canada",CA
886,44.8762,8.255281,48.2878569,18.1344725,"Dolná 4-6, 949 07 Nitra-Janíkovce, Slovakia",SK
887,57.76963,21.116196,42.6113311,1.5390494,"Av. de la Font de Canyar, AD300 Ordino, Andorra",AD
888,44.098236,4.4787064,-45.6694488,170.6376373,"824 Coast Road, Seacliff 9471, New Zealand",NZ
889,50.927876,7.145811,34.8713222,-120.4426565,"4590,4592 Coachman Way, Orcutt, Californie 93455, États-Unis",US
890,44.071236,8.783618,56.9129369,23.8825813,"Viestura iela 6, Dzilnuciems, Babīte parish, LV-2107, Latvia",LV
891,44.78106,17.492735,22.2301139,114.2597563,"Unnamed Road, Hong Kong",HK
892,54.125175,9.80788,46.4314885,9.8375788,"Senda Aguagliöls 12, 7513 Silvaplana, Zwitserland",CH
893,48.685802,7.4153967,57.5682894,-4.4200065,"B9163, Dingwall, Highland IV7, UK",GB
894,56.88996,21.078493,30.7887255,130.2660158,"Unnamed Road, Iōjima, Mishima-mura, Kagoshima-gun, Kagoshima-ken 890-0901, Japan",JP
895,44.544914,19.705948,25.1307587,55.1168372,Crescent Rd - Dubai - United Arab Emirates,AE
896,50.44285,8.091986,55.7039448,9.9747882,"Fjordager 12, 7130 Juelsminde, Danmark",DK
897,53.736492,9.980598,57.1250973,23.0096192,"P128, Zentenes pagasts, LV-3113, Latvia",LV
898,47.0145,7.254937,53.7339262,-7.0045559,"Unnamed Road, Co. Meath, Ireland",IE
899,39.74665,13.148684,23.0990817,89.7601313,"Dhaka - Khulna Hwy, Bangladesh",BD
900,50.179314,8.183106,59.804318,10.3833704,"Heggedalsveien 50, 1385 Asker, Norway",NO
901,51.14789,9.109813,60.0191429,30.2540523,"Dolgoozyornaya ulitsa, 20 корпус 1, Saint Petersburg, Russia, 190000",RU
902,54.010445,10.058986,4.0856729,114.8277504,"Marudi, Sarawak, Malaysia",MY
903,49.82241,9.058403,47.2902073,26.8209199,"DJ281C, Romania",EE
904,50.054058,7.1492987,22.3044963,114.2265883,"15 Laguna St, Laguna City, Hong Kong",HK
905,51.51589,9.6762905,-24.5246365,25.8537906,"A1, Gaborone, Botswana",BW
906,48.7604,7.8526936,40.6443814,15.4983037,"Strada Provinciale 51 di Balvano, Balvano, Potenza, Italy",IT
907,53.019524,9.598968,54.988374,-7.9134663,"Unnamed Road, Co. Donegal, Ireland",IE
908,-11.945123,19.32565,-22.5758686,27.6550858,"Serowe, Botswana",BW
909,53.778854,9.185764,13.8799059,103.4111683,"Unnamed Road, Cambodia",KH
910,53.010246,9.371826,47.5127001,18.8319071,"2071 Páty, Kossuth Street 15, Hungary",US
911,53.00779,9.130486,1.2942526,103.8644655,"Republic Blvd, Singapore",SG
912,50.400276,7.239807,48.4493691,19.5348751,"Hradná, 985 52 Divín, Slovakia",SK
913,48.1937,7.2851048,25.2429346,55.2755186,149 Al Mina Rd - Dubai - United Arab Emirates,AE
914,49.6827,8.354866,43.2112054,26.8023411,"5102, 7740 Nadarevo, Bulgaria",BG
915,43.428474,7.503392,11.092859,104.3828431,"Unnamed Road, Cambodia",KH
916,54.722336,10.092642,58.3037991,24.7704695,"Paikuse-Tammuru, 86605 Pärnu County, Estonia",EE
917,52.651695,9.703735,51.9689732,6.212787,"Keppelseweg 41, 7031 EB Wehl, The Netherlands",NL
918,50.240807,8.872972,38.2263153,25.8939545,"Unnamed Road, Chios 821 02, Greece",GR
919,50.367283,6.5696096,4.239476,114.0619891,"AH150, 98000 Miri, Sarawak, Malaysia",MY
920,52.569958,8.138356,57.9972839,22.1276452,"Mäebe-Kargi, 93246 Saaremaa, Estonia",EE
921,51.580696,6.929944,-36.996069,174.9005447,"7-9 Sesame Grove, Goodwood Heights, Auckland 2105, New Zealand",BE
922,56.9477,18.586893,49.6383022,5.3496045,"N840, 6823 Florenville, Belgique",BE
923,46.330837,56.196552,37.5440655,126.9142033,"74-29 Hapjeong-dong, Mapo-gu, Seoul, South Korea",KR
924,49.640373,8.439639,45.3517365,25.5430032,"Strada Gheorghe Doja, Sinaia, Romania",RO
925,48.593033,9.294588,37.6240297,22.0572732,"Epar.Od. Dimitsanas - Karkalous, Gortynia 220 07, Greece",GR
926,47.736176,6.700721,4.7004078,-74.2235077,"I-50 # 2 a 100, Mosquera, Cundinamarca, Colombia",CO
927,37.397198,11.157608,-26.4830806,31.3067088,"MR3, Matsapha, Swaziland",SZ
928,54.319588,7.4662123,25.0357984,55.5923318,Dubai-Hatta Rd - Dubai - United Arab Emirates,AE
929,48.574333,8.193594,1.3877415,103.646663,"Bridge Eins, Singapore",SG
930,52.81469,10.212197,25.0663507,55.3059778,Unnamed Road - Dubai - United Arab Emirates,AE
931,53.411415,9.314865,-32.833047,-70.5340897,"E-765, Valparaíso Region, Chile",CL
932,46.76568,7.1944046,42.6289593,24.9528462,"607, 4370 Kalofer, Bulgaria",IS
933,52.747932,9.165713,54.5416928,18.28992,"Wejherowska, Полша",PL
934,48.74397,5.460787,58.5429222,6.2193104,"E39 1097-1137, 4376 Helleland, Norway",NO
935,52.88967,6.9935703,48.2158106,0.1154547,"Salverts, 72170 Beaumont-sur-Sarthe, France",FR
936,49.764034,8.083204,-4.6777063,-79.8858109,"Unnamed Road, Peru",PE
937,49.765133,7.3386536,45.707572,18.0748619,"D34, 31531, Viljevo, Croatia",HR
938,50.271923,8.172762,54.0282682,38.3087051,"Parkovaya ulitsa, 8, Novomoskovsk, Tula Oblast, Russia, 301650",RU
939,45.568367,5.046649,48.4882705,-0.5770139,"36-38 Le Bourg, 61330 Loré, France",FR
940,53.912,9.752127,43.4090347,5.1990796,"Chemin des Macreuses, 13700 Marignane, France",FR
941,47.699196,6.9234676,-43.4617362,172.0244982,"182 Deans Road, Darfield 7571, New Zealand",NZ
942,48.553375,8.030036,60.1992551,16.9505041,"56, 740 45 Tärnsjö, Sweden",SE
943,57.18074,13.836944,-26.2720794,31.0890015,"MR3, Swaziland",SZ
944,53.348286,9.6813545,42.5309511,1.5079006,"Ctra. de Sispony, 6, AD400 La Massana, Andorra",AD
945,56.931503,17.352518,54.7203992,25.2266867,"Taikos gatvė 18, Wilno 05218, Litwa",MY
946,53.72786,8.914446,26.7673268,128.2580987,"Unnamed Road, Sate, Kunigami-son, Kunigami-gun, Okinawa-ken 905-1425, Japan",JP
947,53.78833,9.95757,49.3821881,17.4458719,"Říkovice 138, 751 18 Říkovice, Czech Republic",NZ
948,47.429756,6.4647207,-29.7286067,31.0806513,"M4, Umhlanga 4320, South Africa",ZA
949,46.65985,7.072651,59.0486876,24.0364095,"Risti-Kuijõe, 90902 Lääne County, Estonia",EE
950,54.66397,10.314568,46.771118,9.8369694,"Clavadeler Alp, 7272 Davos, Szwajcaria",CH
951,26.682364,14.004456,16.1401375,99.5626358,"Unnamed Road, Tambon Pho Thong, Amphoe Pang Sila Thong, Chang Wat Kamphaeng Phet 62120, Thailand",TH
952,58.045403,19.812777,4.7930773,-74.3809489,"Zipacón - Facatativá # 1 a 5, Zipacon, Cundinamarca, Colombia",CO
953,49.474667,6.7577753,32.7341258,35.0381527,"721, Israel",IL
954,43.099815,5.958454,-30.2137804,30.7635223,"65 Dahlia Road, Craigieburn 4170, South Africa",ZA
955,50.61641,7.8559723,43.6847226,26.4070887,"2003, 7038 Senovo, Bulgaria",BG
956,49.451458,7.9494753,43.203431,25.2274496,"403, 5234 Dimcha, Bulgaria",BG
957,46.939846,6.2722235,27.6627839,90.7482937,"Unnamed Road, Bhutan",LT
958,55.714104,9.09662,55.7292049,36.2969713,"A108, Moskovskaya oblast, Russia",RU
959,43.496017,5.503792,46.7356577,16.2926399,"Selo 63, 9207 Prosenjakovci, Slovénie",SI
960,50.904503,8.573953,35.1688071,129.1657896,"1363-9 Jwa 3(sam)-dong, Haeundae-gu, Busan, South Korea",KR
961,47.421997,5.9676247,65.6352121,-18.027274,"Eyjafjarðarbraut eystri, Iceland",IS
962,50.79472,8.878601,40.7106775,9.7017342,"Via Torquato Tasso, 104, 08020 Budoni, Olbia-Tempio, Italy",IT
963,47.297997,7.1950808,52.2885188,4.7081901,"Rijnlanderweg 878, 2132 ML Hoofddorp, Pays-Bas",NL
964,29.507454,24.097525,32.435872,34.9153692,"Ahad Ha'Am 5-7, Hadera, Israel",IL
965,46.65567,6.925722,47.947141,21.7862051,"4551 Nyíregyháza, Derüs Street 15-17, Hungary",HU
966,55.48662,8.880995,55.4946168,10.1528454,"Brolundvej 20, 5471 Sonderso, Denmark",DK
967,50.826096,5.943509,50.4056456,4.3426145,"N54, 6140 Fontaine-l'Evêque, Belgique",BE
968,53.335384,9.411786,40.3873609,22.3785553,"Epar.Od. Mandraki, Katerini 601 00, Greece",GR
969,53.22844,9.019361,-32.7392114,-70.7664538,"Ruta 60, Valparaíso Region, Chile",CL
970,50.604862,7.4699564,50.8023156,3.3604827,"Paridaanstraat 13, 8550 Zwevegem, Belgium",BE
971,46.469994,5.9289293,60.7003118,17.1478053,"Nybyggarvägen 3, 806 42 Gävle, Sweden",SE
972,49.38175,8.546687,23.7537651,88.6656739,"Chuadanga - Meherpur Hwy, Bangladesh",BD
973,49.405098,9.422287,-28.6939292,-56.2424633,"Ruta Nacional 14, Corrientes, Argentina",AR
974,49.49847,4.9878473,65.1102117,-14.3305924,"92, Iceland",IS
975,48.56168,8.645386,52.4069233,9.6603344,"Hogrefestraße 8, 30419 Hanower, Niemcy",SG
976,51.648567,8.983331,63.3795985,29.926706,"Yläviekintie 59, 81700 Lieksa, Finland",FI
977,49.21334,8.569259,15.216302,103.1610748,"Unnamed Road, Tambon Don Mon, Amphoe Satuek, Chang Wat Buri Ram 31000, Thailand",TH
978,40.533432,75.40162,32.518132,35.0017454,"Ha-Dekel Giv'at Ada 1, Binyamina-Giv'at Ada, Israel",IL
979,58.43215,20.058275,12.7093601,102.4420745,"3299, Tambon Nong Bon, Amphoe Bo Rai, Chang Wat Trat 23140, Thailand",MY
980,48.68521,9.620615,35.2577493,128.5139814,"산1 Jung-ri, Naeseo-eup, Masanhoewon-gu, Gyeongsangnam-do, Южная Корея",KR
981,55.318718,14.041006,14.8470135,103.3156426,"Unnamed Road, Tambon Ban Prue, Amphoe Krasang, Chang Wat Buri Ram 31160, Thailand",TH
982,54.629345,11.645254,57.2000463,26.6876361,"P27, Ozolkalns, Beļavas pagasts, LV-4409, Latvia",LV
983,49.072872,8.686592,25.1403695,55.1322195,Crescent Rd - Dubai - United Arab Emirates,AE
984,49.738365,8.411568,14.6765087,104.3198717,"24, Tambon Samrong Phlan, Amphoe Phrai Bueng, Chang Wat Si Sa Ket 33180, Thajsko",TH
985,50.376846,8.701395,46.3609116,20.7289665,"6917 Nagyér, 4426, Hungary",HU
986,48.34578,8.2324,65.6459407,-16.3548439,"Route 1, Iceland",IS
987,54.945877,9.473564,23.9829637,120.984404,"Dànǎn Road, Puli, Contea di Nantou, Taiwan 545",TW
988,49.218052,8.208837,59.4660284,10.8376751,"Riksveg 115 40, 1591 Sperrebotn, Norway",NO
989,57.38142,15.40588,42.4990107,1.53065,"Urb. Comella Parc, AD500 Andorra la Vella, Andorra",AD
990,53.15859,9.33363,53.1084128,5.6537088,"It Sân 2, 8735 HK Itens, The Netherlands",NL
991,50.612602,8.476942,56.6294927,21.2946957,"P112, Tadaiķi parish, LV-3452, Latvia",KH
992,55.032936,9.362157,56.7477841,24.8338276,"Atpūtu iela 15, Lielvārde, Lielvārdes pilsēta, LV-5070, Lettonie",LV
993,47.391624,37.363945,48.5398506,19.8637364,"531007, 980 53 Lehota nad Rimavicou, Slovakia",SK
994,44.938694,6.298279,39.3470631,-9.075247,"R. do Bairro Novo 3, 2510, Portugal",PT
995,51.94406,8.843994,52.0707827,-8.2933078,"R614, Co. Cork, Ireland",IE
996,52.70453,9.214645,2.6443224,101.6611644,"5, Kampung Bukit Bangkong, 43950 Sungai Pelek, Selangor, Malaysia",MY
997,49.26338,9.699203,45.4557621,18.4677996,"Slavonika, 31403, Beketinci, Croatia",HR
998,51.54801,13.51721,58.6658476,12.5300548,"2171, 464 93 Mellerud, Szwecja",SE
999,46.195724,5.389817,4.0697235,101.7805466,"C5, 27650 Sungai Koyan, Pahang, Malaysia",MY
1000,55.918938,10.127434,53.201038,50.1000423,"Volzhskiy prospekt, 1, Samara, Samara Oblast, Russia, 443010",RU
1001,51.937,9.01194,60.6809954,13.7728966,"Östra Bangatan, 782 34 Malung, Sweden",SE
1002,50.369865,8.388017,25.3157388,55.5147822,E 88 - Sharjah - United Arab Emirates,AE
1003,58.377365,18.244026,48.7293351,-0.2522923,"D909, 61210 La Fresnaye-au-Sauvage, France",FR
1004,47.701176,4.4300184,41.1131713,15.265177,"Contrada Olmo, 9, 83030 Zungoli, Avellino, Italy",IT
1005,42.731895,5.799362,44.5584999,2.7732675,"Vieillescazes, 12190 Espalion, France",FR
1006,57.08356,14.386932,37.5405019,126.8489244,"56-23 Hwagokbon-dong, Gangseo-gu, Seoul, Corea del Sur",KR
1007,49.04428,6.8221188,60.1021065,5.2232975,"Riksveg 546 670, 5392 Storebø, Norway",NO
1008,49.88962,5.3288317,23.8322969,120.6435121,"No. 10, Section 2, Míngsōng Road, Mingjian Township, Nantou County, Taiwan 551",TW
1009,46.64338,7.48633,-38.0574869,175.9493031,"Leslie Road, Ngatira 3485, New Zealand",NZ
1010,50.767628,8.52553,40.8268402,21.4350292,"EO Ptolemaidas Florinas Florinas Nikis, Florina 531 00, Greece",GR
1011,57.749443,21.445108,42.5134553,1.5294781,"Roc del Pouets, AD500 Andorra la Vella, Andorra",AD
1012,-11.85226,16.778345,-22.1563973,28.0364745,"A15, Botswana",BW
1013,51.534027,9.522238,57.8120507,39.5074377,"Р151, Yaroslavl Oblast, Russia",HK
1014,49.99025,6.240244,53.7845451,-1.5407378,"2 Leathley Road, Leeds, West Yorkshire LS10 1BG, UK",GB
1015,52.472443,8.984712,55.38533,25.660429,"2813, 28348, Lithuania",LT
1016,58.01512,17.576992,45.4534126,14.8903115,"D3, 51311, Skrad, Croatia",BE
1017,50.893734,8.507956,27.065196,142.2123071,"Japan, 〒100-2101 Tōkyō-to, Ogasawara-mura, Chichijima 都道240号線",JP
1018,44.135277,8.339632,56.4037607,22.3547494,"Parka iela 4, Ezere, Ezere parish, LV-3891, Latvia",LV
1019,51.246723,6.7710342,-32.9280271,-71.2887048,"Ruta 60, Quillota, Valparaíso Region, Chile",CL
1020,55.543114,9.763235,46.3873687,14.1007911,"Sebenje 25, 4260 Bled, Slovenia",SI
1021,54.233757,9.463696,43.8845198,39.3943528,"Magistralnaya ulitsa, Lazarevskiy, Krasnodar Krai, Russia",RU
1022,48.603283,8.446488,2.7013674,101.7987103,"1266, 71350 Kota, Negeri Sembilan, Malaysia",MY
1023,51.247475,11.056447,15.9225293,105.0006501,"Unnamed Road, Tambon Non Sawang, Amphoe Kut Khaopun, Chang Wat Ubon Ratchathani 34270, Thailand",TH
1024,51.24842,8.344705,-23.1767403,-46.9021086,"Avenida Prefeito Luís Latorre, 1623-1707 - Retiro, Jundiaí - São Paulo, Brazil",BR
1025,56.087566,11.314124,47.013334,26.9452087,"Strada Mare, Adjudeni, Romania",RO
1026,57.48532,18.620123,46.124685,18.1714378,"7677 Orfű, 6604, Hungary",HU
1027,54.861458,10.490203,47.3500102,8.4715119,"Uetlibergtunnel, 8143 Stallikon, Suisse",CH
1028,53.590607,13.117115,1.4158156,103.7174365,"Neo Tiew Lane 1, Singapore",SG
1029,51.409805,8.771669,-33.0675393,-71.5848956,"Río Bueno 186-202, Valparaíso, Valparaíso Region, Chile",CL
1030,52.384842,10.102306,17.4610982,100.7881176,"1237, Tambon Bo Phak, Amphoe Chat Trakan, Chang Wat Phitsanulok 65170, Thailand",TH
1031,51.465694,8.914146,46.7709221,17.2928336,"8315 Gyenesdiás, Kossuth Lajos Street 54-56, Hungary",HU
1032,49.40236,7.4798985,47.8046631,23.2825145,"DJ109I, Nagyhegy, Romania",RO
1033,24.53355,97.88631,-21.1835874,-50.4616806,"Rua Vereador Aldo Campos, 2927-2987 - Paraíso, Araçatuba - État de São Paulo, 16050-145, Brésil",BR
1034,46.948353,5.6651316,52.9866983,5.5395018,"De Band 12, 8614 JE Oudega Gem Wymbritserad, The Netherlands",EE
1035,50.230698,7.217963,53.6294404,10.1308204,"Pferdekoppel 4-9, 22159 Hamburg, Germany",DE
1036,51.362244,8.593662,49.510062,8.5530327,"Magdeburger Straße, 68309 Mannheim, Germany",DE
1037,50.3385,8.981629,-26.6698404,26.3637693,"R503, South Africa",ZA
1038,49.710888,8.331404,58.2267178,26.6088028,"Tatra-Otepää-Sangaste, 62009 Tartu County, Estonia",EE
1039,48.229866,6.6932707,52.0866959,8.4596773,"Schröttinghausener Straße 59, 33824 Werther, Germany",DE
1040,53.532707,7.594571,22.4120705,114.2114582,"Hyatt Regency Hong Kong Shatin Podium, Tate's Cairn Hwy, Ma Liu Shui, Hong Kong",HK
1041,51.36078,9.361689,42.9747781,25.3312194,"4041, 5374 Yantra, Bulgaria",BG
1042,46.268494,6.599312,65.3038331,13.511759,"Fylkesveg 273 26, 8680 Trofors, Norway",NO
1043,49.483414,8.11437,37.3219283,139.3295524,"Unnamed Road, Tadami-machi, Minamiaizu-gun, Fukushima-ken, Japan",JP
1044,52.649147,9.388407,56.115715,10.1111204,"Genvejen, 8361 Hasselager, Dania",DK
1045,49.47161,8.003469,60.0956032,22.4207743,"Verkviksvägen 161, 25870 Kimitoön, Finland",BR
1046,55.73504,10.150102,42.8278674,12.5088667,"Località Viepri, 8-11, 06056 Viepri, Perugia, Italy",IT
1047,50.338387,8.353779,-26.0860172,28.2661655,"23-25 Witstinkhout Avenue, Kempton Park 1619, South Africa",ZA
1048,55.4197,9.850306,-12.0802808,-76.50981,"Unnamed Road, Antioquía, Peru",PE
1049,47.141052,7.2770853,-32.9280271,-71.2887048,"Ruta 60, Quillota, Valparaíso Region, Chile",CL
1050,50.93042,8.127534,-6.7975071,110.9509389,"Jl. Raya Pati-Kudus, Jekulo, Kudus, Jawa Tengah 59382, Indonesia",ID
1051,46.536385,6.4738865,49.9228433,21.3857087,"39-231 Siedliska-Bogusz, Polonia",PL
1052,50.38652,10.491801,56.2803965,-3.3972957,"M90, Perth, Perth and Kinross PH2, UK",GB
1053,50.07706,8.204652,45.9798556,27.7642651,"DJ251A, Drăgușeni, Rumunia",CL
1054,47.558968,6.7733974,23.472494,120.2342346,"No. 83, Section 3, Sìwéi Road, Puzi City, Chiayi County, Taiwan 613",TW
1055,48.75007,8.031525,12.1785857,104.3875607,"Unnamed Road, ឃុំ ក្រាំងស្គារ, Kambodsja",KH
1056,53.852753,7.1156816,48.8133892,14.3537405,"157, 382 32 Mirkovice, Czech Republic",CZ
1057,50.615788,8.612925,26.8579288,91.4685124,"Jigme Namgal Lam Road, Deothang, Bhutan",BT
1058,53.68624,9.328404,44.4795371,26.1482064,"Strada Escalei, Bucharest, Romania",RO
1059,51.08921,8.5867815,41.6282032,-4.7345681,"Calle Daniel del Olmo González, 8, 47008 Valladolid, Spain",ES
1060,45.92038,5.979211,59.8896675,29.6851561,"Koltsevaya Avtomobilnaya Doroga, Óblast de Leningrado, Rusia",RU
1061,-1.4830546,11.694103,-26.3728241,30.9299223,"MR19, Swaziland",SZ
1062,54.77659,8.358165,57.6019684,18.353198,"FOLLINGBO SVAJDE 125, 621 91 Visby, Sweden",SE
1063,48.115067,8.665649,-23.7572014,24.7583528,"Kweneng West, Botswana",BW
1064,50.21074,6.463932,37.7911219,-77.1508819,"186-222 Vessels Ln, Aylett, VA 23009, USA",RU
1065,54.343956,7.693776,-8.5713384,115.3334352,"Jl. Lg Gambir No.32, Blahbatuh, Gianyar, Bali 80581, Indonesia",ID
1066,42.03803,7.8911715,48.5439191,4.3627818,"D48, 10240 Dampierre, Francija",FR
1067,57.007294,12.545098,60.2131837,25.0687764,"Ratasmyllynkuja 3, 00900 Helsinki, Finland",FI
1068,50.89098,8.95237,47.1485565,27.6817516,"DJ249A, Iași, Romania",RO
1069,46.243546,5.9567842,57.8120507,39.5074377,"Р151, Yaroslavl Oblast, Russia",US
1070,53.063614,9.377466,44.6563738,0.0705773,"5 Le Grand Champ, 33580 Le Puy, France",FR
1071,47.076115,6.6569004,-31.8080917,25.7669784,"R390, South Africa",ZA
1072,42.874992,19.28701,27.0100824,90.5583611,"Sarpang - Gelephu - Trongsa Hwy, Bhutan",BT
1073,44.040398,7.736479,53.2960903,14.8644266,"1355Z, Poland",PL
1074,55.653397,10.6426735,23.8976083,120.4171424,"No. 232, Section 2, Dòuyuàn Road, Erlin Township, Changhua County, Taiwan 526",TW
1075,50.389645,7.7857533,11.3003026,105.054889,"Unnamed Road, Cambodia",KH
1076,51.879025,13.375699,52.038468,-8.9868187,"Unnamed Road, Co. Cork, Ireland",IE
1077,24.800995,30.110056,17.5865494,103.4239791,"2091, Tambon Khok Si, Amphoe Sawang Daen Din, Chang Wat Sakon Nakhon 47110, Thailand",TH
1078,50.762856,8.237843,45.2578914,10.3791298,"Via Parmesane, 62, 25010 Remedello di Sotto Brescia, Italie",IT
1079,46.040787,6.9248924,55.528436,8.4333969,"Ravnsbjergvej 1, 6710 Esbjerg, Denmark",DK
1080,51.51871,9.93292,-23.9818736,-70.2861279,"Panamericana Norte, 安托法加斯塔安托法加斯塔大区智利",CL
1081,55.442802,10.41803,47.4604181,8.4407857,"Alter Bahnhof 2, 8107 Buchs, Switzerland",CH
1082,49.212574,8.061496,47.7853296,22.7876348,"DJ194B, Vetiş, Romania",RO
1083,47.87811,7.8891087,-24.4747551,23.8469094,"A2, Botswana",BW
1084,54.101177,9.603729,-26.2709402,31.0743089,"MR3, Swaziland",RU
1085,52.328312,8.994313,50.8737202,4.4710842,"Grote Daalstraat 91-105, 1930 Zaventem, Belgium",BE
1086,53.25991,9.189552,56.9564789,23.6736205,"Dzelzceļa iela 36, Jūrmala, LV-2008, Latvia",LV
1087,57.40284,12.822872,5.5798591,115.5881394,"Unnamed Road, Kuala Penyu, Sabah, Malaisie",MY
1088,49.92865,7.7658043,47.3931951,8.4788968,"Hermetschloostrasse 37, 8048 Zurich, Suisse",CH
1089,49.8192,7.6137733,51.81804,21.9538033,"Unnamed Road, Polska",KH
1090,51.199272,6.2544384,51.5081417,5.3949653,"De Leeuwerikstraat 17, 5683 BN Best, The Netherlands",NL
1091,46.12103,7.8533545,46.8637712,7.2686295,"Schneidersmatt, 3184 Flamatt, Switzerland",CH
1092,52.10137,8.9400425,47.747413,24.1995383,"DJ186, Rozavlea, Romania",RO
1093,55.99472,10.814007,30.2359556,130.4583304,"259 Yudomari, Yakushima-chō, Kumage-gun, Kagoshima-ken 891-4407, Japan",JP
1094,49.728683,7.511674,52.4131424,-8.9555881,"L1337, Co. Limerick, Ireland",IE
1095,49.114487,6.717202,1.2777316,103.6213185,"Tuas South Ave 5, Singapore",SG
1096,49.921406,10.103238,42.9404815,23.2655811,"8102, Svidnya, Bulgaria",BG
1097,49.74391,6.907583,50.937246,4.0625128,"Bergekouter 34, 9300 Aalst, Belgium",BE
1098,50.992912,8.666452,14.986851,99.631609,"Unnamed Road, Tambon Wang Khan, Amphoe Dan Chang, Chang Wat Suphan Buri 72180, Thailand",TH
1099,47.528915,7.5166626,48.1832735,11.4453949,"Stromeyerstraße 2-6, 80999 Munich, Germany",DE
1100,54.82865,11.128077,49.4067206,22.1567012,"892, Polska",PL
1101,51.463734,8.338613,40.4190483,-3.542011,"Avenida de Madrid, 32, 28822 Coslada, Madrid, Spain",ES
1102,56.57595,16.963491,22.5995312,88.470726,"Kulaura - Barlekha Hwy, Банґладеш",BD
1103,50.023796,8.558496,41.4020073,-75.7038429,"7 Stauffer Industrial Park, Taylor, Pennsylvanie 18517, États-Unis",US
1104,53.081837,9.29562,54.7577604,24.7858827,"221, Vievininkai 21368, Lithuania",LT
1105,52.309155,9.212975,-15.7985617,-70.1422239,"122, Peru",PE
1106,48.151093,8.040573,9.2970747,-75.4091398,"Calle 24A # 9-2 a 9-100, Sincelejo, Sucre, Colombia",CO
1107,52.024452,8.458228,63.6368858,22.726819,"Skeppsbyggarevägen, 68600 Pedersöre, Finland",FI
1108,53.834282,9.682907,12.1278645,105.8009199,"Unnamed Road, Cambodgia",KH
1109,50.142666,8.244646,45.9477931,13.7190478,"Šmihel 18b, 5261 Šempas, Slovenia",SI
1110,45.06576,6.386552,36.0362239,136.2614025,"4 Goshimacho, Fukui, Fukui Prefecture, Japan",JP
1111,51.739773,9.467583,43.3830141,0.3270477,"D567, 32170 Sarraguzan, France",PT
1112,55.615875,11.086866,37.925306,139.2811963,"Unnamed Road, Shibata-shi, Niigata-ken, Japan",JP
1113,-22.890854,21.79365,-23.9132377,26.3784849,"A1, Botswana",BW
1114,49.52224,7.8389254,-40.5694353,175.2665597,"12 Paeroa Road, Levin 5572, New Zealand",NZ
1115,53.08898,8.540863,49.4437126,8.5780317,"Trautenfeldstraße 6, 68229 Mannheim, Germany",DE
1116,55.626312,11.144324,1.2799181,103.8556055,"18 Marina Blvd, Singapore",SG
1117,57.835674,16.48213,42.5227556,1.5217967,"CG-3, AD400 La Massana, Andorra",AD
1118,56.85638,23.183792,-12.0558158,-77.1180819,"Av Villegas, Callao 07001, Peru",PE
1119,50.624634,7.4361305,51.4444226,6.9619777,"Brandenburger Straße 21, 45145 Essen, Germany",DE
1120,42.733818,12.543811,-35.0124374,139.001913,"LOT 1 Burnbrae Road, Harrogate SA 5244, Australia",AU
1121,47.112064,9.390843,43.523396,0.8119587,"D149, 32130 Polastron, France",FR
1122,50.14006,33.31424,35.0845006,128.8826475,"19-198 Sinho-dong, Gangseo-gu, Pusan, Corée du Sud",KR
1123,50.93175,8.042525,55.7847656,11.5581805,"Gislingevej, 4571 Grevinge, Denmark",DK
1124,35.351616,77.87083,35.1699764,129.0959727,"48 Geumnyeon-ro, Yeonje-gu, Busan, South Korea",KR
1125,52.983223,9.42402,-9.0252529,-76.064434,"5N, Peru",PE
1126,47.73178,7.5448895,-27.9905552,26.7201698,"10-12 Mount Currie Street, Welkom 9459, Republika Południowej Afryki",ZA
1127,53.07995,9.28316,4.6422294,-74.1721909,"Carrera 92A # 40AS-2 a 40AS-100, Bogota, Cundinamarca, Kolumbia",CO
1128,56.609764,13.939132,51.312865,10.5690178,"Holzthalebener Str. 15, 99996 Menteroda, Germany",AU
1129,53.004166,8.965198,-41.3298877,-72.9733497,"Colón 807-838, Puerto Varas, Los Lagos, Chili",CL
1130,45.903877,9.449516,46.239302,6.0857701,"Avenue Auguste-François-Dubois 30-40, 1217 Meyrin, Switzerland",CH
1131,52.375034,9.094302,-28.6050167,-58.7215775,"RN12, Corrientes, Argentina",AR
1132,57.936256,14.795893,8.3463071,-75.5538771,"I-25 # 30 a 38, Planeta Rica, Cordoba, Colombia",CO
1133,46.796524,7.229102,22.3534918,114.1527704,"Maclehose Trail Sec. 6, Kam Shan, Hong Kong",HK
1134,49.209435,9.182304,22.254943,113.913803,"Ngong Ping Fun Walk, Lantau Island, Hong Kong",HK
1135,51.22603,8.548845,27.4680713,89.7045582,"Unnamed Road, Yusipang, Bhutan",BT
1136,53.080597,9.672447,43.3951111,-5.2106298,"AS-260, 33548 Parrés (Santa María Magdalena), Asturias, Spain",ES
1137,52.1512,9.553315,46.064868,14.5757935,"Jarše, Slovenia",LT
1138,49.992744,9.376901,24.2501304,121.1660252,"Zhongbu Cross-island Hwy, Heping District, Taichung City, Taiwan 424",TW
1139,44.91027,9.240375,56.9129369,23.8825813,"Viestura iela 6, Dzilnuciems, Babīte parish, LV-2107, Latvia",LV
1140,49.37664,8.398096,27.0811782,89.8735781,"Daga Rd, Daga, Bhutan",BT
1141,57.26562,19.648756,45.6883736,14.8527049,"Unnamed Road, 1332 Stara Cerkev, Slovenia",SI
1142,7.282878,32.355568,-25.9561855,31.247268,"MR1, Piggs Peak, Swaziland",SZ
1143,52.684162,8.943141,53.4161675,-122.6233525,"Unnamed Road, Fraser-Fort George E, BC V0J, Canada",CA
1144,43.98645,9.777519,46.4881775,17.8069634,"7452 Somogyaszaló, Kossuth Lajos Street, Hungary",HU
1145,50.795635,7.483631,40.725292,22.8553931,"Unnamed Road, Oreokastro 545 00, Greece",GR
1146,51.37223,8.540215,55.2558571,10.1654316,"Langstedvej 12, 5620 Glamsbjerg, Denmark",DK
1147,-9.45255,14.396697,24.9829673,55.6359002,Dubai-Hatta Rd - Sharjah - United Arab Emirates,AE
1148,54.062634,8.959512,43.2678371,23.4521238,"E79, 3040 Vratsa, Bulgaria",BG
1149,53.691753,9.222906,32.0559166,34.8141923,"Golani 9, Ramat Gan, Israel",IL
1150,52.56653,7.5276804,47.9604244,21.7408445,"4400 Nyíregyháza, Lobogó Street 1, Hungary",HU
1151,51.67392,8.639062,25.271139,55.307485,130 Al Khaleej Rd - Dubai - United Arab Emirates,AE
1152,50.215775,8.806863,27.224057,90.6197323,"Unnamed Road, Bhutan",BT
1153,47.075417,6.772521,-24.1855489,-53.0247436,"Avenida Dezenove de Agosto, 545, Parana, 87360-000, Brazylia",BR
1154,47.602547,7.7430353,-37.8175978,175.3014808,"2 Cromwell Drive, Fitzroy, Hamilton 3206, New Zealand",NZ
1155,10.544347,40.258972,10.9622098,103.2494186,"Unnamed Road, ឃុំ តានួន, Cambodia",KH
1156,52.099167,7.661298,22.4189227,89.0454931,"Satkhira - Kalaroa Rd, Bangladesh",BD
1157,34.66642,88.24431,46.2299865,7.3750801,"Cours Roger-Bonvin, 1950 Sion, Switzerland",CH
1158,51.057003,8.522024,50.9594546,5.7753615,"Merodestraat 36, 6171 XN Stein, Nederland",NL
1159,49.632343,8.4432745,62.6332575,24.0496324,"68 844-884, 63700 Ähtäri, Finland",FI
1160,51.137337,9.172786,48.2129407,2.2984683,"D2152, 45300 Marsainvilliers, France",FR
1161,55.103367,23.246088,-7.3763105,108.5422744,"Jl. St. Banjar, Pataruman, Kota Banjar, Jawa Barat 46322, Indonesia",ID
1162,46.54604,5.885478,52.0518142,-9.7686503,"Unnamed Road, Co. Kerry, Ireland",IE
1163,50.269485,7.2630806,46.1897701,14.3028345,"Pevno 20, 4220 Škofja Loka, Słowenia",SI
1164,42.041348,5.056525,52.7979791,-9.4609333,"Unnamed Road, Co. Clare, Ireland",IE
1165,53.170227,9.7994995,-37.1735638,174.990929,"421 Hillview Road, Bombay 2675, New Zealand",NZ
1166,50.01783,6.1862707,52.2958647,4.8913875,"Amsteldijk Zuid 50, 1184 VD Amstelveen, The Netherlands",NL
1167,54.992046,10.0112295,11.3175345,105.3875454,"Unnamed Road, Cambodia",AU
1168,45.566067,7.0745487,-30.8522644,30.3492652,"Louis Botha Avenue, Margate 4275, South Africa",ZA
1169,48.83821,7.3880043,55.9984308,38.564233,"Severnyy proyezd, Chernogolovka, Maskvos sritis, Rusija",RU
1170,53.860603,9.266997,23.5731934,120.395785,"623, Taiwan, Chiayi County, Xikou Township, 嘉77鄉道",TW
1171,47.53284,4.855607,43.6433768,22.6561225,"1401, 3916 Dabravka, Bulgaria",BG
1172,46.786465,5.8363714,18.6549304,-88.2217949,"Unnamed Road, Quintana Roo, Mexico",MX
1173,46.88708,7.55634,50.9013552,4.5467928,"Stroeykensstraat 22, 3071 Kortenberg, Belgium",BE
1174,36.878365,6.474143,-22.2154994,-54.7937081,"Rua José de Alencar, 1214-1328 - Vila Esperança, Dourados - Mato Grosso do Sul, 79831-160, Brazil",BR
1175,34.819675,85.10325,23.4893971,91.0007747,"N1, Chandina, Bangladesh",BD
1176,46.677666,14.124819,22.4871627,88.1870787,"Jhenaidah Bypass Road, Jhenaidah, Bangladesh",BD
1177,53.359818,9.809897,-33.0682278,-71.3689595,"Nva Toltén, Villa Alemana, 발파라이소 칠레",CL
1178,50.414352,8.328113,-9.0888126,-75.7282498,"PE 5N, Peru",PE
1179,52.27706,9.154764,-15.8727927,-73.4399026,"104, Perú",PE
1180,50.883316,9.246534,41.5744425,-81.2186752,"364-374 Wilson Mills Road, Chardon, OH 44024, USA",US
1181,49.58805,9.009132,-28.878411,27.8778491,"De Villiers Street, Ficksburg 9730, Republika Południowej Afryki",ZA
1182,53.63373,8.881599,65.7186411,-23.1711447,"Vestfjarðavegur, Iceland",IS
1183,52.89068,9.701013,48.9909342,14.6170272,"1468, 373 72 Hvozdec, Czech Republic",CZ
1184,49.152313,8.252528,52.450468,1.4714902,"Rectory Lane, Bungay, Suffolk NR35, UK",GB
1185,51.952084,9.195545,49.2269311,-65.9438263,"130 Rue Principale O, Ruisseau-à-Rebours, QC G0E 2C0, Canada",CA
1186,47.984596,11.368179,47.4808691,8.0972356,"E60, 5078 Effingen, Suisse",CH
1187,50.074562,8.231047,8.8867186,99.2203309,"44, Tambon Chapthawi, Amphoe Ban Na Doem, Chang Wat Surat Thani 84240, Thailand",TH
1188,50.96195,9.072677,44.4765072,6.0494597,"Basse Rue, 05000 Châteauvieux, France",FR
1189,55.05066,9.731131,46.3766927,16.5309722,"Glavna ulica 34-36, 40321, Mala Subotica, Croatia",HR
1190,53.04235,8.806236,1.2813033,103.6251755,"Tuas South Ave 12, Singapore",SG
1191,57.780914,20.92011,56.6022813,22.8856853,"Upes iela 11, Zebrene, Zebrene Parish, LV-3731, Latvia",LV
1192,42.045944,6.6301126,-27.2314749,31.7084142,"MR11, Swaziland",SZ
1193,54.38106,11.770766,-19.9816151,23.4511249,"Koro, Maun, Botswana",BW
1194,57.541466,15.364471,45.7244084,16.3618363,"Lepšić 3, 10310, Lepšić, Croatia",HR
1195,53.964867,9.437226,52.2447552,6.4374312,"Brummelaarsweg 14, 7475 RJ Markelo, The Netherlands",NL
1196,49.850758,7.889924,28.3448861,129.5697962,"534 Naze Ōaza Sakibaru, Amami-shi, Kagoshima-ken 894-0776, Japan",JP
1197,51.54132,7.550503,52.4205075,16.7818013,"Ogrodowa 134, 62-081 Przeźmierowo, Poland",PL
1198,45.65921,6.043935,47.6275229,19.1488388,"2120 Dunakeszi, Fóti Way 41, Hungary",HU
1199,49.946156,8.210452,23.6955164,120.2580727,"No. 120, Chāngnán Road, Dongshi Township, Yunlin, Tajwan 635",TW
1200,57.38069,12.56714,52.0417588,4.3918582,"Molenweg 15, 2631 AA Nootdorp, The Netherlands",NL
1201,45.550682,7.0616274,52.0522158,21.4563581,"6A, 05-340 Człekówka, Poland",PL
1202,52.977226,10.344288,23.2266177,90.0198932,"Dhaka - Barisal Hwy, Takerhat, Bangladesh",BD
1203,50.769913,9.618439,40.8133167,-4.8625112,"A-50, 05350 Riocabado, Ávila, Spain",ES
1204,49.641186,5.2155123,49.2223135,21.3727092,"545018, 086 21 Nižná Voľa, Slovakia",GR
1205,49.75638,8.940847,2.7828737,101.8007595,"362, 71900 Labu, Negeri Sembilan, Malaysia",KH
1206,52.775276,6.4792166,60.1732607,24.1233199,"11131 2-20, 02590 Siuntio, Finland",FI
1207,51.486298,6.9491196,49.0591551,19.8849551,"Východná 728, 032 32 Východná, Slovakia",SK
1208,52.457897,8.799126,1.2513621,103.8247028,"15 Artillery Ave, Singapore 099949",SG
1209,53.72381,9.306661,-39.925979,175.0171491,"31-33 Stafford Street, Springvale, Whanganui 4501, New Zealand",NZ
1210,53.565117,9.514307,49.3875815,1.0697446,"33 Avenue de la Mare aux Daims, 76800 Saint-Étienne-du-Rouvray, France",FR
1211,49.86651,7.317587,35.1300032,129.0618541,"1642 Beomil 5(o)-dong, Dong-gu, Busan, South Korea",KR
1212,50.396225,8.372037,-13.7238493,-75.895771,"Libertadores 220, Peru",PE
1213,51.322872,8.782991,-46.2315704,168.0303659,"104 Omutu Road, Gropers Bush 9883, New Zealand",NZ
1214,51.09383,7.6096935,61.5508753,23.5747853,"Kolmenkulmantie 2-4, 33470 Ylojarvi, Finland",FI
1215,46.117466,7.8831387,32.7762021,35.0463771,"75, Nesher, Israel",IL
1216,49.60333,7.9885244,4.7520584,-74.0617542,"Calle 168 # 62-2 a 62-100, Bogotá, Cundinamarca, Colombia",AE
1217,57.64373,20.052916,27.0294432,89.907739,"Daga Rd, Bhutan",BT
1218,52.082138,8.6325245,-40.0139031,175.4011146,"5931-5933 Jeffersons Line, Marton 4788, New Zealand",NZ
1219,-7.4925137,25.507135,13.9307215,106.1468686,"Unnamed Road, Kambodža",KH
1220,54.029583,6.9215584,35.1741142,129.0358504,"601-29 Buam 3(sam)-dong, Busanjin-gu, Busan, South Korea",KR
1221,52.98494,9.196222,65.6168663,21.4291505,"Älvsbyvägen, 975 91 Luleå, Sweden",SE
1222,36.198845,84.48451,1.326555,103.7662719,"103 Sunset Way, Singapore 597136",SG
1223,47.7771,6.1491795,-37.5725526,175.5371903,"104-120 Manhire Road, Te Puninga 3374, New Zealand",NZ
1224,49.421936,6.2543783,49.6199766,0.2030775,"5 Hameau d'Ecultot, 76280 Gonneville-la-Mallet, France",FR
1225,-13.194964,17.498064,-22.2568073,28.1132175,"Selebi-Phikwe, Botswana",BW
1226,48.698853,8.1111555,51.5719386,5.4736084,"Sluitappel 34, 5491 TS Sint-Oedenrode, The Netherlands",NL
1227,34.958405,5.910906,70.8967003,27.7327175,"Riksveg 888, 9740, Norway",NO
1228,49.594,7.3201303,-33.9846381,19.2983073,"R43, South Africa",ZA
1229,51.4227,7.4856997,20.6523352,-103.0426902,"Mexico 80, Jalisco, Mexique",MX
1230,41.113342,9.821426,-25.3066673,27.192732,"Unnamed Road, Mabele-a-Podi, 0354, South Africa",NL
1231,43.746727,6.3253155,-26.8542489,27.9044767,"R57, Pietų Afrika",ZA
1232,50.992287,8.460853,35.2641523,129.1060469,"744-3 Seon-dong, Geumjeong-gu, Busan, South Korea",KR
1233,-16.697348,19.255182,-30.7733931,117.4171465,"LOT 1 Koorda North West Road, Newcarlbeon WA 6475, Australia",AU
1234,50.021397,8.807437,49.4805472,15.7874967,"34822, 588 13 Polná, Czech Republic",BT
1235,51.161625,8.229727,51.2033009,3.3536507,"Gentse Steenweg 53, 8340 Damme, Belçika",BE
1236,45.92418,7.7299976,11.0185206,103.7871266,"National Hwy 4, Камбоджа",KH
1237,50.66916,9.118413,4.5107504,-75.7041417,"Armenia - La Tebaida # 2, Armenia, Quindío, Kolumbia",CO
1238,44.735836,6.431423,54.930222,-7.7310742,"Ballyboe, Co. Donegal, Ireland",IE
1239,52.56816,8.999053,58.816358,24.1968702,"Silla-Jädivere, 78103 Rapla County, Estonia",EE
1240,53.70331,9.269929,35.2164876,129.2245784,"289-4 Yeonhwa-ri, Gijang-eup, Gijang-gun, Busan, South Korea",KR
1241,52.20102,9.987979,16.7400885,100.6693588,"Unnamed Road, Tambon Chomphu, Amphoe Noen Maprang, Chang Wat Phitsanulok 65190, Thailand",TH
1242,51.1485,8.071712,2.5009864,-60.8830441,"BR-174, Boa Vista - RR, Brazil",CH
1243,49.23662,15.22603,31.9598273,34.8614429,"Eitan Street, Nir Cvi, Izrael",US
1244,54.299202,9.911457,24.9635828,55.4071812,E 77 - Dubai - United Arab Emirates,AE
1245,49.62828,7.2230883,54.0125205,23.9826442,"Druskininkų gatvė 15-17, Druskininkai 66166, Lithuania",LT
1246,46.556557,11.27405,-38.1662411,145.1189366,"19 Marcus Road, Frankston South VIC 3199, Australia",AU
1247,58.569843,20.701685,42.7689239,24.0509882,"E871, 2087 Chelopech, Bulgaristan",BG
1248,44.38711,6.241848,52.8969056,5.0696999,"Noorderdijkweg 24, 1771 MJ Wieringerwerf, The Netherlands",NL
1249,52.40032,9.542616,18.1364387,-94.4862353,"Topacio, 24 de Octubre, 96536 Coatzacoalcos, Veracruz, Mexico",MX
1250,48.729263,5.3298197,-41.482807,147.1501805,"Midland Highway, Kings Meadows TAS 7249, Australia",AU
1251,52.714874,8.729054,43.5576321,-5.9277576,"Calle Alcalde Francisco Orejas, 2, 33401 Aviles, Asturias, Spain",ES
1252,51.412582,8.659072,42.1079569,-5.659995,"A-66, 49692 Adanero, Ávila, Spain",ES
1253,49.814247,5.694379,52.8696399,-9.3179626,"Unnamed Road, Co. Clare, Ireland",IE
1254,54.13068,9.747315,47.7284681,19.9118764,"3212 Gyöngyöshalász, M3, Ungarn",HU
1255,48.08254,8.085887,48.3574264,-1.9775148,"Le Plessix, 22630 Évran, France",FR
1256,49.4112,7.5473604,53.8825725,22.6956887,"Droga Wojewódzka 661, Poland",PL
1257,54.504017,9.835825,37.5452994,127.0746693,"500-22 Hwayang-dong, Gwangjin-gu, Seoul, South Korea",KR
1258,47.58249,8.089365,-41.3351557,173.0976642,"238-272 Golden Hills Road, Brightwater 7091, New Zealand",CL
1259,42.827484,21.343393,23.0052185,89.4222906,"Jessore - Khulna Hwy, Noapara Paurasava, Bangladesh",BD
1260,49.088276,8.5795145,63.0373841,7.7334803,"Møstveien 87, 6523 Frei, Norway",NO
1261,51.13257,8.254851,-33.9846381,19.2983073,"R43, South Africa",ZA
1262,46.087845,5.5712137,52.9604724,5.9045662,"Karturf 86, 8447 DR Heerenveen, The Netherlands",NL
1263,52.29934,9.22731,54.6614707,23.0307221,"S. Nėries gatvė 71, Vilkaviškis 70171, Lithuania",LT
1264,48.996056,8.203583,52.5388878,13.2804175,"Goebelplatz 5, 13627 Berlin, Germany",DE
1265,43.62782,5.3372955,55.8177072,21.6445756,"3213 42, Kuliai 90370, Litva",CL
1266,49.31855,8.958017,-27.2186432,-66.8029492,"RN40, Catamarca, Argentina",AR
1267,54.605133,9.801772,68.4790774,28.4504781,"91 4496-4506, 99800 Inari, Finland",BW
1268,51.68619,8.892693,50.1039857,16.2627358,"Jiráskova 263, 517 42 Doudleby nad Orlicí, Czech Republic",CZ
1269,51.9426,8.686787,46.0688725,5.2043069,"161 Chemin du Mas Vernon, 01240 Dompierre-sur-Veyle, France",FR
1270,45.57309,5.6522923,-43.4617362,172.0244982,"182 Deans Road, Darfield 7571, New Zealand",NZ
1271,53.438293,7.426524,23.8818458,90.0305198,"108, Road-1, Belayet Hossain Khan Road Dhaka - Aricha Hwy, Manikganj 1800, Bangladesh",BD
1272,48.367733,6.489462,56.267591,15.2358069,"27, Ronneby NV, Sweden",SE
1273,46.51871,6.6667404,-43.3919464,172.6514019,"9 Isaac Wilson Road, Kaiapoi 7630, New Zealand",NZ
1274,-6.336194,16.704285,-28.0174372,114.5452115,"Binnu Road West, West Binnu Australia Zachodnia 6532, Australia",AU
1275,53.95212,12.073759,32.9043742,35.2890731,"Duchifat 10-24, Karmiel, Israel",IL
1276,45.82519,8.129292,44.5346602,15.3445655,"D25, 53000, Kaniža Gospićka, Croatia",HR
1277,50.536064,8.605214,62.6725745,-116.1967801,"Yellowknife Hwy, Fort Smith, Unorganized, NT X0E, Canada",CA
1278,54.090454,9.389316,32.8150964,35.1491122,"70, Schefar'am, Israel",IL
1279,56.301636,11.319595,-24.6194593,25.8444358,"Molepolole Road, Gaborone, Botswana",BW
1280,52.294456,15.518001,62.5072935,6.0983427,"Riksveg 658, 6050 Valderøya, Norway",NO
1281,48.737328,7.083029,-16.3055726,-48.9451858,"Rua Colômbia, 308-374 - Vila Santa Isabel, Anápolis - Goiás, 75083-260, Brazil",BR
1282,53.242485,9.155687,-13.7238493,-75.895771,"Libertadores 220, Peru",PE
1283,50.15578,10.381002,23.6980134,89.7215527,"Dhaka - Faridpur Hwy, Bangladesh",BD
1284,56.654366,12.260276,46.945793,9.5456058,"A13, 7205 Zizers, Switzerland",CH
1285,53.531723,9.529452,25.2792022,55.303216,D85 - Dubai - United Arab Emirates,AE
1286,49.296608,9.555508,23.2672523,89.1610194,"Jessore - Jenaidah Hwy, Bangladesh",BD
1287,52.811905,9.20873,-15.8727927,-73.4399026,"104, Perú",PE
1288,50.02548,9.043703,58.1576228,7.1669166,"Fylkesveg 554 130, 4580 Lyngdal, Norway",NO
1289,47.826546,7.016843,50.9201709,4.0185296,"Hoezestraat 65, 9320 Aalst, Belgium",BE
1290,56.499104,22.862349,50.0059267,36.2357461,"Pravdy avenue, 12, Kharkiv, Kharkiv Oblast, Ukraine",UA
1291,-6.344864,19.682093,12.1278645,105.8009199,"Unnamed Road, Cambodgia",KH
1292,55.678497,9.5432,27.2285719,90.6692169,"Unnamed Road, Bhutan",AE
1293,50.630386,8.998494,64.3482287,25.2110476,"18546 327-423, 86470 Vihanti, Finlande",FI
1294,52.3518,9.374492,63.6836052,11.1170002,"Fylkesveg 115, 7620, Norway",NO
1295,53.4954,9.454658,23.0813629,89.8626732,"Tekerhat - Gopalganj Rd, بنگلادش",HK
1296,43.9475,7.464547,58.8797785,25.5307081,"Pärnu 122, Paide, 72720 Järva County, Estonia",EE
1297,51.993523,8.259303,-37.4135393,144.9652236,"25 King William Court, Wallan VIC 3756, Australia",AU
1298,48.189873,7.0147085,52.9604724,5.9045662,"Karturf 86, 8447 DR Heerenveen, The Netherlands",NL
1299,52.25817,8.570315,45.8813023,22.9111404,"Deva, Romania",RO
1300,43.299908,6.630739,64.2544915,-15.207395,"Víkurbraut, 780 Höfn, Islandija",IS
1301,52.626225,9.19824,59.9121561,30.3477634,"Kurskaya ulitsa, 15, Saint Petersburg, Russia, 190000",RU
1302,51.27868,9.15425,23.0052185,89.4222906,"Jessore - Khulna Hwy, Noapara Paurasava, Bangladesh",BD
1303,49.87745,8.432055,33.2946573,-83.3861579,"Gray Road Southwest, Eatonton, Georgia 31024, Statele Unite ale Americii",US
1304,25.519573,89.67377,25.139532,55.253798,11 11 B St - Dubai - United Arab Emirates,AE
1305,51.967033,9.79469,50.8879232,3.9765526,"Boekentstraat 41, 9451 Haaltert, Belgique",BE
1306,53.11293,9.378051,51.6278767,-8.9436156,"R599, Co. Cork, Ireland",IE
1307,53.96039,9.866432,62.9823882,17.3884023,"MAJAÅN 101, 873 91 Bollstabruk, Sweden",SE
1308,51.63098,8.648982,50.8961555,3.3083888,"Oostrozebeeksestraat 13-19, 8531 Harelbeke, Belgium",BE
1309,47.821686,9.281236,-27.1922694,31.3473493,"MR11, Swaziland",SZ
1310,50.798782,7.992675,34.654184,134.9853212,"5-72 Saenbacho, Akashi, Hyogo Prefecture, Japan",JP
1311,54.43988,12.169794,63.5517868,10.9071996,"E6 30, 7510 Skatval, Norway",NO
1312,31.746025,58.878094,25.0863219,55.2291673,Unnamed Road - Dubai - United Arab Emirates,AE
1313,55.131935,16.32446,22.2825237,114.2281781,"8 Oi Yin St, Aldrich Bay, Hong Kong",HK
1314,48.371246,8.32207,45.1741164,37.2741405,"M25, Belyy, Krasnodar Krai, Russia",RU
1315,48.56053,8.117914,56.6698549,23.7354294,"Loka maģistrāle 39-41, Jelgava, LV-3004, Latvia",LV
1316,47.73725,8.247667,35.2976864,129.228075,"298-3 Cheonggwang-ri, Ilgwang-myeon, Gijang-gun, Busan, South Korea",KR
1317,55.08091,13.152433,54.1583019,-2.2510689,"Pennine Way, North Yorkshire, Storbritannien",HK
1318,54.179188,9.554766,26.6543822,142.1540844,"Japon, 〒100-2211 Tōkyō-to, Ogasawara-mura, Hahajima 都道241号線",JP
1319,49.390312,10.047589,1.4610461,103.8359397,"Sembawang Terminal Ave 3, Singapore",SG
1320,48.14466,7.3225985,36.6607154,-6.1482004,"Проспект Рейно Унидо, 11408 Херес, Кадис, Испания",ES
1321,53.23468,8.79599,52.3720301,9.6624379,"In der Steinbreite 95-99, 30455 Hanover, Germany",DE
1322,48.884567,9.236211,53.8825725,22.6956887,"Droga Wojewódzka 661, Poland",PL
1323,33.221046,57.017517,-32.7364002,134.7767414,"Streaky Bay Highway, Poochera SA 5680, Australia",AU
1324,49.898136,7.6169157,51.1440193,3.0407871,"Bekegemstraat 2-6, 8480 Ichtegem, Belgium",BW
1325,51.48597,8.229021,44.5823382,41.0106565,"ulitsa Garagina, Krasnodar Krai, Russia",RU
1326,50.356712,8.602574,20.4718765,-100.5386006,"Morelos, Guanajuato, Mexico",MX
1327,54.252758,9.474251,41.753626,-6.5694148,"R. Central, 5300, Portugal",PT
1328,53.4278,9.577923,58.4745921,25.634628,"Taari-Auksi, 70202 Viljandi County, Estonia",EE
1329,54.23008,9.826693,37.4555366,127.0204098,"359-1 Juam-dong, Gwacheon-si, Gyeonggi-do, South Korea",KR
1330,52.03003,9.128438,41.6549721,13.7020128,"Piazza Tita Rocca, 16, 03034 Purgatorio Frosinone, Italy",IT
1331,47.844078,6.54389,48.6582514,17.5497186,"Baranecká 55, 906 13 Brezová pod Bradlom, Slovakia",SK
1332,51.865257,8.58341,55.7566648,24.11259,"E272, 38389, Lithuania",LT
1333,54.46329,27.662306,39.1484089,-81.364644,"West Virginia 47, Walker, Virginie-Occidentale 26180, États-Unis",US
1334,43.149734,20.379969,12.61861,104.016222,"Unnamed Road, Cambodia",KH
1335,48.40144,8.261616,-34.6933613,173.0222616,"5824-6092 Far North Road, Ngataki 0484, New Zealand",NZ
1336,52.979214,10.06514,46.362023,25.7921714,"Brassói Way, Miercurea Ciuc, Romania",RO
1337,52.900864,25.861212,31.1032444,130.8779323,"Japan, Kagoshima-ken, Kimotsuki-gun, Minamiōsumi-chō 県道74号線",JP
1338,49.03074,8.220324,22.4970235,114.1309933,"S Kwun Po Rd, Fanling, Hongkong",HK
1339,51.22058,9.757097,56.13974,40.3912041,"Oktyabrskiy prospekt, 40, Vladimir, Oblast' di Vladimir, Russia, 600000",RU
1340,54.73674,8.615995,23.4839857,89.9025838,"Mawa - Bhanga Hwy, Bangladesh",BD
1341,46.546684,5.3344316,35.9898676,139.0785663,"Japan, 〒368-0035 Saitama-ken, Chichibu-shi, Kamimachi, 2 Chome−7 県道73号線",HK
1342,49.47814,8.566988,48.6665479,21.9920491,"555, 072 13 Palín, Slovakia",SK
1343,2.2332025,8.151686,-22.3815092,26.7566804,"A14, Serowe, Botswana",BW
1344,52.133602,8.967337,47.1093432,17.9184398,"8200 Veszprém, Haszkovó Street 31, Hungary",HU
1345,52.45594,7.300544,32.2760723,34.8458011,"Zalman Shazar 12-16, Netanya, Israel",IL
1346,49.44065,8.381032,67.0781774,19.7736487,"827, 982 99 Gällivare, Sweden",SE
1347,55.30771,9.891476,54.9680946,73.3956531,"ulitsa Dekabristov, 141, Omsk, Omsk Oblast, Russia, 644046",RU
1348,52.47782,8.9909,53.7232717,-7.4478223,"Unnamed Road, Co. Westmeath, Ireland",GR
1349,45.909912,7.930499,12.8453889,105.9932538,"Unnamed Road, Cambodia",KH
1350,57.91658,19.530516,42.6228849,1.5531845,"Ctra. de Sorteny, AD300 Ordino, Andorra",AD
1351,56.090782,11.042313,37.5110696,127.1961968,"10 Daeseong-ro, Hanam-si, Gyeonggi-do, South Korea",KR
1352,53.47681,9.307796,-37.7492346,175.2167228,"Waikato Expressway, Burbush, Horotiu 3288, New Zealand",NZ
1353,52.264908,8.861594,59.624689,18.0007048,"858, 195 96 Rosersberg, Sweden",SE
1354,55.12661,10.051197,48.3092991,18.0893943,"Wilsonovo nábrežie 66, 949 01 Nitra, Slovaquie",SK
1355,48.560387,6.518814,4.9771511,-73.7459905,"Unnamed Road, Sesquilé, Cundinamarca, Colombia",NO
1356,42.43902,47.672,8.4328197,99.7824957,"Unnamed Road, Tambon Kam Lon, Amphoe Lan Saka, Chang Wat Nakhon Si Thammarat 80230, Thailand",TH
1357,53.87745,9.545423,-6.3531513,107.1194481,"Jl. Raya Serang-Cibarusah No.19, Cikarang Sel., Bekasi, Jawa Barat 17530, Indonesia",ID
1358,51.126198,8.53342,38.3569132,23.6412979,"Unnamed Road, Chalkida 341 00, Greece",GR
1359,50.281948,7.870062,49.9982359,15.7399254,"32226, 530 02 Třebosice, Czech Republic",CL
1360,52.80439,9.214722,-31.9805969,116.0014539,"90 Bougainvillea Avenue, Forrestfield Australie-Occidentale 6058, Australie",AU
1361,52.07966,34.2491,-19.9816151,23.4511249,"Koro, Maun, Botswana",BW
1362,47.352646,8.239297,4.2009246,114.0589141,"AH150, 98150 Bekenu, Sarawak, Malaysia",MY
1363,55.294666,10.456466,63.7579001,-68.5444608,"1516-1520 Ungalliqpaat, Iqaluit, NU X0A, Canada",CA
1364,47.375282,7.642618,-6.9009907,-48.0262318,"BR-153, Tocantins, 77860-000, Brazil",BR
1365,53.406776,9.361178,53.9911276,-1.531255,"16 Queen Parade, Harrogate, North Yorkshire HG1, UK",GB
1366,56.647934,17.191626,33.9441487,-86.4221143,"51380-51530 Alabama 53, Oneonta, Alabama 35121, Verenigde Staten",US
1367,47.500534,32.90126,23.0564588,89.7703334,"Dhaka - Khulna Hwy, Bangladesh",BD
1368,45.105183,9.689409,45.4662467,-69.554097,"Unnamed Road, Magong City, Penghu County, Taiwan 880",TW
1369,50.62326,9.38773,52.0376974,8.4885073,"Morgenbreede 41, Bielefeld University, 33615 Bielefeld, Germany",DE
1370,52.919643,8.974631,-11.0839133,-76.1468108,"Unnamed Road, Перу",PE
1371,49.220486,6.227147,49.3451958,21.5451767,"557018, 089 01 Vyšná Jedľová, Slovakia",SK
1372,53.02311,7.584894,47.5279843,8.7138218,"Aubodenstrasse 69, 8472 Seuzach, Switzerland",CH
1373,54.025803,9.024694,47.3952675,8.4493369,"Bühlackerstrasse 5, 8952 Schlieren, Switzerland",CH
1374,54.745598,8.916867,46.0443953,14.4878945,"Jadranska ulica 2, 1000 Ljubljana, Słowenia",SI
1375,53.367428,9.327612,55.2479313,24.8118215,"Vienkiemio gatvė 13, Ukmergė 20148, Lithuania",LT
1376,50.765236,8.077155,37.9604418,-6.1434396,"Carretera Hoya de Santa María, Monesterio, Badajoz, Spain",ES
1377,51.84279,8.890401,46.0138594,4.0083933,"377-661 Chemin des Sources, 42155 Ouches, France",AE
1378,49.987705,6.7884607,24.9266758,55.6418178,Dubai-Hatta Rd - Sharjah - Các tiểu Vương quốc Ả rập Thống nhất,AE
1379,48.822685,8.416668,27.715644,129.0164361,"Japón, 〒891-7101 Kagoshima-ken, Ōshima-gun, Tokunoshima-chō, Kametsu 県道80号線",JP
1380,7.975686,8.717899,-24.5525749,28.7465582,"R519, South Africa",ZA
1381,50.305897,5.905243,-7.178367,107.872573,"Jl. Raya Cipanas, Tarogong Kaler, Garut, Jawa Barat 44151, Indonesia",ID
1382,54.013916,9.295021,45.7669185,14.6260219,"1317 Jelovec, Słowenia",SI
1383,50.989548,8.783608,41.1639078,-7.0711383,"Rua da Romanzeira, 5160, Portogallo",PT
1384,51.036217,9.450966,43.1255162,-0.8417212,"Doronde, 64470 Tardets-Sorholus, France",FR
1385,49.03942,7.7939653,59.4660284,10.8376751,"Riksveg 115 40, 1591 Sperrebotn, Norway",NO
1386,38.634796,75.44646,61.2691734,27.8462885,"Kuivasensaarentie 575, 54950 Savitaipale, Finland",FI
1387,53.44439,9.426174,54.9238988,25.170779,"5230, 14271, Lithuania",LT
1388,47.491432,5.701192,9.0780556,99.8936111,"4232, Tambon Khanom, Amphoe Khanom, Chang Wat Nakhon Si Thammarat 80210, Thailand",TH
1389,56.534492,11.376771,46.8724615,7.2835462,"Felsenegg, 3184 Flamatt, Switzerland",CH
1390,46.142162,5.9337473,58.0575486,26.6567201,"Sirvaste-Kitse, 63405 Comté de Põlva, Estonie",EE
1391,52.10078,8.406737,47.5833231,5.0559742,"D120, 21120 Marey-sur-Tille, France",CH
1392,50.025314,7.546937,1.3075997,103.6952759,"2 Jln Samulun, Singapore 629120",SG
1393,50.62286,8.848234,54.650288,23.1121544,"5110 40, Gudeliai 70199, Lithuania",LT
1394,49.623642,7.6098843,37.607062,126.8170144,"441-225 Haengjuoe-dong, Deokyang-gu, Goyang-si, Gyeonggi-do, South Korea",KR
1395,47.71328,8.0859375,40.0978711,-2.2226587,"Calle Olmo, 5, 16190 Chillarón de Cuenca, Cuenca, Spain",GB
1396,43.3508,7.649144,32.9854803,35.5090427,"Zamir 387-388, Safed, Israel",IL
1397,51.252808,8.310093,-30.9518418,24.3036323,"N10, Zuid-Afrika",ZA
1398,50.282803,8.008375,37.8509902,-4.8936336,"Calle la Revoltosa, 14710 Córdoba, Spain",ES
1399,53.75647,8.847743,50.0059267,36.2357461,"Pravdy avenue, 12, Kharkiv, Kharkiv Oblast, Ukraine",UA
1400,50.26451,7.9938116,55.4392969,25.8202168,"4902, 28311, Lithuania",LT
1401,49.22042,7.4640303,50.4586964,4.3826184,"Rue Nestor Falise 15, 6180 Courcelles, Belgium",BE
1402,46.750088,9.313173,50.4680681,13.7923479,"257, 440 01 Kozly, Czech Republic",CZ
1403,51.049026,8.154074,39.3358979,22.4258632,"Epar.Od. Farsalon-Asprogion, Farsala 403 00, Greece",GR
1404,51.822136,9.116907,36.928753,24.7388756,"Unnamed Road, Sifnos 840 03, Grækenland",GR
1405,44.89285,6.4974575,1.2889851,103.7703323,"33 Harbour Dr, Singapore 117606",SG
1406,41.520565,57.25722,-33.836289,150.005703,"Kanangra Road, Jenolan NSW 2790, Australia",AU
1407,50.27629,8.668285,21.0082174,-89.5743053,"Calle 25ᶜ, La Florida, 97138 Merida, Yucatan, Mexico",CZ
1408,47.764736,8.328636,37.2865992,23.1740685,"Posidonos, Kosta 213 00, Greece",GR
1409,-10.739411,16.4864,-22.3815092,26.7566804,"A14, Serowe, Botswana",BW
1410,52.695255,9.358595,46.765252,16.0170994,"Pertoča 89, 9262 Rogašovci, Slovenia",SI
1411,52.15722,9.198992,57.0778009,21.4229735,"P111, Užava parish, LV-3627, Latvia",LV
1412,56.59629,11.028202,-36.3280346,174.7366644,"55 Quintal Road, Big Omaha 0985, New Zealand",NZ
1413,46.428986,5.7691765,-28.2012784,29.1325397,"R722, Afrique du Sud",ZA
1414,46.91451,6.6858053,51.9400583,6.1542295,"Prinses Beatrixstraat 77, 6942 Didam, The Netherlands",NL
1415,51.214256,8.799439,46.9906902,6.9036802,"Chemin du Soleil 15, 2000 Neuchatel, Switzerland",CH
1416,57.289402,16.06745,39.3834561,140.0316885,"405 Mizubayashi, Yurihonjo, Akita Prefecture, Japan",JP
1417,51.503876,8.519421,45.9982655,14.5166134,"Ižanska cesta 442b, 1000 Ljubljana, Slovenië",SI
1418,49.06076,7.977002,27.5480806,90.1393181,"Wangdue Phodrang - Nobding Hwy, Bhutan",BT
1419,51.42713,8.991538,-26.3791816,31.955276,"MR7, Swaziland",DK
1420,57.743484,13.557396,52.412372,13.1403109,"Schäferstraße 10-14, 14109 Berlijn, Duitsland",DE
1421,-24.71574,22.532745,-23.7088498,22.8262872,"A2, Botswana",BW
1422,53.145218,9.488148,-13.3313867,-76.2377395,"Panamericana Sur, Peru",PE
1423,51.700768,7.893221,46.7641679,17.6671638,"8630 Balatonboglár, Zrínyi Street & E71, Hungary",HU
1424,48.296185,7.3937044,43.203431,25.2274496,"403, 5234 Dimcha, Bulgaria",BG
1425,47.329765,7.507107,-30.4373008,-59.9466052,"RP1, Santa Fe, Argentina",AR
1426,50.027435,7.6263123,55.3279198,12.102232,"Østerskovvej 39, 4682 Tureby, Denmark",HK
1427,51.201164,7.312665,25.2005107,55.5191446,Amardhi St - Dubai - United Arab Emirates,AE
1428,36.17505,44.4747,1.3239613,103.6384373,"3 Tuas Ave 18A, シンガポール",SG
1429,49.31821,7.908741,45.8252787,4.2413312,"La Frenee, 42510 Bussières, France",FR
1430,55.449226,10.66405,54.7972009,18.045615,"Droga Wojewódzka 213, Pologne",PL
1431,53.73857,9.739676,-31.4395063,-61.9669019,"RN19, Santa Fe, Argentina",AR
1432,57.046196,12.198666,55.6757297,13.7812034,"Brösarpsvägen 353-25, 275 67 Vollsjö, Sverige",SE
1433,52.795288,9.235783,-11.2309871,-76.2269739,"Unnamed Road, Perù",PE
1434,49.810097,8.86866,48.0577095,19.4222444,"2673 Csitár, Ságvári Way 3-5, Hungary",HU
1435,53.99196,9.919155,42.2258177,0.6363144,"A-2613, 22587, Huesca, Spain",ES
1436,52.685257,7.652128,42.5433869,1.7338409,"Carrer de les Abelletes, 13, AD200 Pas de la Casa, Andorra",AD
1437,55.15094,10.084579,56.6226337,26.6397047,"P84, Murmastienes pagasts, LV-4836, Latvia",LV
1438,47.163628,6.5475473,59.0128902,24.8374903,"Ülejõe-Ridaküla, Ridaküla, 79528 Rapla County, Estonia",EE
1439,53.343033,9.552696,37.9367396,21.1458227,"Riga Fereou, Killíni 270 68, Greece",GR
1440,-24.675652,24.353613,-26.2227225,31.0290662,"MR3, Ngwenya, Swaziland",SZ
1441,34.66445,5.4372797,64.5299269,-21.580446,"Dragavegur, Islandia",IS
1442,44.318047,65.42313,27.3638979,89.4632188,"Paro - Thimphu Hwy, Paro, Bhutan",BT
1443,48.899723,7.566887,-34.7500848,19.6872348,"R317, Agulhas National Park, South Africa",ZA
1444,52.097973,8.987532,46.5710655,3.3499353,"38-42 D779, 03400 Yzeure, France",FR
1445,48.047092,53.60805,1.2432465,103.8275199,"120 Tanjong Beach Walk, Singapore 098942",SG
1446,52.36978,7.475033,63.1355389,28.1266791,"Juankoskentie 696-698, 73320 Nilsiä, Finland",FI
1447,56.357155,11.009323,55.192591,24.596169,"E262, 20309, Lithuania",LT
1448,48.590027,7.6913137,41.7880057,23.6396797,"19, 2776 Obidim, Bulgarie",BG
1449,55.111904,9.452627,37.5567363,126.9069719,"486-25 Mangwon-dong, Mapo-gu, Seoul, South Korea",KR
1450,53.90678,9.343695,51.1656436,-120.1248812,"Southern Yellowhead Highway, Barrière, Kolumbia Brytyjska V0E 1E1, Kanada",CA
1451,50.937172,7.8648176,43.5093055,23.0468837,"1, 3482 Vinište, Bulgaria",BG
1452,57.35637,15.734087,43.2592602,-5.1191395,"N-625, 33558, Asturias, Spain",ES
1453,54.99079,9.936501,48.3715247,17.9747146,"513012, 951 42 Zbehy-Andač, Slovakia",SK
1454,45.707447,6.656893,53.8945905,-8.3970175,"Unnamed Road, Co. Роскоммон, Ирландия",IE
1455,51.343212,9.157981,24.8632597,55.1780379,Emirates Rd - Dubai - Emiratele Arabe Unite,KH
1456,46.78514,7.5195227,51.6583473,-9.3520954,"Unnamed Road, Co. Cork, Ireland",IE
1457,51.853073,9.322271,46.3579699,-66.8391257,"NB-107, Douglas, NB E6B, Canada",CA
1458,44.652042,4.0332537,65.3618226,13.5865653,"Fylkesveg 273 922, 8680 Trofors, Norway",NO
1459,50.00527,7.250305,37.8395327,21.9455014,"Unnamed Road, Kalavrita 250 04, Greece",GR
1460,57.004112,11.506617,4.9374125,-73.8369476,"Carrera 12 # 8-1 a 8-99, Guatavita, Cundinamarca, Colombia",CO
1461,53.467827,9.18317,1.4476892,103.8124889,"Sembawang Way, Singapore",SG
1462,-20.615374,21.13768,-30.7733931,117.4171465,"LOT 1 Koorda North West Road, Newcarlbeon WA 6475, Australia",AU
1463,47.529114,7.9080973,53.9684328,-6.5750786,"L1143, Co. Louth, Ireland",IE
1464,52.326042,8.522031,4.3190905,-74.806638,"Calle 40 # 99, Girardot, Cundinamarca, Colombia",CO
1465,40.073513,21.694921,56.7261772,-120.9897706,"19245-19301 Prespatou Rd, Buick, BC V0C 2R0, Canada",CA
1466,56.715454,25.647097,27.2797744,89.3050244,"Chhudzom - Haa Rd, Bhutan",AU
1467,49.628418,7.513242,59.4396539,10.6355366,"Per Sivles vei 19, 1511 Moss, Norway",CZ
1468,53.2341,15.444223,4.812449,-75.6877289,"Ferrocarril, Pereira, Risaralda, Colombia",CO
1469,43.642418,9.295773,59.0631177,11.434664,"Riksveg 22, 1765 Halden, Norway",NO
1470,47.01116,7.404889,44.5306825,24.4271405,"DJ657, Săltăneşti, Румыния",RO
1471,52.93893,8.536121,65.9623627,24.1744528,"Kourilehdontie 337-339, 95500 Tornio, Finland",FI
1472,51.513508,7.8789005,39.2670127,-8.6387819,"Unnamed Road, 2000 Santarém, Portugal",PT
1473,58.289673,16.717941,52.631067,-8.3542035,"Unnamed Road, Co. Limerick, Ireland",AU
1474,48.657887,8.642649,50.4929322,30.4730587,"Kurenivska Street, 21, Kiev, Kyiv city, Oekraïne",UA
1475,48.455193,7.5001516,53.877555,-123.7453583,"Sob Lake Road, Vanderhoof, BC V0J 3A1, Canada",CA
1476,48.53067,7.9230776,54.3755305,23.3008071,"2642, 69228, Lithuania",LT
1477,52.994766,8.510838,1.4300653,103.9767555,"428 Pulau Ubin, Singapore 508367",SG
1478,56.8144,19.8318,50.7510236,15.3187792,"Ve Sladké Díře, 468 61 Desná, Czech Republic",AU
1479,52.025047,7.6730003,42.5065439,1.5343995,"Ctra. de l'Obac, 19, AD500 Andorra la Vella, Andorra",AD
1480,52.13011,9.773394,1.6946566,110.0549643,"Jalan Lundu - Sampadi, 94500 Lundu, Sarawak, Malaysia",MY
1481,58.167976,22.219063,47.9551055,37.6628759,"Zaborovs'koho street, 3, Donieck, Obwód doniecki, Ukraina",UA
1482,50.448315,7.9976377,43.6140864,26.8181184,"2005, 7449 Bogdantsi, Bulgaria",BG
1483,51.91613,8.948585,40.7583249,14.4051744,"Viale Europa, 13, 80059 Torre del Greco Naples, Italy",IT
1484,54.816074,9.736952,-23.5133421,-46.5558115,"Avenida Condessa Elisabete de Robiano, 9994-11246 - Vila Santo Henrique, Sao Paulo - São Paulo, Brazil",BR
1485,49.09269,11.116972,-5.1959156,-80.6264553,"Ica, Piura, Pérou",PE
1486,50.318703,8.75528,-37.7201129,175.2062205,"284 Onion Road, Horotiu 3288, New Zealand",NZ
1487,51.869434,8.752951,44.692626,23.2762815,"DJ674B, Borăscu, Romania",RO
1488,58.142395,19.73678,-29.7959583,30.8140697,"23 Lynton Road, Kloof 3640, Republika Południowej Afryki",ZA
1489,46.814835,5.369625,57.1523297,24.8626024,"Pūpolu iela 3-5, Sigulda, Siguldas pilsēta, LV-2150, Latvia",LV
1490,53.33963,9.55385,41.2728351,-6.5538654,"R. da Forja, 5200, Portugal",PT
1491,53.78032,9.315705,-26.2249067,31.907929,"MR3, Hlane National Park, Swaziland",SZ
1492,55.77758,10.159882,52.9918356,5.1517935,"Afsluitdijk, 1779 Den Oever, The Netherlands",NL
1493,58.290844,27.266228,27.0569804,89.9019135,"Daga Rd, Bhutan",BT
1494,50.91632,8.372227,47.5185106,18.8313352,"2071 Páty, Munkás tér 6, Maďarsko",HU
1495,49.42315,7.5907907,54.7201796,11.4320048,"Sydmotorvejen, 4970 Rodby, Denmark",DK
1496,53.193275,9.580463,-11.1510823,-76.6244133,"1NC, Pérou",BT
1497,58.163715,18.19902,27.224057,90.6197323,"Unnamed Road, Bhutan",BT
1498,51.6137,5.820651,46.8789441,27.8898519,"DJ244F, Dolheşti, Romania",RO
1499,50.470043,8.767351,-26.6726136,31.4166329,"MR9, Swaziland",SZ
1500,53.858032,8.845026,47.3952675,8.4493369,"Bühlackerstrasse 5, 8952 Schlieren, Switzerland",CH
1501,48.033825,8.768347,55.2039972,38.5896069,"Novoryazanskoye shosse, Moskovskaya oblast, Russia",RU
1502,49.81082,8.009656,47.5018506,18.6116517,"2060 Bicske, 1, Węgry",KR
1503,48.576035,7.3197203,-38.1037657,175.7259255,"743 Old Taupo Road, Waotu 3481, New Zealand",NZ
1504,51.146988,7.9739866,-24.855926,25.8710126,"Lesetlhana Road, Ramotswa, Botswana",BW
1505,50.954197,36.07224,49.1061827,18.9177622,"Francúzskych partizánov, 036 01 Martin, Slovakia",SK
1506,49.93479,8.6935835,39.9831363,141.7131478,"Japan, 〒027-0611 Iwate-ken, Shimohei-gun, Iwaizumi-chō, Akka 県道202号線",JP
1507,49.53243,9.670374,25.2034438,55.238767,1 23 A St - Dubai - United Arab Emirates,AE
1508,49.275627,6.9746876,39.7546849,19.9045275,"Unnamed Road, Meggoulas 491 00, Greece",GR
1509,53.617172,8.521219,44.6062444,26.2154708,"Strada Crizantemelor, Dascălu, Romania",RO
1510,46.54515,59.19167,22.4194024,113.9706629,"88 Hong Po Rd, Tuen Mun, Hongkong",HK
1511,50.598335,8.096702,44.6750892,23.7225284,"Unnamed Road, Văluța, Romania",US
1512,47.21302,8.730174,34.8336853,132.0485111,"395 Tabasechō, Hamada-shi, Shimane-ken 697-1332, Japan",JP
1513,49.086807,10.153884,32.6935618,35.3133176,"Harod Street 1, Nazareth Iliit, İsrail",RU
1514,53.485226,9.756897,1.3477058,103.81155,"Unnamed Road, Singapore",SG
1515,48.188446,10.100956,25.0151696,55.4577543,E66 - Dubai - Förenade Arabemiraten,AE
1516,54.061775,9.224916,23.9966646,120.5474213,"515, Taiwan, Changhua County, Dacun Township, 彰73鄉道",TW
1517,53.772205,9.30389,-13.3228558,-76.2436288,"Carretera Panamericana Sur, Distrito de San Vicente de Cañete, Peru",PE
1518,41.955437,5.0220575,48.4882705,-0.5770139,"36-38 Le Bourg, 61330 Loré, France",FR
1519,52.973106,9.461484,49.2577984,4.0367381,"30 Rue Jean-Jacques Rousseau, 51100 Reims, France",FR
1520,57.125973,12.355268,48.7293351,-0.2522923,"D909, 61210 La Fresnaye-au-Sauvage, France",FR
1521,51.124786,9.106621,24.4117832,123.8071448,"Japan, 〒907-1541 Okinawa-ken, Yaeyama-gun, Taketomi-chō, Uehara 県道215号線",JP
1522,52.5185,8.580694,38.1301611,24.3106097,"Unnamed Road, Rizovouni 340 13, Greece",GR
1523,54.96038,10.098904,1.4800581,103.6839432,"Jalan Persisiran Sutera, Taman Sutera, 81200 Johor Bahru, Johor, Malaysia",MY
1524,48.75364,7.31225,-33.7401958,24.7789793,"R331, Afrique du Sud",ZA
1525,51.376602,8.736672,44.965667,25.99374,"Extensia Hortensiei, Blejoi, Roumanie",RO
1526,51.16266,7.9749765,-26.2931384,27.9594701,"Vesting Link, Johannesburg South 2095, South Africa",ZA
1527,50.45965,9.076911,49.810477,23.9416466,"Aviatsiina Street, 3, Lviv, Lviv Oblast, Ukraine",UA
1528,51.554203,8.5679035,38.6753388,20.9156549,"Epar.Od. Vonitsas - Kandilas, Xiromero 300 19, Greece",GR
1529,51.33796,8.078746,51.6989965,5.5382819,"Loosbroekseweg 54-56, 5388 VP Nistelrode, The Netherlands",NL
1530,54.165333,11.685099,29.9226698,-90.3691093,"278 Angus Drive, Luling, LA 70070, USA",US
1531,45.6928,5.535187,46.3909218,6.1601473,"Route de la Scie 58, 1278 La Rippe, Switzerland",CH
1532,48.938995,7.578247,52.5967752,39.5748591,"ulitsa Michurina, 32, Lipeck, Lipecki terület, Oroszország, 398059",RU
1533,50.590126,9.167563,-28.5283104,32.1520083,"N2, Africa de Sud",ZA
1534,53.44857,9.113211,48.2936744,19.6613047,"585, 985 32 Panické Dravce, Slovakia",SK
1535,49.09185,8.138577,51.490837,6.643706,"Verbandsstraße, 47199 Duisburg, Germany",DE
1536,25.595566,100.98395,42.4860108,1.7011178,"Carretera de Grau Roig, AD200 Encamp, Andorra",AD
1537,54.11181,9.663675,54.1464593,-6.9217403,"R162, Co. Monaghan, Ireland",IE
1538,-12.198054,15.155825,-26.1238641,27.0467619,"R30, Afrique du Sud",ZA
1539,41.868225,5.8855257,63.0338146,23.9698275,"16 885-945, 62900 Alajärvi, Finland",FI
1540,50.223877,11.022051,-32.9674134,-71.5253204,"Martín de Salvatierra 470, Viña del Mar, Valparaíso Region, Chile",CL
1541,49.057518,7.6820526,23.2405057,91.3127845,"Dhaka - Chittagong Hwy, Chauddagram, Bangladesh",BD
1542,55.120808,11.1145935,37.92242,24.031455,"Arfara, Chamolia 190 03, Greece",GR
1543,47.6341,7.97542,50.154454,16.6657932,"Lipowa, 57-530 Międzylesie, Pologne",PL
1544,52.637012,8.987301,-23.3217046,-45.738244,"Rodovia dos Tamoios, 3684-4736, São Paulo, 12270-000, Brazil",BR
1545,53.373734,9.366116,46.0793826,7.1298642,"E27, 1933 Vollèges, Switzerland",CH
1546,52.406685,9.301932,32.6014398,35.012436,"70, Israel",IL
1547,49.87229,8.853409,63.9162714,25.8409922,"18451 172-226, 86710 Kärsämäki, Finlandia",FI
1548,57.890026,19.363834,52.0751396,6.3000202,"De Horst 3, 7251 PR Vorden, Pays-Bas",RU
1549,51.451538,8.814299,52.0236392,4.3140888,"Wiepkje Barendrechtlaan 11, 2286 ME Rijswijk, Нидерланды",NL
1550,49.655586,7.3322153,32.2708084,34.844308,"Menachem Savidor 4-56, Netanya, Israel",IL
1551,47.633053,6.9534845,6.9645253,-75.3702482,"Unnamed Road, Yarumal, Antioquia, Colombia",NO
1552,58.0727,18.319162,49.9637539,36.2891412,"Teplovozna street, 3, Kharkiv, Kharkiv Oblast, Ukraine",UA
1553,44.416786,5.2527304,55.4607929,8.6767949,"Darumvej 70, 6740 Bramming, Danemark",HK
1554,51.154232,8.379773,55.971152,10.2342181,"Dyngbyvej 24, 8300 Odder, Denmark",DK
1555,50.814415,7.8482294,37.9646643,24.7506179,"Unnamed Road, Andros 845 01, Greece",GR
1556,-17.125189,20.506876,-23.7572014,24.7583528,"Kweneng West, Botswana",BW
1557,52.031937,8.652668,48.1247845,17.0761523,"E65, 851 01 Petržalka, Slovakia",RU
1558,44.03576,7.6516857,51.6136192,-4.2174493,"2 Council Houses, Landimore, Swansea SA3 1HE, UK",GB
1559,46.241325,7.414811,63.9887613,-22.5761843,"41, Iceland",IS
1560,56.55239,18.749691,43.6376499,-79.3916218,"437 Queens Quay West, Toronto, ON M5V 2Y2, Canada",CA
1561,50.3012,7.1516466,52.7923193,-9.2658526,"Carncreagh, Co. Clare, Ireland",IE
1562,42.35166,4.9595337,48.6036808,-2.2570451,"27 Rue ville Pichet, 22380 Saint-Cast-le-Guildo, Francja",NL
1563,48.20341,7.1117783,-47.2796229,-71.4751713,"RP41, Santa Cruz, Argentina",FI
1564,46.686543,6.713067,66.9874663,14.7658081,"Fylkesveg 495 20, 8110 Moldjord, Norway",NO
1565,48.397804,8.611706,16.8210806,-96.7843173,"Venustiano Carranza 14, La Soledad ( San Inocente - El Calvario ), 71270 San Pablo Huixtepec, État d'Oaxaca, Mexique",MX
1566,55.416275,10.294418,42.553477,1.6636886,"Camí Pont de Capigol, AD100 Canillo, Андорра",AD
1567,55.730186,11.040324,37.5694988,127.156997,"365-10 Godeok-dong, Gangdong-gu, סיאול, קוריאה הדרומית",KR
1568,55.848164,11.028248,32.0781812,34.768641,"Ben Yehuda 41-57, Tel Aviv, Israel",IL
1569,50.84552,7.8088655,45.9410928,11.2708586,"SS 349, 38046 Gionghi-cappella Trentino, Italy",IT
1570,47.452858,8.071304,53.4891127,19.7595255,"19 Stycznia, Lubawa, لهستان",PL
1571,51.48141,9.101564,55.9981271,92.1045091,"M54, Krasnoyarsk Krai, Russia",RU
1572,52.927208,9.098037,47.3906561,5.3047511,"D70, 21310 Mirebeau-sur-Bèze, France",FR
1573,52.065845,8.789355,24.9561402,121.0848475,"Taiwan, Taoyuan County, 桃100鄉道",TW
1574,50.663685,7.259843,42.5065439,1.5343995,"Ctra. de l'Obac, 19, AD500 Andorra la Vella, Andorra",AD
1575,56.363625,10.287786,21.2326667,92.0460051,"Cox's Bazar - Teknaf Marine Dr, Bangladesh",BD
1576,53.195343,13.205402,24.8999808,55.0468301,Unnamed Road - Dubai - United Arab Emirates,UA
1577,57.592476,20.009977,24.9883384,55.0212371,D53 - Dubai - United Arab Emirates,AE
1578,51.336258,12.32196,45.3029669,39.2683135,"Leningradskaya ulitsa, Plastunovskaya, Krasnodar Krai, Russia",RU
1579,50.93856,9.513718,52.038468,-8.9868187,"Unnamed Road, Co. Cork, Ireland",IE
1580,50.500587,9.075281,28.2321266,129.2572667,"Japan, 〒894-1851 Kagoshima-ken, Ōshima-gun, Setouchi-chō, Kuji 県道79号線",JP
1581,49.710537,9.0597,56.7943979,27.718934,"E262, Malnavas pagasts, LV-5717, Latvia",LV
1582,49.755936,8.338725,28.3448861,129.5697962,"534 Naze Ōaza Sakibaru, Amami-shi, Kagoshima-ken 894-0776, Japan",JP
1583,50.931984,8.128948,55.6790747,12.5968067,"Trangravsvej 11, 1436 Copenhagen, Denmark",DK
1584,50.702324,8.079149,1.3140515,103.9894632,"50 Tanah Merah Ferry Rd, Singapore 498833",SG
1585,50.33902,8.125978,50.1941635,15.7744558,"Kubcova 9, 500 04 Hradec Kralove, Czech Republic",CZ
1586,50.56218,8.297606,27.5480806,90.1393181,"Wangdue Phodrang - Nobding Hwy, Bhutan",BT
1587,48.77441,8.58041,23.3913976,89.13701,"Jessore - Jhenaidah Hwy, Kaliganj, Bangladesh",BD
1588,46.577843,6.3514805,43.82369,-0.1541895,"D32, 32240 Toujouse, France",FR
1589,50.08847,8.555692,46.2678243,15.3704408,"Jarmovec 6, 3222 Dramlje, Slovenia",SI
1590,44.870037,5.2634687,-9.0914423,-75.7390525,"PE 5N, Peru",PE
1591,51.47708,8.908819,63.7460068,9.7233125,"Riksveg 710 1540, 7160 Bjugn, Norway",NO
1592,51.59134,8.832991,52.6612744,41.0698403,"Р119, Tambov Oblast, Russia",RU
1593,55.55868,13.392927,37.5882032,127.0234995,"347-6 Anamdong 1(il)-ga, Seongbuk-gu, Seul, Južna Koreja",KR
1594,50.26069,8.906309,24.3235372,120.7178669,"Jiǔjiǎ Road, Houli District, Тайчжун, Тайвань 421",TW
1595,54.894043,9.814619,35.1686717,129.0951874,"1816-94 Yeonsan 3(sam)-dong, Yeonje-gu, Busan, South Korea",KR
1596,50.543945,10.431025,61.7684471,11.4593621,"Rv217 1230, 2485 Rendalen, Norway",IS
1597,44.166523,6.7993574,50.5585099,15.1031551,"Všeň 171, 512 65 Všeň, Czech Republic",CZ
1598,49.64789,9.180712,51.9802925,6.5461426,"Varsseveldseweg 65D, 7131 JA Lichtenvoorde, Nyderlandai",NL
1599,28.890144,25.193424,34.1359387,-84.2123191,"5201 Breckinridge Lane, Cumming, Geórgia 30040, EUA",US
1600,49.526367,8.14721,-33.0695721,27.2032588,"N2, South Africa",ZA
1601,55.687546,9.154009,32.7849542,35.0146548,"Ruth HaCohen 14-16, Haïfa, Israël",IL
1602,51.524902,8.491273,47.8283237,20.4611166,"3398 Nagytálya, 2502, Hungary",HU
1603,48.19483,7.001687,50.8023156,3.3604827,"Paridaanstraat 13, 8550 Zwevegem, Belgium",BE
1604,-21.194199,21.72238,-26.3728241,30.9299223,"MR19, Swaziland",SZ
1605,42.13764,38.619,25.3144722,55.399128,First Industrial St - Sharjah - Vereinigte Arabische Emirate,AE
1606,52.5264,9.201771,-18.5467791,146.1913939,"LOT 2 Bruce Highway, Bemerside QLD 4850, Australia",AU
1607,47.34562,7.8630047,54.2706261,23.9123028,"2512, Noragėliai 67225, Lithuania",LT
1608,47.793056,6.0235996,46.7314114,17.9691235,"8671 Kapoly, Kossuth Street 44, Hungary",HU
1609,55.359177,9.793493,46.9657757,6.8540334,"Chemin des Sources 16, 2013 Colombier, Switzerland",CH
1610,51.454514,9.038797,43.9077463,25.9849633,"Strada Unirii, Giurgiu, Romania",RO
1611,57.96704,32.773994,13.5329843,107.2132409,"Unnamed Road, Keng San, Cambodia",KH
1612,47.98403,6.232188,-37.108699,175.0908948,"353-355 Gelling Road, Hunua 2583, Nowa Zelandia",IS
1613,44.555664,6.6030064,55.2672974,22.3081685,"J. Kruopo gatvė 5, Tauragė 72190, Lithuania",LT
1614,44.671356,4.2247095,26.9945948,89.5889918,"Phuntsholing - Thimphu Hwy, Bhutan",BT
1615,48.63751,7.2599106,4.6266467,-74.0619428,"Entrada A La TV2 # 1, Bogota, Cundinamarca, Kolumbia",CO
1616,49.39643,7.788295,-30.9772474,151.581948,"189 North Street, Walcha Noua Ţară a Galilor din Sud 2354, Australia",AU
1617,-11.4168415,20.667929,-22.55289,27.1373283,"Mokgosi Road, Palapye, Botswana",BW
1618,50.473614,7.9462805,51.0541274,4.567498,"Berkenhoekstraat 14, 2861 Sint-Katelijne-Waver, Belgium",BE
1619,51.466976,8.354031,40.3557017,-8.2439889,"R. Vale Erveja 17, 3450, Portugal",PT
1620,54.55577,8.396831,37.5377453,127.12172,"74-2 Pungnap 1(il)-dong, Songpa-gu, Seoul, South Korea",KR
1621,47.23842,6.4763565,52.3363545,-0.1045422,"1 Sawtry Way, Houghton, Huntingdon, Cambridgeshire PE28 2BY, UK",GB
1622,49.353127,8.304645,58.4284516,15.9235841,"769, 585 63 Linghem, Sweden",SE
1623,52.298603,9.307376,51.2033009,3.3536507,"Gentse Steenweg 53, 8340 Damme, Belçika",BE
1624,47.481194,6.9084024,-28.2887808,-61.4558519,"RN95, Santa Fe, Argentína",AR
1625,52.307293,32.43849,1.5209918,110.9367979,"Jalan Sebuyau, Sebuyau, Sarawak, Малайзия",MY
1626,47.158195,8.189243,24.9711317,55.1542628,D57 - Dubai - United Arab Emirates,AE
1627,47.7116,8.05263,1.7463064,102.9892687,"Jalan Lapangan Terbang, Kemajuan Tanah Sungai Kelicap, 83200 Senggarang, Johor, Malaysia",MY
1628,54.789227,10.805486,1.4023889,103.7961932,"Unnamed Road, Singapour",SG
1629,50.840595,7.7683535,69.1188133,-105.0186984,"Natik St, Cambridge Bay, NU, Canada",CA
1630,46.856163,10.071025,24.2962254,120.7172239,"No. 170-188, Náncūn Road, Houli District, Taichung City, Taiwan 421",TW
1631,47.177544,5.070381,50.702795,23.2444124,"Źródlana 4, Замошк, Полша",PL
1632,50.95727,7.7809486,-27.4146931,-70.2800936,"Copayapu, Copiapó, Région d'Atacama, Chili",CL
