,pred_latitude,pred_longitude,true_latitude,true_longitude,address,country_iso_alpha2
0,45.77187,58.73554,37.5597493,126.9403781,"74-23 Sinchon-dong, Seodaemun-gu, Seoul, South Korea",KR
1,49.352642,12.53068,58.3508411,15.5622115,"702, 585 97 Linköping, Sweden",SE
2,43.846706,24.926857,42.1954997,-7.7289602,"OU-0110, 32678 Quintela, Province of Ourense, Spain",ES
3,16.870628,13.996082,-24.6014188,25.9259483,"Airport Road, Gaborone, Botswana",BW
4,55.195786,24.891087,57.2391479,26.4941226,"P34, Lejasciema pagasts, LV-4412, Latvia",LV
5,62.80559,20.934975,58.7849192,15.3712338,"1107, 590 34 Tjällmo, Sweden",SE
6,60.47333,5.3917956,51.73074,4.9328767,,AD
7,52.484318,19.576773,48.1254122,11.5517498,"Schmellerstraße 19, 80337 Munich, Germany",DE
8,40.620396,40.27367,48.9909342,14.6170272,"1468, 373 72 Hvozdec, Czech Republic",CZ
9,39.340645,41.70226,25.139532,55.253798,11 11 B St - Dubai - United Arab Emirates,AE
10,31.502962,33.316864,24.9859577,55.0199025,Unnamed Road - Dubai - United Arab Emirates,AE
11,47.712914,31.799072,-33.6351237,-70.7125954,"Caletera Ruta Cinco Sur Oriente, San Bernardo, Santiago Metropolitan Region, Chile",CL
12,48.470066,27.65751,-40.9637829,175.9923751,"42-50 Blairlogie-Langdale Road, Blairlogie 5872, New Zealand",NZ
13,47.42529,8.668858,-33.433982,-70.740905,"Tte Cruz 1100-1188, Cerro Navia, Santiago Metropolitan Region, Chile",CL
14,13.780551,123.25024,1.4158156,103.7174365,"Neo Tiew Lane 1, Singapore",SG
15,26.519531,82.137024,22.2390797,114.120964,"Unnamed Road, Lamma Island, Hong Kong",HK
16,41.403545,16.973793,-21.9701423,-47.42703,"Avenida América do Sul, 342-430 - Vila Esperança, Pirassununga - São Paulo, 13635-101, Brazil",BR
17,52.197475,45.66556,37.25425,140.4300686,"Japon, Préfecture de FukushimaSukagawaOguri, Ikenokubo 県道138号線",JP
18,42.77969,37.841167,47.7417491,26.6700809,"Strada Războieni, Botoșani, Romania",RO
19,43.639294,22.488369,45.6180684,25.6686543,"Centura Săcele, Săcele, Romania",RO
20,-0.9745288,7.957488,-24.2260168,26.1718687,"A1, Botswana",BW
21,48.940723,34.238167,56.0254055,10.2142222,"Starupvej 135, 8340 Malling, Danemark",DK
22,52.803257,32.421387,52.9784983,-113.3851307,"5530-5534 Centennial Drive, Wetaskiwin, Алберта T9A, Канада",CA
23,63.189247,18.045515,49.1061827,18.9177622,"Francúzskych partizánov, 036 01 Martin, Slovakia",SK
24,55.383682,12.962009,42.5533327,1.5074136,"CG-4, 15, AD400 La Massana, Andorra",AD
25,55.50453,4.528012,52.8506349,-110.387075,"Alberta 14, Edgerton, AB T0B 1K0, Canada",CA
26,35.675186,68.80011,-6.874493,109.2748527,"Jl. Raya Surodadi No.50, Suradadi, Tegal, Jawa Tengah 52182, Indonesia",ID
27,19.558187,35.06017,-26.0988995,27.8700383,"0A Van Bergen Road, Roodepoort, South Africa",ZA
28,47.48685,-23.905725,-24.2544424,-65.2482133,"Unnamed Road, San Salvador de Jujuy, Jujuy, Argentina",AR
29,62.595303,33.427364,63.6699538,23.9842167,"Ullavavägen 9-45, 68380 Kokkola, Finland",FI
30,55.30717,13.165571,47.4945123,19.3665016,"2119 Pécel, Isaszegi Way, Hungary",HU
31,42.94161,-10.970192,66.0308991,-16.4538317,"Norðausturvegur, Iceland",IS
32,47.605106,21.760586,-40.7558925,175.135088,"14 Matai Street, Otaki 5512, New Zealand",NZ
33,57.08855,19.674755,58.5441024,22.8496793,"Tagavere-Randküla, 94660 Saaremaa, Estonia",BT
34,32.99111,78.412155,22.295401,113.955206,"N Lantau Hwy, Tung Chung, Hongkong",HK
35,39.92993,62.97205,24.9040998,54.9472457,Sheikh Zayed Rd - Dubai - United Arab Emirates,AE
36,34.464638,12.618306,-26.2648616,28.0297304,"37 Erica Street, Johannesburg South 2091, South Africa",ZA
37,50.90859,23.747015,23.706068,120.2482467,"Ānnán Road, Dongshi Township, Yunlin, Tajwan 635",TW
38,48.337635,32.932255,24.9354531,121.0904791,"Xīnfù 7th Street, Yangmei City, Taoyuan County, Taiwan 326",TW
39,-17.62064,-24.883896,-39.9015189,-69.3269732,"Ruta Provincial 73, Río Negro, Argentina",AR
40,30.446981,95.471,37.5251107,127.2871681,"산67-3 Neungnae-ri, Joan-myeon, Namyangju-si, Gyeonggi-do, Südkorea",KR
41,43.79971,13.606083,48.0874371,11.5326933,"Noestraße 7-11, 81479 Munich, Germany",DE
42,31.497992,22.557793,-5.1698882,-80.6520252,"Calle F, Piura, Peru",PE
43,64.08161,-3.0591817,50.7450876,2.890447,"Rue de Messines 190-194, 7784 Comines-Warneton, Belgium",BE
44,59.112926,5.2430677,64.9976208,25.5230892,"Kainuuntie 246, 90250 Oulu, Finland",FI
45,42.486485,48.753597,19.2870387,-99.1444977,"Mexico-Xochimilco 4900, Guadalupe Tlalpan, Tlalpan, 14370 Cidade do México, Distrito Federal, Estados Unidos Mexicanos",MX
46,56.832012,18.732834,63.2436473,10.2199631,"Kregnesvegen 20, 7224 Melhus, Norwegia",NO
47,48.144466,32.221004,-33.4713214,150.172195,"1 Saywell Street, Lithgow Nowa Południowa Walia 2790, Australia",AU
48,37.468475,-24.927675,-30.9518418,24.3036323,"N10, Zuid-Afrika",ZA
49,4.431017,79.28952,28.7885596,-17.7725438,"Camino Bermúdez, 35, 38729, Santa Cruz de Tenerife, Spain",BW
50,48.586864,3.9303355,65.9483462,-18.4992938,"Ólafsfjarðarvegur, Iceland",IS
51,47.590008,34.681637,49.1255312,6.1999555,"32 Rue du Moulin, 57070 Saint-Julien-lès-Metz, France",FR
52,37.218685,27.383022,28.7114166,-100.5256336,"De Los Maestros, Guadalupe, Seccion 1, Piedras Negras, Coahuila, Mexico",MX
53,34.22379,59.888905,2.3902859,112.0288406,"Lorong Bahagia 9, 96000 Sibu, Sarawak, Malaysia",MY
54,36.95854,87.299164,22.7467117,120.3813783,"Jiāchéng Road, Dashe District, Kaohsiung, Tajwan 815",TW
55,41.563576,44.482468,34.5084213,-92.5182552,"6701 Bullock Road, Bauxite, AR 72011, USA",US
56,26.510345,31.272167,-33.1270612,-71.5699715,"Cardenal Samoré, Valparaíso, Valparaíso Region, Chile",CL
57,57.805027,22.518698,57.1971436,15.2570358,"976, 360 70 Åseda, Sweden",SE
58,47.596035,46.076443,53.9684328,-6.5750786,"L1143, Co. Louth, Ireland",IE
59,-8.486561,82.54798,14.1157479,105.3406945,"Unnamed Road, Cambodia",KH
60,25.4972,39.39771,-36.4076956,140.8627042,"LOT 258 Olive Grove Road, Pooginagoric SA 5268, Australia",AU
61,65.109795,17.382336,57.6229483,13.3858774,"1695, 523 60 Gällstad, Sweden",SE
62,57.412704,-1.1666346,43.5093055,23.0468837,"1, 3482 Vinište, Bulgaria",BG
63,26.1311,65.284775,23.7351028,89.7636505,"Dhaka - Faridpur Hwy, Bangladeche",BD
64,33.050343,18.29713,19.4324188,99.2300114,"Unnamed Road, Tambon Pa Nai, Amphoe Phrao, Chang Wat Chiang Mai 50190, Thailand",TH
65,-18.593477,25.98178,-26.1596049,-62.0051201,"RN16, Santiago del Estero, Argentina",AR
66,41.540924,60.21316,26.6318148,128.1550861,"Japan, 〒905-1204 Okinawa-ken, Kunigami-gun, Higashi-son, Taira 県道70号線",JP
67,41.457703,48.98043,35.1977104,129.2144645,"산3-1 Dangsa-ri, Gijang-eup, Gijang-gun, Pusan, Corée du Sud",KR
68,14.411604,87.95331,1.4570388,104.0447674,"30 Kranji Way, Singapore 739440",SG
69,46.8226,35.110676,68.4869221,16.7129711,"Fylkesveg 722 210, 8534 Liland, Norway",NO
70,54.499454,3.5350375,51.9160171,5.4148775,"Terweistraat 1, 4011 EX Zoelen, The Netherlands",NL
71,48.42964,15.860277,45.8860809,16.0101537,"Gradečak lijevi, 10000, Zagreb, Croatia",HR
72,56.987347,6.103027,45.7860268,14.7663997,"Kolenča vas 6, 1313 Struge, Slowenien",MX
73,17.17461,-12.003958,34.7540373,-106.0883964,"835-891 New Mexico 55, Estancia, NM 87016, USA",US
74,47.61656,0.7469492,48.8456109,17.8278363,"061024, 913 07 Zemianske Podhradie, Slovakia",SK
75,33.4738,30.660095,25.2833333,55.4666667,Unnamed Road - Sharjah - United Arab Emirates,AE
76,54.879215,47.176105,46.9444027,6.8307934,"Route Cantonale 1, 2017 Boudry, Szwajcaria",CH
77,18.842432,80.51616,1.3975528,103.7767158,"Unnamed Road, Singapur",SG
78,47.89394,7.3991437,55.8526163,9.7642928,"Kirkevænget 35, 8700 Horsens, Denemarken",DK
79,-25.550062,50.553905,-21.147429,27.4638621,"A3, Botswana",BW
80,52.496502,-13.501106,52.1900612,4.4220228,"Molenplein 1, 2223 GZ Katwijk, Nederländerna",NL
81,44.642735,23.392654,42.4985577,1.530433,"Urbanització Comella Parc, AD500 Andorra la Vella, Andorra",AD
82,14.911976,82.05772,22.3631651,120.6260799,"Chūngǔ Communication Road, Chunri Township, Pingtung County, Taiwan 942",TW
83,54.872105,0.038582325,44.1773517,143.5802252,"82 Kitaheison Ikku, Yūbetsu-chō, Monbetsu-gun, Hokkaidō 099-6325, Japan",JP
84,35.574486,48.696873,25.407771,55.5086372,Sheikh Ammar Bin Humaid St - Ajmān - United Arab Emirates,AE
85,55.90571,-0.22326565,52.306179,4.6687844,"Lindholm 34, 2133 CV Hoofddorp, The Netherlands",NL
86,31.289616,-4.502644,42.5733525,1.466586,"Estació d'Esquí d'Arinsal, AD400 La Massana, Andorra",AD
87,27.872614,47.909687,-19.7971771,-43.9930602,"Rua Ismar F Silva, 16 - Tony (Justinópolis), Ribeirão das Neves - Minas Gerais, Brazil",BR
88,36.655357,76.19222,4.6141586,-74.11262,"Carrera 41B # 3BISA-1 a 3BISA-100, Bogotá, Cundinamarca, Colombia",CO
89,29.44407,83.45415,38.9596138,140.516449,"Akilliq, Iqaluit, NU, Canada",CA
90,22.812151,61.432476,-27.1061851,30.7654148,"R543, South Africa",ZA
91,55.39775,23.773884,48.3092991,18.0893943,"Wilsonovo nábrežie 66, 949 01 Nitra, Slovaquie",SK
92,23.885788,76.500916,1.3241708,103.8283658,"38 Malcolm Rd, Singapore 308274",SG
93,39.660496,10.411266,-27.3647279,-70.3375097,"Yumbel 320-390, Copiapó, Región de Atacama, Chile",CL
94,5.368473,93.83428,18.0765059,103.9202223,"Unnamed Road, Tambon Ban Tong, Amphoe Seka, Chang Wat Bueng Kan 38220, Thailand",TH
95,53.505367,46.14905,58.3233586,25.6409477,"Viljandi-Rõngu, 70109 Viljandi County, Estonia",EE
96,60.39656,30.293274,62.6332575,24.0496324,"68 844-884, 63700 Ähtäri, Finland",FI
97,48.20074,29.130081,50.4056456,4.3426145,"N54, 6140 Fontaine-l'Evêque, Belgique",BE
98,55.346058,31.182304,54.7605482,24.8630866,"E85, Skirmantiškės 21367, Lithuania",LT
99,47.26441,36.400562,51.2264973,1.2542424,"3 St Albans Downs, Coldblow, Nonington, Dover, Kent CT15 4HN, UK",GB
100,58.046844,4.8647118,58.2656535,26.468025,"Observatooriumi 7, Tõravere, 61602 Tartu County, Estonia",EE
101,47.228306,42.940598,53.2135756,50.1816754,"Moskovskoye shosse, 35, Samara, Samara Oblast, Russia, 445240",RU
102,33.26607,83.482445,1.275063,103.8148188,"59 Telok Blangah Heights, Singapore 100059",SG
103,48.672012,3.1690707,52.4917555,-7.3262842,"R697, Co. Kilkenny, Irlande",IE
104,59.606724,25.53817,51.9024641,4.3077819,"James Wattweg 68, De Vergulde Hand, 3133 KK Vlaardingen, The Netherlands",NL
105,-11.358686,135.00029,3.0999128,101.7724608,"Ah Pek Hill Trail, Taman Cheras Awana, 43200 Cheras, Selangor, Malaysia",MY
106,41.85358,53.812557,37.5595728,127.1686785,"215 Godeok-dong, Gangdong-gu, Séoul, Corée du Sud",KR
107,45.168156,23.59564,48.083702,22.3063066,"4826 Vásárosnamény, 4117, Węgry",HU
108,17.938263,92.38898,-26.3105222,31.1198009,"MR3, Mbabane, Swaziland",SZ
109,67.77335,-1.4368896,58.3396287,25.7570153,"Jänese-Pirmastu, 69619 Viljandi County, Estonia",EE
110,59.109177,28.08754,34.7551425,-80.7051928,"2728 Camp Creek Road, Lancaster, Caroline du Sud 29720, États-Unis",US
111,49.913795,12.93494,46.0546541,13.6016218,"Ložice 86, 5210 Deskle, Slovenia",SI
112,35.668797,4.35325,25.2248802,55.42556,47th St - Dubai - Förenade Arabemiraten,AE
113,30.676287,57.247074,22.4514209,114.1651508,"7 Ting Kok Rd, Tai Po, Hong Kong",HK
114,57.83846,6.6764855,46.7906502,-0.5171665,"D38, 79300 Bressuire, France",KR
115,61.810783,-10.631392,65.7691833,-20.0592271,"Þverárfjallsvegur, Islande",IS
116,33.12872,54.007378,23.8229606,89.2622314,"চরপাড়া Dhaka - Kushtia Hwy, Khoksha, Bangladesh",BD
117,56.46686,16.805845,64.9522098,25.6722742,"Mikkolantie 45, 90310 Oulu, Finland",FI
118,43.48012,54.01077,-43.3919464,172.6514019,"9 Isaac Wilson Road, Kaiapoi 7630, New Zealand",NZ
119,42.51383,42.324368,41.6133982,26.3860891,"Epar.Od. Kastanion-Filakiou, Orestiada 680 14, Greece",GR
120,45.565434,25.237692,47.6319902,19.1493282,"2120 Dunakeszi, Szent Imre tér 4, Hungary",HU
121,57.48205,19.656956,49.4622157,11.1481309,"Rehhofstraße 18, 90482 Nuremberg, Germany",DE
122,48.71348,51.90694,51.146204,17.1558229,"Leśna, Kiełczów, Poland",PL
123,54.09922,-8.675194,52.8302181,-6.9358341,"Kilkenny Road, Carlow, Ireland",IE
124,25.444395,103.6846,-23.593789,-46.6682255,"Rua Lourenço de Almeida, 763 - Vila Nova Conceicao, São Paulo - État de São Paulo, Brésil",BR
125,5.7013025,98.17874,12.8453889,105.9932538,"Unnamed Road, Cambodia",KH
126,54.643303,15.620728,44.4723817,22.8000327,"DN56A, Rogova, Romania",RO
127,52.36926,9.183849,52.2593504,6.1524628,"Korte Davostraat 2, 7412 VH Deventer, The Netherlands",NL
128,48.636715,22.992945,46.5297228,30.6361175,"Ob'izna road, Odessa, Obwód odeski, Ukraina",UA
129,47.02253,22.191967,49.9758994,5.4933063,"Rue du Centre, 6800 Libramont-Chevigny, Belgium",NL
130,55.657116,5.9799247,46.091911,12.0850332,"Via Cal da Prà, 7, 32036 Sedico, Belluno, Italy",IT
131,49.621628,58.340107,35.17702,128.97807,"396-15 Samnak-dong, Sasang-gu, Busan, South Korea",KR
132,55.443382,-1.3663158,52.8877418,-8.5804553,"R352, Co. Clare, Ireland",IE
133,40.606304,18.256592,49.5293837,0.6449253,"Route de la Cavée, 76490 Anquetierville, France",FR
134,8.108881,61.242065,8.1538735,-76.0397602,"Unnamed Road, Tierralta, Córdoba, Colombia",BW
135,5.9123635,88.60654,12.5192968,107.5612695,"Ao Nav Rd, Cambodja",KH
136,46.79218,35.254078,60.3271964,24.3469319,"Lusilantie 75, 03100 Vihti, Finland",FI
137,26.213995,26.134407,-22.9220605,-49.6227739,"Rua França, 245 - Parque das Nações, São Paulo, 18900-000, Brazil",BR
138,29.029734,41.249992,24.9502086,55.255306,D57 - Dubai - アラブ首長国連邦,AE
139,56.6442,-7.90852,57.6179294,-3.7057602,"Unnamed Road, Forres, Moray IV36 2TL, UK",GB
140,47.870815,7.9073644,-62.5954571,-59.9024777,"日本〒100-2211 Tōkyō-to, Ogasawara-mura, Hahajima 都道241号線",JP
141,32.631386,42.055897,32.2978307,34.8567524,"Shmu'el 25, Netanya, Israel",IL
142,24.590652,28.677654,-7.1688689,-79.4403788,"La Libertad 528, Pacanguilla, Perú",PE
143,37.866596,34.99887,31.9349682,34.8052127,"Etsel 4, Ness Ziona, Israel",IL
144,54.287025,0.79233027,55.249294,9.2898704,"Odinsvej 471, 6500 Vojens Municipality, Danemark",DK
145,42.424503,27.638456,56.9699316,24.1601377,"Brīvības iela 214A, Vidzemes priekšpilsēta, Rīga, LV-1039, Latvia",LV
146,39.30168,24.171713,-30.0146331,30.9265225,"737 Kingsway, Amanzimtoti 4126, Afrique du Sud",ZA
147,29.365046,96.19841,1.2643728,103.802915,"12 Port Rd, Σιγκαπούρη 117630",SG
148,60.130306,21.005363,54.2201325,-10.026544,"R313, Co. Mayo, Ireland",IE
149,30.511532,41.813614,51.0362934,4.2030369,"Kuitegemstraat 67, 2890 Sint-Amands, Belgium",BE
150,36.461132,74.70395,2.6443224,101.6611644,"5, Kampung Bukit Bangkong, 43950 Sungai Pelek, Selangor, Malaysia",MY
151,54.86038,34.94443,43.2420011,0.1673718,"21 Route de Tarbes, 65350 Souyeaux, France",FR
152,27.835821,65.31066,16.7841709,103.1821024,"Unnamed Road, Tambon Nong Yai, Amphoe Nong Kung Si, Chang Wat Kalasin 46220, Таиланд",TH
153,32.02186,26.481867,38.8392593,-94.415134,"1706-1730 Southwest County Line Road, Lee's Summit, MO 64082, USA",US
154,40.413597,24.047218,25.1312889,55.2285761,5 22 St - Dubai - United Arab Emirates,AE
155,56.116795,-4.0775666,49.1717732,21.6618364,"15, 091 01 Stropkov, Slovakia",SK
156,30.107958,57.61327,27.5419696,89.827128,"Unnamed Road, Bhutan",BT
157,14.265055,116.23627,-8.8313951,115.2160716,"Unnamed Road, Kuta Sel., Kabupaten Badung, Bali, Indonesia",ID
158,51.112804,13.504492,51.8163057,36.1272469,"avtodoroga Krym, Kursk Oblast, Russia",RU
159,52.756584,4.6690745,56.9129369,23.8825813,"Viestura iela 6, Dzilnuciems, Babīte parish, LV-2107, Latvia",LV
160,56.121593,34.720043,2.9459873,101.8645882,"Jalan TTS 1, Taman Tasik Semenyih, 43500 Semenyih, Selangor, Malaysia",MY
161,24.095642,10.856033,42.361032,0.0908119,"A-2205, 22330, Huesca, Spain",ES
162,46.685986,27.21964,43.8632161,12.981152,"Località San Biagio, 36B, 61032 Fano Pesaro and Urbino, Italy",IT
163,57.622627,20.684261,46.3467908,20.8347872,"5820 Mezőhegyes, 4434, Hungary",HU
164,57.228848,9.081394,53.9126907,14.2395823,"72-600, Poland",RU
165,46.617603,59.9982,22.4461865,114.0047327,"15 Ping Ha Rd, Ping Shan, Hongkong",HK
166,63.25375,5.498108,48.7658828,21.1712496,"547, 040 01 Sever, Slovakia",SK
167,48.56367,31.91256,50.8810774,4.6908401,"Brusselsestraat 204, 3000 Leuven, Belgium",BE
168,37.81897,25.414707,-26.1438159,27.8386227,"761-773 Vermooten Road, Roodepoort 1724, South Africa",ZA
169,53.376225,22.926075,49.9520936,5.0535073,"Rue de Gedinne, 5555 Bièvre, Belgium",BE
170,52.32152,15.043087,42.6152936,22.9740431,"605, 2341 Pernik, Bulgarie",BG
171,54.785736,5.840373,59.1817874,24.7405163,"Jõe 23, Kohila, 79801 Rapla County, Estonia",EE
172,48.17207,14.680626,54.9585601,-1.7222735,"A47, Oakham, Rutland LE15 9ET, UK",GB
173,26.375307,-2.2332897,-37.0696697,-70.4004053,"RP41, Neuquén, Argentina",AR
174,42.532284,40.765057,43.2184605,27.2878132,"2082, 9234 Nenovo, Bulgaria",BG
175,54.318947,50.430412,46.4763636,30.7090059,"Kolontaivs'ka street, 56, Odesa, Odessa, Ukraine",UA
176,64.7404,9.696608,56.5787307,21.1389811,"P111, Medze parish, LV-3461, Latvia",LV
177,58.12804,-0.73352385,41.7435887,14.238843,"SS86, Forlì del Sannio, Isernia, Italy",IT
178,8.493405,84.482994,1.7661193,109.8438198,"Jalan Kg Belungei, 94500 Lundu, Sarawak, Malaysia",MY
179,24.212683,47.573997,2.8646115,111.8261314,"Unnamed Road, Dalat, Sarawak, Maleisië",MY
180,51.40698,12.196777,51.407122,0.90443,"50 Emerald View, Warden, Kent ME12, UK",GB
181,50.501423,11.683816,27.4168909,89.2199443,"Unnamed Road, Bhutan",BT
182,34.523457,77.168304,1.410545,103.9904566,"840W Pulau Ubin, Singapore 508381",SG
183,54.736507,10.9100485,52.3853997,-6.4569117,"1 Saint Ibar's Villas, Castlebridge, Co. Wexford, Ireland",IE
184,53.775295,28.920965,50.4056456,4.3426145,"N54, 6140 Fontaine-l'Evêque, Belgique",BE
185,55.878017,10.0790825,54.1062925,-6.9931615,"R193, Co. Monaghan, Irlande",IE
186,38.944927,50.601086,-8.6965226,115.5434238,"Jl. Buyuk Limo, Nusapenida, Klungkung, Bali 80771, Indonesien",ID
187,37.989353,46.13528,-8.7082336,115.4379205,"Sunset Rd, Nusapenida, Klungkung Regency, Bali 80771, Indonesia",ID
188,65.94439,-17.846619,50.1359911,5.0492155,"Rue de Rochefort 595, 5572 Beauraing, Belgium",US
189,32.661556,24.012096,25.8462236,88.7422746,"Shaha Para Rd, Bangladesh",BD
190,56.30411,23.065735,24.3836876,120.6136721,"Dōngxi 3rd Road, Daan District, Taichung City, Taiwan 439",TW
191,54.070053,29.57239,46.0117191,2.0080225,"D17, 23480 Saint-Sulpice-les-Champs, France",FR
192,19.433977,94.532776,22.9156268,89.5155873,"Barakpur Bazar Rd, Bangladesh",BD
193,-17.14616,-19.322823,-39.9015189,-69.3269732,"Ruta Provincial 73, Río Negro, Argentina",AR
194,34.57699,39.0442,32.1011912,34.8070912,"Israel National Trail, Tel Aviv, Israel",IL
195,62.007828,38.709072,52.3609592,-0.3275011,"4 Woolley Road, Barham, Huntingdon, Cambridgeshire PE28 5AA, UK",GB
196,35.857258,61.695568,-38.8549372,176.0424489,"State Highway, Hatepe 3382, New Zealand",NZ
197,50.851727,7.036506,42.6188325,1.5393376,"Av. de Sant Pere, AD300 Ordino, Andorre",AD
198,25.004261,3.6511302,-11.7294589,-77.1506192,"Panamericana Norte, Ancon, Pérou",PE
199,49.45001,19.167667,59.2942007,18.0687145,"Tjurhornsgränd 7, 121 63 Johanneshov, Sweden",SE
200,1.4949265,-20.625074,38.7348481,-5.4590881,"Calle Motor, 06420 Castuera, Badajoz, Spain",ES
201,64.21285,6.7112956,51.73074,4.9328767,,AD
202,31.277689,73.457565,12.335059,107.3145589,"Unnamed Road, Cambodia",KH
203,57.128563,15.515795,44.5272064,15.3777919,"Jasikovačka ulica 76, 53000, Žabica, Croatia",HR
204,49.413616,18.575651,52.0606003,5.2141451,"Schoudermantel, 3981 Bunnik, The Netherlands",NL
205,41.063625,44.929893,43.6376499,-79.3916218,"437 Queens Quay West, Toronto, ON M5V 2Y2, Canada",CA
206,39.728783,-37.680603,65.3576509,-14.9053764,"Þjóðvegur, Iceland",IS
207,37.94618,28.820433,31.895462,34.8022211,"Amiel Rozanski 15, Rehovot, Israel",IL
208,39.2255,30.078285,-29.6211774,31.0440045,"39 New Glasgow Road, Verulam 4344, Südafrika",ZA
209,57.483944,0.88177586,50.9301405,2.8745603,"Broekweg 1, 8920 Langemark-Poelkapelle, Belgium",BE
210,66.35399,4.2910295,59.3549549,13.7876572,"ARNÖN 210, 660 57 Väse, Sweden",CL
211,30.468246,-2.2956052,37.5963925,23.3364388,"Unnamed Road, Trizinia 180 30, Greece",GR
212,35.64539,14.437954,42.6398328,26.1374992,"6, 8862 Seliminovo, Bulgaria",BG
213,44.756023,0.9917073,51.8265267,4.4697196,"Dorpsstraat 128, 3274 Heinenoord, The Netherlands",NL
214,43.101254,59.198856,-6.9697934,109.8685189,"Raya Subah, Subah, Batang, Jawa Tengah 51262, Indonesia",ID
215,12.3797035,43.46252,4.0368727,114.8290493,"Marudi, Sarawak, Malaysia",MY
216,46.835705,24.69134,50.937246,4.0625128,"Bergekouter 34, 9300 Aalst, Belgium",BE
217,43.60981,26.694351,59.3549549,13.7876572,"ARNÖN 210, 660 57 Väse, Sweden",CL
218,48.15694,18.941242,-39.4287636,175.4523578,"28 Piwari Street, Rangataua 4691, New Zealand",NZ
219,13.47448,117.93005,22.8233102,120.4224628,"823, Kínai Köztársaság, Kaohsiung, Tianliao District, 福爾摩沙高速公路",TW
220,3.515304,22.94961,-20.5701332,26.4919334,"A3, Dukwi, Botswana",BW
221,29.343721,64.4871,-7.6609919,110.40937,"Jl. Raya Turi No.23, Pakem, Sleman, Daerah Istimewa Yogyakarta 55582, Indonesia",ID
222,45.02834,33.86791,27.3473713,89.5719234,"Phuntsholing - Thimphu Hwy, Bhutan",BT
223,54.020084,40.395992,59.5237993,18.2533572,"Sjöbergsvägen 76, 186 91 Vallentuna, Sweden",SE
224,33.334717,19.331495,-32.3889989,-62.2068096,"Ruta Provincial 2, Córdoba, Argentina",AR
225,37.58205,43.088688,-33.8344916,18.9538561,"R45, South Africa",ZA
226,16.885908,-3.834269,-40.5015,-71.1746936,"Ruta Provincial 63, Neuquén, Argentina",AR
227,39.795208,14.162888,41.3532174,-6.8513558,"R. do Meio, 5350, Portugal",PT
228,41.19547,-5.0006022,46.1787292,14.5931107,"Bolkova ulica 51, 1235 Radomlje, Slovenia",SI
229,41.436886,64.43967,22.6797572,120.5203654,"No. 13, Xinmin St, Changzhi Township, Pingtung County, Taiwan 908",TW
230,26.287,3.388784,41.1639078,-7.0711383,"Rua da Romanzeira, 5160, Portogallo",PT
231,13.90166,64.37449,8.8545989,-75.2790003,"Calle 12, La Union, Sucre, Kolumbia",CO
232,53.300426,37.93955,39.5817649,-0.3530091,"CV-32, 46130 Massamagrell, Provinz Valencia, Spanien",ES
233,31.231716,28.254402,32.0762276,34.8662739,"Levi Eshkol 37-43, Petah Tikva, Israel",IL
234,23.530909,29.587788,24.9564673,55.295003,E 77 - Dubai - Các tiểu Vương quốc Ả rập Thống nhất,AE
235,29.282259,72.84256,22.332772,114.028554,"Hong Kong, Lantau Island, 欣澳道",HK
236,41.201538,83.515915,23.9761573,120.5868193,"No. 266-282, Lane 332, Section 1, Fuzhen Rd, Yuanlin City, Changhua County, Taiwan 510",US
237,14.566088,63.355873,-22.0420907,-53.3373573,"MS-134, Mato Grosso do Sul, 79750-000, Brazil",BR
238,36.93313,36.568775,-22.7452618,-43.3143922,"Avenida Gomes Freire, 141-147 - Vila Santo Antonio, Duque de Caxias - Rio de Janeiro, 25040-165, Brazil",BR
239,56.869053,7.7954397,59.9187773,10.5931882,"Bærumsveien 194, 1357 Bekkestua, Norway",NO
240,46.992455,32.585705,43.0522647,17.6337675,"Splitska ulica, 20350, Metković, Croatia",HR
241,11.167729,-14.624767,-10.1980313,-78.0534894,"Panamericana Norte 51, Perù",PE
242,50.603374,20.269901,51.1440193,3.0407871,"Bekegemstraat 2-6, 8480 Ichtegem, Belgium",AE
243,7.68768,10.331549,24.9498958,55.3687806,E 77 - Dubai - United Arab Emirates,AE
244,65.27378,6.091351,36.0755235,-80.2627606,"1772-1798 Camden Road, Winston-Salem, NC 27103, USA",US
245,2.4042535,-30.43605,-48.7754542,-71.2419339,"RP29, Santa Cruz, Argentine",AR
246,54.795795,19.01197,53.3444121,-7.3384378,"Unnamed Road, Co. Offaly, Irlandia",IE
247,19.969597,41.9861,-22.9220605,-49.6227739,"Rua França, 245 - Parque das Nações, São Paulo, 18900-000, Brazil",BR
248,70.90078,-6.3883004,65.594161,-19.35235,"Siglufjarðarvegur, Islande",IS
249,24.893452,76.4434,39.2872875,21.0408045,"Unnamed Road, Kentrika Tzoumerka 471 00, Greece",GR
250,49.98818,27.524597,36.3289042,136.5664261,"Japan, 〒920-2357 Ishikawa-ken, Hakusan-shi, Gojūdanimachi, I−１１２甲",JP
251,30.024494,66.444374,5.8164161,100.9358884,"K702, Kampung Keda Ulu Legong, 09100 Baling, Kedah, Malaysia",MY
252,55.66477,40.11825,32.0646528,34.8106392,"Hahistadrut 2-6, Givatayim, Israel",IL
253,32.040512,15.933086,-35.7595692,174.505432,"195 Pataua South Road, Pataua 0192, New Zealand",NZ
254,31.92096,20.83629,-26.3728241,30.9299223,"MR19, Swaziland",SZ
255,55.13771,20.63734,49.2854577,19.8450317,"Droga Wojewódzka 958, Poland",PL
256,51.6941,48.17822,52.5079853,13.476313,"Tasdorfer Straße 36-37, 10365 Berlin, Niemcy",HU
257,55.373356,8.905923,52.026677,4.3533028,"Zwaluwsingel 13, 2289 EP Rijswijk, The Netherlands",RU
258,18.401651,27.399406,24.972379,55.4141158,E 77 - Dubai - United Arab Emirates,AE
259,45.67555,31.087048,43.9523349,8.1422518,"Via Risorgimento, 17, 17051 Marina di Andora Savona, Italy",IT
260,48.229595,15.099661,51.3326356,3.2969982,"Kragendijk 124-134, 8300 Knokke-Heist, Belgium",BE
261,53.671844,-16.110096,48.1028114,19.5622149,"3170 Szécsény, Fő Way 41, Hungary",HU
262,31.09561,95.59275,23.6568306,90.6065528,"Unnamed Road, Sonargaon, Bangladesh",BD
263,36.853275,41.457767,26.4346171,-80.187526,"Делрей-Бич, Флорида 33446, Соединенные Штаты Америки",US
264,46.69035,20.648087,44.3117249,9.7175148,"Strada Provinciale 3, 19020 Sesta Godano, La Spezia, Italy",IT
265,50.92583,3.272811,48.2832179,18.2791319,"051044, Veľké Chyndice, Slovakia",SK
266,18.914745,62.620197,23.1755062,89.9483715,"Tekerhat - Gopalganj Rd, Bangladesh",BD
267,56.31171,6.84854,59.5589381,15.591389,"859, 710 41 Fellingsbro, Sweden",BW
268,45.664204,19.936296,41.54896,25.3244119,"508, 6850 Plazishte, Bulgaria",BG
269,30.007677,66.924835,25.2034438,55.238767,1 23 A St - Dubai - United Arab Emirates,AE
270,57.34505,7.1113224,51.9967499,8.5555786,"Osningstraße 97, 33605 Bielefeld, Germany",DE
271,35.56308,69.84271,1.4543389,103.810271,"209 Woodlands Ave 9, Singapore 738959",SG
272,52.427876,35.155964,45.153055,24.0552985,"DJ646, Văratici, Romania",HU
273,52.006485,-5.02708,48.5087482,18.0979966,"1706, 956 11 Ludanice, Slovakia",NO
274,42.44507,43.009716,19.2148861,-99.661533,"Del Charcón, 50290 San Juan Tilapa, État de Mexico, Mexique",MX
275,51.51613,22.212337,47.4035664,8.4924821,"Imbisbühlstrasse 25, 8049 Zürich District, Suisse",CH
276,58.77383,8.95444,46.1397316,21.5284784,"DN7, Sâmbăteni, Romania",RO
277,14.579573,23.416315,-26.5219703,31.2902129,"King Mswati III Avenue West, Matsapha, Swaziland",SZ
278,42.0628,23.859442,51.2355807,58.4793803,"ulitsa Stanislavskogo, Orsk, Orenburg Oblast, Russia",RU
279,61.963894,8.670288,66.4347615,23.6939604,"Tengeliöntie 748-750, 95630 Ylitornio, Finlandia",FI
280,48.197357,24.659538,55.3056437,24.9966962,"4805, Žemaitkiemis 20368, Lithuania",LT
281,40.42349,71.42131,25.2712332,55.2911454,Al Khaleej Rd - Dubai - United Arab Emirates,AE
282,50.776436,-12.106689,45.802834,27.1030884,"DN2D, Romania",RO
283,39.90256,50.874825,37.6389722,127.1331291,"490 Sano-dong, Guri-si, Gyeonggi-do, South Korea",KR
284,52.726883,29.812368,55.5684025,39.6655589,"Р106, Krivandino, Moskovskaya oblast, Russia",RU
285,42.55692,60.84236,25.0615959,55.1529014,Unnamed Road - Dubai - United Arab Emirates,AE
286,26.774092,59.57526,-8.72977,115.1649208,"Jl. Kartika No.88, Kuta, Kabupaten Badung, Bali 80361, Indonesia",ID
287,57.74446,33.826176,56.9564789,23.6736205,"Dzelzceļa iela 36, Jūrmala, LV-2008, Latvia",LV
288,59.84959,12.1030655,56.3732606,24.2247121,"Musa, Mūsa, Ceraukste parish, LV-3901, Latvia",LV
289,48.25975,19.024927,44.0534964,-88.7338523,"4442 Wisconsin 116, Omro, WI 54963, USA",US
290,55.256084,0.5246129,35.1686717,129.0951874,"1816-94 Yeonsan 3(sam)-dong, Yeonje-gu, Busan, South Korea",KR
291,42.73153,28.593061,27.4389148,89.4314246,"Unnamed Road, Paro, Bhutan",BT
292,35.50069,70.30635,5.6051983,-75.8136872,"Jardín - Tamesis, Jardín, Antioquia, Colombia",NL
293,29.007317,66.18336,-6.0156004,106.5395668,"Jl. Naval Radar Station Tj. Kait, Mauk, Tangerang, Banten 15330, Indonesia",ID
294,45.602894,47.585667,24.3823228,123.9075055,"Япония, 〒907-1431 Okinawa-ken, Yaeyama-gun, Taketomi-chō, Takana 県道215号線",JP
295,16.419172,81.64507,4.5721255,-75.6336637,"40QN, Salento, Quindío, Kolumbia",IS
296,48.107845,35.175484,55.0253369,-1.4742758,"66 Barnstaple Road, North Shields, Tyne and Wear NE29 8QG, UK",GB
297,51.020775,6.8998737,52.4917555,-7.3262842,"R697, Co. Kilkenny, Irlande",IE
298,-34.557507,15.666756,-23.2198836,20.2631505,"Unnamed Road, Botswana",EE
299,30.041246,72.19379,1.3501903,103.6766604,"Nanyang Cres, Singapore",SG
300,47.69932,23.240875,40.3025107,-111.66641,"310-318 North Palisades Drive, Orem, Utah 84097, États-Unis",US
301,49.92152,47.37631,46.3795338,30.7368558,"Sadovs'koho street, 9, Odesa, Odessa Oblast, Ukraine",UA
302,38.824287,35.434296,42.5534489,1.5886525,"CG-2, AD100 Canillo, Andorra",AD
303,57.095074,14.387705,54.7605482,24.8630866,"E85, Skirmantiškės 21367, Lithuania",LT
304,54.175915,24.847548,55.9073161,26.4943663,"Cēsu iela 42, Daugavpils, LV-5401, Latvia",LV
305,45.552578,37.068237,-37.9118589,145.2003075,"4 Bramley Crescent, Wheelers Hill Victoria 3150, Australie",AU
306,49.115654,-8.37849,46.0224438,7.8074598,"Aegerta, 3929 Täsch, Zwitserland",CH
307,36.717358,27.760147,-12.3891743,-76.7684081,"Antigua Panamericana Sur, San Bartolo District, Peru",PE
308,43.3835,2.2304192,45.0426792,7.4122133,"Strada Avigliana, 4, 10090 Trana, Turin, Italy",IT
309,44.16565,5.7440524,52.909645,-6.8512062,"11-311 Coill Diarmada, Co. Kildare, Ireland",IE
310,28.239351,83.42527,-6.0731591,107.0906374,"Jl. Jaya Bakti, Cabangbungin, Bekasi, Jawa Barat 17720, Indonesia",ID
311,46.39767,3.9460535,49.2903145,4.6888772,"D306, 08400 Marvaux-Vieux, Francija",FR
312,52.756413,20.33697,60.774201,10.20785,"Vestsidevegen 162, 2860 Hov, Norway",NO
313,35.130886,42.59425,51.2590105,7.072752,"Wiedener Straße 65, 42327 Wuppertal, Germany",DE
314,-0.28506327,77.05582,-6.8710516,-49.621709,"BR-155, 4451, Sapucaia - PA, 68548-000, Brazil",AU
315,58.613255,-3.9219594,52.5512054,-6.2825601,"Unnamed Road, Co. Wexford, Irlandia",IE
316,46.4034,20.389652,44.8924049,23.7231006,"Gorj, Romania",RO
317,16.272022,31.580467,-26.6994805,31.0513838,"MR4, Mankayane, Swaziland",SZ
318,-6.581223,-6.2309003,-39.3383689,-68.5033921,"Ruta Provincial 68, Río Negro, Argentina",AR
319,66.852325,11.583506,51.0309511,20.5256603,"26-080 Borki, Poland",PL
320,39.475403,13.144892,45.4557621,18.4677996,"Slavonika, 31403, Beketinci, Croatia",HR
321,34.97155,75.167816,37.5359281,127.0944816,"546-3 Gueui-dong, Gwangjin-gu, Séoul, Corée du Sud",KR
322,43.13805,12.6848345,45.0460698,23.9163494,"DJ676D, Pojogi-Cerna, Romania",RO
323,27.283346,1.6408753,38.3186687,-7.9826197,"N257, Portugal",PT
324,57.879856,7.3603134,46.7709221,17.2928336,"8315 Gyenesdiás, Kossuth Lajos Street 54-56, Hungary",HU
325,55.14883,19.636017,62.2233022,25.7109477,"Välikuja 4, 40600 Jyväskylä sub-region, Finland",FI
326,49.78693,-9.549692,65.5762488,-23.1710419,"Vestfjarðarvegur, Iceland",IS
327,62.566025,14.60508,62.4921225,25.9848221,"Hietasyrjäntie 148-150, 41370 Laukaa, Finland",FI
328,32.65072,7.677789,-34.9019496,-60.7143992,"RP46, Buenos Aires, Argentinien",AR
329,24.491173,3.4360108,53.2806013,-9.5272034,"Unnamed Road, Co. Galway, Ireland",IE
330,48.284565,64.978516,26.9945948,89.5889918,"Phuntsholing - Thimphu Hwy, Bhutan",BT
331,44.608994,20.33681,47.4604181,8.4407857,"Alter Bahnhof 2, 8107 Buchs, Switzerland",CH
332,53.89739,-9.073681,41.7880057,23.6396797,"19, 2776 Obidim, Bulgarie",BG
333,46.92069,29.276663,49.0180082,18.2548995,"E75, Košeca, Slovakia",SK
334,37.26767,76.60141,23.7602801,89.5053133,"01 Dhaka - Kushtia Hwy, Ramdia 7722, Bangladesh",BD
335,32.50827,-16.236109,-47.7939291,-70.8289331,"RN40, Santa Cruz, Argentinien",AR
336,50.874603,13.318546,51.3734093,6.9609181,"Ruhrtalstraße, 45219 Essen, Germany",DE
337,19.262686,69.23491,-6.9215538,110.2042077,"Jl. Soekarno-Hatta No.193, Kendal, Kendal, Jawa Tengah 51313, Indonesia",ID
338,48.78198,24.314043,45.667792,22.1608736,"DJ681, Roemenië",RO
339,41.464687,32.86685,45.5604284,11.5359223,"Via Francesco Guicciardini, 26, 36100 Vicence, Italie",IT
340,56.82459,23.555212,48.2601156,21.8995833,"3973 Cigánd, Hajnal Street 6, Hungary",HU
341,40.226837,34.369007,48.3527234,17.6132715,"R1, 917 05 Trnawa, Słowacja",SK
342,52.933384,12.486067,-39.4227425,174.1114962,"691 Rowan Road, Kaponga 4679, New Zealand",NZ
343,56.209064,29.152103,40.9307904,24.9446547,"Unnamed Road, Avdira 670 61, Greece",GR
344,31.287003,53.442616,-29.6211774,31.0440045,"39 New Glasgow Road, Verulam 4344, Südafrika",ZA
345,24.493416,49.364475,14.2486701,104.5227602,"2625, Cambodia",KH
346,64.8186,13.859526,56.3732606,24.2247121,"Musa, Mūsa, Ceraukste parish, LV-3901, Latvia",LV
347,26.446241,78.66176,24.6213614,121.7303041,"Zhōngshān Road, Condado de Yilan, Taiwán",TW
348,26.134573,70.85094,8.8867186,99.2203309,"44, Tambon Chapthawi, Amphoe Ban Na Doem, Chang Wat Surat Thani 84240, Thailand",TH
349,52.152775,36.74337,56.092575,26.0041956,"Loka iela, Ancene, Asare parish, LV-5210, Latvia",LV
350,37.183342,56.269352,27.3106661,91.0641247,"Bumthang - Ura Hwy, Bhutan",BT
351,41.683475,64.133934,52.5394396,39.5803905,"Lenigradskaya ulitsa, Lipetsk, Oblast Lipetsk, Rusland, 398006",RU
352,43.690544,2.6899426,43.5640484,-7.5979739,"CP-3801, 27865 Ourol, Lugo, Spain",ES
353,67.735695,18.239176,57.9818347,27.5675063,"Tartu-Räpina-Värska, 64307 Põlva County, Estonia",EE
354,27.879356,47.5246,1.2651185,103.6254423,"Unnamed Road, Singapore",SG
355,34.127167,10.299746,-37.3544186,-59.0043137,"RP74, Buenos Aires, Argentina",AR
356,51.150883,-7.3791203,-26.5084509,30.0016206,"80 Pet Street, Ermelo 2351, South Africa",ZA
357,36.437935,33.9659,40.4784062,25.644481,"Epar.Od. Kamariotissas - Pigon Samothrakis, Samothraki 680 02, Grekland",GR
358,54.46303,6.32863,40.9505705,24.2149269,"Epar.Od. Kavalas - Serron, Paggeo 641 00, Griechenland",GR
359,52.667965,60.307438,40.7429249,139.9996225,"Omagoe Hwy, Kasose, Fukaura-machi, Nishitsugaru-gun, Aomori-ken 038-2411, Japon",JP
360,45.663506,46.33678,35.2122059,128.911354,"425 Singman-dong, Gangseo-gu, Busan, South Korea",KR
361,16.842398,20.952467,37.7858251,24.8718706,"Unnamed Road, Andros 845 00, Greece",GR
362,10.535139,109.97947,23.66689,88.8236656,"Chuadanga - Meherpur Hwy, Alukdia, Bangladesh",BD
363,53.59474,9.052309,37.199275,138.3622489,"Japan, Niigata Prefecture, Joetsu, Kubikiku Nakamasuda 県道30号線",JP
364,-2.722423,74.56841,-26.4461683,31.3148641,"MR3, Swaziland",SZ
365,56.049187,-4.527391,65.5536061,-19.4502161,"Norðurbrún, Varmahlíð, Iceland",IS
366,46.21847,20.176992,60.2428633,25.0168136,"Gamla Helsingevägen 2, 00700 Helsinki, Finland",SG
367,36.040836,55.192013,1.4386067,103.7425097,"30 Kranji Way, Singapore 739440",SG
368,43.221695,66.46911,37.25425,140.4300686,"Japon, Préfecture de FukushimaSukagawaOguri, Ikenokubo 県道138号線",JP
369,33.241165,47.18544,23.1684887,121.0274094,"Wulucun Communication Rd, Haiduan Township, Taitung County, Тайвань 957",TW
370,28.781042,40.137394,11.2034296,103.5155459,"AH123, ឃុំ កណ្ដោល, Kambodža",KH
371,54.11099,22.732553,50.4056456,4.3426145,"N54, 6140 Fontaine-l'Evêque, Belgique",BE
372,56.332985,-1.5789728,63.3795985,29.926706,"Yläviekintie 59, 81700 Lieksa, Finland",FI
373,52.174957,49.787014,-36.9013182,174.811551,"5 Cawley Street, Ellerslie, Auckland 1051, New Zealand",NZ
374,64.536545,6.364294,55.8491757,8.7413855,"Nørholmvej 1, 6880 Tarm, Denemarken",DK
375,64.71649,13.852659,65.7817321,20.9262178,"666, 942 92 Älvsbyn, Sweden",SE
376,47.34402,48.41862,17.826764,-97.7825998,"13, Fovissste, 69005 Heroica Ciudad de Huajuapan de Leon, Oaxaca, Mexico",MX
377,42.386845,15.497528,48.7479153,19.1363754,"E77, 974 01 Banská Bystrica, Slovaquie",SK
378,54.843433,24.29377,45.2349252,17.1985085,"E70, 35430, Bodegraj, Croatia",HR
379,50.121994,47.21309,44.1773517,143.5802252,"82 Kitaheison Ikku, Yūbetsu-chō, Monbetsu-gun, Hokkaidō 099-6325, Japan",JP
380,11.090117,74.62894,-36.7805135,149.9134696,"1479 Sapphire Coast Drive, Wallagoot NSW 2550, Australia",AU
381,28.276903,62.202133,33.0158929,35.1354577,"89, Israel",IL
382,55.108856,26.434793,49.1174957,19.0279585,"E50, Malá Fatra-OP, 038 53 Turany, Slovakia",SK
383,31.880802,4.4511094,-32.7263501,-66.1601985,"RP9, San Luis, Argentina",AR
384,62.30715,12.781521,56.6183462,25.8239825,"P37, Aiviekstes pagasts, LV-5120, Łotwa",LT
385,52.832394,12.838943,55.3322118,8.9025485,"Ribevej 99, 6510 Gram, Denmark",DK
386,31.221613,62.520058,-6.8911554,108.7339833,"Jl. Tol Kanci-Pejagan, Pabuaran, Cirebon, Jawa Barat 45188, Indonesia",ID
387,3.2887092,117.254295,22.7242657,121.0433885,"Lane 428, Section 4, Qīnghǎi Road, Taitung City, Taitung County, Taiwan 950",TW
388,46.770916,50.68969,46.2052643,6.1617236,"Rue Sillem 3, 1207 Geneva, Switzerland",NZ
389,41.17071,55.45783,22.3660898,113.9953566,"2 Yu Chui St, Tuen Mun, Hong Kong",HK
390,49.327682,18.776237,50.3717645,30.5160413,"Yahidna Street, 27, Kyyiv, Kyiv city, Ukraine",UA
391,46.15321,17.796349,-46.1810219,168.8801574,"22 Selbourne Street, Mataura 9772, New Zealand",NZ
392,42.83829,12.904676,45.3870105,27.9159381,"Brăila, Romania",RO
393,52.11616,23.09453,-34.840703,-71.1025397,"Panamericana Sur, Teno, Maule Region, Chile",CL
394,51.554935,39.019413,48.6520515,2.2740467,"31 Rue du Pont aux Pins, 91310 Montlhéry, France",FR
395,59.729626,30.13258,51.4485999,4.4942575,"Nieuwmoersesteenweg 121, 2910 Essen, Belgique",BE
396,34.219135,85.80144,22.295401,113.955206,"N Lantau Hwy, Tung Chung, Hongkong",HK
397,52.389004,23.982174,47.1016559,17.5541234,"8400 Ajka, Babits Mihály Street 1, Hungary",HU
398,48.56738,56.152325,55.7780402,12.1832912,"Ring Syd, 3650 Ølstykke, Danemark",DK
399,18.557041,40.944626,-26.2103654,31.0303871,"MR3, Ngwenya, Swaziland",SZ
400,60.73711,13.575701,44.9301802,25.3040223,"DJ702A, Drăgăieşti Pământeni, Romania",RO
401,24.130392,78.0139,-27.0306169,30.7556522,"R543, South Africa",ZA
402,45.88725,9.894829,45.8618628,14.8287407,"Malo Globoko 3a, 1303 Zagradec, Slovenia",SI
403,44.874287,29.531914,-26.4543522,31.0796247,"MR19, Swaziland",ID
404,34.30246,80.25018,27.5419696,89.827128,"Unnamed Road, Bhutan",BT
405,36.364998,62.90083,-22.7848018,-51.4191123,"Rodovia Issa Jabour, Paraná, 86160-000, Brasilien",BR
406,53.36171,22.785795,62.138724,26.9693726,"Porsaskoskentie 2223-2225, 51670 Mikkeli, Finland",FI
407,65.45798,11.040022,55.6817345,35.6555312,"Р90, Moskovskaya oblast, Russia",RU
408,28.481195,30.67147,-38.0574869,175.9493031,"Leslie Road, Ngatira 3485, New Zealand",NZ
409,32.330532,-10.544722,52.2997067,6.785587,"Deurningerweg 51, 7623 AG Borne, The Netherlands",NL
410,19.014965,46.46259,-24.624214,25.9396205,"Ramotswa, Gaborone, Botswana",BW
411,38.738777,40.783558,51.2151578,58.6631122,"pereulok Ogneupornyy, Orsk, Orenburg Oblast, Russia",RU
412,36.022762,47.269176,-37.7043543,145.0910497,"522 Greensborough Road, Greensborough VIC 3088, Australia",AU
413,48.012905,12.303408,54.9585601,-1.7222735,"A47, Oakham, Rutland LE15 9ET, UK",GB
414,42.00234,64.151665,-6.9561407,110.4613662,"Jl. Kaligawe, Genuk, Kota Semarang, Jawa Tengah 50112, Indonesia",ID
415,60.430164,25.407572,46.8956788,19.6752853,"6000 Kecskemét, Wéber Ede Street 18, Hungary",HU
416,49.422684,31.173014,36.8294787,140.7811493,"292-7 Sekinamichō Kamiokashimo, Kitaibaraki-shi, Ibaraki-ken 319-1715, Japan",JP
417,46.68517,75.9144,22.71547,120.2811155,"No. 433, Jiǔchāng Street, Nanzi District, Kaohsiung City, Taiwan 811",TW
418,62.23901,7.3767347,52.412372,13.1403109,"Schäferstraße 10-14, 14109 Berlijn, Duitsland",DE
419,52.383263,9.136507,52.5625662,5.6433015,"Rozentuin 31, 8255 JG Swifterbant, The Netherlands",NL
420,52.134926,16.442436,44.7547725,10.7363532,"Via Fossa Ronchi, 2, 42015 Correggio Reggio Emilia, Italy",IT
421,60.427204,25.685637,39.8413413,16.473805,"Contrada Ponticello, 10, 87076 Villapiana, Cosenza, República Italiana",IT
422,59.902866,-1.7019954,51.5302666,-114.0724216,"Alberta 2A, Carstairs, Alberta T0M 0N0, Canadá",CA
423,40.075634,15.115612,47.9457228,20.0226087,"3243 Bodony, Ballai Street 5, Hungary",HU
424,-1.6583791,17.789553,-24.1398152,26.2509563,"A1, Botswana",BW
425,30.001516,23.432611,10.8155867,-74.9741702,"Juan De Acosta - Baranoa # 2 a 100, Baranoa, Atlantico, Colombia",CO
426,42.63036,42.569927,47.392892,8.5392095,"Schaffhauserstrasse 74, 8057 Zürich District, 스위스",CH
427,11.288352,86.586395,4.9771511,-73.7459905,"Unnamed Road, Sesquilé, Cundinamarca, Colombia",NO
428,43.869213,34.485523,12.5931476,102.8485738,"Unnamed Road, Cambodia",KH
429,60.615227,-7.833119,54.2201325,-10.026544,"R313, Co. Mayo, Ireland",IE
430,51.03647,14.170475,43.4074585,-86.296695,"8121-8129 Lorenson Road, Whitehall, MI 49461, USA",US
431,31.75285,21.420189,37.8230795,-1.4360286,"N-340, 30840 Alhama de Murcia, Murcia, Španělsko",ES
432,29.34506,15.837563,47.0168463,19.9698923,"2755 Kocsér, 46122, Hungary",HU
433,43.442783,16.906588,37.6062329,140.7686135,"Japan, 〒960-1723 Fukushima-ken, Sōma-gun, Iitate-mura, Nagadoro 県道62号線",JP
434,10.791236,86.54951,16.8187838,100.7855946,"Unnamed Road, Tambon Wang Nok Aen, Amphoe Wang Thong, Chang Wat Phitsanulok 65130, Tailandia",TH
435,42.170185,15.070757,60.4082109,29.8102409,"Р34, Oblast de Léningrad, Russie",RU
436,48.823627,-3.1673436,50.7292262,-3.5995477,"2 Centre Cottages, Whitestone, Exeter, Devon EX4 2LA, Royaume-Uni",GB
437,22.913187,64.575806,1.317946,103.6284538,"53 Tuas South Ave 1, Singapore 637606",SG
438,51.76498,6.823474,55.9276757,23.2954611,"Žemaitės gatvė 2B, Šiauliai 78101, Lithuania",LT
439,43.62701,10.782897,-35.4769933,-63.1648236,"Ruta Provincial 70, Buenos Aires, Argentinien",AR
440,55.66554,4.9363046,51.1763359,6.8616084,"Peter-Krahe-Straße 32, 40599 Düsseldorf, Allemagne",DE
441,36.26429,42.98195,43.6017609,23.6472732,"101, 3357 Hayredin, Bulgarie",BG
442,49.130013,21.814533,54.8426883,21.0632298,"A190, Oblast de Kaliningrad, Russie",RU
443,22.566519,39.479675,27.3265131,90.5837093,"Unnamed Road, Bhutan",BT
444,46.043133,2.2102947,45.9834698,18.4486252,"7751 Szederkény, M60, Hungary",GB
445,44.207726,22.785517,56.0656954,-3.4144787,"2 Norway Gardens, Dunfermline, Fife KY11 8JW, UK",GB
446,29.868559,-5.450207,44.1906443,15.6850322,"D27, 23450, Obrovac, Croatia",HR
447,61.972294,-7.384188,50.8961555,3.3083888,"Oostrozebeeksestraat 13-19, 8531 Harelbeke, Belgium",BE
448,62.96944,23.240028,57.5061741,21.6889373,"P124, Tārgale parish, LV-3601, Latvia",LV
449,45.519707,37.46866,22.9457794,121.1264158,"Yǒnglè Road, Luye Township, Taitung County, Taiwan 955",TW
450,43.460304,-22.955196,39.5207432,-8.7276864,"Tv. Henrique Frazão, 2380, Portugal",PT
451,57.06644,26.497934,46.0231315,23.1183659,"DJ705, Balşa, Rumunia",HU
452,16.26498,81.53764,-35.9372781,174.4093379,"50 Applecross Road, Waipu 0582, New Zealand",NZ
453,56.77642,22.07819,54.5907697,24.2172293,"3308, 59429, Lithuania",LT
454,37.583893,75.99963,22.2944919,113.9521533,"Man Tung Rd, Tung Chung, Hong Kong",HK
455,37.22149,-37.230404,-5.8206588,-81.0397158,"Unnamed Road, Peru",PE
456,56.69936,33.774372,43.9203297,-79.270598,"10226-10388 Ontario 48, Markham, ON L3P 3J3, Canada",CA
457,31.363543,70.910645,43.4434607,-5.7855194,"AS-241, 33192, Asturias, Spain",ES
458,50.59127,15.013811,48.0577095,19.4222444,"2673 Csitár, Ságvári Way 3-5, Hungary",HU
459,48.219856,34.845062,44.114801,26.5864327,"Strada Pietruită, Chirnogi, Romania",RO
460,19.600817,77.674736,14.2486701,104.5227602,"2625, Cambodia",KH
461,26.497936,82.110916,25.0615959,55.1529014,Unnamed Road - Dubai - United Arab Emirates,AE
462,13.879272,9.434963,-40.5015,-71.1746936,"Ruta Provincial 63, Neuquén, Argentina",AR
463,58.913525,1.1259284,46.5039378,3.096972,"La Poule, 03210 Meillers, France",FR
464,1.3782554,46.250423,40.1007255,15.5734989,"Strada Provinciale 210, 84079 Vibonati, Salerno, Italy",IT
465,-4.0362983,48.53109,-21.147429,27.4638621,"A3, Botswana",BW
466,62.284843,4.5145874,55.8526163,9.7642928,"Kirkevænget 35, 8700 Horsens, Denemarken",DK
467,22.756144,-7.2185273,41.6154266,-5.6482623,"CL-612, 16, 49123 Benegiles, Zamora, España",ES
468,23.240557,82.88006,23.2266177,90.0198932,"Dhaka - Barisal Hwy, Takerhat, Bangladesh",BD
469,42.08939,58.82279,35.0886647,129.0604976,"147-42 Cheonghak 2(i)-dong, Yeongdo-gu, Busan, Zuid-Korea",KR
470,6.7556515,32.024097,-22.5362925,27.1111464,"Yarona Road, Palapye, Botswana",BW
471,51.534054,4.7445107,-41.2650043,173.2863941,"9 Dundas Street, The Wood, Nelson 7010, New Zealand",NZ
472,39.0663,73.399315,46.2122548,7.0091165,"Galerie de St-Maurice, 1890 Saint-Maurice, Switzerland",CH
473,51.323174,28.236008,-43.6463469,171.9093831,"826 Rakaia Terrace Road, Bankside 7783, New Zealand",NZ
474,43.791325,16.387312,59.1537822,26.0966258,"Betooni 3, Tamsalu, 46107 Lääne-Viru County, Estonia",EE
475,55.371555,10.2070675,32.1955002,-101.6224389,"Interstate 20 Frontage Road, Big Spring, Texas 79720, États-Unis",US
476,37.291306,30.359715,-7.3213335,-79.3645094,"PE 08 16, Peru",PE
477,-23.233524,10.402092,-22.1408571,28.0707343,"A15, Botswana",BW
478,56.180172,44.15099,31.7771157,130.9987196,"Japan, 〒885-0113 Miyazaki Prefecture, Miyakonojo, Shonaicho 県道31号線",JP
479,6.2275243,36.245083,-30.8369782,-59.0393909,"Unnamed Road, Entre Ríos, Argentina",AR
480,47.046734,14.328817,52.108108,5.029727,"Jan Vogellaan, 3451 Vleuten, The Netherlands",NL
481,44.109646,7.2293596,31.4232478,34.5771075,"Yuval 42, Netivot, Israel",IL
482,58.709408,2.5945144,41.4616926,-78.6059774,"Johnsonburg-Saint Marys Road, St. Marys, PA 15857, USA",US
483,33.93969,83.48329,24.0124933,120.9901739,"Fúzhǎng Road, Puli Township, Nantou County, Ταϊβάν 545",TW
484,16.368963,99.391815,23.5812791,88.9463633,"Jhenaidah - Chuadanga Rd, Bangladesh",BD
485,50.510635,-0.8764086,48.0106542,21.6303181,"4461 Nyírtelek, Tokaji Way 16-18, Hungary",HU
486,29.46708,16.6817,-34.6933613,173.0222616,"5824-6092 Far North Road, Ngataki 0484, New Zealand",NZ
487,28.698973,19.323748,40.6938611,-6.9357687,"N340, 6350, Portugal",PT
488,32.838234,36.376804,31.7882183,35.2232866,"Hasidei Karlin 3-7, Jerusalem, Israel",IL
489,42.440998,9.267899,46.945793,9.5456058,"A13, 7205 Zizers, Switzerland",CH
490,3.9357164,-29.392803,-40.2439772,-70.3398808,"RN237, Neuquén, Argentina",AR
491,51.595097,34.21572,47.260031,1.5903649,"9 Rue Basse, 41130 Selles-sur-Cher, Francja",FR
492,22.851154,88.80084,23.2389003,91.3131096,"Dhaka - Chittagong Hwy, Chauddagram, Bangladesh",BD
493,30.240873,71.519615,-7.3160115,112.4264607,"Jl. Raya Dawarblandong, Dawar Blandong, Mojokerto, Jawa Timur 61354, Indonesia",ID
494,27.03702,68.31202,4.2597766,-74.5992037,"I-40 # 1 a 56, Melgar, Tolima, Colombia",CO
495,13.501806,107.12057,23.7131769,88.7661701,"Chuadanga - Meherpur Hwy, Bangladesh",BD
496,51.319233,57.542645,35.1978487,129.0055506,"1262-12 Gupo 2(i)-dong, Buk-gu, Pusan, Corée du Sud",KR
497,51.43249,23.77781,-40.231998,175.7331886,"720 Watershed Road, Bunnythorpe 4470, New Zealand",IS
498,11.673504,33.47284,-33.3079833,-70.8563415,"Irene Frei, Lampa, Santiago Metropolitan Region, Chile",CL
499,53.946575,25.624502,53.0371181,19.7401193,"Droga Wojewódzka 563, Poland",PL
500,39.49322,18.348785,-7.603961,109.5093196,"Gg. Nanas Gombong, Gombong, Kebumen, Jawa Tengah 54414, Indonesia",ID
501,58.16402,21.719086,49.8255838,24.1360538,"Ivasyuka Street, 31, Vynnyky, Lviv Oblast, Ukraine",UA
502,31.73558,44.868626,31.4152848,34.5885637,"Ahat Esre Hanekudot, Netivot, Israel",IL
503,41.006153,66.38737,31.6856485,130.2931671,"3753 Ozato, Ichikikushikino, Kagoshima Prefecture, Japan",JP
504,65.061295,7.385937,60.9521089,26.0918385,"Rantakuja 92, 16100 Iitti, Finland",FI
505,38.323185,88.66635,22.247952,114.292815,"Unnamed Road, Tung Lung Chau, Hong Kong",HK
506,54.428776,25.702938,70.0016971,29.2121019,"E6 110, 9840 Varangerbotn, Norway",PE
507,54.964783,-0.6619406,50.8521455,3.7258577,"Boekelbaan 69-113, 9630 Zwalm, Belgique",BE
508,43.880653,31.299297,25.1326098,55.3540214,E66 - Dubai - United Arab Emirates,AE
509,12.236393,94.937935,22.7669678,89.1407698,"Khulna - Satkhira Rd, Bangladesh",BD
510,55.72027,15.2411,49.9741088,36.3092672,"50-richchya SRSR avenue, 60Б, Kharkiv, Kharkiv Oblast, Ukraine",UA
511,61.378162,12.624054,45.6288293,4.9823708,"12 Chemin de Chaponnay, 69780 Saint-Pierre-de-Chandieu, France",FR
512,3.2828712,100.385574,22.9254413,89.0065359,"Jessore - Satkhira Hwy, Bangladesh",BD
513,40.905647,-0.5487008,43.9925523,27.1887838,"218, 7572 Profesor Ishirkovo, Bulgaria",BG
514,45.165165,20.47981,48.0004801,37.7796199,"Torets'ka street, 10-12, Donetsk, Donetsk Oblast, Ukraine",UA
515,59.011906,16.594193,59.1243238,11.3919039,"Riksveg 22, 1772 Halden, Norway",NO
516,53.711147,-10.214462,53.5181234,-9.605655,"Unnamed Road, Co. Galway, Ireland",IE
517,48.83529,14.647789,56.9564789,23.6736205,"Dzelzceļa iela 36, Jūrmala, LV-2008, Latvia",LV
518,32.703278,86.1111,-8.829275,115.084607,"Jl. Pedestrian Walk, Kuta Sel., Kabupaten Badung, Bali, Indonesia",ID
519,60.315693,8.299198,45.6045819,14.2363,"Šembije 33, 6253 Knežak, Słowenia",SI
520,54.482426,17.595772,65.9623627,24.1744528,"Kourilehdontie 337-339, 95500 Tornio, Finland",FI
521,59.522972,4.620217,-38.2104996,175.2246101,"172 Mangawhero Road, Otorohanga 3975, New Zealand",NZ
522,53.165485,3.9772835,53.6294404,10.1308204,"Pferdekoppel 4-9, 22159 Hamburg, Germany",DE
523,40.85641,33.377396,-33.9271703,18.4386055,"Invery Place, Kapsztad 8001, Republika Południowej Afryki",ZA
524,50.99609,-10.549196,36.4155672,-90.389351,"4969 State Highway 141, Corning, AR 72422, USA",US
525,53.456417,10.743332,62.6305363,22.3941525,"Lehtotie 8-10, 61300 Kurikka, Finland",FI
526,34.613903,11.405386,36.7518471,22.7994004,"Epar.Od. Molaon-Elaias, Elea 230 52, Griechenland",GR
527,56.49493,7.2390323,50.6871246,17.7325988,"Droga Krajowa 46, Poland",PL
528,61.50018,19.858593,57.9145041,27.4142587,"Ilumetsa-Rõssa, 64111 Põlva County, Estonia",EE
529,37.492664,-5.9945483,43.4588624,10.9153004,"SP62, Volterra, Pisa, Italy",IT
530,50.24313,11.142996,51.8073961,19.5363787,"Opolska 75, Łódź, Polonia",HK
531,38.73292,78.66426,-7.1683248,112.5699191,"Jl. Ambeng-Ambeng No.12, Duduksampeyan, Gresik, Jawa Timur 61162, Indonesia",ID
532,-11.232206,90.5392,13.7012997,105.3304667,"Unnamed Road, Cambodia",UA
533,36.37754,56.590397,45.1338956,-66.8238994,"New Brunswick 1, Saint George, Nowy Brunszwik E5C, Kanada",CA
534,43.28249,20.371805,42.4929584,1.4994714,"CG-1, AD500 Andorra la Vella, Andorra",AD
535,52.475655,16.181885,54.3755305,23.3008071,"2642, 69228, Lithuania",LT
536,40.407574,24.720892,-40.5951068,-73.1203969,"Isla Quinchao, Osorno, Los Lagos Region, Chile",CL
537,53.952206,31.652145,31.7771157,130.9987196,"Japan, 〒885-0113 Miyazaki Prefecture, Miyakonojo, Shonaicho 県道31号線",JP
538,56.764156,9.544239,60.1512862,11.1066738,"Kjosvegen 12B, 2050 Jessheim, Norway",NO
539,49.20241,31.661982,53.9126907,14.2395823,"72-600, Poland",RU
540,15.372084,75.14398,-6.647152,106.945037,"Jl. Ke Tegal Luhur, Bogor, Jawa Barat, Indonesia",ID
541,37.771763,-12.953175,64.8212047,-22.269815,"Snæfellsnesvegur, Islandia",IS
542,-11.449617,104.83728,13.5879512,107.5144746,"Unnamed Road, Cambodia",KH
543,58.451794,6.534137,50.6871246,17.7325988,"Droga Krajowa 46, Poland",PL
544,50.952892,64.785904,50.0243394,36.3355781,"Heroiv Pratsi street, 13, Kharkiv, Kharkiv Oblast, Ukraine",UA
545,29.10424,61.404217,11.016457,-74.8444981,"Carrera 51B # 1 a 99, Puerto Colombia, Atlántico, Kolumbia",CO
546,35.202744,106.00638,22.3236445,114.2713231,"11 Silverstrand Beach Rd, Clear Water Bay, Hong Kong",HK
547,17.46624,90.653946,23.0735425,89.2346331,"Jessore - Rajarhat - Monirampur - Keshabpur - Chuknagar Rd, Бангладеш",BD
548,52.227108,25.875713,55.9344363,26.1675861,"Alejas iela 1, Šēdere, Šēderes pagasts, LV-5474, Letland",LV
549,67.64185,17.345203,57.5969801,28.3201708,"Leningradskoye shosse, Pskov Oblast, Russia",RU
550,42.641712,0.83655214,37.4788701,13.7129227,"Strada Provinciale 24, 93010 Milena, Caltanissetta, Italie",IT
551,16.672184,16.72996,-37.9352172,143.6455444,"760 Mill Road, Werneth Victoria 3352, Australie",AU
552,61.18218,16.610909,56.8906964,25.177123,"Akas iela 11, Ķeipene, Ķeipenes pagasts, LV-5062, Latvia",LV
553,37.468903,32.62351,24.6691419,121.7782009,"Luózhuāng 1st Street, Luodong Township, Yilan County, Taiwan 265",TW
554,56.96272,34.565273,26.9499764,-82.2434772,"5400-5408 White Avenue, Port Charlotte, Floride 33981, États-Unis",US
555,49.235985,-1.9667125,32.3260894,34.8563177,"Meirovich 2-8, Netanya, Israel",IL
556,44.284256,23.284704,42.424795,26.5419796,"5304, Kukorevo, Bulgaria",BG
557,46.529785,33.26319,41.9856312,140.3432862,"Unnamed Road, Shimizu, Assabu-chō, Hiyama-gun, Hokkaidō 043-1101, Japan",JP
558,36.25351,24.29689,24.9630045,55.188531,D57 - Dubai - United Arab Emirates,AE
559,9.1198845,49.318092,-34.4679268,148.6598,"Boorowa Harden Road, Boorowa Nowa Południowa Walia 2586, Australia",NO
560,23.135994,27.179668,-7.339623,-79.5886231,"Unnamed Road, Boca del Rio, Peru",PE
561,9.664755,51.202923,37.553674,-8.487249,"N266, 7665, Portugal",PT
562,-8.214228,15.333736,-5.853909,-81.0138797,"Unnamed Road, Peru",PE
563,24.13669,52.970905,-26.7135347,153.0882628,"Sunshine Motorway, Sippy Downs QLD 4556, Australia",AU
564,57.29124,34.040096,32.5429041,-92.2688643,"575 J T Griggs Road, Calhoun, LA 71225, USA",US
565,41.61037,9.496374,43.7170964,16.2033441,"22323, Nevest, Croatie",HR
566,29.99164,48.570034,16.7841709,103.1821024,"Unnamed Road, Tambon Nong Yai, Amphoe Nong Kung Si, Chang Wat Kalasin 46220, Таиланд",TH
567,23.989113,122.559784,0.9927469,110.5260609,"Unnamed Road, Serian, Sarawak, Malaysia",MY
568,53.629284,-0.97455215,41.5416775,24.9100723,"86, 4955 Ravnishta, Bulgaria",BG
569,35.42376,28.427963,27.3265131,90.5837093,"Unnamed Road, Bhutan",BT
570,36.894173,47.043457,-35.5969357,-71.734968,"Miraflores, San Javier, Maule Region, Chile",CL
571,41.59155,27.284643,43.9384919,26.2245382,"2102, 7063 Borisovo, Bulgaria",BG
572,40.86485,54.976604,35.1836934,129.1980367,"산53-43 Songjeong-dong, Haeundae-gu, Busan, South Korea",KR
573,63.52174,5.5201387,55.5703022,8.206978,"Blåvandvej 66, 6857 Blåvand, Denmark",RU
574,2.8872066,115.95021,23.9049684,120.8586438,"544, Taiwan, Nantou County, Guoxing Township, 三合產道",TW
575,33.13189,57.33427,-7.4773463,110.218221,"Jl. Mayjen Sutoyo, Magelang Tengah, Kota Magelang, Jawa Tengah 56122, Indonesia",ID
576,40.6879,12.81889,-21.1674696,27.4951849,"Maun Road, Francistown, Botswana",BW
577,58.37685,19.963648,57.5576049,13.3778915,"1680, 514 50 Limmared, Sweden",SE
578,54.97958,-8.510206,50.3702735,4.1111734,"Rue Charles Gantois 2-24, 7120 Estinnes, Belgique",BE
579,19.47365,77.3876,22.3902408,114.3328815,"Maclehose Trail Sec. 1, Hong Kong",HK
580,40.67688,64.87599,26.8977588,89.5277486,"Phuntsholing - Thimphu Hwy, Bhutan",BT
581,7.647665,42.925106,-37.1957236,145.7614797,"267 Ut Creek Road, Alexandra VIC 3714, Australia",AU
582,56.158787,23.167313,50.4437893,30.4553192,"Zaliznychna Street, 14, Kiev, Kyiv city, Oekraïne",UA
583,51.0805,3.4135032,47.4604181,8.4407857,"Alter Bahnhof 2, 8107 Buchs, Switzerland",CH
584,58.80792,-4.4548917,63.9668678,-20.2732872,"Landvegur, Iceland",IS
585,60.131138,23.01933,52.1202074,4.7898166,"Meije 132-188, 2411 Bodegraven, Netherlands",BT
586,15.409336,103.138824,1.2684765,110.6558073,"Kampung Gumpey, 94700 Simunjan, Sarawak, Malaysia",MY
587,55.223576,17.620333,56.092575,26.0041956,"Loka iela, Ancene, Asare parish, LV-5210, Latvia",LV
588,43.08158,12.585674,56.3841469,23.7408113,"Saulstaru iela 14, Bērvircava, Sesavas pagasts, LV-3034, Latvia",LV
589,63.763943,32.73529,47.0660044,6.7038539,"Grand-Rue 27, 2416 Les Brenets, Switzerland",CH
590,48.451073,26.79956,54.9347235,21.7056366,"A216, Kaliningrad Oblast, Russia",RU
591,67.99139,12.931217,59.9114121,71.1658738,"R404, Khanty-Mansiyskiy avtonomnyy okrug, Russia, 628327",LT
592,16.485237,-34.266895,39.3262047,-6.0539877,"Carretera de a Salvatierra, 10185 Benquerencia, Cáceres, Spain",ES
593,30.589554,14.683077,20.1699293,-102.3823969,"Calle Rubio, Michoacán, Mexikó",MX
594,42.995075,16.096655,45.5576019,5.966848,"411-437 Rue de l'Église, 73490 La Ravoire, France",LT
595,54.699802,23.159706,43.242746,-7.8546832,"LU-P-2301, 27307 Guitiriz, Lugo, Spain",ES
596,67.27018,25.062592,56.9358534,21.9280371,"P112, Upīškalns, Kurmāle parish, LV-3301, Latvia",LV
597,21.756998,-9.151556,-34.3765681,-67.4217392,"RN146, Mendoza, Argentina",AR
598,45.254635,25.09534,46.7009461,20.1747753,"6640 Csongrád, Levendula Street 9, Hungary",HU
599,36.697964,17.185335,46.444178,6.9113727,스위스 1822 몽트뢰 팡 듀 크호 도로 18-20,CH
600,43.71658,35.003883,46.399793,15.8583983,"Zidanškova ulica 17, 2250 Ptuj, Slovenia",SI
601,34.5473,49.131992,32.2567802,34.9209225,"Harimon, Tel Mond, Israel",IL
602,49.759346,21.620756,42.5120341,27.1656544,"539, 8108 Troyanovo, Bulgarije",BG
603,42.11775,38.678837,37.4209027,-8.5504363,"Unnamed Road, 7665, Portugal",PT
604,4.606954,5.0199246,-28.7798239,-70.7823332,"Panamericana Norte, Vallenar, Atacama Region, Chile",CL
605,34.60223,31.643448,2.9610699,101.6967412,"Persiaran Persekutuan, Presint 13, 62300 Putrajaya, Wilayah Persekutuan Putrajaya, Malaysia",MY
606,45.18296,36.25742,50.5460821,30.3479318,"10-a line, 13, Kyyiv, Kyiv city, Ukraine",UA
607,50.320957,50.97541,56.1007085,26.5446052,"Krasta iela 9-11, Kalupe, Kalupe parish, LV-5450, Latvia",LV
608,34.617367,61.990833,-7.0563853,112.5965705,"Unnamed Road, Bungah, Gresik, Jawa Timur 61152, Indonesia",ID
609,35.988396,26.736422,39.4350337,-7.3637625,"N359 4, 7330, Portugal",PT
610,55.17455,-4.720529,48.9749583,1.2272544,"D671, 27930 Saint-Luc, France",FR
611,39.573883,24.17197,40.8165902,8.4758114,"SP81, 07037 Sorso, Sassari, Italie",IT
612,35.186485,68.148766,23.2362502,120.2278521,"Zhōngshān Road, Xiaying District, Tainan City, Taiwan 735",TW
613,37.049957,6.5601277,-26.4592587,27.8385788,"N1, 1805, Afrique du Sud",ZA
614,2.9806242,74.74026,-32.7742434,115.8669766,"245-249 Coolup Valley Road, Coolup WA 6214, Australia",AU
615,48.780502,-1.7870293,47.4808691,8.0972356,"E60, 5078 Effingen, Suisse",CH
616,58.001446,5.9176574,56.092575,26.0041956,"Loka iela, Ancene, Asare parish, LV-5210, Latvia",LV
617,38.34504,25.801155,38.3569132,23.6412979,"Unnamed Road, Chalkida 341 00, Greece",GR
618,64.265175,16.143559,62.9644872,22.4732781,"17629 199-205, 61430 Seinäjoki, Finland",FI
619,59.629276,5.253856,60.9521089,26.0918385,"Rantakuja 92, 16100 Iitti, Finland",FI
620,55.49025,42.592407,37.4817615,127.0488939,"1268-1 Gaepo 4(sa)-dong, Gangnam-gu, Séoul, Corée du Sud",KR
621,32.11864,-7.5392537,-26.3174069,31.0826387,"MR3, Mbabane, Swaziland",SZ
622,33.919617,85.90938,3.0260518,101.4426659,"Persiaran Tengku Ampuan Rahimah, 41200 Klang, Selangor, Malaysia",MY
623,36.202812,19.964203,11.1876604,103.3893324,"NR48, ឃុំ អណ្ដូងទឹក, Cambogia",KH
624,45.313324,41.7278,46.4236541,16.1283041,"Strmec pri Ormožu 1, 2274 Velika Nedelja, Slovenia",SI
625,51.797302,-4.491325,52.1655612,-100.1615897,"West Elbow Bay, Duck Bay, MB R0L 0N0, Canada",CA
626,30.054506,113.258675,23.1586984,120.5919512,"Guānshān Industry Road, Nanhua District, Tainan City, Taiwan 716",TW
627,56.212772,14.781019,54.840045,-8.4733695,"4, Portnoo, Co. Baie de Donegal, Irlande",LT
628,21.501959,67.406555,21.4026542,92.1118713,"Ramu-Maricha Rd, Bangladesh",BD
629,36.58906,69.05361,3.9892332,-73.6819086,"Calle 16 # 4-2, Acacias, Meta, Colombia",CO
630,48.70606,13.66382,58.2267178,26.6088028,"Tatra-Otepää-Sangaste, 62009 Tartu County, Estonia",EE
631,62.35387,-5.655436,54.0902497,-124.1111506,"Stuart Lake Hwy, Vanderhoof, BC V0J 3A2, Canada",CA
632,-12.106398,100.63784,14.0833571,105.3406695,"Unnamed Road, Cambodia",KH
633,60.62069,7.9644184,55.4568286,9.6044814,"Varmarkvej 24-26, 6092 Sønder Stenderup, Denmark",DK
634,38.475784,24.804794,48.360202,18.2813277,"065002, 951 72 Neverice, Slovakia",SK
635,45.36993,48.01396,24.6691419,121.7782009,"Luózhuāng 1st Street, Luodong Township, Yilan County, Taiwan 265",TW
636,21.795773,55.315434,22.2735452,113.9915795,"Islands Nature Heritage Trail - Mui Wo Section, Mui Wo, Hong Kong",HK
637,38.73432,48.46857,46.3658758,30.7254374,"Dacha Kovalevs'koho street, 119А, Odesa, Odessa, Ukraine",UA
638,31.774849,48.086,25.271139,55.307485,130 Al Khaleej Rd - Dubai - United Arab Emirates,AE
639,43.639942,18.716833,-33.4762229,25.5522792,"R336, Afrique du Sud",ZA
640,51.67075,8.210256,52.6569535,-6.6639592,"N80, Co. Carlow, Irlande",IE
641,36.21864,9.839626,32.4595667,35.0363839,"Yitzhak Rabin Highway, Israel",IL
642,72.24731,9.798153,63.360023,14.8484796,"751, 836 93 Lit, Sweden",SE
643,41.46155,12.4805355,42.1600442,12.5542154,"Via del Laghetto, 95, 00065 Rome, Italy",IT
644,-10.149832,84.36055,-32.0595624,151.9020732,"375-441 Faulkland Road, Faulkland NSW 2422, Australia",AU
645,57.788906,19.122423,52.2902668,16.4951204,"64-330 Dakowy Suche, Poland",PL
646,-47.78925,29.771744,-22.2470618,26.7552455,"A14, Botswana",BW
647,42.60913,12.33387,51.9556228,4.6443733,"Groenendijk 123, 2911 BB Nieuwerkerk aan den IJssel, Pays-Bas",NL
648,-22.060366,40.434875,-11.9488201,-76.5050735,"Unnamed Road, Chaute, Перу",PE
649,54.76401,12.467377,56.0004882,22.6008667,"E272, Pabalvė 88200, Lituanie",LT
650,28.48783,54.416836,22.310926,114.25254,"Po Lam Rd S, Hong Kong",HK
651,54.063572,9.931885,48.4301899,-1.4730224,"D175, 35460 Tremblay, France",FR
652,39.647083,19.285593,60.2740101,6.3827185,"Fylkesveg 105 20, 5627 Jondal, Norway",NO
653,29.964172,51.01729,32.2657004,34.8634485,"5611, Beit Yehoshua, Israel",IL
654,44.042675,8.228191,42.9841897,25.40373,"4041, 5386 Karaivantsa, Bulgaria",BG
655,53.829014,8.205264,57.3494997,12.9765307,"1546, 512 63 Östra Frölunda, Sweden",SE
656,49.68278,10.080801,42.4869621,1.4947572,"CG-1, AD500 Andorra la Vella, Andorra",AD
657,56.393887,8.517027,42.9582315,25.6067922,"55, 5055 Golemanite, Bulgaria",BG
658,54.22486,23.210663,42.9219778,25.8751267,"662, 5070 Elena, Bulgaria",BG
659,21.413044,56.42956,-33.9413845,25.3839602,"N2, Port Elizabeth 6018, South Africa",ZA
660,58.009438,9.351053,37.451782,127.0009988,"451-9 Gwacheon-dong, Gwacheon-si, Gyeonggi-do, South Korea",KR
661,37.676888,-3.6524663,45.8161261,13.8330609,"Hruševica 1c, 6222 Štanjel, Słowenia",SI
662,61.023438,15.464821,45.6514254,15.2912759,"Bočka 5, 8330 Metlika, Slovenia",SI
663,55.019684,7.4914036,61.5043353,24.7820453,"14229 12-144, 36880 Kangasala, Finland",LT
664,41.500896,83.55463,1.4167652,103.9167684,"Punggol Promenade Nature Walk, Singapore",SG
665,40.90283,0.4532981,42.576472,1.6248929,"CG-2, AD100 Canillo, Andorra",AD
666,56.5614,10.831855,46.5386283,6.5175373,"Route de Bremblens, 1027 Lonay, Switzerland",CH
667,64.55536,22.147442,57.7555135,24.8911586,"P15, Alojas lauku teritorija, LV-4064, Latvia",LV
668,59.16045,21.603508,43.474454,144.3017001,"Akan-Odan Rd, Okushunbetsu, Teshikaga-chō, Kawakami-gun, Hokkaidō 088-3228, Japan",JP
669,35.10876,-10.827059,56.9341177,27.159507,"Vītolu iela 2, Skujetnieki, Lazdukalna pagasts, LV-4577, Lettonie",LV
670,33.97711,18.581635,36.5088333,22.3596103,"Unnamed Road, Kipoula 230 71, Greece",GR
671,23.186363,56.53487,-7.8381801,112.6945343,"Gg. Argo Dua, Lawang, Malang, Jawa Timur 65211, Indonesia",ID
672,51.422375,24.781212,48.0689559,18.1099166,"580, 942 01 Šurany, Slovakia",SK
673,40.615177,34.525993,23.42986,120.1949581,"614, Tajwan, Jiayi, Dongshi Township, 170縣道",TW
674,7.255601,-0.5186534,36.5088333,22.3596103,"Unnamed Road, Kipoula 230 71, Greece",GR
675,52.335255,43.183903,49.9834783,36.3064358,"Dons'kyi lane, 3, Kharkiv, Oblast de Kharkiv, Ukraine",UA
676,58.889248,19.322033,50.0922194,20.0136974,"Samorządowa, 31-812 Kraków, Polska",PL
677,52.218594,-19.688639,64.9385675,-23.091517,"Kolgrafavegur, Islandia",IS
678,53.00017,18.550404,46.5208009,6.5380785,"Chemin du Chaney 6, 1026 Denges, Switzerland",CH
679,54.19749,32.406723,52.306179,4.6687844,"Lindholm 34, 2133 CV Hoofddorp, The Netherlands",NL
680,43.701553,46.98992,4.6231647,-74.1869381,"Transversal 87B # 58S-1 a 58S-99, Bogota, Cundinamarca, Kolumbia",CO
681,8.158245,90.45633,22.3107687,91.8570272,"N1, Bangladesh",BD
682,22.255793,-10.748213,32.7128813,35.4823485,"767, Yavne'el, Israel",IL
683,3.355768,115.68077,-6.4574324,110.8552797,"Unnamed Road, Keling, Jepara, Jawa Tengah 59454, Indonesien",ID
684,50.8135,7.2111654,40.8761064,-3.5893572,"Calle de las Esperillas, 28192 El Berrueco, Madrid, Spain",ES
685,45.95894,2.0941935,46.6354386,16.2442538,"Gančani 162, 9231 Beltinci, Slovenia",SI
686,47.21833,14.965639,55.9682367,14.1145382,"Mosslundavägen 318, 291 91 Kristianstad, Sweden",SE
687,66.87743,11.364344,62.4724881,14.2152916,"315, 840 32 Klövsjö, Sweden",NZ
688,39.828053,75.008705,4.9261488,-74.428179,"I-50 # 76, Sasaima, Cundinamarca, Colombia",CO
689,37.55861,45.31794,-26.1892086,-50.3995687,"Rua Deodato de Lima, 490-588 - Alto do Palma, Canoinhas - Santa Catarina, 89460-000, Brazil",BR
690,-4.950214,33.110783,-23.6501651,146.8974379,"40717 Capricorn Highway, Port Wine QLD 4724, Australia",AU
691,37.37078,50.217476,20.9439112,-87.3239713,"Carretera Federal 180, Leona Vicario, Quintana Roo, Mehhiko",MX
692,56.83181,12.909084,45.5579814,1.8533648,"D157, 19260 Lestards, France",FR
693,43.23005,64.54214,11.5826405,105.4781551,"NR8, Kambodscha",KH
694,26.262009,76.181244,23.7887981,89.3376333,"Dhaka - Kushtia Hwy, Bangladesh",BD
695,49.756115,19.46219,48.360202,18.2813277,"065002, 951 72 Neverice, Slovakia",SK
696,49.58742,30.199392,51.8361525,-9.4166316,"Unnamed Road, Co. Kerry, Ireland",IE
697,50.90539,10.953037,45.9477931,13.7190478,"Šmihel 18b, 5261 Šempas, Slovenia",SI
698,39.25879,17.66385,46.0880594,-118.9102614,"US-12, Burbank, WA 99323, USA",HU
699,38.11101,62.939186,26.8963948,89.4353561,"Unnamed Road, Bhutan",BT
700,53.35265,0.5758872,51.8064368,4.8818081,"Bandijk, 4251 Werkendam, The Netherlands",NL
701,32.062992,29.550014,-26.5994848,31.1517241,"MR4, Swaziland",SZ
702,40.84186,57.73128,-40.550504,175.4217367,"5-9 East Road, Shannon 4821, New Zealand",NZ
703,40.264362,15.46171,47.2902073,26.8209199,"DJ281C, Romania",GR
704,28.1496,55.032635,22.4575375,91.7308375,"Dhaka - Chittagong Hwy, Bhatiari, Bangladesh",BD
705,49.589413,30.350172,45.9606244,15.6856872,"Bizeljsko- Čatež, 8258 Kapele, Slovenija",SI
706,41.03061,31.423841,46.3766927,16.5309722,"Glavna ulica 34-36, 40321, Mala Subotica, Croatia",HR
707,36.657375,61.44486,35.1501918,128.8861434,"342-29 Beombang-dong, Gangseo-gu, Busan, South Korea",KR
708,58.920948,1.7938867,52.0284393,16.3191708,"Zaborowska, 64-234, Poland",PL
709,14.1694145,-3.5952668,-24.9234181,25.4087804,"B105, Botswana",BW
710,46.736942,73.17944,22.7423596,120.2782185,"Jiǎdiǎn Street, Qiaotou District, Kaohsiung City, Taiwan 825",TW
711,1.7182369,18.79907,26.9192259,-98.9750176,"Farm to Market 2687, Hebbronville, Texas 78361, États-Unis",US
712,20.856493,34.45724,24.9493248,55.2331966,E 611 - Dubai - United Arab Emirates,AE
713,52.701267,34.173756,59.3922357,9.3227482,"Valebøvegen 236, 3820 Nordagutu, Norway",NO
714,48.850773,23.510935,58.3394227,26.7251962,"Jalaka 64, 50105 Tartu, Estonia",SI
715,40.87067,57.281982,-6.4574324,110.8552797,"Unnamed Road, Keling, Jepara, Jawa Tengah 59454, Indonesien",ID
716,60.093777,7.4720836,47.8662738,19.6247768,"3052 Csécse, Rákóczi Way 41, Hungary",HU
717,38.395473,-9.593084,51.712452,-8.8877594,"Unnamed Road, Co. Cork, Irlandia",IE
718,42.43806,33.927223,37.4801747,126.4782739,"2091-95 Unseo-dong, Jung-gu, Incheon, Corée du Sud",KR
719,53.130444,17.681875,52.0376974,8.4885073,"Morgenbreede 41, Bielefeld University, 33615 Bielefeld, Germany",DE
720,43.769,13.518412,42.5933474,22.9218666,"6032, 2342 Leskovets, Bulgaria",BG
721,42.455685,28.901754,35.0295204,138.9491236,"Shimoda Hwy, Sōkōji, Izunokuni-shi, Shizuoka-ken 410-2302, Japan",JP
722,58.17104,-2.702661,50.4430329,15.9635208,"3073, 552 05 Brzice, Czech Republic",CZ
723,38.30078,74.26277,54.2489439,15.9549018,"Nadmorska 83, 76-034 Sarbinowo, Poland",PL
724,62.23907,34.347294,60.0956032,22.4207743,"Verkviksvägen 161, 25870 Kimitoön, Finland",AU
725,35.68377,71.69337,22.4489763,114.1620439,"12-40 Kam Shan Rd, Tai Po, Hong Kong",HK
726,44.259655,7.939031,-38.4717165,176.3557036,"171 Strathmore Road, Reporoa 3081, New Zealand",NZ
727,45.85097,63.65629,37.5210173,126.8431166,"15 Sinwol-ro 19-gil, Yangcheon-gu, Seoul, South Korea",KR
728,45.68504,24.178097,57.6882267,-2.0197858,"23 Hillcrest, Fraserburgh, Aberdeenshire AB43, UK",GB
729,52.084915,13.241768,45.2908913,16.0711935,"D6, 44403, Dolnjaki, Croatia",HR
730,42.651653,11.641527,54.3582555,-8.1248524,"Unnamed Road, Co. Leitrim, Ireland",IE
731,35.10519,28.169388,42.5235367,1.6831886,"Ctra. de Grau Roig, AD200 Encamp, Andorra",AD
732,63.57163,21.829544,59.2981805,25.4020745,"Kose-Jägala, 74409 Harju County, Estonia",EE
733,34.59702,68.64857,27.0756616,91.5154883,"Unnamed Road, Bhutan",BT
734,25.590181,69.2823,18.6338209,100.9660784,"1243, Tambon Nam Pai, Amphoe Mae Charim, Chang Wat Nan 55170, Thailand",TH
735,44.79957,13.858046,9.2970747,-75.4091398,"Calle 24A # 9-2 a 9-100, Sincelejo, Sucre, Colombia",CO
736,37.642303,69.9981,1.3031701,103.8641979,"17 Beach Rd, Singapore",SG
737,43.116894,2.3701825,37.065568,22.724805,"Epar.Od. Leonidiou - Kosma, Notia Kinouria 230 58, Greece",GR
738,36.80101,21.995596,-35.4121651,-71.6566941,"Seis Oriente 2199-2291, Talca, Maule, Chili",CL
739,56.44382,31.776972,56.4448605,22.1346583,"Krasta iela 1, Kalni, Nīgrande parish, LV-3898, Latvia",LV
740,21.77567,105.63655,22.2753197,113.9443117,"Wong Lung Hang Rd, Lantau Island, Hong Kong",HK
741,-4.476668,125.106415,15.5981651,105.2315445,"Unnamed Road, Tambon Tabai, Amphoe Si Mueang Mai, Chang Wat Ubon Ratchathani 34250, Thailand",TH
742,52.85934,-9.062588,53.235195,6.618029,"Dek 13, 9732 HW Groningen, Nederländerna",NL
743,6.466092,38.18823,22.3557708,114.1654801,"Kowloon Hills Fitness Trail, Lion Rock, Hong Kong",HK
744,29.888449,96.98059,4.5431515,101.3115495,"185, 31300 Ipoh, Perak, Malaysia",MY
745,65.46631,17.929392,64.6634989,20.8944604,"GÄRDSMARK 271, 931 95 Skellefteå, Sweden",SE
746,53.6207,17.227337,46.4343637,30.7563812,"Tinysta street, 8, Odesa, Odessa Oblast, Ukraine",UA
747,60.34988,-0.09049463,49.3177094,14.0307998,"4, 397 01 Drhovle, Czech Republic",CZ
748,25.004,94.92886,1.3068416,103.6846255,"57 Shipyard Rd, Singapore 628142",SG
749,13.689199,92.90602,-8.4656126,114.9141305,"Jl. Raya Denpasar Gilimanuk, Selemadeg Bar., Tabanan, Bali, Indonesia",ID
750,46.809734,19.51579,49.9716302,36.2203708,"Kotlyarevs'koho street, 16-18, Kharkiv, Oblast de Kharkiv, Ukraine",UA
751,25.141977,11.23028,-33.3510147,-66.3639927,"Autopista de las Serranías Puntanas, San Luis, Argentina",AR
752,42.02045,16.101936,10.2540997,-75.3430907,"Carrera 40 # 1 a 99, Arjona, Bolivar, Colombia",CO
753,31.49044,69.681946,25.1403695,55.1322195,Crescent Rd - Dubai - United Arab Emirates,AE
754,53.683132,-3.963698,44.4613818,24.6220656,"DJ546B, Romania",RO
755,7.261598,24.81997,-25.3319361,28.3943053,"De Wagendrift, South Africa",ZA
756,60.919117,13.064114,48.399294,20.2688545,"50, 982 51 Stránska, Slovakia",SK
757,39.465458,20.016157,42.6043344,1.6389165,"Ctra. de Ransol, AD100 Canillo, Andorra",AD
758,43.526245,16.466724,47.6737164,19.1110651,"2015 Szigetmonostor, Horánygyöngye Street 61, Hungary",HU
759,-2.1863542,36.12559,-13.6496882,132.130589,"Kakadu Highway, Burrundie NT 0822, Australia",AU
760,59.34361,17.728174,52.0071331,8.5921423,"Reichenberger Straße 39, 33605 Bielefeld, Tyskland",DE
761,32.004593,32.092113,37.6719704,21.242918,"Epar.Od. Pirgou-Katakolon, Pirgos 270 67, Grækenland",GR
762,5.450275,-5.740436,-27.3077097,-70.433543,"C-386, Copiapó, Atacama Region, Chile",CL
763,37.250595,34.08368,54.6731682,11.7149473,"Sakskøbingvej, 4880 Nysted, Denemarken",DK
764,64.86179,-1.097754,56.2296196,-3.4518129,"A91, Kinross, Perth and Kinross KY13 0RH, UK",GB
765,24.09099,100.25606,24.4482544,124.210927,"Japan, 〒907-0451 Okinawa-ken, Ishigaki-shi, Fukai 県道87号線",JP
766,51.444767,19.264534,49.6719465,14.8271042,"1256, 257 06 Veliš, Czech Republic",CZ
767,26.197952,46.695072,-25.6200228,27.9932365,"6118 Pilane Street, Ga-Rankuwa 0208, Afrique du Sud",ZA
768,44.626606,24.202227,2.9018825,101.8678174,"Jalan Semenyih, 43000 Beranang, Selangor, Malaysia",MY
769,32.699417,80.59056,48.6925744,18.3545008,"E572, 958 54 Hradište, Slovakia",SK
770,54.074512,8.906738,60.0304759,30.2852531,"ulitsa Repishcheva, 20, Saint Petersburg, Russia, 190000",RU
771,51.819225,30.12104,57.6483832,25.0363497,"Skolas iela 26, Matīši, Matīši parish, LV-4210, Latvia",LV
772,41.048126,49.24516,27.5451262,90.1132348,"Wangdue Phodrang - Nobding Hwy, Bhutan",BT
773,51.821224,23.917984,46.3880665,6.1530764,"Chemin du Vivier, 1278 La Rippe, Switzerland",CH
774,31.475573,92.11304,22.404547,113.9669865,"Ming Kum Rd, Tuen Mun, Hong Kong",HK
775,62.139072,19.021063,50.6871246,17.7325988,"Droga Krajowa 46, Poland",PL
776,58.464233,15.558123,49.7912298,24.0667847,"Kos-Anatol's'koho street, 18, Lviv, Lviv Oblast, Ukraine",UA
777,20.4349,80.38922,24.9883384,55.0212371,D53 - Dubai - United Arab Emirates,AE
778,46.235348,28.348507,50.9092251,7.0808557,"Theodor-Heuss-Straße, 51149 Köln, Tyskland",DE
779,39.398556,18.600372,-28.558924,-58.7178825,"RN12, Corrientes, Argentina",AR
780,44.48829,63.947495,23.4940625,120.79398,"605, Kínai Köztársaság, Chiayi County, Alishan Township, 阿里山公路",TW
781,48.403835,33.917175,50.8810774,4.6908401,"Brusselsestraat 204, 3000 Leuven, Belgium",BE
782,49.322304,16.208878,58.7130908,-123.6627944,"Alaska Hwy, Northern Rockies A, BC V0C, Kanada",CA
783,53.807407,2.4426227,49.4791398,15.5122777,"Větrný Jeníkov 67, 588 42 Větrný Jeníkov, Czech Republic",CZ
784,55.230083,21.900902,45.8655705,14.9706752,"Zagorica pri Dobrniču, 8211 Dobrnič, Slovenia",SI
785,45.954144,13.7310505,37.4166671,126.9789881,"394-1 Galhyeon-dong, 果川市京畿道韩国",KR
786,59.81415,-2.5900168,47.1703036,7.4336323,"Solothurnstrasse 23, 3296 Arch, Switzerland",CH
787,67.73908,11.509451,63.4320243,10.5962625,"Fylkesveg 874 670, 7560 Vikhammer, Norwegen",NO
788,55.48036,0.9618964,42.483912,1.457449,"Ctra. de Canòlich, AD600 Sant Julià de Lòria, Andorra",AD
789,42.82102,22.752306,54.655313,-8.1997999,"Unnamed Road, Co. Donegal, Ireland",IE
790,61.836308,16.939821,58.6921679,11.8847164,"945, 450 54 Hedekas, Sweden",SE
791,42.059742,2.9841785,50.9574798,18.2095391,"Nowodworska 4, Kluczbork, Poland",PL
792,58.803677,-30.574806,64.5188188,-22.0874949,"Alftaneshreppsvegur, Iceland",IS
793,51.69469,-0.9650955,51.1847416,19.4152902,"Gmina Kamieńsk, Poland",PL
794,53.918118,42.23662,4.57868,-74.2431538,"Calle 5, Soacha, Cundinamarca, Colombia",CO
795,44.900215,4.700109,46.7009461,20.1747753,"6640 Csongrád, Levendula Street 9, Hungary",HU
796,35.503082,95.889755,3.0588855,101.6920637,"Jalan Merah Cagar, Bukit Jalil, 57000 Kuala Lumpur, Wilayah Persekutuan Kuala Lumpur, Malaysia",MY
797,45.853817,21.803665,45.9745408,-70.7501836,"366-452 4e Rang N, Saint-Honoré-de-Shenley, QC G0M 1V0, Canada",CA
798,52.98895,22.251614,52.5671361,-9.0873055,"Unnamed Road, Co. Limerick, Ireland",IE
799,42.606827,54.786934,43.3951111,-5.2106298,"AS-260, 33548 Parrés (Santa María Magdalena), Asturias, Spain",ES
800,61.71626,13.714741,51.6497215,20.9744784,"26-800 Szczyty, Poland",PL
801,64.27048,9.780958,56.2713291,14.753231,"Hemsjövägen 1533, 376 36 Svängsta, Suède",CH
802,42.357136,55.348656,50.4375398,30.5285846,"Mechnykova street, 3А, Kyyiv, Kyiv city, Ukraine",UA
803,53.919415,29.662714,52.108108,5.029727,"Jan Vogellaan, 3451 Vleuten, The Netherlands",NL
804,56.488018,26.418568,59.3741886,24.3116328,"Keila-Keila-Joa, 76715 Harju County, Estonia",EE
805,52.580914,17.246128,46.945793,9.5456058,"A13, 7205 Zizers, Switzerland",CH
806,25.783136,88.29866,27.065196,142.2123071,"Japan, 〒100-2101 Tōkyō-to, Ogasawara-mura, Chichijima 都道240号線",JP
807,44.605076,21.702314,42.8639573,-79.0764126,"4318-4384 Erie Road, Fort Erie, ON L0S 1N0, Canada",CA
808,52.592724,16.497639,45.9436198,2.3200178,"D9, 23260 Saint-Silvain-Bellegarde, France",FR
809,53.29287,19.82174,47.3427773,8.6017569,"8125, Szwajcaria",HK
810,54.824802,-14.689995,64.0343611,-20.3371822,"Þjórsárdalsvegur, Islande",IS
811,48.53367,-8.0271225,-46.1696478,168.4474917,"1200 Winton-Hedgehope Highway, Browns 9781, New Zealand",NZ
812,27.540617,89.93669,-22.8095928,-43.6485027,"Rua Vicente Celestino, 463-739 - Campo Lindo, Seropédica - Rio de Janeiro, 23890-000, Brazylia",BR
813,50.412807,6.014709,43.2885584,-6.434628,"AS-15, 33876 Tineo, Asturias, Spain",ES
814,61.60801,5.6157117,60.3343464,11.288016,"Østsidavegen 470, 2080 Eidsvoll, Norway",NO
815,33.65446,44.68853,-26.0860172,28.2661655,"23-25 Witstinkhout Avenue, Kempton Park 1619, South Africa",ZA
816,40.004295,-6.8169637,63.4868879,-18.537007,"Þjóðvegur, Iceland",US
817,54.009315,51.484356,43.2852184,27.0198126,"2, Sjoemen, Bulgarije",BG
818,22.99001,88.85027,27.0981117,142.2124805,"Japon, 〒100-2101 Tōkyō-to, Ogasawara-mura, Chichijima 都道240号線",JP
819,30.868769,-0.60492134,42.1557752,-1.675573,"Camino Cementerio, 31590 Castejón, Navarre, Spain",ES
820,30.87469,70.43358,22.287626,113.955909,"Unnamed Road, Hongkong",HK
821,30.961853,41.01042,42.1984633,142.6597739,"871 Ogifushichō, Urakawa-chō, Urakawa-gun, Hokkaidō 059-3451, Japan",JP
822,44.69897,33.540115,-29.0996224,-59.6467948,"RN11, Santa Fe, Argentina",AR
823,63.910927,12.1142845,56.4187708,24.0604731,"P103, Rundāles pagasts, LV-3921, Latvia",LV
824,48.273518,-24.11201,64.5451331,-21.3400042,"Lundarreykjadalsvegur, Iceland",IS
825,52.886814,5.618149,46.558345,20.3155025,"6635 Szegvár, 45, 헝가리",HU
826,57.37949,23.608448,48.0643267,7.1369913,"9-11 Route du Linge, 68140 Hohrod, France",FR
827,50.705246,40.02538,-29.7286067,31.0806513,"M4, Umhlanga 4320, South Africa",ZA
828,56.235626,30.154434,46.5973768,18.8169301,"7030 Paks, 6233, Hongrie",FI
829,37.923035,70.88142,1.5420999,103.6138908,"Jalan Pulai 65, Taman Pulai Utama, 81300 Skudai, Johor, Malaysia",MY
830,44.713978,20.468788,52.2429156,-6.3271366,"Waddingsland, Co. Wexford, Ireland",IE
831,45.76999,25.290688,49.6487079,14.7401604,"150, 257 03 Jankov, Czech Republic",CZ
832,37.844307,55.59645,51.6363662,5.5982421,"Duifhuizerweg 12, 5406 TB Uden, Нидерланды",NL
833,31.745125,96.68656,22.2539768,113.9053381,"Ngong Ping Fun Walk, Lantau Island, Hong Kong",HK
834,45.228954,21.304382,41.3549455,15.7802657,"A14, 71045 Orta Nova, Foggia, Italie",IT
835,61.4413,-3.3531117,52.8389019,-8.3069255,"Unnamed Road, Co. Tipperary, Ireland",IE
836,50.19326,2.0024352,45.4821717,13.7662449,"Župančiči 10, 6274 Šmarje, Slovenia",SI
837,46.81345,53.68007,43.431749,145.1304098,"67 Mihara, Betsukai-chō, Notsuke-gun, Hokkaidō 086-0656, Japon",JP
838,35.501045,30.662321,42.424795,26.5419796,"5304, Kukorevo, Bulgaria",BG
839,41.1089,7.2029896,-17.1340704,-71.772909,"Costanera Norte, Peru",PE
840,13.59532,60.44248,22.4161102,114.1483633,"Maclehose Trail Sec. 8, Tai Mo Shan, Hong Kong",HK
841,32.978127,80.81995,22.4078651,113.9672464,"99 Ming Kum Rd, Tuen Mun, Hong Kong",HK
842,54.459164,-2.100295,61.9031855,9.0075924,"Fylkesveg 453 10, 2680 Vågå, Norway",NO
843,27.95347,-6.2476287,37.6059591,-1.6592968,"Carretera de Aguilas, 30813, Murcia, Spain",ES
844,58.53774,18.582731,53.8078739,-8.766311,"N83, Co. Mayo, Ireland",IE
845,37.614544,77.28507,-20.3316628,-70.1438871,"A-626, Iquique, Tarapacá Region, Chile",CL
846,59.3558,15.952494,52.5807823,6.2532038,"Korenweg 1, 7711 GB Nieuwleusen, The Netherlands",NL
847,17.327034,63.891346,-42.6723271,147.1511142,"1160 Church Road, Broadmarsh Tasmanie 7030, Australie",AU
848,15.698362,46.5463,-33.011541,27.6747533,"R346, Republika Południowej Afryki",LT
849,57.42572,24.65583,23.3747214,120.3558376,"Taiwan, Tainan City, 中山高速公路",TW
850,61.262337,2.6077352,54.650288,23.1121544,"5110 40, Gudeliai 70199, Lithuania",LT
851,40.762165,43.756252,-25.833471,28.2009306,"148 Selborne Avenue, Centurion 0157, South Africa",ZA
852,37.548485,45.96314,-38.0973101,145.2767166,"70 Camms Road, Cranbourne VIC 3977, Australia",AU
853,36.37633,11.938486,-11.2517782,-75.6718261,"Carretera a Huasahuasi, Huasahuasi, Перу",PE
854,48.747078,49.54965,3.395274,101.7696205,"Jln Institut Aminuddin Baki, 69000 Genting Highlands, Pahang, Malaisia",MY
855,53.654697,3.172662,50.7503289,3.5944308,"Spinstersstraat 28, 9600 Ronse, Belgium",BE
856,49.63055,40.62711,-33.4488556,151.3213415,"10 Jacaranda Crescent, Tascott NSW 2250, Australia",AU
857,58.46379,-2.2682486,52.1090174,5.7129458,"Kanaaldijk Noord, Heeswijk-Dinther, The Netherlands",NL
858,16.267576,23.800879,38.8963481,20.9490753,"Unnamed Road, Aktio Vonitsa 300 02, Greece",GR
859,61.042225,-2.7662396,60.774201,10.20785,"Vestsidevegen 162, 2860 Hov, Norway",NO
860,60.01859,25.640902,54.997071,-114.0404881,"Alberta 44, Chisholm, AB T0G 0N0, Canada",CA
861,35.51311,21.49123,47.2743952,17.1731857,"9500 Celldömölk, 843, Hungary",HU
862,52.270557,10.510428,-45.875302,168.6914977,"Lumsden-Riversdale Highway, Waimea 9776, New Zealand",NZ
863,43.55678,24.351658,11.2331998,-74.1921175,"Carrera 19E # 28B-1 a 28B-99, Santa Marta, Magdalena, Colombia",CO
864,30.081799,53.72925,44.0390677,24.6101991,"DC120B, Romania",RO
865,38.883003,20.963228,27.5494586,89.6515598,"Dechenchholing-Dodena Lam, Bhutan",BT
866,52.627163,0.30609322,46.0353405,14.4888711,"Pod bukvami 22, 1000 Ljubljana, Słowenia",SI
867,66.75428,14.403032,65.5910898,-22.4992466,"Vestfjarðavegur, Iceland",IS
868,43.280415,89.66646,14.8322273,104.3047067,"Unnamed Road, Tambon Non Pun, Amphoe Phrai Bueng, Chang Wat Si Sa Ket 33180, Thaïlande",BW
869,61.436703,18.489511,60.0894487,24.2086634,"Ingå Kustvägen 167-185, 10160 Ingå, Finland",FI
870,59.326176,-5.35805,55.941555,21.6912038,"E272, 90391, Lithuania",LT
871,56.91,9.960283,51.6482068,4.8572791,"Van Dubbelmondestraat 21, 4901 VH Oosterhout, The Netherlands",NL
872,40.74563,44.886047,47.7417491,26.6700809,"Strada Războieni, Botoșani, Romania",RO
873,46.88547,18.881544,20.6049273,-103.3751432,"Calle Santa Monica, Nueva Santa María, 45530 JAL, Mexico",MX
874,55.78786,1.1551714,45.4987139,15.5351628,"Splitska ulica 33-35, 47000, Karlovac, Croatia",HR
875,41.62489,9.210703,41.2846679,-0.8557017,"CV-303, 50133 Almonacid de la Cuba, Provinz Saragossa, Spanien",ES
876,39.913906,18.336203,48.2878569,18.1344725,"Dolná 4-6, 949 07 Nitra-Janíkovce, Slovakia",SK
877,43.045383,32.521416,-23.6762321,-46.7126569,"Avenida Antônio Veríssimo Alves, 2-158 - Jardim Guarapiranga, São Paulo, 04770-010, Brazilië",BR
878,39.29324,38.71955,36.594343,-6.2419423,"Calle Escritor José Navarret, 1, 11500 El Puerto de Santa María, Cádiz, Spain",ES
879,54.720467,31.710558,45.160302,42.0594167,"ulitsa Ishkova, Mikhaylovsk, Krai de Stávropol, Rusia, 356236",RU
880,57.774696,0.9871869,51.1763359,6.8616084,"Peter-Krahe-Straße 32, 40599 Düsseldorf, Allemagne",DE
881,33.290596,2.3491082,43.0147002,23.474167,"161, 2152 Rashkovo, Bulgaria",US
882,30.211855,60.457283,-26.9000355,30.9810859,"MR13, Sicunusa, Swaziland",SZ
883,18.593077,101.53253,25.1322887,55.1167478,Crescent Rd - Dubai - United Arab Emirates,AE
884,47.90525,17.268312,-34.0367271,18.4647749,"1 Marston Road, Cape Town 7800, South Africa",ZA
885,42.83356,-4.03157,42.5151073,1.5483343,"Camí de Coll de Jou, AD700 Escaldes-Engordany, Andorra",AD
886,37.845734,20.634487,53.651544,23.4309359,"Droga Wojewódzka 670, Pologne",PL
887,46.1117,36.826225,41.7002311,-8.8563218,"Marginal, 4900 Viana do Castelo, Portugal",PT
888,46.19796,5.47644,-33.9180682,18.8902779,"Tydemanhof Road, Stellenbosch 7600, South Africa",ZA
889,17.537878,101.86943,1.2425373,103.8268903,"120 Tanjong Beach Walk, Singapore 098942",SG
890,34.28127,24.462189,32.4293409,34.9098038,"HaDror 1-13, Hadera, Israel",IL
891,50.092747,18.881931,42.9219778,25.8751267,"662, 5070 Elena, Bulgaria",BG
892,49.646423,-16.312988,47.4604181,8.4407857,"Alter Bahnhof 2, 8107 Buchs, Switzerland",CH
893,52.89108,28.25682,47.985487,4.190266,"D125, 10210 Balnot-la-Grange, France",FR
894,32.92704,14.616812,36.2265067,23.0829215,"μονοπ. Φάρου Αβλέμονα, Avlémonas 802 00, Greece",GR
895,44.791817,41.095074,51.1212069,13.8486081,"Ullersdorf-Langebrücker Straße, 01099 Dresden, Germany",DE
896,56.88119,48.286465,53.201038,50.1000423,"Volzhskiy prospekt, 1, Samara, Samara Oblast, Russia, 443010",RU
897,43.75101,32.356697,1.3152822,103.6908375,"26 Benoi Sector, Singapore 629858",SG
898,46.835377,29.177841,52.4363984,15.58603,"Konstytucji 3 Maja 61, 66-300 Międzyrzecz, Poland",AU
899,55.46607,-14.282814,53.0353793,-1.2872484,"B600, Nottingham, Nottinghamshire NG16 3QX, UK",GB
900,57.525692,18.499306,55.4289106,11.7881968,"Ahorn Alle 1, 4100 Ringsted, Denmark",DK
901,37.022182,76.54087,37.6223517,126.8374742,"985 Haengsin 1(il)-dong, Deokyang-gu, Goyang-si, Gyeonggi-do, South Korea",KR
902,41.892704,-14.438995,-15.836903,-71.0895441,"Salinas and Aguada Blanca National Reservation, 34A, Peru",PE
903,44.489475,34.95812,39.7183281,-8.4571886,"R. Profa. Dona Maria José Marques, 2435, Portugal",PT
904,25.511263,11.559269,36.733052,-3.4375369,"GR-5209, Motril, Provincie Granada, Španělsko",ES
905,42.557415,23.232891,58.5226035,23.8134173,"Risti-Hallivanni, 88202 Pärnu County, Estonia",EE
906,54.764416,16.452919,40.2582176,-86.0692307,"3116 South 300 West, Tipton, IN 46072, USA",US
907,48.35555,10.932332,50.8810774,4.6908401,"Brusselsestraat 204, 3000 Leuven, Belgium",BE
908,39.980076,12.699141,52.3953338,9.7692239,"Holbeinstraße 4, 30177 Hanover, Germany",DE
909,8.805467,2.2886758,-23.681213,26.5105063,"A1, Botswana",BW
910,2.1934724,80.45529,-42.6723271,147.1511142,"1160 Church Road, Broadmarsh Tasmanie 7030, Australie",AU
911,57.91865,14.7197075,46.7157509,6.4130155,"9, 1337 Vallorbe, Szwajcaria",GR
912,36.398827,14.833803,31.5414116,34.6191585,"232, Israel",IL
913,18.82694,-19.417015,-30.7320547,-70.9595955,"D-55, Monte Patria, Coquimbo Region, Chile",CL
914,56.067947,24.835686,43.5885166,26.6791093,"205, Yasenovets, Bulgaristan",BG
915,51.917637,9.142712,54.1118377,15.7287992,"78-113 Świelubie, Polska",MY
916,21.548374,-27.77349,43.7150622,-102.3927927,"18300-18338 South Dakota 44, Buffalo Gap National Grassland, Scenic, SD 57780, USA",US
917,53.6123,16.651018,42.5534489,1.5886525,"CG-2, AD100 Canillo, Andorra",AD
918,43.590546,51.47649,37.9367396,21.1458227,"Riga Fereou, Killíni 270 68, Greece",GR
919,40.90526,53.045597,1.3239031,103.6333921,"61 Tuas Cres, Singapore 638737",SG
920,5.2461405,95.190125,9.4224658,97.8695219,"Ko Phra Thong, Khura Buri District, Phang-nga, Thailand",TH
921,55.56841,6.030942,52.1473641,6.7014308,"Eibergsestraat 191, 7481 HJ Haaksbergen, Pays-Bas",LT
922,24.433987,25.402859,40.4201942,-7.9417453,"N230, 3405, Portugalia",PT
923,21.730598,19.703194,-27.0254956,31.9309194,"MR14, Nsoko, Swaziland",SZ
924,14.008392,18.73962,-24.1931506,30.4097104,"R36, South Africa",ZA
925,33.999886,27.92206,24.8821834,55.0452475,Sheikh Mohammed Bin Zayed Rd - Dubai - United Arab Emirates,AE
926,56.45286,6.8061514,52.2593504,6.1524628,"Korte Davostraat 2, 7412 VH Deventer, The Netherlands",NL
927,48.770504,20.998117,43.3730489,11.7693861,"Strada Provinciale 73 bis, 52041 Civitella in Val di Chiana, Arezzo, Italy",IT
928,50.930363,22.90173,55.6700232,12.3674337,"Stensmosevej, 2620 Albertslund, Denmark",DK
929,21.435102,56.647408,32.4057996,-117.055465,"Avenida Los Cuñados, Plan Libertador, Baja California, Mexico",MX
930,56.827244,2.8310285,53.8309646,22.9797964,"Konwaliowa 18-20, Augustow, Poland",PL
931,10.963762,-29.280651,-37.0696697,-70.4004053,"RP41, Neuquén, Argentina",AR
932,55.325294,11.007765,38.1244593,-85.6755919,"4611-4701 Miles Lane, Louisville, Κεντάκι 40219, Ηνωμένες Πολιτείες",US
933,33.147648,2.855382,-7.339623,-79.5886231,"Unnamed Road, Boca del Rio, Peru",PE
934,34.46425,54.258575,23.5388422,89.6490877,"Mawa - Bhanga Hwy, Bangladesh",BD
935,62.447273,8.777677,42.9582315,25.6067922,"55, 5055 Golemanite, Bulgaria",BG
936,43.5191,39.8899,46.0626084,16.2384412,"Vrbovo, 49283, Vrbovo, Croatia",HR
937,44.50343,9.5249405,-30.528768,29.9057469,"R56, South Africa",ZA
938,48.270763,10.153351,20.7615518,-101.3420783,"Carretera Federal 45, Lo de Juárez, État de Guanajuato, Mexique",MX
939,53.44978,9.872389,66.0308991,-16.4538317,"Norðausturvegur, Iceland",IS
940,42.251263,26.55748,48.1225061,22.0129833,"4522 Nyírtass, 41103, Maďarsko",HU
941,38.77682,-9.268702,42.1001276,12.5043795,"Strada Provinciale 16a, 101-121, 00060 Riano Rome, Italy",IT
942,45.729588,14.100903,47.859988,20.7586119,"3441 Mezőkeresztes, M3, Hungary",HU
943,58.313843,4.5224757,46.2832857,-73.7641883,"180-224 Rue Jean Baptiste Lepage, Saint-Damien, QC J0K, Canada",CA
944,49.139435,6.098699,53.190307,-1.2820908,"39 Park Avenue, Glapwell, Chesterfield, Derbyshire S44 5PZ, UK",PE
945,50.82663,6.1853404,42.5452988,1.4829278,"CG-4, AD400 La Massana, Andorra",AD
946,38.49399,28.067774,35.2778119,129.1099154,"611-2 Seon-dong, Geumjeong-gu, Pusan, Corée du Sud",KR
947,56.68227,12.587763,56.2400473,26.836042,"P62, Rušonas pagasts, LV-5318, Latvia",LV
948,25.00756,19.395975,24.9040998,54.9472457,Sheikh Zayed Rd - Dubai - United Arab Emirates,AE
949,36.917633,77.817,1.4476892,103.8124889,"Sembawang Way, Singapore",SG
950,42.493336,88.13364,37.5373581,126.881823,"37 Mokdongseo-ro, Yangcheon-gu, Seoul, South Korea",KR
951,53.109867,17.71299,51.7073165,17.9080312,"Gmina Nowe Skalmierzyce, Poland",PL
952,36.88238,12.444943,-33.5915569,-70.8611318,"Los Pajaritos, Peñaflor, Region Metropolitalny, Chile",CL
953,47.249546,-23.27544,40.2329001,15.537854,"Contrada Petraro, 7, Cilento and Vallo di Diano National Park, 84030 Sanza, Salerno, Italy",IT
954,26.739937,66.96162,27.6627839,90.7482937,"Unnamed Road, Bhutan",KR
955,49.792133,-22.353548,64.9377738,-23.3593183,"Snæfellsnesvegur, Islandia",IS
956,40.150784,28.997528,38.8501457,22.3876548,"Unnamed Road, Frantzis 351 00, Greece",GR
957,16.531828,69.96816,-37.474097,140.3967875,"221 Walkers Scrub Road, Sebastopol SA 5280, Australia",AU
958,47.165897,18.099995,47.6978495,17.2882246,"9165 Cakóháza, Fő Street 3-4, Hungary",HU
959,22.982166,18.527082,-35.7595692,174.505432,"195 Pataua South Road, Pataua 0192, New Zealand",NZ
960,12.204807,42.574574,7.9467281,-75.4410501,"Montelíbano - Puerto Libertador, Montelíbano, Cordoba, Colombia",CO
961,41.294926,16.6321,60.4082109,29.8102409,"Р34, Oblast de Léningrad, Russie",RU
962,47.036823,22.847214,55.1532497,10.2110235,"Stenbækvej 35-39, 5642 Millinge, Danemark",DK
963,20.452183,41.736435,-24.624214,25.9396205,"Ramotswa, Gaborone, Botswana",BW
964,19.564802,12.840969,43.3586699,3.2534768,"D612, 34500 Béziers, France",FR
965,26.794636,66.732544,-36.7192611,174.7446587,"9 Philson Terrace, Browns Bay, Auckland 0630, New Zealand",NZ
966,37.438557,65.80042,23.2888783,120.3252432,"736, Taiwán, Tainan, Liuying District, 柳營奇美醫院",TW
967,46.425953,90.17953,22.4454343,114.1320011,"Lam Kam Rd, Lam Tsuen, Hongkong",HK
968,35.251255,33.489605,23.3792056,91.2393568,"Dhaka - Chittagong Hwy, Bangladesch",BD
969,51.26193,-10.360037,-34.4148676,-61.443557,"Ruta Provincial 50, Buenos Aires, Argentina",AR
970,44.794743,17.337614,64.0054052,-22.3285922,"Vatnsleysustrandarvegur, Iceland",IS
971,42.932682,1.4946146,40.0978711,-2.2226587,"Calle Olmo, 5, 16190 Chillarón de Cuenca, Cuenca, Spain",PE
972,51.948063,29.533358,60.9212374,10.0493124,"Vest-torpvegen 1007-1079, 2870 Dokka, Norway",NO
973,51.33518,10.4329405,42.9304622,25.1910786,"44, 5332 Draganovtsi, Bulgaria",BG
974,33.791653,59.612553,11.4873374,104.1794338,"Unnamed Road, Cambodia",KH
975,46.188908,27.797613,52.0522158,21.4563581,"6A, 05-340 Człekówka, Poland",PL
976,-18.555574,34.137337,38.4239807,23.9874282,"Unnamed Road, Kimi Aliveri 345 00, Greece",GR
977,57.977142,22.121284,56.2713291,14.753231,"Hemsjövägen 1533, 376 36 Svängsta, Suède",CH
978,22.489635,101.72199,1.2954494,103.6219743,"98 Tuas South Ave 3, Singapore 637821",SG
979,53.475792,0.0824008,61.4147403,12.4971403,"Korsbergsvegen, 2420 Trysil, Norvège",NO
980,57.03451,19.329178,56.5982199,15.0773765,"805, 360 24 Linneryd, Sweden",SE
981,-14.405752,107.87375,-18.8240281,-42.8943654,"Rua Bruno Glória, 1498, Minas Gerais, 39740-000, Brazil",BR
982,9.60518,68.47317,23.6498713,88.8405692,"Chuadanga - Meherpur Hwy, Alukdia, Bangladesh",BD
983,32.11785,40.21967,40.9865223,24.6878974,"Nikopoleos, Chrisoupoli 642 00, Griekenland",GR
984,49.20226,25.21737,46.8561236,27.0300961,"DJ207C, Izvoru, Roumanie",RO
985,45.620537,12.606244,57.8185182,18.6169742,"684, 624 54 Lärbro, Sweden",SE
986,42.338184,-2.5236783,53.9841629,-6.5033003,"R178, Co. Louth, Ireland",IE
987,57.75896,3.8062377,49.3821881,17.4458719,"Říkovice 138, 751 18 Říkovice, Czech Republic",NZ
988,54.59136,6.99674,51.8265267,4.4697196,"Dorpsstraat 128, 3274 Heinenoord, The Netherlands",NL
989,47.242393,6.7804604,-39.4303165,173.8914028,"349-529 Ihaia Road, Opunake 4681, New Zealand",NZ
990,62.140015,22.056023,50.4586964,4.3826184,"Rue Nestor Falise 15, 6180 Courcelles, Belgium",BE
991,56.875843,29.778479,59.837495,30.2701267,"prospekt Narodnogo opolcheniya, 115, Saint Petersburg, Russia, 190000",RU
992,58.393475,22.626814,51.8997232,5.7760665,"Valburgsestraat 22, 6677 PC Slijk-Ewijk, The Netherlands",NL
993,42.072403,38.62688,35.1872743,129.0643532,"784-1 Geoje 2(i)-dong, Yeonje-gu, Busan, South Korea",KR
994,50.985134,19.294504,55.4107239,11.7566409,"Englerupvej 46, 4100 Ringsted, Danemark",DK
995,53.32913,20.99546,57.2085092,22.2865407,"A10, Ģibuļu pagasts, LV-3298, Latvia",LV
996,56.191772,8.671938,43.203431,25.2274496,"403, 5234 Dimcha, Bulgaria",BG
997,45.005535,40.51421,23.9180964,90.1092353,"Dhaka - Aricha Hwy, Bangladesh",BD
998,22.701998,56.333218,-34.7500848,19.6872348,"R317, Agulhas National Park, South Africa",ZA
999,7.30039,-13.577011,-34.090406,-65.8580254,"RP27, San Luis, Argentina",AR
0,59.91122,1.4512339,44.0785485,5.3848045,"Unnamed Road, 84390 Sault, France",FR
1,16.308725,-6.354799,-20.2088825,26.1988535,"A3, Nata, Botswana",BW
2,45.711594,11.646369,50.6943775,17.2162612,"Strużyna - Rożnów, 57-130, Poland",PL
3,64.002846,19.997818,63.1554764,23.8636271,"Koskelantie 157, 62800 Vimpeli, Finlandia",FI
4,46.729374,28.262138,37.4801747,126.4782739,"2091-95 Unseo-dong, Jung-gu, Incheon, Corée du Sud",KR
5,57.182888,10.907404,44.6707128,24.7422051,"DN65, Romania",RO
6,50.37823,6.4397087,52.9301505,36.0356742,"Avtovokzalnaya ulitsa, 48, Oryol, Oryol Oblast, Federação Russa, 302010",RU
7,55.24271,10.495968,50.154454,16.6657932,"Lipowa, 57-530 Międzylesie, Pologne",PL
8,36.2234,14.918484,38.7404707,22.619195,"Epar.Od. Thivas - Thermopilon, Molos Agios Konstantinos 350 09, Grekland",LT
9,44.73003,17.611778,49.5250176,16.8626424,"37358, 798 45 Lipová, Czech Republic",CZ
10,49.783276,-7.4515815,52.636277,-9.3920056,"Unnamed Road, Co. Клэр, Ирландия",IE
11,56.061535,24.036707,-35.7475628,174.211896,"6 Kokopu Block Road, Maungatapere 0179, New Zealand",NZ
12,32.752422,69.56967,25.0354847,55.5917997,Dubai-Hatta Rd - Dubai - United Arab Emirates,AE
13,64.99006,0.76663685,54.2978387,23.9618252,"2512, 64238, Lithuania",LT
14,46.40034,55.111507,50.363736,30.5526987,"Novopyrohivska Street, 17, Kyyiv, Kyiv city, Ukraine",UA
15,50.978184,16.956018,49.9719838,16.3409096,"315, 562 01 Hrádek, Czech Republic",CZ
16,42.09209,65.53761,-7.3985084,-79.5714597,"Avenida 28 de Julio 40, Pacasmayo, 페루",PE
17,57.548615,36.69431,46.9789193,7.3673739,"Uettligenstrasse 63-69, 3033 Wohlen, Switzerland",CH
18,56.39488,15.890797,55.9572568,26.1239551,"P70, Eglaines pagasts, LV-5444, Latvia",LV
19,38.0231,22.959572,47.0694933,21.9392,"Strada Paltinului 1-11, Oradea, Roumanie",RO
20,45.141033,5.425818,46.7331634,22.270524,"DC214, Săucani, Romania",RO
21,58.637585,3.2683406,46.091911,12.0850332,"Via Cal da Prà, 7, 32036 Sedico, Belluno, Italy",IT
22,26.704523,47.31435,32.250317,-91.5505451,"LA-577, Winnsboro, LA 71295, USA",US
23,-15.819677,27.98269,-22.3815092,26.7566804,"A14, Serowe, Botswana",BW
24,16.95771,38.39457,25.0151696,55.4577543,E66 - Dubai - Förenade Arabemiraten,AE
25,55.398014,33.174854,-41.4778622,-72.9878204,"Pto Avellano 1158-1160, Puerto Montt, Los Lagos Region, Chile",CL
26,54.810043,19.140028,59.3791319,13.5120452,"Pråmvägen 13, 652 24 Karlstad, Szwecja",SE
27,48.995434,27.166615,52.4572764,13.1897289,"Havelchaussee 1, 14193 Berlin, Germany",DE
28,30.492022,7.1085668,-33.7042739,19.2429559,"N1, South Africa",ZA
29,50.870876,28.69619,53.050551,19.9560884,"Olszewska, 09-300 Żuromin, Polen",PL
30,63.105778,-0.2129798,65.5762488,-23.1710419,"Vestfjarðarvegur, Iceland",IS
31,-8.892715,53.58818,-26.4123161,31.7837114,"MR3, Mpaka, Swaziland",SZ
32,44.015186,66.59522,24.151074,120.5986021,"Jīngkē North Road, Nantun District, Taichung City, Taiwan 408",TW
33,40.42504,72.09863,21.5205985,-104.8857392,"Churubusco Oriente 82, San José, 63030 Tepic, Nayarit, Mexico",MX
34,-32.23942,38.05341,-24.1398152,26.2509563,"A1, Botswana",BW
35,40.915226,31.046755,43.3830141,0.3270477,"D567, 32170 Sarraguzan, France",NZ
36,37.035126,60.48191,26.9461955,90.2274012,"Tsirang - Sarpang Hwy, Bhutan",BT
37,49.30895,25.545757,46.4356229,14.0607344,"Trg Toneta Čufarja 1, 4270 Jesenice, Slovenia",NL
38,56.78648,26.202457,53.6399232,21.6982487,"Droga Krajowa 58, Pologne",PL
39,56.461327,24.379074,54.272291,-7.9138146,"R206, Co. Cavan, Ireland",IE
40,26.465872,93.704605,23.8251282,90.4434085,"Bashundhara-Purbachal Link Rd, Dhaka, Bangladesh",BD
41,62.370277,14.9963875,44.1012698,11.0322629,"Via Scopicciaia, 11, 40030 Castel di Casio, Bologna, Italy",IT
42,47.887028,24.645168,40.2329001,15.537854,"Contrada Petraro, 7, Cilento and Vallo di Diano National Park, 84030 Sanza, Salerno, Italy",IT
43,54.237324,-0.017838955,47.1127421,21.2675859,"5525 Füzesgyarmat, 4225, Hungary",HU
44,57.998577,-5.466027,52.9866983,5.5395018,"De Band 12, 8614 JE Oudega Gem Wymbritserad, The Netherlands",EE
45,57.992756,-2.250976,55.3930755,10.247982,"Ubberudvej 76, 5491 Blommenslyst, Denemarken",DK
46,7.163021,-13.027771,-11.0032501,-77.0750939,"PE 18, Перу",PE
47,49.313713,9.535127,59.4516713,16.815981,"966, 645 92 Strängnäs, Sweden",SE
48,43.560436,-7.4985404,50.6975373,-113.9033156,"Alberta 7, Aldersyde, Alberta T0L 0A0, Kanada",CA
49,47.886677,14.414764,-33.9144374,18.4755467,"49 Section Street, PAARDENEILAND 7425, Afrique du Sud",ZA
50,44.97315,23.999672,54.3965911,20.6579193,"Sadovaya ulitsa, 52, Bagrationovsk, Kaliningrad Oblast, Russia",RU
51,47.147575,7.283748,50.7923002,17.0674771,"Władysława Łokietka, 57-100 Strzelin, Polska",PL
52,42.4449,21.73198,53.3384022,-8.9494577,"N17, Co. Galway, Ireland",IE
53,28.489172,36.517998,-33.1276243,-71.555354,"Novena Avenida, Valparaíso, Valparaíso Region, Chile",CL
54,31.796087,14.107574,39.9663361,-8.5027955,"CM1074, 3240, Portugal",PT
55,41.784184,26.36459,42.511272,1.560387,"Ctra. d'Engolasters, 1, AD700 Escaldes-Engordany, Andorra",AD
56,41.43514,51.047817,46.0937662,15.1539386,"Podkraj 13, 1433 Radeče, Słowenia",SI
57,52.168148,11.050083,52.3953338,9.7692239,"Holbeinstraße 4, 30177 Hanover, Germany",DE
58,52.139854,9.478912,54.4466076,23.7691946,"1105, 64355, Lithuania",LT
59,35.595795,-17.788082,-11.4344554,-77.2717517,"1NE, Peru",PE
60,53.208103,28.588415,57.0105907,9.9046077,"Mariendals Mølle Motorvejen, 9200 Aalborg, Denmark",DK
61,24.668417,47.603657,-33.2930631,146.3789927,"10 Bogan Street, Lake Cargelligo NSW 2672, Australia",AU
62,51.414005,22.980183,46.0393302,19.0154962,"6522 Gara, 5505, Hungary",HU
63,16.252102,116.626045,1.37324,103.953666,"98 Pasir Ris Central, Singapore 519639",SG
64,47.770397,90.16629,-6.8926084,109.4363386,"Jl. Perintis Kemerde, Taman, Pemalang, Jawa Tengah, Indonesia",ID
65,22.310217,-7.9678607,-46.3163517,-67.5860817,"RN3, Santa Cruz, Argentina",AR
66,46.068684,7.970731,47.2617705,18.2648472,"8044 Kincsesbánya, Kincsesi Street 2, Hungary",HU
67,25.255362,1.4468737,-15.9376289,-71.195905,"Salinas and Aguada Blanca National Reservation, 34A 10, Peru",PE
68,51.185787,44.315132,45.3517365,25.5430032,"Strada Gheorghe Doja, Sinaia, Romania",RO
69,31.74392,64.781525,-12.1134616,-77.0380318,"Calle General Iglesias, Miraflores 15074, Peru",PE
70,53.6889,10.453245,47.693597,20.4399604,"3373 Besenyőtelek, Chemin Fő 163-165, Hongrie",HU
71,52.77814,10.201212,46.9283718,4.7989349,"2 Impasse Saint-Éloi, 71150 Chaudenay, France",FR
72,22.850294,35.452297,-36.4076956,140.8627042,"LOT 258 Olive Grove Road, Pooginagoric SA 5268, Australia",AU
73,59.33777,15.264568,57.2916487,23.0533074,"Ezera iela 40, Mērsrags, Mērsraga pagasts, LV-3284, Latvia",LV
74,30.238289,87.64615,14.0215436,99.6742977,"Liap Khlong Chonlaprathan, Tambon Don Chedi, Amphoe Phanom Thuan, Chang Wat Kanchanaburi 71140, Thailand",TH
75,30.6019,9.823529,49.8494573,-93.8485562,"Trans-Canada Hwy, Kenora, Unorganized, ON P0V, Канада",CA
76,60.125034,-4.911322,55.8526163,9.7642928,"Kirkevænget 35, 8700 Horsens, Denemarken",DK
77,53.423542,25.34688,56.3468864,27.5105967,"P55, Rāzna National Park, Kaunatas pagasts, LV-4622, Latvia",LV
78,11.319027,25.213085,24.8910439,55.0591307,Sheikh Mohammed Bin Zayed Rd - Dubai - Các tiểu Vương quốc Ả rập Thống nhất,AE
79,-0.77820826,120.16107,2.8672673,101.5510871,"Unnamed Road, Olak Lempit, 42700 Banting, Selangor, Malaysia",MY
80,59.34875,-24.840855,50.4680681,13.7923479,"257, 440 01 Kozly, Czech Republic",CZ
81,51.31598,22.534637,48.0874371,11.5326933,"Noestraße 7-11, 81479 Munich, Germany",DE
82,55.288574,9.847435,53.234609,-2.7707349,"Norton's Lane, Chester, Cheshire West and Chester CH3, UK",GB
83,34.04415,17.468027,40.8632462,16.7503775,"SP236, 70020 Santeramo in Colle, Bari, Italy",IT
84,28.904783,27.223598,-26.2072836,31.9191327,"MR3, Simunye, Swaziland",SZ
85,37.874516,-13.097591,43.1660554,16.5652956,"D116, 21460, Selca kod Starog Grada, Croatia",HR
86,46.902897,50.30411,44.8361985,24.0434417,"DJ643B, Cermegești, Romania",RO
87,18.238598,-18.74532,-9.5657956,-77.594982,"14A 320, Peru",PE
88,19.244265,71.1569,10.5353982,103.7857333,"Unnamed Road, Cambodia",KH
89,61.475636,19.002554,54.7259093,38.3841688,"Р114, Moskovská, Rusko",RU
90,12.333169,94.654816,-25.0761996,31.0267098,"Kiepersol Road, South Africa",ZA
91,58.825733,0.39263964,58.9086222,22.388638,"Puski-Kõpu-Ristna, Hiiumaa, Estland",EE
92,28.036108,12.2666855,-11.7326019,-49.0998733,"Rua Antônio de Almeida Veras, 1065-1277 - Alto da Boa Vista, Tocantins, 77425-340, Brésil",BR
93,55.173595,41.172386,46.5342271,14.9949498,"Brdinje 18c, 2390 Ravne na Koroškem, Slovénie",SI
94,54.88532,20.11563,50.021722,36.2271567,"Novhorods'ka street, 11, Járkov, Óblast de Járkov, Ucrania",UA
95,32.75943,70.07452,9.5988008,-75.184678,"I-25 # 1, Ovejas, Sucre, Kolumbia",CO
96,41.925453,18.156929,45.8517466,10.9481522,"SS240, 38065 Mori, Trentino, Italy",IT
97,29.875708,38.08643,29.2785157,-13.4884991,"Unnamed Road, 35540 Teguise, Las Palmas, Spain",HU
98,42.24698,24.350826,55.6817303,9.5669727,"Fredericiavej, 7100 Vejle County, Denmark",DK
99,50.208717,39.917664,48.7098333,44.516705,"ulitsa Mira, 16, Volgograd, Volgograd Oblast, Russia, 400131",RU
100,40.699795,53.233192,46.9748956,7.2573254,"Rewag 1, 3203 Mühleberg, Switzerland",CH
101,46.39316,26.78406,65.6879019,-18.1147907,"Höfðahlíð, Akureyri, Iceland",IS
102,67.90552,4.5104375,46.7203206,-65.4929096,"982 Chemin Pleasant Ridge, Rogersville, NB E4Y, Canada",CA
103,10.626968,80.35131,-26.3105222,31.1198009,"MR3, Mbabane, Swaziland",SZ
104,45.569687,28.52445,50.9158229,3.3480016,"Sparrestraat 4-6, 8710 Wielsbeke, Belgium",BE
105,58.660496,7.0734777,57.227914,9.6867521,"Omfartsvejen 120, 9490 Pandrup, Danska",DK
106,51.817036,7.103657,47.5018506,18.6116517,"2060 Bicske, 1, Węgry",NZ
107,49.59612,-9.7456,42.5576688,1.6884895,"CG-2, AD100 Canillo, Andorra",AD
108,30.781242,9.760252,40.0978711,-2.2226587,"Calle Olmo, 5, 16190 Chillarón de Cuenca, Cuenca, Spain",PE
109,51.398457,0.4834466,52.9109897,-2.8042567,"Knowles Lane, Whitchurch SY13, UK",GB
110,28.258993,70.99526,27.6113378,91.4944228,"Mongar - Trashigang - Trashiyangtse Rd, Trashiyangtse, Bhutan",BT
111,19.600727,77.093765,22.9229756,120.3582175,"719, Taiwan, Tainan City, Longqi District, 南163鄉道",TW
112,16.001434,44.391663,24.9266758,55.6418178,Dubai-Hatta Rd - Sharjah - Các tiểu Vương quốc Ả rập Thống nhất,AE
113,56.501835,12.628984,55.8537055,-4.8887575,"A78, Skelmorlie, North Ayrshire PA17, UK",GB
114,-3.3536038,-11.422733,-31.8080917,25.7669784,"R390, South Africa",ZA
115,60.524197,0.2002945,47.113421,9.1910996,"Gewerbezone Tiefenwinkel 515, 8874 Mühlehorn, Switzerland",CH
116,38.897324,40.652935,-27.1922694,31.3473493,"MR11, Swaziland",SZ
117,40.605915,63.85912,-8.5457802,115.0122722,"Unnamed Road, Selemadeg Tim., Tabanan, Bali, Indonesië",ID
118,57.16068,17.668219,43.0935594,-80.9243146,"315064-315308 31st Line, Embro, ON N0J 1J0, Canada",CA
119,24.48825,60.58428,11.2331998,-74.1921175,"Carrera 19E # 28B-1 a 28B-99, Santa Marta, Magdalena, Colombia",CO
120,45.91248,72.95096,35.1912269,129.0756643,"23 Beobwonnam-ro 10beon-gil, Yeonje-gu, Busan, South Korea",KR
121,27.300629,126.046585,1.2952282,103.8729369,"500 ECP, Singapore 439173",SG
122,32.586903,23.981628,-27.7675462,30.0061533,"Airport Industrial, Newcastle, South Africa",ZA
123,39.84106,22.704512,55.6765242,21.3455021,"227, Dovilai 96221, Lithuania",LT
124,22.73096,73.610504,-28.2865407,-54.22981,"Rua Armindo Utzig, 2-74, Rio Grande do Sul, Brazil",BR
125,34.800133,-3.2166562,19.2968429,-98.2721335,"Independencia 11, Xilotzinco, 90110 Tlaxcala, Mexico",MX
126,23.104475,57.19756,-29.597485,30.3471312,"38-40 Dan Pienaar Road, Pietermaritzburg 3201, South Africa",ZA
127,56.975086,15.2134285,52.0537598,4.5465352,"Olof Palmelaan, 2721 Zoetermeer, The Netherlands",NL
128,58.359238,18.977995,50.0010622,36.2809446,"Bezkrainya street, 36, Kharkiv, Kharkiv Oblast, Ukraine",UA
129,39.12496,50.53941,47.1951899,7.4118179,"Flurstrasse 31, 2540 Grenchen, Switzerland",CH
130,48.885498,50.009026,23.5862704,120.4309458,"Tajwan, Jiayi, 中山高速公路",TW
131,60.370148,17.512455,46.369384,14.9246587,"Radegunda 38, 3330 Mozirje, Slovenia",SI
132,46.82234,46.856266,47.5473098,21.6462336,"4028 Debrecen, Jósika Street 3-5, Hungary",HU
133,46.610596,-22.950642,-23.4931289,-67.9840567,"Ruta 23, San Pedro de Atacama, Antofagasta Region, Chile",CL
134,35.424557,-10.844921,64.0054052,-22.3285922,"Vatnsleysustrandarvegur, Iceland",IS
135,51.915363,7.1330805,61.3181992,9.8114445,"Vestringsvegen, 2657 Svatsum, Norway",NO
136,47.433964,12.210958,32.8165321,34.9980443,"Ibn Rushd, Haifa, Israel",IL
137,57.429768,12.699467,58.5441024,22.8496793,"Tagavere-Randküla, 94660 Saaremaa, Estonia",KH
138,68.217865,14.562653,55.6515549,21.557932,"2213, Brožiai 96274, Lithuania",LT
139,50.18056,24.254154,54.2448908,19.4560094,"Strumykowa 39-45, Elbląg, Polonia",EE
140,45.931187,36.248493,52.1719937,4.523959,"Provincialeweg, 2353 Leiderdorp, The Netherlands",NL
141,64.9266,3.8414664,67.6016027,26.740429,"Rovaniementie 2257-2339, 99600 Sodankylä, Finland",FI
142,54.305172,17.368397,54.328047,23.1273696,"2615, Salaperaugis 69285, Lituanie",LT
143,40.8299,13.991383,32.8340094,-16.911633,"219-221 W Homan St, Baytown, TX 77520, USA",HU
144,57.334232,26.327324,47.4175885,7.1022801,"E27, 2900 Pruntrut, Schweiz",US
145,42.179245,38.76312,38.1709116,22.3394773,"Unnamed Road, Krathi 250 06, Greece",GR
146,60.877262,13.644987,56.16943,8.6855281,"Videbækvej 35A, 7480 Vildbjerg, Denmark",DK
147,23.769087,61.17471,25.271139,55.307485,130 Al Khaleej Rd - Dubai - United Arab Emirates,AE
148,39.913254,65.92462,-33.470978,-70.6199394,"Guillermo Mann 1030-1048, Ñuñoa, Region Metropolitalny, Chile",CL
149,56.50276,27.89212,50.4586964,4.3826184,"Rue Nestor Falise 15, 6180 Courcelles, Belgium",BE
150,65.794624,18.243633,58.766458,24.5950929,"Valgu-Libatse, 78207 Rapla County, Estonia",EE
151,45.564396,26.466078,32.8356307,35.0546059,"Sderot HaNassi Truman, Hajfa, Izrael",US
152,52.801228,15.536724,42.145441,27.2299904,"Unnamed Road, Kirovo, Bulgaria",KH
153,45.00146,49.73884,28.4030389,129.6565163,"Япония, 〒894-0508 Kagoshima-ken, Amami-shi, Kasarichō Ōaza Yōan 県道82号線",JP
154,18.687613,75.75813,-6.6326908,111.5149105,"Jl. Sunan Bonang, Sluke, Rembang, Jawa Tengah 59272, Indonesia",ID
155,57.51318,15.080002,52.7296752,-0.9502769,"Gaddesby Lane, Melton Mowbray, Leicestershire LE14 2TQ, UK",GB
156,51.544044,2.0794826,60.9628289,6.4806092,"Riksveg 13, 6893 Vik i Sogn, Norvège",NO
157,48.887726,9.273441,54.455695,13.3109217,"Pansevitz 4, 18569 Kluis, Germany",NZ
158,49.059628,12.785326,-45.4102099,167.728663,"Te Anau-Milford Highway, Te Anau 9600, New Zealand",NZ
159,37.587593,61.480545,46.2122548,7.0091165,"Galerie de St-Maurice, 1890 Saint-Maurice, Switzerland",CH
160,48.534035,48.133198,39.1280253,-8.9920379,"N1, 2580 Abrigada, Portugal",PT
161,55.17687,14.802576,53.0107103,16.9899105,"191, Polónia",PL
162,41.032707,57.355434,31.2537851,34.7991027,"Yitskhak Rager, Beersheba, Israel",IL
163,38.595127,21.909924,41.9213466,-7.5111574,"Viaducto de Vilaza, 32618 Monterrei, Ourense, Spanje",ES
164,50.163277,-5.3191075,53.8897402,-8.6518305,"R325, Co. Mayo, Ireland",IE
165,62.496967,23.695124,57.0778009,21.4229735,"P111, Užava parish, LV-3627, Latvia",LV
166,54.263363,46.511047,46.7330469,7.6257835,"Hännisweg 6, 3645 Thun, Switzerland",CH
167,46.69193,30.063984,48.2936744,19.6613047,"585, 985 32 Panické Dravce, Slovakia",SK
168,41.249836,5.8665395,46.0368502,15.4912252,"Mali Kamen 52, 8281 Senovo, Slovenia",SI
169,55.769146,24.895182,62.138724,26.9693726,"Porsaskoskentie 2223-2225, 51670 Mikkeli, Finland",FI
170,66.41938,-1.4678226,52.4086514,-114.9598425,"7327-7407 David Thompson Highway, Alhambra, Alberta T0M 0C0, Kanada",CA
171,47.073696,-4.800759,36.4825464,22.3857515,"Unnamed Road, Anatoliki Mani 230 71, Greece",GR
172,13.171305,99.723755,-5.8827062,110.4489651,Indonesia,ID
173,51.340416,13.417112,49.8078805,17.7714707,"44337, 747 84 Radkov, Czech Republic",CZ
174,17.908012,-33.237873,33.294471,-112.167634,"325-361 West Lewis Drive, Laveen, AZ 85339, USA",US
175,28.182722,22.94064,24.8821834,55.0452475,Sheikh Mohammed Bin Zayed Rd - Dubai - United Arab Emirates,AE
176,40.21359,4.8086386,24.6139414,-101.3736105,"Saltillo - Zacatecas, Pozo Colorado, Zacatecas, Mexico",BW
177,50.650852,16.725723,27.1375391,91.5774189,"Unnamed Road, Wamrong, Bhutan",BT
178,49.378574,22.845264,56.8303942,60.6186244,"Krasnoarmeyskaya ulitsa, 74, Yekaterinburg, Sverdlovsk Oblast, Russia, 620000",RU
179,58.21272,-0.32420397,54.840045,-8.4733695,"4, Portnoo, Co. Baie de Donegal, Irlande",CH
180,63.463787,20.191883,54.9844629,25.2255339,"5254, Glitiškės 14292, Lithuania",LT
181,43.45468,9.252579,43.0467017,24.6007304,"4, 5573 Golets, Bulgaria",BG
182,46.13155,35.109035,45.8007664,15.6675261,"Draganje Selo 5F, 10430, Samobor, Croatia",HR
183,59.752552,-2.318131,53.3072425,6.9533859,"Oosterwierum 5, 9936 HJ Farmsum, Nizozemsko",NL
184,47.78829,31.929638,48.5439191,4.3627818,"D48, 10240 Dampierre, Francija",FR
185,56.04588,15.592798,53.4324733,-6.4543576,"3 Tetrarch Grove, Clonee, Co. Meath, Ireland",IE
186,37.52771,46.914078,32.009299,34.7804928,"HaAluf Aharon Yariv 8, Holon, Israel",IL
187,37.839622,46.179203,-7.390343,111.4547,"Jl. Untung Suropati, Kec. Ngawi, Ngawi, Jawa Timur 63212, Indonesia",ID
188,55.05387,20.842268,49.9276251,36.2652699,"Haharina Avenue, 316, Kharkiv, Kharkiv Oblast, Ukraine",UA
189,46.32179,54.098846,26.8623894,89.3727485,"Raj Marg, Jaigaon, Bhutan",BT
190,50.879406,-11.339886,47.5833231,5.0559742,"D120, 21120 Marey-sur-Tille, France",NL
191,35.43146,20.762667,39.1373138,-9.3814955,"R. Dr. João de Barros 1, 2560-487 Silveira, ポルトガル",PT
192,52.723133,39.559288,43.3014559,144.3110341,"35 Setsurigenya Kita 27 Sen, Tsurui-mura, Akan-gun, Hokkaidō 085-1200, Japan",JP
193,35.51073,56.827404,13.5431503,104.8660881,"Unnamed Road, Cambodia",KH
194,58.666557,19.92785,49.3628852,17.5653511,"Bořenovice 50, 769 01 Bořenovice, Czech Republic",CZ
195,56.641674,0.46806288,-38.1037657,175.7259255,"743 Old Taupo Road, Waotu 3481, New Zealand",NZ
196,44.29787,84.97644,23.636505,90.5944565,"N1, Sonargaon, Bangladesh",BD
197,49.431564,16.378046,32.9809735,35.0884035,"Derech HaYam, Shavei Tzion, Israel",IL
198,52.227386,23.638664,52.1130501,6.7575212,"Niekerkerweg 2, 7157 CB Rekken, The Netherlands",NL
199,-24.815748,25.237469,-24.2260168,26.1718687,"A1, Botswana",BW
200,40.202015,37.201363,-28.0037751,152.0037265,"112 Jonel Park Road, Allora QLD 4362, Australia",AU
201,-6.2924237,-12.805746,-32.4920902,-68.1584242,"RN142, Mendoza, Argentina",AR
202,69.661415,-9.491934,60.7814836,27.4513409,"Purhontie 662-664, 49660 Miehikkälä, Finland",FI
203,43.103985,55.82623,1.4476892,103.8124889,"Sembawang Way, Singapore",SG
204,-7.8573327,114.42028,22.39606,114.045921,"Yuen Tsuen Ancient Trail, Tai Lam, Hong Kong",HK
205,44.56267,8.703795,-27.88143,29.3358357,"R722, South Africa",HU
206,39.85433,5.5863175,42.5245908,1.5628475,"Av. de la Bartra, AD200 Encamp, Andorra",AD
207,31.474422,27.004322,-6.2140721,-80.4130462,"Panamericana Norte, Перу",PE
208,30.204905,94.523605,22.254943,113.913803,"Ngong Ping Fun Walk, Lantau Island, Hong Kong",HK
209,-13.861862,-13.9899845,32.4219668,35.4903898,"90, Israel",IL
210,61.90865,16.33434,50.961256,-119.283451,"6252 Line 17 Road, Magna Bay, BC V0E 1M7, Canada",CA
211,56.369495,14.789858,57.0675851,27.2958045,"P47, Balvi parish, LV-4561, Latvia",LV
212,28.854612,29.453472,-26.0832193,27.9273582,"47 Blueberry Street, Randburg 2169, South Africa",ZA
213,42.543404,41.56944,-36.8316044,-73.0513283,"Lincoyán 118-194, Concepción, Biobío Region, Chile",CL
214,26.839561,73.405594,27.2285719,90.6692169,"Unnamed Road, Bhutan",KR
215,19.013706,59.180855,-24.855926,25.8710126,"Lesetlhana Road, Ramotswa, Botswana",BW
216,48.527996,-8.620153,35.2394669,129.2409153,"514-1 Jukseong-ri, Gijang-eup, Gijang-gun, Busan, South Korea",KR
217,51.857113,25.613068,48.8050654,9.1841532,"Heilbronner Straße, 70191 Stuttgart, Germany",DE
218,9.161399,4.4531493,40.5090201,16.5654971,"Via A. Moneta, 1, 75016 Pomarico Matera, Italien",IT
219,50.530037,-3.608622,60.5740906,15.8587114,"E16, Sweden",SE
220,40.87901,5.701341,-34.195854,-70.6271432,"H-25, Machalí, O'Higgins Region, Chile",CL
221,61.14716,3.815741,62.7302721,15.4044357,"546, 840 60 Bräcke, Sweden",SE
222,6.737855,58.527405,-7.4776626,109.6041946,"Pucungbedug, Purwanegara, Banjarnegara, Jawa Tengah 53472, Indonesien",ID
223,61.318836,22.174501,51.9467945,8.5078539,"Postheide 61, 33659 Bielefeld, Allemagne",DE
224,27.631655,60.949146,42.1485719,24.4215468,"8004, 4417 Ognyanovo, Bulgaria",BG
225,54.209194,12.626075,27.4982594,90.5336919,"Trongsa - Yotongla Hwy, Bhutan",BT
226,53.912968,20.177864,44.6750892,23.7225284,"Unnamed Road, Văluța, Romania",US
227,32.265297,27.839901,37.3692573,13.4821898,"Strada Provinciale 17, 92100 Agrigento, Italy",IT
228,26.27661,23.589676,-29.51914,-58.1803637,"Ruta Nacional 119, Corrientes, Argentina",AR
229,38.57462,26.810312,27.3648009,89.9123973,"Wangdue - Tsirang Hwy, Bhutan",MY
230,28.911655,38.953346,-16.4490678,-71.8222112,"112, Vitor District, Peru",PE
231,49.739697,12.127139,-26.9413575,-51.8225213,"BR-153, Santa Catarina, 89675-000, Brazil",BR
232,52.980175,4.039445,42.9404815,23.2655811,"8102, Svidnya, Bulgaria",BG
233,38.659687,22.063826,-38.1773062,175.2124595,"18 Trapski Drive, Otorohanga 3900, New Zealand",NZ
234,28.751318,32.348736,24.9496279,55.3505468,E 77 - Dubai - United Arab Emirates,AE
235,41.685,25.900738,4.5483146,-74.1130557,"Carrera 5C # 49AS-1 a 49AS-99, Bogotá, Cundinamarca, Colombie",CO
236,41.145184,19.867437,46.8134704,1.0601752,"58-72 D18A, 36220 Martizay, France",FR
237,38.494995,32.86579,46.444178,6.9113727,스위스 1822 몽트뢰 팡 듀 크호 도로 18-20,CH
238,62.13985,-9.912989,50.7505055,7.0938072,"Arminiusstraße 24-26, 53117 Bonn, Germany",DE
239,47.858593,16.657562,52.7632886,-6.8397421,"Unnamed Road, Co. Carlow, Ireland",IE
240,10.786392,21.880909,32.4276747,35.5278697,"6678, Israel",IL
241,63.351902,18.941202,47.9282936,22.1715064,"4335 Kántorjánosi, 4917, Hungary",HU
242,66.74143,20.497831,53.4161675,-122.6233525,"Unnamed Road, Fraser-Fort George E, BC V0J, Canada",CA
243,51.518585,0.4984908,52.1461523,4.6765025,"Rigolettohof 36-38, 2402 EX Alphen aan den Rijn, The Netherlands",NL
244,49.578938,28.12186,45.0142326,26.0409716,"Strada Pădurii, Boldeşti-Scăeni, Rumunia",PT
245,3.4233012,109.15825,3.0122224,101.4514473,"11-17, Jalan Sri Mersing 23, Taman Sri Andalas, 41200 Klang, Selangor, Malaysia",ID
246,34.984753,81.074265,1.3717535,103.819387,"Oncospermum Trail, Singapur",SG
247,48.09727,40.431065,57.3637299,23.125392,"Bākas iela 37-41, Mērsrags, Mērsraga pagasts, LV-3284, Latvia",LV
248,46.770687,16.364939,43.1116858,-7.8460617,"LU-232, 14, Friol, Lugo, Spain",ES
249,55.643085,32.968582,45.9140891,16.5143392,"Cugovec, 10345, Cugovec, Croatia",HR
250,53.161053,-5.8084702,54.298736,-6.3276794,"30 Greenan Road, Banbridge, UK",GB
251,59.341736,15.081562,56.85349,25.2554606,"P4, Ķeipenes pagasts, LV-5062, Latvia",LV
252,61.45581,-1.7257767,46.4587539,18.490951,"7176 Murga, Fő-Straße 2-3, Ungarn",HU
253,55.489918,3.3887706,70.0102323,22.0488744,"E6 100, 9161 Burfjord, Norway",NO
254,23.003351,73.93561,-6.5544708,110.6522128,"Unnamed Road, Kec. Jepara, Jepara, Jawa Tengah 59432, Indonesia",ID
255,32.326538,80.81969,22.9738175,89.4751091,"Dhaka-Khulna Highway, Phultala, Bangladesh",BD
256,47.126865,8.218583,61.9808602,25.0784281,"16543 10-70, 42100 Jämsä, Finland",FI
257,55.746418,48.45248,51.8343449,-4.6963654,"1 Dandderwen, Llanfallteg, Whitland, Carmarthenshire SA34 0UW, UK",GB
258,53.080624,4.2002354,53.1285498,-7.8823754,"Unnamed Road, Co. Offaly, Ireland",IE
259,57.24958,-15.899759,46.2752741,17.9067491,"7473 Hajmás, Fő Street 15-16, Hungary",HU
260,52.412395,22.776863,54.1463969,36.1561223,"Р92, Tula Oblast, Russia",RU
261,34.32735,-21.532215,-18.2626112,-69.5592403,"Ruta 11, Putre, Arica and Parinacota Region, Chile",CL
262,53.645985,19.305399,58.032616,38.8043901,"Р104, Rybinsk, Oblast de Iaroslavl, Russie, 152900",RU
263,55.44305,23.12078,49.9547493,20.5232308,"Kiebło, Poland",PL
264,12.570156,105.08235,-23.8855181,-50.6031138,"Rodovia Engenheiro Ângelo Lopes, Parana, Brazil",BR
265,38.58177,71.398796,22.2974267,113.9307629,"Chun Wan Rd, Chek Lap Kok, Hong Kong",HK
266,51.619553,18.479355,64.3258841,-22.0748384,"Esjubraut, Akranes, Iceland",IS
267,41.622242,43.95141,42.2399286,12.9306907,"Via Turanense, 17, 02026 Posticciola RI, Italy",MY
268,48.492702,28.847767,52.9109897,-2.8042567,"Knowles Lane, Whitchurch SY13, UK",GB
269,24.035482,53.70406,10.9622098,103.2494186,"Unnamed Road, ឃុំ តានួន, Cambodia",KH
270,55.8791,0.06772852,62.7579294,8.3607896,"Riksveg 62 20, 6610 Øksendal, Norway",NO
271,36.263885,88.86609,22.4430822,114.0720994,"Kong Tai Rd, Kam Tin, Hong Kong",HK
272,28.583233,77.602005,1.2716089,103.620717,"150 Tuas South Ave 5, Singapore 637363",UA
273,58.215153,-12.673014,45.7010729,1.2027472,"Mazerieux, 87800 Nexon, France",FR
274,33.740902,68.53947,15.1946635,104.8353197,"Sisaket Rd, Tambon Warin Chamrap, Amphoe Warin Chamrap, Chang Wat Ubon Ratchathani 34190, Thailand",TH
275,38.202034,41.671787,49.9799178,36.3324971,"Krasnodars'ka street, 113, Kharkiv, Kharkiv Oblast, Ukraine",UA
276,48.080402,-13.492344,50.6296716,3.9955459,"Rue de Thoricourt 23, 7830 Silly, Belgium",BE
277,51.472706,-9.656826,49.0865406,14.8440074,"Novosedly nad Nežárkou 205, 378 17 Novosedly nad Nežárkou, Czech Republic",AU
278,37.046562,29.328777,41.9351364,25.1412741,"5802, 4261 Lenovo, Bulgarie",BG
279,30.847061,37.782276,-37.4315745,-72.3228458,"Q-15, Los Angeles, Biobío Region, Chile",CL
280,56.369358,8.823547,45.5888467,-84.5729209,"4155-4285 Riggsville Rd, Cheboygan, MI 49721, Stany Zjednoczone",UA
281,57.383984,-19.220497,64.8918855,-22.2201578,"Heydalsvegur, Iceland",IS
282,34.411304,45.459724,36.1486131,-79.2524279,"8107 High Rock Road, Efland, NC 27243, EUA",US
283,50.74339,-7.4064984,65.2158117,-21.0696741,"Þjóðvegur, Iceland",IS
284,26.739069,114.86336,23.9893771,120.9199888,"No. 128, Xiàngshàn Road, Puli Township, Nantou County, Taiwan 545",TW
285,59.19751,27.652328,51.4567013,7.0530921,"Bückerheide 8-10, 45139 Essen, Germany",DE
286,49.08614,36.5104,42.2857333,23.2760325,"6206, 2650 Sapareva Banya, Bulgaristan",BG
287,65.251884,16.07504,45.629209,-61.1070665,"Nova Scotia Trunk 4, Louisdale, NS B0E 1V0, Canada",CA
288,62.99631,23.17299,49.4484731,15.3385594,"347, 393 01 Zachotín, Czech Republic",CZ
289,21.09448,99.47635,27.6672564,91.1836199,"Unnamed Road, Lhuntse, Bhutan",BT
290,50.99313,22.709295,46.304984,14.4951695,"210 15, 4205 Preddvor, Slovenia",SI
291,37.33304,47.498177,44.0855095,-77.2391418,"86 Prince Edward County Rd 14, Demorestville, ON K0K 1W0, Kanada",CA
292,22.275126,41.609127,24.8808177,55.0431132,Sheikh Mohammed Bin Zayed Rd - Dubai - United Arab Emirates,AE
293,37.509388,15.6796,-24.2544424,-65.2482133,"Unnamed Road, San Salvador de Jujuy, Jujuy, Argentina",AR
294,53.37767,26.954853,52.5313907,13.5182696,"Rhinstraße 147, 10315 Berlin, Germany",DE
295,48.443302,23.62653,40.3897981,-3.6702635,"Calle de Pablo Rica, 8, 28053 Madrid, Spain",ES
296,50.786465,17.16463,47.6397803,21.6124546,"4224 Hajdúböszörmény, Vincellér Street 2, Hungary",HU
297,38.962112,39.64574,22.244495,114.288631,"Unnamed Road, Tung Lung Chau, ฮองกง",HK
298,60.30184,26.37978,53.9875878,24.2974349,"5003, Dzūkijos nacionalinis parkas 65285, Lithuania",LT
299,39.73773,25.327456,51.9160171,5.4148775,"Terweistraat 1, 4011 EX Zoelen, The Netherlands",NL
300,20.306362,43.12681,-33.3918391,-71.4816484,"F-90, Valparaíso Region, Chile",CL
301,9.832222,114.66884,22.4856941,89.0120064,"Satkhira-Kaliganj Highway, Bangladesh",BD
302,65.79171,36.529503,45.598798,5.8767331,"175-265 Rue de Leya, 73290 La Motte-Servolex, France",FR
303,46.260662,57.917263,35.1688071,129.1657896,"1363-9 Jwa 3(sam)-dong, Haeundae-gu, Busan, South Korea",KR
304,7.100101,-28.925,-51.3677941,-70.2512353,"Ruta Provincial 5, Santa Cruz, Argentinien",AR
305,-6.131186,-9.074289,-30.5192721,-71.1315651,"D-595, Ovalle, Coquimbo Region, Chile",CL
306,10.241274,95.96393,-7.7066264,108.6559457,"Jl. Pantai Timur, Pangandaran, Pangandaran, Jawa Barat 46396, Indonesia",ID
307,59.0749,8.230146,43.6980396,2.5377508,"Esperausses, 81260 Espérausses, France",FR
308,45.49374,7.914073,56.0656954,-3.4144787,"2 Norway Gardens, Dunfermline, Fife KY11 8JW, UK",GB
309,65.189316,-10.230835,50.1005216,15.880352,"298, 533 04 Rokytno, Czech Republic",CZ
310,49.11539,23.742958,54.2415599,-9.862037,"L1202, Co. Mayo, Irlandia",IE
311,35.64428,46.669178,24.335077,124.158885,"1 Chome-5 Yashimachō, Ishigaki-shi, Okinawa-ken 907-0011, Japan",JP
312,55.330692,24.168468,58.2842022,38.8636373,"Р104, Oblast de Iaroslavl, Russie",RU
313,32.90912,58.828598,-13.7238985,-70.4542186,"Carretera Interoceanica 96, Peru",PE
314,27.368738,15.087793,24.9040998,54.9472457,Sheikh Zayed Rd - Dubai - United Arab Emirates,AE
315,57.687847,18.29586,50.1305973,20.0896906,"71, 32-010 Sulechów, Poland",PL
316,37.809624,54.24227,22.664001,120.5231108,"No. 242, Héxìng Road, Changzhi Township, Pingtung County, Taiwan 908",TW
317,15.391138,16.146078,38.0809143,-6.5154675,"EX-201, 06270 Segura de León, Prowincja Badajoz, Hiszpania",ES
318,5.422071,108.53938,2.706633,101.4926416,"B324, Ladang Bedford, 42700 Banting, Selangor, Malaysia",MY
319,35.126774,45.62933,21.9257629,120.8318541,"946, Taiwan, Pingtung County, Hengchun Township, 香蕉灣[屏客]",TW
320,42.535038,0.11545229,39.8616717,25.0574825,"Unnamed Road, Limnos 814 00, Greece",US
321,40.81653,49.73397,23.1942247,120.1923896,"722, Tajwan, Tainan, Jiali District, 260-1",TW
322,57.246273,18.234732,59.1734957,26.127122,"Järva-Jaani-Tamsalu-Kullenga, Uudeküla, 46026 Lääne-Viru County, Estonia",EE
323,53.718372,-0.3945527,56.85349,25.2554606,"P4, Ķeipenes pagasts, LV-5062, Latvia",LV
324,32.732735,28.293383,38.910636,-0.8399728,"CV-589, 3, 46640 Mogente, Valencia, Spain",ES
325,36.7217,6.9969587,56.9079063,-6.1610274,"Unnamed Road, Isle of Eigg, Highland PH42 4RL, UK",KH
326,27.395975,10.255932,-32.3592851,18.4574141,"R366, South Africa",ZA
327,60.949345,30.020298,58.5381356,31.3112132,"Khutynskaya ulitsa, 49, Nowogród Wielki, Obwód nowogrodzki, Rosja, 173020",RU
328,47.034893,47.499207,51.7557943,19.3077326,"Rszewska 29, 95-050 Konstantynów Łódzki, Poland",PL
329,36.85825,13.314501,32.6314324,35.123777,"66, Israel",IL
330,57.758682,22.30918,46.0093362,14.2741785,"Vrzdenec 57, 1354 Horjul, Slovénie",SI
331,45.548916,8.894772,46.5232931,-1.0190949,"50-54 Route de Saint-Aubin, 85210 Saint-Étienne-de-Brillouet, France",FR
332,42.169056,7.312288,42.239313,25.945045,"554, 6262 Beli bryag, Bulgarije",BG
333,44.881207,26.136087,36.3076161,-82.911982,"4990 Gap Mountain Road, Greeneville, Tennessee 37745, EE. UU.",US
334,42.782825,32.51356,32.562503,34.9406214,"Bareket 26-30, Zikhron Ya'akov, Israel",IL
335,21.59227,89.139496,22.3450096,114.0566147,"Kap Shui Mun Bridge, Hong Kong",HK
336,52.482357,18.705069,46.5275944,15.6977477,"E59, 2000 Maribor, Słowenia",UA
337,70.985725,25.280272,62.2400862,25.9693755,"Leppälahdentie 54, 41450 Jyväskylä sub-region, Finland",FI
338,29.149178,84.738266,23.4864155,89.4275018,"Dauladia - Faridpur - Magura - Jhenaidah - Jessore - Khulna - Mongla Rd, Magura, Bangladesh",BD
339,49.82536,1.4771314,46.3185177,13.5400098,"Čezsoča 123, 5230 Bovec, Słowenia",SI
340,61.040283,2.5201983,53.8078739,-8.766311,"N83, Co. Mayo, Ireland",IE
341,51.32896,14.887178,1.5307615,103.7157633,"Jalan Lurah 3, Kawasan Kempas Lurah, 81200 Johor Bahru, Johor, Malaisie",MY
342,-0.277246,40.912975,-25.7325791,27.5660847,"N4, South Africa",ZA
343,53.56631,6.592247,40.9562059,-7.5774806,"N226, 3620, Portugal",PT
344,10.878591,68.33235,40.2279506,23.7683488,"Epar.Od. Nikitis-Sartis, Sithonia 630 88, Greece",GR
345,34.571198,50.101982,25.155773,55.2998538,Muscat St - Dubai - United Arab Emirates,AE
346,51.46503,-1.0688844,46.2424122,-119.1184859,"1936 West Ruby Street, Pasco, État de Washington 99301, États-Unis",US
347,52.731586,-8.402565,52.9893184,7.005884,"Vledderweg 14, 9585 PA Vledderveen, The Netherlands",NL
348,30.470755,39.144093,32.7983987,34.9573307,"David Elazar, Haifa, Israel",IL
349,2.1416106,57.22009,-22.0420907,-53.3373573,"MS-134, Mato Grosso do Sul, 79750-000, Brazil",BR
350,44.4058,6.4273295,42.5557524,1.6160455,"Unnamed Road, AD100 Canillo, Andorra",AD
351,48.385574,20.468693,46.064868,14.5757935,"Jarše, Slovenia",US
352,48.53017,3.3489177,56.0866657,25.5842936,"3625, Juodupė 42442, Lithuania",LT
353,61.44897,4.5939145,55.4165008,25.0615687,"1201, Kurkle 29234, Litwa",LT
354,54.82639,26.106068,1.6539995,111.2194501,"Jalan Batang Saribas - Krian, Pusa, Sarawak, Malaysia",MY
355,58.223057,36.063282,36.0362239,136.2614025,"4 Goshimacho, Fukui, Fukui Prefecture, Japan",JP
356,18.577091,110.42897,23.0416564,89.2001278,"Monirampur-Jhikorgacha Road, Bangladesh",BD
357,44.946033,9.940272,53.7081451,-1.814261,"10 Church Lane, Halifax, West Yorkshire HX3 9TD, UK",GB
358,48.09579,-0.7907691,20.4339707,-101.7345095,"López Mateos 41, Los Presidentes, 36900 Pénjamo, Guanajuato, Mexico",MX
359,49.16641,28.039762,56.3163281,8.6850235,"Herningvej, 7500 Holstebro, Denmark",DK
360,37.90936,61.553013,8.8867186,99.2203309,"44, Tambon Chapthawi, Amphoe Ban Na Doem, Chang Wat Surat Thani 84240, Thailand",TH
361,52.9501,63.61895,54.6873962,25.2780825,"Gediminas Avenue 15-17, Vilnius 01103, Lithuania",LT
362,15.0355,31.099756,33.0375544,35.2032504,"45, Manot, Israel",IL
363,39.558434,16.655008,48.5398506,19.8637364,"531007, 980 53 Lehota nad Rimavicou, Slovakia",SK
364,52.126,33.812054,49.8163154,24.0774946,"Pasichna street, 98, Lwów, Obwód lwowski, Ukraina",UA
365,35.25093,57.062824,18.5667056,-97.1018664,"Unnamed Road, Veracruz-Llave, Mexikó",MX
366,38.636295,46.283875,41.4437127,13.7086188,"Strada Provinciale 45, 03037 Pontecorvo, Frosinone, Italy",IT
367,50.852753,33.27578,58.5920977,25.4408938,"Võhmasaare-Jälevere, 71407 Viljandi County, Estonia",EE
368,62.574104,22.629913,55.9477812,25.5786204,"Vilties gatvė 26, Rokiškis 42154, Lithuania",LT
369,29.212996,46.571915,22.4401016,113.9465561,"Nim Wan Rd, Lau Fau Shan, Hong Kong",HK
370,47.643997,14.54278,50.645069,5.1353972,"Chaussée de Tirlemont, 4280 Hannut, Belgium",BE
371,49.06544,-2.798429,44.1651777,25.9580274,"Strada Sfântul Nicolae, Uzunu, Romania",RO
372,41.04088,117.538994,22.3734189,114.1177184,"100 Sai Lau Kok Rd, Tsuen Wan, Hong Kong",HK
373,64.83522,35.388435,47.4249025,8.3793866,"E60, 8957 Spreitenbach, Switzerland",SI
374,42.513546,7.0344205,44.5797481,15.9411869,"D218, 53250, Birovača, Croatie",HR
375,40.505417,90.203415,25.2504254,55.3455341,D70 - Dubai - United Arab Emirates,AE
376,51.608795,1.9826412,42.5533327,1.5074136,"CG-4, 15, AD400 La Massana, Andorra",AD
377,56.72687,5.1491585,48.5083341,-4.0744946,"Boulevard Thierry d'Argenlieu, 29400 Landivisiau, France",FR
378,54.754993,47.52075,46.2752741,17.9067491,"7473 Hajmás, Fő Street 15-16, Hungary",HU
379,60.23036,12.218527,62.3935751,13.7548497,"84, 840 93 Hede, Sweden",SE
380,36.802856,-15.427349,-33.6131459,-71.6038444,"Card José María Caro 503-543, San Antonio, Valparaíso Region, Chile",CL
381,48.3853,64.4701,54.4167798,18.5905229,"80-351 Gdańsk, Polska",PL
382,53.103046,54.2512,35.1915426,128.9012485,"299-1 Bongnim-dong, Gangseo-gu, Busan, South Korea",KR
383,43.013046,15.290018,39.5817649,-0.3530091,"CV-32, 46130 Massamagrell, Provinz Valencia, Spanien",ES
384,46.274548,18.080124,-34.9019496,-60.7143992,"RP46, Buenos Aires, Argentinien",AR
385,53.329674,20.025858,48.399294,20.2688545,"50, 982 51 Stránska, Slovakia",SK
386,33.80074,92.14633,22.6660017,120.3179798,"No. 33, Lane 794, Mínzúyī Road, Sanmin District, Kaohsiung City, Taiwan 807",TW
387,41.775246,33.197586,43.4922122,-0.8382195,"592-826 Chemin Larrue, 64300 Salles-Mongiscard, France",FR
388,42.960896,8.0091,45.1915716,13.6548736,"D302, 52440, Kadumi, Kroatien",HR
389,7.192337,30.298996,40.978843,16.4391405,"Contrada Modesti, 70037 Ruvo di Puglia, Bari, Italy",IT
390,60.516605,1.5659897,50.4495641,4.6493063,"Rue Trieu des Dames 11-17, 5190 Jemeppe-sur-Sambre, Belgium",BE
391,54.58736,12.662874,-41.0204385,-73.1180898,"Panamericana Sur, Frutillar, Los Lagos Region, Chile",CL
392,51.6582,9.550848,-37.5555287,175.9212569,"14-16 Tui Place, Katikati 3129, New Zealand",NZ
393,53.18813,10.449926,62.298094,17.4066018,"Päronvägen 2-3, 862 34 Kvissleby, Sweden",SE
394,41.62031,76.89408,37.5402739,126.7615153,"248-4 Byeongbang-dong, Gyeyang-gu, Incheon, Coreea de Sud",KR
395,54.547123,22.236385,47.5833231,5.0559742,"D120, 21120 Marey-sur-Tille, France",NL
396,16.17568,32.0471,-28.7304485,31.8257905,"R34, Afrique du Sud",ZA
397,58.566425,-4.645822,64.8354177,-22.4481728,"Snæfellsnesvegur, Iceland",IS
398,5.5618873,33.475677,62.477481,6.1823553,"Riksveg 658 480, 6002 Ålesund, Norvège",NO
399,17.191153,38.250595,10.2620217,-75.343314,"Calle 58 # 30-1 a 30-99, Arjona, Bolivar, Colombia",CO
400,71.66734,5.1553063,47.0455484,-79.2664733,"1958 QC-101, Laniel, QC J0Z 2K0, Canada",CA
401,16.613111,-23.712831,-29.2944865,-71.294056,"D-110, La Higuera, 코킴보 주 칠레",CL
402,31.776125,23.261635,-15.783379,-48.127564,"BR-070, Dystrykt Federalny, Brazylia",BR
403,49.185223,30.993652,48.7787395,1.1843908,"Route de Damville, 27320 Nonancourt, Frankrijk",FR
404,39.194878,11.096577,11.2448209,104.5255129,"Unnamed Road, Cambodia",KH
405,44.10377,-3.471887,45.9741177,13.5298084,"Vipolže 62a, 5212 Dobrovo v Brdih, Słowenia",SI
406,43.057835,48.600605,57.8185182,18.6169742,"684, 624 54 Lärbro, Sweden",SE
407,38.691593,-4.7482076,49.0244283,20.5860765,"Nová 71-72, 054 01 Levoča, Słowacja",HU
408,51.203163,17.478285,48.2276102,19.6169321,"3138 Ipolytarnóc, 2205, Hongarije",HU
409,22.561224,25.187672,-7.1688689,-79.4403788,"La Libertad 528, Pacanguilla, Perú",PE
410,47.127422,25.837265,40.2448133,16.0781505,"Strada Statale 598, 85010 Gallicchio, Potenza, Italy",IT
411,40.57825,21.166468,-52.659876,-68.6063219,"Ruta Nacional 3, Tierra del Fuego, Argentina",AR
412,55.662937,8.920212,64.9652321,13.5806925,"Fylkesveg 361 730, 7898 Limingen, Norwegen",NO
413,68.78079,-0.77654076,64.6550192,17.0882292,"360, 912 94 Latikberg, Sweden",SE
414,52.964645,25.704103,56.6222614,23.6827072,"Baložu iela 12, Atpūta, Svētes pagasts, LV-3008, Latvia",LV
415,56.04128,23.461655,56.5253611,23.5047768,"P95, Zaļenieki parish, LV-3011, Latvia",LV
416,50.277462,29.144108,35.3390362,137.1757827,"1299-4 Tokitsucho Tokiguchi, Toki, Gifu Prefecture, Japan",JP
417,12.123619,56.625637,-21.6705651,-47.3060572,"SP-332, São Paulo, 13710-000, Brazil",BR
418,49.531757,20.212723,40.8495179,15.4174433,"SS401, 85020 Pescopagano, Potenza, Italië",IT
419,45.003635,55.097256,27.5870202,91.4915538,"Mongar - Trashigang - Trashiyangtse Rd, Trashiyangtse, Bhutan",BT
420,39.01325,33.207054,-11.9662328,-77.0666029,"Jr.Helio, Los Olivos 15311, Peru",PE
421,47.52029,17.54167,37.925306,139.2811963,"Unnamed Road, Shibata-shi, Niigata-ken, Japan",JP
422,54.36069,10.091796,46.191582,7.2475311,"E62, 1957 Chamoson, Switzerland",CH
423,56.15363,23.96228,49.7912298,24.0667847,"Kos-Anatol's'koho street, 18, Lviv, Lviv Oblast, Ukraine",UA
424,60.893467,11.650131,55.3890122,23.8758698,"144, Vainotiškiai 58352, Lithuania",LT
425,18.868168,-21.279505,-25.8965665,-70.4768286,"Panamericana Norte, Taltal, Antofagasta Region, Chile",CL
426,60.210247,23.225147,59.5242985,11.9872786,"627, Årjäng NV, Sweden",SE
427,60.06134,-4.790603,60.6762632,15.0822104,"Granmovägen 9, 793 40 Insjön, Sweden",SE
428,60.4044,4.0042806,42.9404815,23.2655811,"8102, Svidnya, Bulgaria",BG
429,55.159267,15.329746,62.4627012,17.4552018,"615, 865 91 Alnö, Sweden",SE
430,45.443424,47.46958,60.9890453,25.7427961,"Ohitustie, 15300 Lahti, Finland",FI
431,-16.637562,29.53732,-24.5232165,26.0369093,"A1, Botswana",BW
432,23.442411,29.42313,-29.7363533,30.5862225,"1 Drew Lane, Cato Ridge 3680, South Africa",ZA
433,62.287693,16.901604,58.1922771,26.6755536,"E263, Raanitsa, 62020 Tartu County, Estonia",EE
434,40.89539,34.86999,42.8164427,11.1313249,"SS223, 58100 Grosseto, Italy",IT
435,44.61398,24.872934,47.2902073,26.8209199,"DJ281C, Romania",GR
436,59.828045,6.2915373,57.227914,9.6867521,"Omfartsvejen 120, 9490 Pandrup, Danska",DK
437,67.053665,15.759947,49.1061827,18.9177622,"Francúzskych partizánov, 036 01 Martin, Slovakia",SK
438,48.90748,40.750183,54.6165609,39.7383581,"Sportivnaya ulitsa, 10, Rjazaň, Rjazaňská oblast, Rusko, 390000",RU
439,61.736683,9.464104,57.0778009,21.4229735,"P111, Užava parish, LV-3627, Latvia",LV
440,41.725864,46.000362,43.4425742,-8.1363108,"Carretera Fonfría, 15611 Cabanas, A Coruña, Spain",ES
441,41.799717,2.7183075,46.042002,17.9715139,"7940 Csonkamindszent, 6, Hungary",HU
442,53.726585,-4.8366303,49.9982359,15.7399254,"32226, 530 02 Třebosice, Czech Republic",CL
443,36.64653,26.077776,-26.8385242,26.6581659,"3 Kirstein Road, Klerksdorp 2571, Republika Południowej Afryki",ZA
444,61.409145,25.560133,60.9705994,26.1230807,"Kaunistontie 269, 16100 Iitti, Finlande",FI
445,43.133457,68.909195,32.0880775,34.7736983,"Vilna 2, Tel Aviv, Israel",IL
446,55.132893,11.575059,47.4920249,8.7449565,"Tösstalstrasse 106, 8400 Winterthour, Suisse",CH
447,49.52817,25.28203,49.9592963,16.1478638,"Hradecká, Karosa, 566 01 Vysoke Myto, Czech Republic",CZ
448,35.904778,49.274517,27.3834509,90.5135841,"Sarpang - Gelephu - Trongsa Hwy, Bhutan",BT
449,37.92998,23.287443,37.7128646,-3.9627146,"Calle Manuel Bueno Sanchez, 23600 Martos, Jaén, Spain",ES
450,47.81742,29.262491,58.0757141,26.7352259,"E263, 63418 Põlva County, Estonia",EE
451,56.83919,25.906734,51.4302402,24.6007254,"М19, Butsyn, Volyns'ka oblast, Ukraine",NO
452,24.419085,74.29925,1.3720142,103.8257891,"Oncospermum Trail, Singapore",SG
453,38.945446,9.743622,51.5750068,-9.3710405,"Unnamed Road, Co. Cork, Ireland",IE
454,60.393353,12.096885,50.5114018,2.8096414,"1-9 Rue de Pâques, 62138 Douvrin, France",FR
455,47.014744,29.361908,55.044173,61.3643215,"ulitsa Lesnaya (Novosineglazovskiy), 25, Chelyabinsk, Chelyabinsk Oblast, Russia",RU
456,45.935337,35.742207,19.3458174,-96.5352437,"Xalapa - Veracruz, Veracruz, Mexico",MX
457,54.53824,29.515886,52.430705,-8.9610243,"Unnamed Road, Co. Limerick, Ireland",IE
458,26.390232,47.47476,20.7430819,-105.3139887,"Boulevard Central, Nayarit, Mexico",MX
459,60.595448,4.37021,44.6287316,-123.0886967,"1097-1199 14th Avenue Southeast, Albany, OR 97322, USA",US
460,49.98186,33.94068,46.1114264,14.5772562,"Dragomelj, 1230 Domžale, Slovenia",SI
461,4.0059686,73.93637,-32.2595535,150.8391362,"685-750 Wybong Road, Muswellbrook NSW 2333, Australia",AU
462,52.524097,5.3503547,51.7680525,5.4969463,"Ussenstraat 100, 5345 HW Oss, The Netherlands",NL
463,45.680984,16.82163,43.2499173,13.3221451,"Strada Provinciale 12, 62010 Pollenza, Macerata, Italy",IT
464,32.716614,74.200226,1.4080688,103.9925566,"Unnamed Road, Singapore",SG
465,55.800396,23.525326,36.4743468,-86.7106432,"7640-7722 Tennessee 76, White House, TN 37188, USA",US
466,56.85291,33.160263,51.7073165,17.9080312,"Gmina Nowe Skalmierzyce, Poland",PL
467,56.503654,20.038763,47.5605213,-79.4381896,"Québec 101, Saint-Bruno-de-Guigues, QC J0Z 2G0, Canada",CA
468,47.919544,34.28655,1.4145382,103.8051795,"124 Mandai Rd, Singapore 779389",SG
469,23.133873,101.32702,23.7064914,88.6089116,"Mujibnagar Road, Bangladesh",BD
470,46.73382,49.905193,-36.8910397,174.8127356,"114 Ladies Mile, Ellerslie, Auckland 1051, New Zealand",NZ
471,56.1655,18.269388,50.4005738,3.8815195,"Rue des Cèdres 42, 7080 Frameries, Belgium",BE
472,48.645863,6.9977736,46.6075718,5.4154564,"D97, 39190 Beaufort, France",FR
473,54.621067,24.707293,45.6469871,17.2651885,"Donja Vrijeska 40, 43508, Donja Vrijeska, Croatia",HR
474,46.857037,25.632713,47.8655216,18.7510283,"564, 943 65 Bajtava, Slovakia",SK
475,53.73753,17.275843,47.0101176,18.3765592,"8123 Soponya, 6301, Hungary",IS
476,69.00406,14.028557,63.0768984,14.4447609,"592, 832 94 Orrviken, Szwecja",SE
477,52.084953,17.873983,53.8892742,18.6314985,"E75, Poland",PL
478,40.103863,32.93047,45.3517365,25.5430032,"Strada Gheorghe Doja, Sinaia, Romania",RO
479,37.276035,55.176357,22.8437649,89.2899842,"Jessore-Satkhira Road, Bangladesh",BD
480,40.323338,19.7672,45.1450838,11.3735778,"Via Bastianelli, 9, 37049 Spinimbecco Verona, Italy",IT
481,37.981327,12.87949,-26.0420286,28.0534777,"10 Elizabeth Avenue, Sandton 2128, South Africa",ZA
482,47.40652,62.88837,37.7911219,-77.1508819,"186-222 Vessels Ln, Aylett, VA 23009, USA",AU
483,36.432327,36.41659,45.5865491,27.7720032,"DJ255, Slobozia Conachi, Rumunia",RO
484,0.31978846,-2.825861,-21.1447225,24.5798129,"Boteti, Botsuana",BW
485,58.012905,19.38803,50.1305973,20.0896906,"71, 32-010 Sulechów, Poland",PL
486,55.645786,11.493097,49.8375924,23.9702379,"Nyzynna Street, 75А, Lviv, Lviv Oblast, Ukraine",UA
487,62.868423,9.759491,58.4360329,26.4625821,"E263, 60603 Tartu County, Estonia",EE
488,53.25218,8.914465,44.3117249,9.7175148,"Strada Provinciale 3, 19020 Sesta Godano, La Spezia, Italy",IT
489,30.622026,31.306686,25.2248802,55.42556,47th St - Dubai - Förenade Arabemiraten,AE
490,64.07344,10.951801,48.7201137,9.1443058,"Hechinger Straße 73, 70567 Stuttgart, Germany",DE
491,49.085255,41.200226,53.2965893,34.8072247,"E101, Bryansk Oblast, Russia",RU
492,25.00396,29.10838,-34.2491253,21.3771175,"R305, South Africa",NL
493,45.090065,25.930408,54.5419813,17.724283,"Komuny Paryskiej 35, Lebork, Poland",PL
494,45.727955,4.4468546,46.1809728,16.3327488,"Remetinec, 42220, Remetinec, Croatie",HR
495,20.213161,96.050995,1.410545,103.9904566,"840W Pulau Ubin, Singapore 508381",SG
496,56.439022,22.60149,56.555744,24.6446991,"P73, Vecumnieki parish, LV-3930, Letonia",LV
497,52.21529,-2.4070916,53.5181234,-9.605655,"Unnamed Road, Co. Galway, Ireland",IE
498,58.50617,-6.0352616,46.0007437,-65.9061549,"9154 NB-10, Waterborough, NB E4A, Canada",CA
499,52.173813,12.641514,56.4217327,-3.4259351,"A93, Perth, Perth and Kinross PH2 6BB, UK",GB
500,3.6762927,58.027973,-18.5247272,-42.7355766,"BR-120, Minas Gerais, Brazil",BR
501,32.89255,-20.668186,-12.4636737,-76.7460056,"Panamericana Sur, Pucusana District, Peru",PE
502,41.866,22.126614,42.5170877,1.5296674,"Ctra. dels Vilars, 38-54, AD700 Escaldes-Engordany, Andorra",AD
503,31.207722,57.62567,35.1912269,129.0756643,"23 Beobwonnam-ro 10beon-gil, Yeonje-gu, Busan, South Korea",KR
504,4.508229,77.55103,-34.9552345,147.277455,"552 Locks Road, The Gap Nouvelle Galles du Sud 2650, Australie",AU
505,39.714928,84.19273,22.4468202,114.0028465,"15 Ping Ha Rd, Ping Shan, Hong Kong",HK
506,30.746296,96.5282,25.1837776,55.2520429,Al Hadiqa St - Dubai - Vereinigte Arabische Emirate,AE
507,41.180706,53.956768,37.5600579,127.0150007,"294-123 Sindang 6(yuk)-dong, Jung-gu, Seoul, South Korea",KR
508,35.735992,99.34595,27.0309296,89.5883963,"Phuntsholing - Thimphu Hwy, Bhutan",BT
509,19.74756,116.60068,17.7599401,100.1206123,"Rural Rd Uttaradit 4013, Tambon Ban Dan Na Kham, Amphoe Mueang Uttaradit, Chang Wat Uttaradit 53000, Thailand",TH
510,48.531673,8.288085,56.8395847,22.5663313,"Krasta iela 2-5, Satiķi, Gaiķi parish, LV-3873, Latvia",LV
511,53.95354,29.720512,56.1697855,10.19969,"Niels Jensens Vej 8, Aarhus University, 8000 Aarhus, Denmark",DK
512,44.043842,41.555595,50.5501715,15.7739961,"Čermná 174, 543 77 Čermná, Czech Republic",CZ
513,49.38443,44.92352,45.4534126,14.8903115,"D3, 51311, Skrad, Croatia",US
514,61.161327,3.24966,55.767783,21.4340251,"2230, 96201, Lithuania",LT
515,34.478363,38.312603,37.4209027,-8.5504363,"Unnamed Road, 7665, Portugal",PT
516,40.91017,31.39774,40.4754897,15.0559969,"Via Pio X, 10, 84047 Capaccio, Salerno, Italy",IT
517,57.43182,4.413883,50.0040019,16.7493491,"Červená Voda 3, 561 69 Červená Voda, Czech Republic",CZ
518,22.49446,79.98997,1.3251059,103.9465978,"64-66 Bedok Terrace, Singapore",SG
519,42.36378,10.8003235,42.6194731,1.5385601,"Av. de Sant Pere, AD300 Ordino, Andorra",AD
520,30.87841,38.524494,-33.0541054,-71.5192105,"Ruta 60, Viña del Mar, Valparaíso Region, Chile",CL
521,33.16574,34.39316,24.9294235,55.1153922,Sheikh Mohammed Bin Zayed Rd - Dubai - Объединенные Арабские Эмираты,AE
522,52.96277,19.779757,55.9073161,26.4943663,"Cēsu iela 42, Daugavpils, LV-5401, Latvia",LV
523,34.037506,82.1529,26.9004311,91.5020939,"Unnamed Road, Bhutan",BT
524,64.905174,4.423776,55.3726991,11.7259536,"Sandbyvej 28, 4171 Glumsø, Denmark",DK
525,56.604313,3.0860443,42.4435133,1.5015617,"Ctra. de la Rabassa, AD600 Sant Julià de Lòria, Andorra",AD
526,62.002453,26.094467,53.0497791,5.3897072,"Suderseewei, 8754 Makkum, The Netherlands",NL
527,36.967415,23.874569,41.6339458,24.3044622,"Змеица - Чала, 4834, Bulgaria",BG
528,20.794127,3.6472144,-30.8018664,117.1946489,"LOT 19497 Koorda-Wongan Hills Road, Badgerin Rock WA 6475, Australia",AU
529,63.692318,-2.9299054,47.9067518,18.2112528,"64 8-26, 947 03 Hurbanovo-Pavlov Dvor, Słowacja",BW
530,26.80181,38.07647,-36.8809086,141.4674011,"201 Maryvale Road, Karnak VIC 3401, Australia",AU
531,59.33787,10.71727,50.8294109,4.4492923,"Avenue Alfred Madoux 89, 1150 Woluwe-Saint-Pierre, Belgium",BE
532,47.984707,37.652,47.392892,8.5392095,"Schaffhauserstrasse 74, 8057 Zürich District, 스위스",CH
533,47.31143,6.127546,48.5398506,19.8637364,"531007, 980 53 Lehota nad Rimavicou, Slovakia",SK
534,34.411957,12.0541725,62.16145,5.1735825,"Fylkesveg 633 80, 6750 Stadlandet, Norway",CL
535,54.251995,-4.8407645,53.1285498,-7.8823754,"Unnamed Road, Co. Offaly, Ireland",IE
536,60.098232,31.4466,-22.4470283,-68.9198109,"Balmaceda 3442-3478, Calama, Antofagasta Region, Chile",CL
537,60.798664,37.02689,24.022365,120.5186833,"Xīnxīng Street, Xiushui Township, Changhua County, Taiwan 504",TW
538,36.648174,3.6206532,-11.7294589,-77.1506192,"Panamericana Norte, Ancon, Pérou",PE
539,34.020412,63.75076,27.013297,90.614642,"Sarpang - Gelephu - Trongsa Hwy, Bhutan",BT
540,53.88447,28.820446,57.6012572,39.8765501,"Moskovskiy prospekt, 89, Yaroslavl, Yaroslavl Oblast, Russia, 150000",RU
541,42.66589,-19.528147,19.5292548,-97.2688574,"Carretera Oriental Zacatepec, Veracruz, Mexico",MX
542,53.825462,9.124756,45.9140231,14.9903415,"Rožni Vrh 13, 8210 Trebnje, Slovenia",SI
543,27.948404,65.058754,24.7807133,125.3167427,"Japan, 〒906-0000 Okinawa-ken, Miyakojima-shi, Hirara 県道78号線",JP
544,58.556545,26.269157,47.7678794,18.1211575,"Selyeho 3543, 945 01 Komárno, Slovakia",SK
545,42.41242,39.835857,25.1406328,55.1346767,Crescent Rd - Dubai - United Arab Emirates,AE
546,36.623566,44.73765,-27.1922694,31.3473493,"MR11, Swaziland",SZ
547,52.212643,-1.8270497,54.6282385,24.3884875,"1812, Užuguostis 59367, Lithuania",LT
548,60.446087,18.437113,55.5304019,22.9855549,"2119, Gailiai 86224, Lithuania",LT
549,49.197964,33.27366,52.2958647,4.8913875,"Amsteldijk Zuid 50, 1184 VD Amstelveen, The Netherlands",NL
550,20.23383,108.09728,24.2501304,121.1660252,"Zhongbu Cross-island Hwy, Heping District, Taichung City, Taiwan 424",TW
551,55.818665,11.716866,51.1583258,16.9342609,"Północna 4-6, 54-105 Wrocław, Polska",PL
552,56.955032,0.35777426,53.2960903,14.8644266,"1355Z, Poland",PL
553,24.314682,42.871063,-27.9697472,26.8055598,"11813-11814 Fonya Crescent, Welkom 9478, South Africa",ZA
554,44.529438,18.746788,-32.807946,-71.2217817,"F-62, Calera, Valparaíso Region, Chile",CL
555,55.820118,25.48064,56.5369498,9.0367902,"Sdr Boulevard 224, 7800 Skive, Denmark",DK
556,53.422615,18.149815,53.4324733,-6.4543576,"3 Tetrarch Grove, Clonee, Co. Meath, Ireland",IE
557,56.40756,8.970512,51.9160171,5.4148775,"Terweistraat 1, 4011 EX Zoelen, The Netherlands",NL
558,21.71892,-15.456232,-16.099845,-71.6104882,"34A 1500, Perù",PE
559,51.183674,15.789148,46.1522757,18.0907423,"7678 Abaliget, 6604, Hungary",HU
560,58.199837,27.436213,62.5507246,29.0809193,"Korpivaarantie 38, 83330 Liperi, Finland",FI
561,59.199245,-9.118885,52.1719937,4.523959,"Provincialeweg, 2353 Leiderdorp, The Netherlands",NL
562,48.53066,32.098515,57.3986604,22.0627978,"E22, Ugāle parish, LV-3615, Latvia",LV
563,33.38568,45.40916,-24.5750184,25.9809695,"21651-21652 Dirunya, Gaborone, Botswana",BW
564,38.59649,37.140743,41.7703948,-8.7790126,"N302, 4925, Portugal",PT
565,37.979492,27.169832,-37.646978,-72.5916616,"Ruta 180, Negrete, Biobío Region, Chile",CL
566,36.203915,20.38887,52.6681805,-0.5900387,"46 Willoughby Drive, Empingham, Rutland LE15, Royaume-Uni",GB
567,56.346447,-1.589807,-43.4617362,172.0244982,"182 Deans Road, Darfield 7571, New Zealand",NZ
568,48.755203,-4.1460996,45.6951556,24.9242903,"DC73, Rumunia",RO
569,46.603024,27.516378,-35.3346561,-58.6279614,"RP215, Buenos Aires, Argentina",AR
570,7.4015045,108.03807,24.5949746,121.6862078,"267, Taiwan, Yilan County, Datong Township, 寒溪巷1號",TW
571,55.274544,7.520909,63.8473024,-22.3792602,"427, Islandia",IS
572,22.525606,2.5313401,44.4181204,27.769679,"Ialomița, Romania",RO
573,24.58687,34.691864,-20.2118969,26.1820028,"A3, Nata, Botswana",BW
574,36.327286,-4.533399,38.4716566,-4.6765484,"Calle Maria Tolo, 23, 14410 Torrecampo, Córdoba, Španija",ES
575,45.196125,24.333122,54.9128591,11.8109519,"Bjergvej 12, 4840 Norre Alslev, Denmark",DK
576,55.649487,21.152857,55.6894967,52.4437214,"proyezd Tizlek, 32, Naberezhnye Chelny, Republic of Tatarstan, Russia, 423800",RU
577,38.498295,34.538937,22.2466206,114.2492115,"10 Big Wave Bay Rd, Shek O, Hong Kong",HK
578,50.062714,19.115192,42.5042364,1.5510798,"Ctra. de la Comella i de la Plana, AD700 Escaldes-Engordany, Andorra",AD
579,44.579037,26.44647,-29.5879594,-50.8033888,"Rua Olavo Bilac, 304-386, Rio Grande do Sul, 95650-000, Brazylia",BR
580,48.287716,9.215689,39.0732286,26.5877719,"Unnamed Road, Lesvos 811 00, Grækenland",GR
581,17.861582,98.89361,23.0990817,89.7601313,"Dhaka - Khulna Hwy, Bangladesh",BD
582,38.52502,7.2753797,36.0316845,-115.2795809,"8635 West Cougar Avenue, Las Vegas, Nevada 89148, États-Unis",US
583,20.940582,68.242424,15.9567,-97.3482181,"Salina Cruz - Santiago Pinotepa Nacional, Barranca Honda, Oaxaca, Mexico",MX
584,41.067146,1.8971953,42.5306644,1.5009058,"Carretera de Sispony, AD400 La Massana, Andorra",AD
585,47.670357,19.594376,51.8749407,5.9695788,"Nijmeegsestraat 1, 6691 CJ Gendt, The Netherlands",NL
586,31.556627,68.92756,27.3498758,91.6312739,"Unnamed Road, Bhutan",BT
587,54.46165,23.003574,54.960538,23.2926608,"140, 71197, Lithuania",LT
588,45.536343,8.185735,-36.7777076,-73.0928769,"Aviación 6949-6981, Talcahuano, Biobío Region, Chile",CL
589,46.806873,4.011992,37.9061191,-88.3053347,"22301-22999 Illinois 1, Omaha, Illinois 62871, Stati Uniti",MY
590,26.964842,-19.563604,-32.9521353,17.9434465,"Main Road, West Coast Peninsula, Republika Południowej Afryki",ZA
591,-1.4138036,88.45296,11.1265707,103.9378204,"National Hwy 4, Cambodia",KH
592,51.338577,12.267654,4.6009097,-74.1331338,"Carrera 53 # 39S-2 a 39S-100, Bogota, Cundinamarca, Kolumbia",CO
593,32.939842,32.777023,57.444408,24.7609001,"P9, Limbažu pagasts, LV-4001, Łotwa",LV
594,2.9456391,-11.087418,-39.709242,-69.5095133,"RN237, Neuquén, 아르헨티나",AR
595,35.888046,103.38994,24.2962254,120.7172239,"No. 170-188, Náncūn Road, Houli District, Taichung City, Taiwan 421",TW
596,55.118076,35.32363,54.0662342,24.0964532,"2519, Dzūkijos nacionalinis parkas 65319, Lithuania",LT
597,54.23303,19.718645,50.4056456,4.3426145,"N54, 6140 Fontaine-l'Evêque, Belgique",BE
598,66.59386,17.936918,60.7788706,24.8036418,"Karantie 117, 11120 Riihimäki, Finland",FI
599,43.391808,37.66441,40.9193019,15.5664871,"SS401, Avellino, Italy",IT
600,23.133173,62.289333,-6.1418685,106.8085379,"Jl. Perniagaan Raya No.41, Tambora, Kota Jakarta Barat, Daerah Khusus Ibukota Jakarta 11220, Indonesia",ID
601,55.168106,-4.582108,49.0319259,21.7777303,"554, 094 06 Košarovce, Slovakia",SK
602,52.07492,44.873333,59.5757752,25.9585057,"Mere 46, Lahemaa rahvuspark, Võsu, 45501 Lääne-Viru County, Estonia",EE
603,50.82739,35.404343,43.8598346,27.7481216,"293, Bistrets, Bulgaria",BG
604,47.256016,17.79288,47.0020784,20.6114024,"5400 Mezőtúr, Földvári Way 12, Hungary",HU
605,55.359562,29.71593,50.4683009,30.4844532,"Polovetska Street, 16, Kiev, Kyiv city, Ukraine",UA
606,32.820152,60.14378,23.5445799,89.5183564,"Mawa - Bhanga Hwy, Bangladesh",BD
607,46.17732,18.979416,37.635082,23.3465238,"Unnamed Road, Trizinia 180 30, Greece",GR
608,52.917183,1.4095759,52.5512054,-6.2825601,"Unnamed Road, Co. Wexford, Irlandia",IE
609,41.130795,1.3597798,45.6202769,10.2026341,"Via Europa, Villa Carcina, Brescia, Italy",IT
610,55.69646,14.500652,44.3121689,7.6834191,"Regione Gambarello, 37B, 12013 Chiusa di Pesio, Coni, Italie",IT
611,11.8071,71.309616,-36.7805135,149.9134696,"1479 Sapphire Coast Drive, Wallagoot NSW 2550, Australia",AU
612,-29.88143,62.195724,-30.7733931,117.4171465,"LOT 1 Koorda North West Road, Newcarlbeon WA 6475, Australia",AU
613,50.757607,22.075066,44.0653016,23.4344652,"DJ522A, Cioroiu Nou, Romania",RO
614,22.973087,24.563927,24.8999808,55.0468301,Unnamed Road - Dubai - United Arab Emirates,BR
615,33.012356,100.81792,24.0124933,120.9901739,"Fúzhǎng Road, Puli Township, Nantou County, Ταϊβάν 545",TW
616,44.753296,41.922775,31.2381967,34.7675417,"Herzl Rosenblum, Beersheba, Israel",IL
617,-4.043761,94.13418,-32.2906393,116.6906271,"1336-1834 Beverley Westdale Road, Dale Australia Zachodnia 6304, Australia",AU
618,57.78915,-8.493603,55.5942318,9.4935234,"Hovedvejen 8, 6052 Viuf, Denmark",DK
619,61.373375,-0.94801474,63.9699631,-22.5641978,"Virkisbraut, Iceland",IS
620,0.9487014,95.253746,14.4075329,99.0708668,"Unnamed Road, Tambon Tha Kradan, Amphoe Si Sawat, Chang Wat Kanchanaburi 71250, Thailand",TH
621,35.254635,51.285984,23.3792056,91.2393568,"Dhaka - Chittagong Hwy, Bangladesch",BD
622,50.10757,26.864426,47.4975296,19.3710264,"2119 Pécel, Isaszegi Way, Hungary",HU
623,61.66749,33.42197,55.9010296,12.4854937,"Ådalsvej 52, 2970 Horsholm, Denmark",DK
624,54.511414,3.1700168,41.1555728,14.2087781,"Via Lardino, 81041 Vitulazio Caserta, Italy",IT
625,53.1206,36.39208,59.4396539,10.6355366,"Per Sivles vei 19, 1511 Moss, Norway",CZ
626,12.109045,31.285172,37.9809436,-1.6298858,"MU-503, 30170 Mula, Murcia, Spanien",ES
627,45.872505,60.594444,1.4146841,103.8972831,"41 Punggol Way, Singapore 828862",SG
628,39.57671,12.133833,-27.9697472,26.8055598,"11813-11814 Fonya Crescent, Welkom 9478, South Africa",ZA
629,57.338093,8.513027,50.4547431,4.1881359,"Place Adolphe Caffet 12, 7100 La Louvière, Belgium",EE
630,65.91387,18.689072,62.5414648,27.7745173,"16353 517-533, 79100 Leppävirta, Finland",FI
631,23.404354,77.254776,24.9885116,55.0212774,D53 - Dubai - United Arab Emirates,AE
632,33.913544,7.0355363,-33.2930631,146.3789927,"10 Bogan Street, Lake Cargelligo NSW 2672, Australia",AU
633,32.07629,112.631775,22.247952,114.292815,"Unnamed Road, Tung Lung Chau, Hong Kong",HK
634,24.934141,51.78034,52.8154736,-8.2257458,"Unnamed Road, Co. Tipperary, Ireland",IE
635,34.184826,37.808365,32.1442223,34.9559741,"5233, Izrael",IL
636,46.016193,39.166172,47.0660899,7.6068854,"Kirchbergstrasse 187, Burgdorf Zustellung, 3400 Burgdorf, Switzerland",CH
637,34.614872,31.844423,27.6252812,89.8008067,"Unnamed Road, Bhutan",BT
638,42.705803,30.901104,24.7190763,125.3384898,"Arazato-1405-226 Ueno, Miyakojima-shi, Okinawa-ken 906-0000, Japan",JP
639,42.77862,50.025238,24.3836876,120.6136721,"Dōngxi 3rd Road, Daan District, Taichung City, Taiwan 439",TW
640,58.29597,-2.8992,43.3212345,0.935896,"66 Cagnan, 31230 Labastide-Paumès, France",FR
641,58.006817,-6.126779,50.4411236,5.7092565,"Hameau de Stoqueu, 4920 Aywaille, Belgium",ID
642,64.47201,19.041025,60.6178344,9.181626,"Vassfarvegen, 3540 Nesbyen, Reino da Noruega",NO
643,39.236343,40.013718,26.9004311,91.5020939,"Unnamed Road, Bhutan",BT
644,49.526024,9.468843,59.2942007,18.0687145,"Tjurhornsgränd 7, 121 63 Johanneshov, Sweden",SE
645,54.35526,9.980162,49.6821278,16.306682,"3621, 572 01 Policka, Czech Republic",CZ
646,8.22005,117.73136,5.2634462,100.8218682,"A115, 34140 Selama, Perak, Malaysia",MY
647,38.951958,27.901295,37.635146,126.789718,"1054-1 Baekseok-dong, Ilsandong-gu, Goyang-si, Gyeonggi-do, South Korea",KR
648,49.910458,41.77541,46.3284628,6.8910575,"Avenue du Valais, 1896 Vouvry, Switzerland",CH
649,46.553574,38.020084,49.8886616,17.8743298,"Cihelní 282, 747 41 Branka u Opavy, Czech Republic",CZ
650,28.41336,54.122993,-28.0621028,-55.6763726,"RP1, Misiónes, Argentinië",AR
651,39.39808,55.722015,1.2777489,103.8413266,"1B Cantonment Rd, Singapore 085201",SG
652,61.259296,17.161379,49.5927923,0.4864415,"Rue des Arbreaux, 76210 Bolbec, France",FR
653,30.357046,4.9804,47.2881574,23.102448,"DJ108D, Romania",RO
654,11.280668,114.30556,5.3073003,100.187685,"Unnamed Road, Kampung Bakar Kapur, 11000 Balik Pulau, Pulau Pinang, Malaisie",MY
655,22.179733,52.084652,8.5968583,98.6763452,"4118, Tambon Bang Riang, Amphoe Thap Put, Chang Wat Phang-nga 82180, Thailand",TH
656,47.159157,18.193438,51.0976036,3.4461703,"Venakker 40-52, 9880 Aalter, Belgium",BE
657,28.231398,70.25757,32.1011912,34.8070912,"Israel National Trail, Tel Aviv, Israel",IL
658,55.994717,29.030293,56.4448605,22.1346583,"Krasta iela 1, Kalni, Nīgrande parish, LV-3898, Latvia",LV
659,7.546049,88.12967,25.139532,55.253798,11 11 B St - Dubai - United Arab Emirates,AE
660,29.161732,77.24807,25.1307587,55.1168372,Crescent Rd - Dubai - United Arab Emirates,AE
661,52.029613,36.971012,44.8099749,25.9965621,"DJ101G, Romania",RO
662,56.682964,-3.5074773,57.3491149,-6.0672248,"1 Inverarish Terrace, Isle of Raasay, Kyle, Highland IV40 8NT, UK",GB
663,42.385624,61.007652,25.0615959,55.1529014,Unnamed Road - Dubai - United Arab Emirates,AE
664,49.178143,21.203667,50.9440565,3.3587704,"Grotstraat 9, 8780 Oostrozebeke, Belgium",BE
665,62.852715,3.544784,64.1397003,-21.7520366,"Lambhagavegur, Rejkiawik, Islandia",IS
666,26.692343,75.85331,27.1460933,91.6064461,"Unnamed Road, Bhutan",BT
667,46.476967,-0.59124136,50.1506168,4.589548,"Rue du Grand Ry, 5600 Philippeville, Belgium",BE
668,-24.942793,92.682945,-27.3544376,150.1374283,"LOT 80 Surat Developmental Road, Hannaford QLD 4406, Australia",AU
669,42.410572,51.04359,23.1684887,121.0274094,"Wulucun Communication Rd, Haiduan Township, Taitung County, Тайвань 957",TW
670,18.721838,89.84398,13.6475443,102.2325035,"3008, Tambon Tha Kwian, Amphoe Watthana Nakhon, Chang Wat Sa Kaeo 27160, Thailand",TH
671,57.812504,-3.3318896,54.620321,11.9131245,"Gl. Landevej 30, 4874 Gedser, Denmark",DK
672,56.92319,12.7868,48.0483339,19.4071506,"2673 Csitár, 2119, Унгария",HU
673,61.458103,-3.2625718,42.1782655,25.2158383,"66, 6257 Plodovitovo, Bulgaria",BG
674,51.34222,-1.602376,27.4966786,89.3188715,"Unnamed Road, Bhutan",BT
675,64.71396,24.162025,57.2040707,18.5040845,"526, 623 47 Hemse, Suède",SE
676,59.214436,5.218447,48.2832179,18.2791319,"051044, Veľké Chyndice, Slovakia",SK
677,45.41554,54.987957,35.6427303,138.4393502,"4729 Iino, Minami Alps, Yamanashi Prefecture, Japan",JP
678,30.086233,17.588501,41.3042363,23.403261,"Unnamed Road, Sintiki 623 00, Greece",GR
679,47.098377,25.88079,43.2592602,-5.1191395,"N-625, 33558, Asturias, Spain",ES
680,42.08597,15.092501,-37.5761941,174.8853757,"279 Dixon Road, Te Akau 3794, New Zealand",NZ
681,30.37192,80.71585,-8.1606777,115.0299548,"Jl. Singaraja-Seririt, Kec. Buleleng, Buleleng, Bali 81152, Indonesia",ID
682,54.669933,14.349543,53.7674447,-7.2232984,"Unnamed Road, Co. Meath, Ireland",IE
683,52.077274,14.842752,48.1225061,22.0129833,"4522 Nyírtass, 41103, Maďarsko",HU
684,16.811396,4.178435,33.4251169,-111.7173018,"5249 East Casper Street, Mesa, AZ 85205, USA",US
685,48.316647,7.614139,58.3036114,26.6930851,"Lennu 44, Ulenurme Airport (TAY), 61707 Tartu County, Estonia",EE
686,34.606636,39.426952,38.3614798,22.6163476,"Unnamed Road, Ag. Isidoros 320 12, Greece",GR
687,46.478107,28.740692,50.4293575,2.5719036,"Heikant 2-20, 3910 Neerpelt, Belgique",BE
688,47.026226,15.082853,52.6854232,-6.76754,"Church Road, Co. Carlow, Ireland",IE
689,44.53725,1.1518931,52.8607813,21.4477758,"Unnamed Road, Poland",PL
690,18.264254,100.33712,1.3140121,103.9608008,"1490 ECP, Singapore 468965",SG
691,20.119133,65.02328,-33.3256815,-64.6181365,"Ruta Nacional 8, Córdoba, Argentina",AR
692,-8.381315,9.599329,-43.3991531,-66.8850882,"RP11, Chubut, Argentina",AR
693,37.521202,56.31051,-26.1967247,27.9359489,"190 Condenser Road, Randburg 1709, South Africa",ZA
694,57.772846,21.351845,27.3143143,91.3384094,"Mongar - Trashigang - Trashiyangtse Rd, Yadi, Bhutan",BT
695,33.225388,47.831966,43.2852184,27.0198126,"2, Sjoemen, Bulgarije",BG
696,56.854725,2.5807548,58.2649517,22.4869946,"Pikk 62b, Kuressaare, 93815 Saaremaa, Estonia",EE
697,60.109043,28.126991,48.7787395,1.1843908,"Route de Damville, 27320 Nonancourt, Frankrijk",FR
698,43.277363,29.157858,50.068828,5.1872281,"E411, 6927 Tellin, Bélgica",BE
699,50.09059,12.007666,49.8546955,5.2161967,"La Géripont, 6880 Bertrix, Belgique",BE
700,55.762012,16.289736,62.7767445,22.8310575,"Huhtalantie 39, 60220 Seinäjoki, Finland",FI
701,47.996906,23.880272,45.3835196,36.8753792,"M25, Krasnodar Krai, Russia",RU
702,46.930202,42.42784,47.0819878,7.1258675,"Chemin de la Roche-Au-Cros, 2514 La Neuveville, Elveţia",CH
703,46.19725,-4.336942,52.3363545,-0.1045422,"1 Sawtry Way, Houghton, Huntingdon, Cambridgeshire PE28 2BY, UK",GB
704,58.2193,2.893557,-45.6694488,170.6376373,"824 Coast Road, Seacliff 9471, New Zealand",NZ
705,48.248337,11.215401,52.3365472,9.711251,"Am Finkenherd 6, 30459 Hanover, Germany",DE
706,44.37578,54.919376,-11.0702905,-77.5991932,"San Martin 285, Huaura, Peru",PE
707,30.03087,35.85348,22.4683115,113.995128,"Tin Ying Rd, Lau Fau Shan, Гонконг",HK
708,42.54816,75.73045,24.2197813,120.5806699,"No. 296, Jìnwén Road, Shalu District, Taizhong, Tajwan 433",TW
709,52.345924,62.257614,39.3586587,141.9083034,"12-22 Omachi, Otsuchi, Kamihei District, Iwate Prefecture, Japan",JP
710,43.571274,45.361813,27.5870202,91.4915538,"Mongar - Trashigang - Trashiyangtse Rd, Trashiyangtse, Bhutan",BT
711,-22.847868,71.719604,-26.3028982,31.876244,"MR3, Hlane National Park, Swaziland",SZ
712,30.524939,-8.93635,36.7462861,21.9053976,"Unnamed Road, Pilos Nestor 240 04, Greece",GR
713,55.508514,-7.408049,45.9703313,1.4089386,"Rue Victor Hugo, 87240 Ambazac, France",AU
714,33.87594,42.866528,-6.8957829,108.8058263,"Jl. Tol Kanci-Pejagan, Brebes, Jawa Tengah, Indonesia",ID
715,18.304054,62.70579,25.3257606,55.3497709,130 Al Khaleej Rd - Dubai - United Arab Emirates,AE
716,51.003582,-9.28751,47.8741713,17.2434651,"9200 Mosonmagyaróvár, Alkotmány Street 60, Hungary",HU
717,23.110855,2.6545987,25.2248802,55.42556,47th St - Dubai - Förenade Arabemiraten,AE
718,58.1458,28.384716,41.702202,-6.1439601,"Calle Barceo Domez de Alba, Samir de los Caños, Zamora, España",ES
719,50.04676,14.988567,64.7992057,25.4182833,"Raahentie 33, 91900 Liminka, Finland",FI
720,61.85481,29.240215,58.3036114,26.6930851,"Lennu 44, Ulenurme Airport (TAY), 61707 Tartu County, Estonia",EE
721,46.86847,28.198696,46.3641386,23.0563891,"Câmpeni, Romania",RO
722,61.21179,6.1095963,56.0347714,26.4718397,"Parka iela 3, Vabole, Vabole parish, LV-5477, Latvia",LV
723,53.900867,19.251263,48.8699437,21.7948582,"18, Strážske, Slovakia",SK
724,29.407045,22.21214,37.335508,23.1347081,"Unnamed Road, Ververouda 213 00, Greece",PE
725,22.606365,87.708405,23.0725242,89.1558266,"Jhikorgacha - Monirampur Rd, Bangladesh",BD
726,44.177532,19.717518,31.7555604,35.1698257,"Costa Rica 11, Jerusalem, Israel",IL
727,30.686558,8.973323,-26.9159344,31.3383031,"MR9, Nhlangano, Swaziland",SZ
728,53.741306,1.9783244,55.4076067,10.3512792,"Østrupvej 16-18, 5210 Odense, Denmark",DK
729,52.016068,4.4471006,49.0322588,15.0795304,"Nová Bystřice 1, 378 33 Nová Bystřice, Czech Republic",CZ
730,40.093296,9.314299,-26.6968938,27.8272698,"19-21 Becqueral Street, Vanderbijlpark 1900, Republika Południowej Afryki",ZA
731,52.37565,13.154807,63.414921,10.8244585,"E6, 7550 Hommelvik, Norwegia",NO
732,51.220665,27.052929,52.0240029,5.3938452,"Rijksstraatweg 238, 3956 CW Leersum, The Netherlands",NL
733,53.604156,17.397373,45.9606244,15.6856872,"Bizeljsko- Čatež, 8258 Kapele, Slovenija",SI
734,54.98428,23.454596,40.162722,-75.022991,"1642-1658 Street Road, Southampton, PA 18966, USA",US
735,54.712643,27.209944,54.8605704,24.1083149,"J. Biliūno gatvė, Šlienava 53121, Lithuania",LT
736,42.610455,9.155853,40.2951343,-6.3316391,"CC-V-110, 10630 Casar de Palomero, Cáceres, Spain",ES
737,55.2646,7.884768,46.1730069,22.5945823,"DC172, Vaţa de Jos, Romania",RO
738,41.95582,57.53325,24.810331,89.376922,"N5, Bogra, Bangladesh",BD
739,47.25008,-9.084213,51.6755348,-8.7838547,"Unnamed Road, Co. Cork, Ierland",IE
740,39.591488,15.623262,46.2213679,27.658637,"Strada Islaz, Bârlad, Romania",RO
741,48.274853,5.1309276,57.5260975,21.8607136,"P124, Ance parish, LV-3601, Latvia",LV
742,7.3110523,127.00229,4.4710587,117.3643937,"Jln Nabawan-Kalabakan, Tawau, Sabah, Malesia",MY
743,58.5994,29.598133,56.7667504,24.7625022,"P8, Rembates pagasts, LV-5016, Latvia",LV
744,45.59546,-5.468983,45.8729645,16.5323724,"Žukovec, 10342, Žukovec, Croatia",HR
745,52.886982,3.6313004,58.2521265,8.3149393,"E18, 4790 Lillesand, Norway",NO
746,36.674416,19.700506,40.1939919,-8.2940473,"EM541, 3350 Vila Nova de Poiares, Portugal",PT
747,64.60309,3.5645645,55.4930685,24.4692752,"1204, Vadokliai 38201, Lituania",LT
748,37.737408,25.136879,20.3356431,-99.382169,"Hidalgo Tula de Allende - Tasquillo, San Antonio, Hidalgo, Mexico",MX
749,62.71778,2.2395043,-45.5513762,169.3274356,"186 Wright Road, Roxburgh East 9572, New Zealand",NZ
750,39.065395,-3.5518718,42.5399778,1.7317611,"Av. d'Encamp, 41, AD200 Encamp, Andorra",AD
751,43.25716,18.82516,45.0314075,15.4115862,"D42, 47304, Jezero I Dio, Chorvátsko",HR
752,33.6737,77.60701,-7.6430003,111.5178201,"Jl. Raya Geger-Madiun, Taman, Kota Madiun, Jawa Timur 63128, Indonesia",ID
753,4.774848,80.17265,6.9645253,-75.3702482,"Unnamed Road, Yarumal, Antioquia, Colombia",PE
754,39.634144,107.04768,22.3609167,114.0429918,"100 Castle Peak Road (Tsing Lung Tau), Tsing Lung Tau, Hong Kong",HK
755,58.104355,16.749397,56.7076056,22.4210373,"P108, Saldus parish, LV-3862, Latvia",LV
756,61.67659,9.752612,59.4227438,25.0086417,"Lagedi-Kostivere, 74209 Harju County, Estonia",EE
757,40.03065,56.009968,2.8908572,101.9270965,"17, N34, Kampung Solok, 71750 Mantin, Negeri Sembilan, Malaysia",NO
758,47.551884,22.187231,-24.2215823,-52.2779726,"BR-487, Parana, 87290-000, Brazil",BR
759,12.671816,64.92559,25.179194,55.628435,E 102 - Sharjah - United Arab Emirates,AE
760,54.4692,9.888939,-18.942043,-39.9771657,"Rodovia Prestes Maia, Espirito Santo, 29950-000, Brazil",BR
761,27.05194,40.33386,11.6435537,104.1340883,"Unnamed Road, ឃុំ តាសាល, Cambodia",KH
762,29.968859,50.18765,32.083284,34.8951642,"Shalom Shar'abi 14-20, Petah Tikva, Israel",IL
763,41.92339,35.55553,46.2407311,14.3557915,"Reginčeva ulica 3, 4000 Kranj, Slovenia",SI
764,25.435905,80.52121,1.449348,103.7223934,"14 Lim Chu Kang Lane 9A, Singapore 718879",SG
765,11.0161295,50.673817,38.1692561,14.9329075,"Strada Provinciale 135ter, 98063 Gioiosa Marea, Messina, Italy",IT
766,52.153187,9.140465,55.2479313,24.8118215,"Vienkiemio gatvė 13, Ukmergė 20148, Lithuania",LT
767,41.434162,17.14167,-27.8351201,-57.5737359,"Ruta Provincial 5, Corrientes, Argentiina",AR
768,31.666986,54.779606,24.9821778,55.0225499,Unnamed Road - Dubai - Spojené arabské emiráty,AE
769,49.337513,43.33489,7.1371379,-73.1243207,"Calle 10 # 23-2 a 23-100, Bucaramanga, Santander, Kolumbia",CO
770,55.39566,39.74017,50.8810774,4.6908401,"Brusselsestraat 204, 3000 Leuven, Belgium",BE
771,11.184602,66.274796,26.8362093,-109.6357069,"Azucena 103, 14 de Enero, 85930 Huatabampo, Sonora, Mexico",MX
772,60.386463,12.7283745,44.1046775,15.2792612,"Ulica Grgura Barskog Zadranina 17, 23000, Zadar, Croatia",HR
773,60.150143,18.719006,55.7858219,9.6427244,"Bredalvej 16, 8722 Hedensted, Denmark",DK
774,36.020878,47.93516,43.5542675,1.543976,"1 Rue du Docteur Arrazat, 31650 Saint-Orens-de-Gameville, France",FR
775,46.494938,26.777939,52.6612744,41.0698403,"Р119, Tambov Oblast, Russia",RU
776,61.747993,12.760246,61.199847,22.1518223,"Köyliöntie 405, 27400 Eura, Finland",FI
777,19.318058,82.07212,23.2142625,89.7110445,"Dhaka - Khulna Hwy, Bangladesh",BD
778,11.148935,63.80853,4.4300882,-75.2287269,"Calle 29 # 1DS-2 a 1DS-100, Ibagué, Tolima, Kolumbia",CO
779,7.4738684,99.483955,23.0390096,88.8843728,"terminal, Bangladesh",BD
780,38.3889,31.378132,34.0863844,-81.6825652,"Denny Highway, Saluda, SC 29138, USA",US
781,53.098694,41.259174,40.1879505,20.8393785,"Unnamed Road, Kastanea 440 15, Greece",GR
782,6.302459,114.74689,9.4224658,97.8695219,"Ko Phra Thong, Khura Buri District, Phang-nga, Thailand",TH
783,41.037075,-15.105766,31.7883073,34.7191722,"HaAtsmaut 42, Gan Yavne, Israel",IL
784,52.937153,15.171265,42.2512876,-71.4976591,"125-145 Cross Street, Ashland, MA 01721, USA",US
785,34.94919,13.834337,19.5310977,-98.2061922,"Camino Rural, San Fco Atexcatzingo 3ERA Mza, 90432 San Francisco Atexcatzinco, Tlaxcala, Mexico",MX
786,39.175457,58.5797,1.599115,111.0106395,"Jalan Maludam, Sarawak, Malasia",MY
787,52.33569,-5.421759,43.1053317,-79.1341483,"8082-8164 Pinellas Park Drive, Niagara Falls, ON L2H, Canada",CA
788,56.958275,15.824129,47.2291542,20.8156059,"5310 Kisújszállás, E60, Hungary",HU
789,36.742237,74.55829,37.5028057,126.9862828,"813 Banpobon-dong, Seocho-gu, Seoul, South Korea",KR
790,41.706104,-5.426739,37.054388,-78.650982,"829-859 David Bruce Highway, Charlotte Court House, VA 23923, USA",US
791,27.270382,13.529287,-32.9674134,-71.5253204,"Martín de Salvatierra 470, Viña del Mar, Valparaíso Region, Chile",CL
792,52.080135,43.61826,43.6894311,16.7146561,"Seget 54, 21238, Otok, Croacia",HR
793,43.92765,17.269197,22.5765886,88.9988899,"Satkhira-Kaliganj Highway, Debhata, Bangladesh",BD
794,31.358267,51.60519,18.2345798,99.5028298,"Unnamed Road, Tambon Phrabat, Amphoe Mueang Lampang, Chang Wat Lampang 52000, Thailand",TH
795,42.950344,38.881283,50.4969879,30.3248695,"Ponomarova Street, Ukraine",UA
796,51.51832,22.330019,-37.7646374,176.4883513,"118-718 Pukehina Parade, Pukehina 3189, New Zealand",NZ
797,62.559612,8.377697,61.0458901,5.2989248,"Fylkesveg 1 30, 5961 Brekke, Norway",NO
798,46.401115,32.755157,50.645069,5.1353972,"Chaussée de Tirlemont, 4280 Hannut, Belgium",BE
799,11.595584,17.48071,-24.5459469,25.8683085,"Airport Road, Sir Seretse Khama International Airport (GBE), Gaborone, Botswana",BW
800,42.285587,83.14087,1.4543389,103.810271,"209 Woodlands Ave 9, Singapore 738959",SG
801,50.39584,16.530216,55.8526163,9.7642928,"Kirkevænget 35, 8700 Horsens, Denemarken",DK
802,57.240192,11.2200985,56.1152718,10.170585,"Holmegårdsvej 113-115, 8270 Højbjerg, Denemarken",DK
803,-4.0477223,95.21472,-33.5445359,115.9493367,"191 Attwood Road, Lowden WA 6240, Australia",AU
804,41.891727,7.096712,37.4788701,13.7129227,"Strada Provinciale 24, 93010 Milena, Caltanissetta, Italie",IT
805,58.58232,62.01565,24.7921774,121.7651641,"No. 29-2, Mǎlìn Road, Jiaoxi Township, Yilan County, Taiwan 262",TW
806,50.402203,18.5642,45.9436198,2.3200178,"D9, 23260 Saint-Silvain-Bellegarde, France",FR
807,59.019794,27.99559,46.0473928,18.2500111,"7631 Pécs, Kanizsai Dorottya Way 179, Hungary",HU
808,40.675686,40.56973,-11.50578,-77.2304324,"Carretera Huaral - Chancay, Huaral, Peru",PE
809,72.64884,20.315184,59.4498384,9.0750782,"Reshjemvegen 69, 3800 Bø i Telemark, Norway",NO
810,40.824398,-8.565907,38.9772586,-97.3714264,"2622-2656 Solomon Road, Solomon, Kansas 67480, États-Unis",US
811,51.31367,24.203754,24.8630243,125.1706691,"Unnamed Road, Irabu, Miyakojima-shi, Okinawa-ken 906-0000, Japan",JP
812,5.425214,146.01924,1.408476,103.960641,"224J Pulau Ubin, Singapore 508346",SG
813,43.60478,24.342411,45.9848401,8.8343515,"Strada Cantonale, 6995 Croglio, Switzerland",CH
814,46.35952,2.7522235,43.5810628,0.9045477,"D160, 32200 Maurens, France",FR
815,18.937672,28.711819,38.707318,-8.0994122,"Unnamed Road, ポルトガル",PT
816,20.86538,19.806572,-19.3063314,25.8426453,"A33, Botswana",BW
817,52.029037,4.919372,54.1583019,-2.2510689,"Pennine Way, North Yorkshire, Storbritannien",US
818,7.7119145,-21.099346,-32.9955273,24.5477429,"R339, Afrique du Sud",ZA
819,45.072456,8.565655,46.311595,15.0481323,"Podgora 8, 3327 Šmartno ob Paki, Slovenia",SI
820,51.32513,6.885961,59.624689,18.0007048,"858, 195 96 Rosersberg, Sweden",SE
821,48.405193,11.835796,45.8007664,15.6675261,"Draganje Selo 5F, 10430, Samobor, Croatia",HR
822,30.558859,65.76781,-28.0657989,-67.5650208,"RN60, Catamarca, Argentinië",AR
823,54.02077,19.669893,56.9564789,23.6736205,"Dzelzceļa iela 36, Jūrmala, LV-2008, Latvia",LV
824,60.137836,7.7825494,61.3181992,9.8114445,"Vestringsvegen, 2657 Svatsum, Norway",NO
825,18.195105,89.05348,-42.6723271,147.1511142,"1160 Church Road, Broadmarsh Tasmanie 7030, Australie",AU
826,53.766666,29.264534,46.1809728,16.3327488,"Remetinec, 42220, Remetinec, Croatie",HR
827,48.769367,10.08729,54.0350483,-7.1513529,"Unnamed Road, Co. Cavan, Ireland",IE
828,63.235546,15.065598,68.2115676,16.6082692,"Riksveg 827 10, 8540 Ballangen, Norvège",NO
829,-11.810009,127.51216,-18.7783541,145.8026488,"787 Oak Hills Rd, Mount Fox QLD 4850, Australia",RU
830,53.401176,8.615733,52.0024085,4.3655594,"Machteld van Meterenlaan 1-3, 2628 LN Delft, The Netherlands",NL
831,50.27705,6.9107184,-43.6463469,171.9093831,"826 Rakaia Terrace Road, Bankside 7783, New Zealand",NZ
832,39.464962,50.132442,40.2296885,140.601457,"Ryūgatai-14 Nakayama, Ōdate-shi, Akita-ken 017-0839, Japan",JP
833,19.407225,87.2789,11.8075458,103.5106442,"Unnamed Road, ឃុំ តាទៃលើ, Cambodia",KH
834,13.981713,89.032104,17.6535219,104.4627767,"Rural Rd Nakhon Phanom 3023, Tambon Chai Buri, Amphoe Tha Uthen, Chang Wat Nakhon Phanom 48120, Thailand",TH
835,60.578907,10.142123,-31.4284573,-62.656489,"Ruta Provincial 3, Córdoba, Argentina",AR
836,38.84283,57.3989,23.3594402,90.0003385,"Dhaka - Barisal Hwy, Bangladesh",BD
837,34.86472,34.68052,-29.9901643,-51.1260566,"Avenida Alcides Maia, 59-259 - Sarandi, Pôrto Alegre - Rio Grande do Sul, 91120-440, Brésil",BR
838,58.937706,18.221682,55.5590149,9.3059197,"Borgergade 31, 6064 Jordrup, Danemark",DK
839,60.305313,17.563799,46.2926274,-61.2335704,"18297 Nova Scotia Trunk 19, South West Margaree, NS B0E 3H0, Canada",CA
840,38.599686,-11.197609,21.8926562,-101.4415638,"Mexico 80, San Juan, Zacatecas, Mexico",MX
841,61.641956,17.66858,57.6407044,26.7060084,"Varstu-Tagakolga, Võru County, Estonia",EE
842,27.202078,72.34872,25.1128676,55.1088845,Crescent Rd - Dubai - Vereinigte Arabische Emirate,AE
843,25.16635,30.795044,-10.9345149,-77.6499061,"Antigua Panamericana Norte, Medio Mundo, Peru",PE
844,53.08971,4.542882,45.0295671,-73.9215118,"Québec 202, Hinchinbrooke, QC J0S 1E0, Canada",CA
845,-20.73554,29.002272,-25.2668873,23.220029,"A20, Botswana",BW
846,48.581066,15.14415,49.9520936,5.0535073,"Rue de Gedinne, 5555 Bièvre, Belgium",BE
847,35.84499,50.52668,22.435848,114.401893,"Sharp Peak Path, Sai Kung, Hong Kong",HK
848,25.762785,9.6832075,-27.627694,-48.6680374,"Rua Açucena, 1-131 - Jardim das Palmeiras, Palhoça - Santa Catarina, 88133-700, Brazil",BR
849,33.12406,15.943703,42.631586,27.4854645,"906, 8216 Burgaz, Bulgaristan",BG
850,41.051556,29.68806,52.4853624,13.4813197,"Bulgarische Straße 62, 12435 Berlin, Germany",DE
851,56.63054,-1.6354203,59.5469002,17.3668865,"532, 749 51 Grillby, Szwecja",SE
852,55.467125,-11.901653,55.5057636,13.5936744,"777, 274 92 Skurup, Ruotsi",SE
853,57.319294,15.9724655,64.1210716,-21.8125862,"Strengur, Reykjavik, Iceland",IS
854,48.53558,34.003147,51.5883297,19.467583,"Graniczna, Poland",PL
855,39.03179,54.63062,43.3492099,142.1512656,"Yubari National Hwy, Ashibetsu, Ashibetsu-shi, Hokkaidō 075-0000, Японія",JP
856,47.644775,9.32094,27.4487489,91.1724055,"Unnamed Road, Autsho, Bhutan",BT
857,37.5264,-32.14578,65.4890052,-15.4640421,"Norðausturvegur, Iceland",IS
858,54.558987,11.724323,59.5704279,17.4871053,"Skörbyleden 18, 746 41 Bålsta, Sweden",SE
859,39.012737,14.4195385,51.6284071,-9.830587,"Unnamed Road, Co. Cork, Ireland",IE
860,47.44128,17.177473,49.970491,17.9618178,"46, Opava-Malé Hoštice, Czech Republic",CZ
861,39.32704,5.1700034,40.2448133,16.0781505,"Strada Statale 598, 85010 Gallicchio, Potenza, Italy",IT
862,50.80223,14.495731,38.9935471,-3.3638643,"Calle Matadero, 33, 13200 Manzanares, Ciudad Real, Spain",ES
863,20.03987,65.031364,13.7581537,102.6273069,"3397, Amphoe Khok Sung, Chang Wat Sa Kaeo 27120, Thailand",TH
864,59.034763,6.6183877,46.7906502,-0.5171665,"D38, 79300 Bressuire, France",AE
865,2.120153,120.16607,11.8817819,105.8808373,"Unnamed Road, Cambodia",KH
866,35.85386,54.444,2.0682297,112.1098507,"Jalan Durin - Kanowit, 96700 Kanowit, Sarawak, Malaisie",MY
867,61.705627,21.912912,55.8022004,11.5827074,"Engelstrup Møllevej 3, 4571 Grevinge, Danemark",DK
868,55.415394,28.609821,56.1706684,40.4738758,"ulitsa Komissarova, 43, Vladimir, Vladimir Oblast, Russia, 600016",RU
869,15.745796,-37.59947,-46.2401626,-71.4939188,"RP45, Santa Cruz, Argentina",SG
870,40.232746,23.227875,31.9666608,34.9234818,"1, Israel",IL
871,33.19277,35.289524,45.9877961,13.8157645,"Lokve, Slovenia",SI
872,39.675884,42.009747,22.8777099,91.5397984,"Dhaka - Chittagong Hwy, Bangladesh",BD
873,58.629337,48.177425,56.4551442,84.9554813,"ulitsa Nakhimova, 4, Tomsk, Tomsk Oblast, Russia, 634034",RU
874,58.697144,4.07849,51.1621951,6.8667717,"Benrather Schloßallee 89, 40597 Düsseldorf, Tyskland",DE
875,44.14747,46.181522,37.4687448,127.1225722,"493-1 Segok-dong, Gangnam-gu, Seoul, South Korea",KR
876,12.505599,107.31301,24.7171739,125.3015465,"Japan, 〒906-0000 Okinawa-ken, Miyakojima-shi, Ueno 県道235号線",JP
877,53.924515,6.4687243,61.3973531,-128.260408,"Nahanni Range Rd, Yukon, Unorganized, YT Y0A, Canada",CA
878,46.148144,6.725716,55.4607929,8.6767949,"Darumvej 70, 6740 Bramming, Danemark",IS
879,54.275684,35.861103,-36.9013182,174.811551,"5 Cawley Street, Ellerslie, Auckland 1051, New Zealand",NZ
880,58.36783,17.405106,49.4401881,19.3130176,"520010, 029 63 Mútne-Mútňanský Duľov, Slovakia",SK
881,56.493896,18.636059,63.9938723,-21.1795056,"Heiðarbrún, Hveragerði, Iceland",IS
882,45.059315,19.310558,47.4422891,26.8424288,"DC150, Pârcovaci, Romania",RO
883,39.05775,61.530704,4.4710587,117.3643937,"Jln Nabawan-Kalabakan, Tawau, Sabah, Malesia",MY
884,52.846737,41.398533,46.9915001,7.4499147,"Reichenbachstrasse 44A, 3052 Zollikofen, Switzerland",CH
885,13.422302,2.2186427,-33.2521393,23.8158792,"R329, South Africa",ZA
886,-13.351519,-9.469458,-21.1447225,24.5798129,"Boteti, Botsuana",BW
887,52.784184,23.86314,44.580291,10.7620528,"Via San Lorenzo, 42013 Casalgrande, Reggio Emilia, Italy",IT
888,-2.7173085,15.179178,-24.9234181,25.4087804,"B105, Botswana",BW
889,-1.5798926,37.101906,39.9053238,-7.0361041,"Rua Principal 64, 6060-531, Portugal, 6060, Portugal",PT
890,44.14677,-7.024031,19.5292548,-97.2688574,"Carretera Oriental Zacatepec, Veracruz, Mexico",MX
891,55.35832,-4.3615727,57.1763695,27.6796189,"Dārzu iela 32, Viļaka, Viļakas pilsēta, LV-4583, Latvia",LV
892,56.92246,28.838913,47.3952675,8.4493369,"Bühlackerstrasse 5, 8952 Schlieren, Switzerland",CH
893,40.417538,52.493484,1.3627449,103.8402364,"319 Ang Mo Kio Ave 1, Singapore",SG
894,9.830207,70.33926,39.9993932,-6.903113,"N239, 6060, Portugal",PT
895,59.65936,23.030731,64.1397003,-21.7520366,"Lambhagavegur, Rejkiawik, Islandia",IS
896,49.930576,18.218311,46.4094953,20.3538139,"6800 Hódmezővásárhely, Délibáb Street 71, Hungary",HU
897,-2.424088,105.85687,14.3951987,103.2872291,"Unnamed Road, Tambon Ta Mieng, Amphoe Phanom Dong Rak, Chang Wat Surin 32140, Thaimaa",TH
898,61.60582,19.8633,50.8810774,4.6908401,"Brusselsestraat 204, 3000 Leuven, Belgium",BE
899,36.43289,71.28957,24.9883384,55.0212371,D53 - Dubai - United Arab Emirates,AE
900,15.979744,88.163284,23.933106,120.9939906,"Dōngrùn Road, Puli Township, Nantou County, Taiwan 545",TW
901,29.828726,113.01529,23.0563088,89.7704492,"Dhaka - Khulna Hwy, Bangladesh",BD
902,56.709286,33.78917,-33.4919614,-70.6413764,"Alvarez de Toledo 667-709, San Miguel, Santiago Metropolitan Region, Chile",CL
903,54.94495,13.286188,46.6947465,15.8661797,"Žepovci 77-78, 9253 Apače, Słowenia",SI
904,27.059359,23.934113,43.3605414,25.5924138,"502, Klimentovo, Bulgaria",BG
905,46.665035,8.228651,55.2039972,38.5896069,"Novoryazanskoye shosse, Moskovskaya oblast, Russia",RU
906,-13.9188595,122.11649,-29.4323172,151.6864122,"LOT 34 Deepwater-Emmaville Road, Emmaville NSW 2371, Australia",AU
907,61.56458,16.418,50.1025244,8.7181951,"Speckweg 33, 60599 Frankfurt, Germany",DE
908,-9.303392,8.454369,-23.681213,26.5105063,"A1, Botswana",BW
909,46.295536,22.683044,-43.5506974,172.63373,"219 Milton Street, Sydenham, Christchurch 8023, New Zealand",NZ
910,63.90601,18.23521,62.5414648,27.7745173,"16353 517-533, 79100 Leppävirta, Finland",FI
911,40.53468,57.497494,23.9966646,120.5474213,"515, Taiwan, Changhua County, Dacun Township, 彰73鄉道",TW
912,44.34595,0.10803604,50.6252357,-3.3862436,"9-15 The Broadway, Exmouth, Devon EX8 2NW, UK",GB
913,1.3777394,142.14557,-8.4624662,115.0391233,"Unnamed Road, Selemadeg, Tabanan, Bali 82162, Indonesia",ID
914,19.41538,118.062065,23.472494,120.2342346,"No. 83, Section 3, Sìwéi Road, Puzi City, Chiayi County, Taiwan 613",TW
915,63.899296,23.825073,58.3977718,24.465631,"Pärnu, 80033 Comté de Pärnu, Estonie",EE
916,46.925373,27.608677,48.6368456,22.1607806,"552032, 072 53 Bežovce, Slovakia",SK
917,12.961405,103.26218,18.4705644,100.4355482,"Unnamed Road, Tambon Huai Rong, Amphoe Rong Kwang, Chang Wat Phrae 54140, Thailand",TH
918,17.25756,41.445797,18.8527584,-96.9183068,"Ex-vía FFCC, Las Flores, 94950 Amatlán de los Reyes, Veracruz de Ignacio de la Llave, Mexico",MX
919,15.428219,87.463165,23.7164698,90.4960351,"Demra - Narayanganj Rd, Dhaka 1361, Bangladesh",BD
920,-4.6616282,122.21683,13.0236857,102.2512834,"Unnamed Road, Tambon Thap Sai, Amphoe Pong Nam Ron, Chang Wat Chanthaburi 22140, Thailand",TH
921,14.32053,92.843376,2.6281325,101.697489,"5, 43950 Sungai Pelek, Selangor, Malezya",MY
922,18.17302,114.69565,22.3087199,114.2299403,"8 Rehab Path, Sai Tso Wan, Hong Kong",HK
923,65.47695,-1.4721842,52.5313907,13.5182696,"Rhinstraße 147, 10315 Berlin, Germany",DE
924,38.82565,15.056383,46.5930419,30.7873322,"Henerala Bocharova street, 28, Odessa, Ukraine",UA
925,46.91032,38.040447,50.0148468,36.2357966,"ulitsa Krymskaya, Kharkiv, Ukraine, 61000",UA
926,56.20716,31.504978,35.188082,128.9824182,"53 Nakdong-daero 1446(cheonsabaek, Sasang-gu, Busan, South Korea",KR
927,44.850952,13.926117,2.8588789,101.6882727,"Jalan Kajang - Dengkil, 43800 Dengkil, Selangor, Malaisie",MY
928,23.104202,61.710175,5.4739424,-74.6744148,"Calle 60B # 8-1, La Dorada, Caldas, Kolumbia",CO
929,2.5729089,14.774164,32.4328681,-115.2702111,"Baja California 2, Ejido Guanajuato, Baja California, Mexico",HK
930,13.497433,28.96672,-26.4600716,31.1600548,"MR19, Swaziland",SZ
931,50.437492,16.747837,48.5218825,18.0424077,"514, 956 03 Horné Štitáre, Slovakia",SK
932,60.885704,28.780428,65.6935461,25.9019608,"Oijärventie 3688-3706, 95160 Ii, Finland",FI
933,46.13724,0.6140275,42.5445375,1.4705918,"Ctra. del Coll de la Botella, AD400 La Massana, Andorre",AD
934,56.58597,25.87006,45.0557497,39.1152164,"1-y Stanovoy proyezd, 4-6, Znamenskiy, Krasnodar Krai, Russia, 350000",RU
935,44.396698,20.618914,45.8018882,27.1038503,"DN2D, Romania",RO
936,52.82126,10.0845785,45.6469871,17.2651885,"Donja Vrijeska 40, 43508, Donja Vrijeska, Croatia",HR
937,54.073982,-4.1338525,42.4661316,1.4478347,"Unnamed Road, AD600 Sant Julià de Lòria, Andorra",AD
938,63.097652,22.941565,48.1694624,-52.9388401,"Main Rd, Grates Cove, NL A0A 2L0, Canada",CA
939,51.704124,36.64597,56.6831281,16.3285228,"Ölandsleden 7, 392 39 Kalmar, Sweden",SE
940,53.583355,34.828274,56.4463776,27.4103894,"P55, Čornajas pagasts, LV-4617, Łotwa",LV
941,20.498827,113.15818,23.0564588,89.7703334,"Dhaka - Khulna Hwy, Bangladesh",BD
942,45.03391,31.153069,48.1409261,11.5218384,"Landsberger Straße 187-189, 80687 Munich, Germany",DE
943,62.428837,12.848505,55.3279198,12.102232,"Østerskovvej 39, 4682 Tureby, Denmark",NO
944,48.574745,21.185764,50.5457466,3.9921691,"Rue du Masy 53-57, 7063 Soignies, Belgium",BE
945,51.777676,1.1294103,58.5612439,24.9778659,"Suurejõe-Vihtra-Jõesuu, Rahnoja, 87622 Pärnu County, Estonia",EE
946,43.827255,12.165298,32.4560414,130.9297746,"Unnamed Road, Izumimachikureko, Yatsushiro-shi, Kumamoto-ken 869-4513, Japan",JP
947,47.485657,26.77527,23.706068,120.2482467,"Ānnán Road, Dongshi Township, Yunlin, Tajwan 635",TW
948,26.86548,42.807415,69.1182107,-105.0544609,"4 Kamotik Rd, Cambridge Bay, NU, Canada",CA
949,58.525845,35.690308,-35.7475628,174.211896,"6 Kokopu Block Road, Maungatapere 0179, New Zealand",NZ
950,59.95679,10.281884,49.6378592,15.9195644,"37, 591 01 Škrdlovice, Czech Republic",CZ
951,58.33556,-5.229114,51.1239194,3.3225733,"Berkenstraat 14-24, 8730 Beernem, Βέλγιο",BE
952,32.613018,25.942976,32.6450725,-16.9715555,"Estr. João Gonçalves Zarco 12, 9300 Câmara de Lobos, Portugal",PT
953,27.150677,42.563526,3.4627255,113.5626906,"AH150, 98200 Miri, Sarawak, Maleisië",MY
954,47.796604,5.378164,59.3246914,12.1119066,"172, 672 92 Årjäng, Sweden",SE
955,47.8306,37.991615,-23.5909506,-46.5718317,"Rua Doutor Antônio Macedo Lima, 29-67 - Vila Lúcia, Sao Paulo - São Paulo, Brazil",BR
956,22.32305,93.991974,22.2704488,114.2436751,"11 Chong Fu Rd, Chai Wan, Hong Kong",HK
957,31.764341,98.61679,24.1197883,120.6172781,"Gāotiě 3rd Road & Section 3, Gāotiě Road, Taichung City, Taiwan",TW
958,51.524487,56.09122,4.9939221,115.5500195,"Jln Sipitang - Sindumin, 89850 Sipitang, Sabah, Malesia",MY
959,27.272863,115.411194,22.7617323,89.1270263,"Khulna - Satkhira Rd, Bangladesh",BD
960,56.76369,19.41261,49.4902577,12.8808906,"26, 346 01 Meclov, Czech Republic",CZ
961,23.607317,76.81126,23.81814,90.2573787,"Dhaka - Aricha Hwy, Бангладеш",BD
962,57.78086,20.256489,52.700689,-6.2671079,"R772, Co. Wexford, Ireland",AE
963,58.99455,18.963882,45.7244084,16.3618363,"Lepšić 3, 10310, Lepšić, Croatia",HR
964,54.43705,6.3389316,49.7288151,16.9773345,"E442, 789 83 Palonín, Czech Republic",CZ
965,41.73997,57.31312,26.6652714,142.1534287,"Japan, 〒100-2211 Tōkyō-to, Ogasawara-mura, Hahajima 都道241号線",JP
966,25.057856,61.72935,-42.9579129,147.5311315,"38-39 Pipe Clay Esplanade, Cremorne TAS 7024, Australia",AU
967,57.12064,-13.768524,56.0802285,8.9836304,"Skærbækvej 28, 7400 Herning, Denmark",DK
968,60.22677,24.7383,46.0473928,18.2500111,"7631 Pécs, Kanizsai Dorottya Way 179, Hungary",HU
969,52.24406,9.251064,49.4791398,15.5122777,"Větrný Jeníkov 67, 588 42 Větrný Jeníkov, Czech Republic",CZ
970,49.709324,59.997585,41.3310618,-7.7003785,"EM1231, 5000, Portugal",SZ
971,31.624556,33.96048,47.3500102,8.4715119,"Uetlibergtunnel, 8143 Stallikon, Suisse",CH
972,41.500423,18.681429,48.5105254,19.3073135,"2463, 962 25 Slatinské Lazy, Slovakia",CL
973,-11.178591,29.40658,-23.089215,28.5657117,"R561, Republika Południowej Afryki",ZA
974,50.718647,19.830927,50.1025244,8.7181951,"Speckweg 33, 60599 Frankfurt, Germany",DE
975,35.318253,36.531456,32.083284,34.8951642,"Shalom Shar'abi 14-20, Petah Tikva, Israel",IL
976,47.251564,34.217335,46.9469973,6.8494294,"Rue des Chavannes 43-45, 2016 Cortaillod, Switzerland",CH
977,60.991253,-2.5700946,55.961601,9.8591383,"Tåningvej 60, 8660 Skanderborg, Denmark",DK
978,54.316734,2.895761,55.9292012,-2.3723188,"2 Hoprig Road, Cockburnspath, Scottish Borders TD13, UK",GB
979,50.261784,11.239828,49.8885958,5.1653349,"Rue de Solmon, 6850 Paliseul, Belgium",BE
980,-23.40066,-17.354939,-29.8691391,20.7303865,"R27, South Africa",ZA
981,41.354996,30.479269,52.4893015,13.3925857,"Bergmannstraße 19, 10961 Berlin, Germany",DE
982,33.435017,-10.47979,46.3898945,15.5970305,"Spodnja Nova vas 37, 2310 Slovenska Bistrica, Slovenia",SI
983,51.958942,14.90185,46.8072908,6.6299747,"A5, 1422 Grandson, Switzerland",CH
984,54.927525,-4.8032765,54.6731682,11.7149473,"Sakskøbingvej, 4880 Nysted, Denemarken",DK
985,26.797,59.08342,24.5949746,121.6862078,"267, Taiwan, Yilan County, Datong Township, 寒溪巷1號",TW
986,1.8400521,15.902752,-25.4127463,-60.183664,"Ruta Provincial 9, Formosa, Argentina",AR
987,50.50966,61.699078,22.3188075,113.942887,"1 Sky City Rd E, Chek Lap Kok, Hong Kong",HK
988,49.301163,-6.0120206,58.6288387,25.6547837,"Põltsamaa-Võhma, Koksvere, 70604 Viljandi County, Estonia",HU
989,39.083942,6.8290257,47.9886401,0.8014775,"D210, 72320 Valennes, France",FR
990,55.915836,-3.9386945,42.1864053,14.2936293,"SP215, 66016 San Vincenzo-cerchiara Chieti, Italy",IT
991,29.65769,51.986713,44.3863149,26.2530104,"Strada Puţului, Glina, Romania",RO
992,56.234406,8.034906,57.1669508,10.1406306,"Ålborgvej 745, 9320 Hjallerup, Danemark",DK
993,40.832935,68.515976,23.9761573,120.5868193,"No. 266-282, Lane 332, Section 1, Fuzhen Rd, Yuanlin City, Changhua County, Taiwan 510",HU
994,44.833744,30.508978,45.3485271,6.31018,"1-317 Route des Îles, 73130 Saint-Avre, France",FR
995,18.970331,-3.315349,39.3118918,22.8983429,"Unnamed Road, Volos 385 00, Greece",GR
996,48.147068,45.82284,-33.545789,-70.6769079,"Domingo Gómez Rojas 591, El Bosque, Santiago Metropolitan Region, Chile",CL
997,58.211407,4.8828692,58.4325248,15.6617788,"E4, 582 75 Linköping, Sweden",SE
998,27.813381,4.7887444,-25.6385734,27.1970455,"Swartruggens Road, Rustenburg 0309, Republika Południowej Afryki",ZA
999,54.432236,12.064575,56.092575,26.0041956,"Loka iela, Ancene, Asare parish, LV-5210, Latvia",LV
0,55.784878,1.2217119,55.2598656,9.2701074,"Dyssebakken 30, 6500 Vojens Municipality, Denmark",DK
1,-32.508213,44.395935,-22.077826,27.2749981,"A1, Botswana",BW
2,50.318535,62.773838,34.7833331,137.5813141,"Japan, 〒431-1402 Shizuoka-ken, Hamamatsu-shi, Kita-ku, Mikkabichō Tsuzuki 県道310号線",JP
3,45.9127,3.8551369,64.1157089,-21.880143,"Viðigrund, Kópavogur, Islandia",IS
4,59.939304,44.27454,62.7522306,28.8877543,"Rikkarannantie 64, 83500 Outokumpu, Finland",FI
5,51.38875,43.828697,55.688042,52.3541829,"avtodoroga Volga, 1Б, Naberezhnye Chelny, Republic of Tatarstan, Russia, 423800",RU
6,54.67947,53.48325,37.5482991,127.1026963,"394-1 Gwangjang-dong, Gwangjin-gu, Seoul, South Korea",KR
7,44.23557,25.566193,45.1741164,37.2741405,"M25, Belyy, Krasnodar Krai, Russia",RU
8,38.49927,17.4015,55.6314971,23.7534964,"3414, Bejsagoła 82296, Litwa",EE
9,41.328415,59.898457,-5.8206588,-81.0397158,"Unnamed Road, Peru",PE
10,17.450584,11.728895,-24.6014188,25.9259483,"Airport Road, Gaborone, Botswana",BW
11,6.715578,15.602058,20.749062,-101.2594033,"Francisco Villa, San Nicolás Temascatio, Guanajuato, Mexico",MX
12,37.007233,44.40576,-30.9813834,150.2920607,"7315 Oxley Highway, Gunnedah NSW 2380, Australia",AU
13,57.897205,-2.3579297,50.050916,14.2154288,"Maruszewska, Poland",PL
14,50.97104,31.86581,44.4246238,27.228266,"Autostrada Soarelui, Romania",RO
15,48.706158,20.531292,11.2034296,103.5155459,"AH123, ឃុំ កណ្ដោល, Kambodža",KH
16,38.09472,31.702513,37.6000387,126.8721513,"226-1 Hwajeon-dong, Deokyang-gu, Goyang-si, Gyeonggi-do, South Korea",KR
17,56.094883,-0.7218108,59.8887627,18.4912415,"280, 760 31 Edsbro, Sweden",SE
18,3.3295956,105.89809,12.547295,107.533298,"Ao Nav Rd, Cambodia",KH
19,49.247265,5.2216926,40.8413622,24.270586,"Unnamed Road, Paggeo 640 07, Grekland",GR
20,17.11289,86.67242,6.5978062,-73.1587887,"Barichara, San Gil, Santander Department, Colombia",CO
21,26.987349,12.205838,-36.3731954,142.4415883,"Sheep Hills-Kellalac Road, Kellalac Victoria 3393, Australie",AU
22,43.149223,14.638119,52.7979791,-9.4609333,"Unnamed Road, Co. Clare, Ireland",IE
23,39.284107,84.19844,23.6980134,89.7215527,"Dhaka - Faridpur Hwy, Bangladesh",BD
24,26.992928,15.044535,-37.9205595,-67.8732663,"RN151, Río Negro, Argentina",AR
25,14.227044,103.83946,3.9109249,101.9941726,"C144, Kampung Pamah Kulat, 27600 Raub, Pahang, Malaysia",MY
26,41.758675,-5.585893,53.2239136,-8.815414,"Unnamed Road, Co. Zatoka Galway, Irlandia",IE
27,69.3544,12.3276825,44.875529,-75.3556463,"5152 Carman Road, Iroquois, ON K0E 1K0, Canada",CA
28,18.630735,25.288315,-23.6069175,30.0647223,"R526, South Africa",ZA
29,18.093203,42.600437,-3.2190301,-39.3730991,"Rua Principal, 1399, Ceará, 62690-000, Brazylia",BR
30,57.102364,19.668116,50.7510236,15.3187792,"Ve Sladké Díře, 468 61 Desná, Czech Republic",AU
31,38.399582,17.897797,-27.6389907,27.2262458,"67 Stewart Street, Kroonstad 9499, South Africa",ZA
32,32.296837,19.190708,37.125495,22.100589,"Epar.Od. Thourias - Polianis, Kalamata 240 09, Griechenland",GR
33,48.61044,32.073524,44.8300905,15.6626724,"D1, 53231, Prijeboj, Croatia",HR
34,52.647324,22.873207,48.16878,18.8975629,"Pod horou 240, 962 71 Dudince-Merovce, Slovakia",SK
35,39.574314,45.912365,57.3415294,-4.4850918,"A831, Inverness, Terras Altas IV63, UK",GB
36,55.73386,2.1082144,41.4588508,24.3156503,"Unnamed Road, Drama 661 00, Greece",AE
37,19.624193,31.56054,1.3630433,103.7645743,"1160 Hillview Ave, Singapore 669602",SG
38,57.746754,27.160582,58.3394227,26.7251962,"Jalaka 64, 50105 Tartu, Estonia",NO
39,33.742893,51.245346,31.2381967,34.7675417,"Herzl Rosenblum, Beersheba, Israel",IL
40,38.80539,31.305935,42.9841897,25.40373,"4041, 5386 Karaivantsa, Bulgaria",BG
41,44.162937,71.86368,23.4065963,120.314943,"611, Taiwan, Chiayi County, Lucao Township, 嘉35-1鄉道",TW
42,19.95662,114.61142,24.2029317,120.8231736,"426, Taiwan, Taichung City, Xinshe District, 興社街一段",TW
43,44.4059,36.87148,56.1938295,15.8665196,"754, 373 00 Jämjö, Sweden",SE
44,33.61254,12.417843,37.2653622,-7.6892872,"EM506 152D, 8800, Portugal",PT
45,50.383347,18.072432,39.0732286,26.5877719,"Unnamed Road, Lesvos 811 00, Grækenland",GR
46,52.841145,21.850294,-43.7501881,172.0209461,"5 Normanby Street, Rakaia 7710, New Zealand",NZ
47,57.256077,27.079739,50.9307098,5.4556834,"Steenakkerstraat 94-120, 3590 Diepenbeek, Belgium",LT
48,47.197273,53.20697,27.3106661,91.0641247,"Bumthang - Ura Hwy, Bhutan",BT
49,50.787716,24.66388,64.7992057,25.4182833,"Raahentie 33, 91900 Liminka, Finland",FI
50,63.186165,1.8879008,46.0910036,14.9059784,"Spodnji Log 18, 1282 Sava, Slovenië",SI
51,39.130966,86.198685,21.9902786,120.8534413,"No. 244, Cháshān Road, Manzhou Township, Comté de Pingtung, Taïwan 947",TW
52,35.87806,42.79379,1.2663151,103.6290815,"Unnamed Road, Singapore",SG
53,65.100655,-11.144829,64.1881783,-21.6856812,"Vesturlandsvegur, Mosfellsbær, Iceland",IS
54,61.39483,2.3682876,54.1213295,-7.0679498,"Unnamed Road, Co. Monaghan, Ireland",IE
55,35.24298,66.42556,-37.145873,-72.9960026,"O-850, Biobío Region, Chile",CL
56,50.68684,1.6456966,-42.3844025,171.4077571,"872 Taylorville-Blackball Road, Coal Creek 7804, New Zealand",NZ
57,54.42705,-9.615118,49.987505,18.4091386,"Nowa, Poland",PL
58,53.461395,15.724602,69.1188133,-105.0186984,"Natik St, Cambridge Bay, NU, Canada",CA
59,62.758068,-2.9533305,52.6655349,-8.1139486,"Unnamed Road, Co. Tipperary, Ireland",NL
60,45.557774,2.2706409,39.0799892,-8.4465683,"Unnamed Road, 2100, Portugal",AU
61,58.345722,13.550377,50.8531407,16.4915945,"Esperantystów, 58-100 Swidnica, Poland",PL
62,50.48628,13.940062,48.7322984,18.1778654,"Dolné Držkovce 303, 956 54 Veľké Držkovce, Slovakia",SK
63,45.734127,31.842388,52.0732008,-8.9833079,"Unnamed Road, Co. Cork, Ireland",IE
64,17.06653,7.6747303,40.5795728,24.6569512,"Unnamed Road, Thasos 640 02, Greece",GR
65,56.705048,2.8033319,54.3187094,-6.9631926,"N2, Co. Monaghan, Ierland",IE
66,38.470657,51.235897,24.9630045,55.188531,D57 - Dubai - United Arab Emirates,AE
67,61.383873,6.5767837,47.3561797,25.2893673,"Comuna Dorna Candrenilor, Romania",RO
68,17.93485,3.0907664,26.9192259,-98.9750176,"Farm to Market 2687, Hebbronville, Texas 78361, États-Unis",US
69,48.78113,42.328594,56.2006086,22.7014585,"1026, Venta 85305, Lithuania",LT
70,53.71819,16.272146,45.3884727,-75.9702665,"60 Harwood Ln, Kanata, ON K2K 1X7, Canada",CA
71,46.408756,16.28844,27.4634681,90.1692339,"Unnamed Road, Bhutan",BT
72,49.287807,19.7617,52.2009259,21.7863606,"E30, 05-310 Kałuszyn, Poland",PL
73,46.444935,21.574139,48.2940476,19.923391,"571021, 980 32 Konrádovce, Slovakia",SK
74,13.770617,102.86487,22.9592895,89.2296654,"Jessore - Chuknagar Rd, Bangladesh",BD
75,53.36025,31.335117,47.5355473,19.0738016,"1139 Budapest, Rue Frangepán 15-19, Hongrie",HU
76,40.559956,22.843725,37.335508,23.1347081,"Unnamed Road, Ververouda 213 00, Greece",PE
77,42.58801,32.078274,45.2235761,25.6389639,"Strada 30 Decembrie, Gura Beliei, Romania",RO
78,58.538654,5.266961,47.3512243,8.4715708,"Landikonerstrasse, 8143 Stallikon, Switzerland",CH
79,-11.49156,-38.782703,-43.3991531,-66.8850882,"RP11, Chubut, Argentina",AR
80,65.16652,14.058403,58.766458,24.5950929,"Valgu-Libatse, 78207 Rapla County, Estonia",EE
81,39.03647,25.47503,47.9285972,25.8657745,"DJ291A, Frătăuţii Noi, Romania",RO
82,50.822334,5.741586,49.694281,16.7570402,"3718, 569 43 Bezděčí u Trnávky, Czech Republic",US
83,-2.4373155,121.879524,5.4525355,-75.4767656,"Salamina - Pacora # 2 a 50, Pacora, Caldas, Colombia",CO
84,35.36202,57.174015,25.1084892,55.2054616,First Al Khail St - Dubai - United Arab Emirates,AE
85,38.911297,90.88268,2.3902859,112.0288406,"Lorong Bahagia 9, 96000 Sibu, Sarawak, Malaysia",MY
86,59.742794,14.206564,51.1847416,19.4152902,"Gmina Kamieńsk, Poland",PL
87,36.107975,11.93771,-34.195854,-70.6271432,"H-25, Machalí, O'Higgins Region, Chile",CL
88,28.488861,54.558945,-37.74839,175.9786412,"101 Te Kohanga Road, Whakamarama 3176, New Zealand",NZ
89,47.9631,22.097416,47.2561589,7.6843384,"E25, 4538 Oberbipp, Switzerland",CH
90,58.009705,10.253538,57.4100618,25.9080062,"Mežoles iela 13, Smiltene, Smiltenes pilsēta, LV-4729, Latvia",LV
91,25.646597,73.4211,-27.1061851,30.7654148,"R543, South Africa",ZA
92,51.704426,14.495056,45.4174038,13.9576068,"D201, 52420, Sveti Martin, Croatia",HR
93,60.505356,20.134682,55.8694774,23.2094921,"Pamiškės gatvė, Motaičiai 80179, Lituanie",MY
94,29.352991,51.47685,1.3563839,103.8772818,"24 Highland Rd, Singapore 549115",SG
95,30.487764,35.854656,25.1582843,55.4072187,Persia N7 - Dubai - United Arab Emirates,AE
96,35.190086,47.110157,27.5419696,89.827128,"Unnamed Road, Bhutan",BT
97,45.556812,5.269451,43.3238179,26.6033054,"51, 7290 Loznitsa, Bulgaria",BG
98,15.945473,28.769756,-12.2105639,-75.806026,"120, Peru",PE
99,53.941586,16.822683,52.2902668,16.4951204,"64-330 Dakowy Suche, Poland",PL
100,47.56139,15.433712,42.5688019,1.6784359,"CG-2, AD100 Canillo, Andorra",AD
101,54.72646,-8.63673,52.0417588,4.3918582,"Molenweg 15, 2631 AA Nootdorp, The Netherlands",NL
102,10.371586,5.1323066,-26.9618823,31.0164862,"MR13, Gege, Swaziland",SZ
103,30.494793,75.639404,24.6642407,120.9185617,"Shuǐyuán Road, Toufen Township, Miaoli County, Тайвань 351",TW
104,24.162102,72.063034,2.7790505,101.4694665,"5, 42700 Banting, Selangor, Malaysia",BW
105,50.691074,34.98418,43.8598346,27.7481216,"293, Bistrets, Bulgaria",BG
106,44.06528,20.773571,48.2940476,19.923391,"571021, 980 32 Konrádovce, Slovakia",SK
107,42.16409,52.03861,-33.5241366,-70.698802,"Central 8901-8961, Lo Espejo, Region Metropolitalny, Chile",CL
108,5.956021,56.23864,-27.0254956,31.9309194,"MR14, Nsoko, Swaziland",SZ
109,55.281483,14.317883,49.3388266,18.3922642,"Velké Karlovice 654, 756 06 Velké Karlovice, Czech Republic",CZ
110,54.072544,25.563824,45.3861572,10.8624299,"Via Località Cà Belvedere, 1, 37069 Villafranca di Verona, Verona, Italy",IT
111,66.435165,-2.940167,43.3223321,-8.8188306,"Rúa Canido, 13-15, 15113 Malpica de Bergantiños, La Coruña, Spania",ES
112,31.013815,86.47964,39.8693919,-8.752642,"Estr. da Guia 620, Portugal",PT
113,51.50539,9.313974,51.6989965,5.5382819,"Loosbroekseweg 54-56, 5388 VP Nistelrode, The Netherlands",NL
114,-12.281137,74.3745,37.7666463,-8.0964573,"N2, 7780 Castro Verde, Portugal",PT
115,51.745472,4.381656,45.4441466,17.1863031,"Ul. Stjepana Širca 19, 34550, Prekopakra, Croatia",KH
116,13.810402,66.50038,39.0487638,-8.3738887,"Caminho do Monte das Figueiras Vianas, 2100 Couço, Portugal",PT
117,50.76255,-6.2123265,42.4765685,1.4529428,"Ctra. de Canòlich, AD600 Sant Julià de Lòria, Andorra",AD
118,36.783344,40.705444,-24.2215823,-52.2779726,"BR-487, Parana, 87290-000, Brazil",BR
119,66.1155,20.198734,-39.4287636,175.4523578,"28 Piwari Street, Rangataua 4691, New Zealand",NZ
120,28.208347,39.24847,37.9960472,23.5193014,"Unnamed Road, Salamina 189 00, Greece",GR
121,58.7226,14.223555,58.7522819,25.1137138,"Rõusa-Käru, 79211 Rapla County, Estonia",EE
122,26.699785,12.070856,38.653168,-3.469762,"A-4, 13730 Santa Cruz de Mudela, Ciudad Real, Spain",ES
123,45.300014,3.6250439,52.1760085,5.4622366,"Oosterdorpsstraat 25-27, 3871 AA Hoevelaken, The Netherlands",NL
124,42.60464,2.814165,44.1091619,15.2598284,"Jadranska turstička cesta, 23000, Zadar, Croatia",HR
125,-41.875576,51.532215,-18.6629881,21.9235822,"A35, Botswana",BW
126,3.8472133,122.2612,23.5645741,88.9868328,"Jhenaidah - Chuadanga Rd, Bangladesh",BD
127,43.63219,14.79764,-5.3363975,-79.8879117,"2 A 120, Peru",PE
128,50.959965,16.125355,57.2127576,27.5659858,"P42, Susāju pagasts, LV-4582, Latvia",LV
129,47.04508,47.3552,49.9897421,36.3494461,"Saltivs'ke highway, 143, Kharkiv, Kharkiv Oblast, Ukraine",UA
130,46.732903,49.27084,42.5089762,1.5305297,"Carrer Josep Cornellà Panicello, 2, AD500 Andorra la Vella, Andorra",AD
131,48.40548,2.5875125,44.3639747,8.1639477,"SP28bis, 17017 Roccavignale, Savone, Italie",IT
132,54.583164,6.8564343,-34.98879,-62.9184133,"RN188, Buenos Aires, Argentina",AR
133,58.97473,-16.063349,65.5220487,-19.8495675,"Þjóðvegur, Islandia",IS
134,43.082012,10.091093,48.8620542,17.9421051,"061028, 913 04 Chocholná-Velčice-Velčice, Slovensko",SK
135,57.087685,57.241528,46.0725737,18.2334078,"7622 Pecz, Alsó-malom Street 7, Węgry",HU
136,36.098846,29.570395,-32.8138263,-70.5709822,"E-765, San Esteban, Valparaíso Region, Chile",CL
137,54.82592,42.491528,50.08027,8.6322293,"Saonestraße 3, 60528 Frankfurt, Germany",DE
138,40.586514,20.16864,43.8791117,28.3706473,"DC10, Tătaru, Romania",RO
139,22.963253,22.043436,-33.3213572,-71.4092225,"Avenida Portales, Casablanca, Région de Valparaíso, Chili",CL
140,49.84853,38.8246,59.4977182,26.4809933,"Kunda-Selja, 44020 Lääne-Viru County, Estonia",EE
141,35.768867,6.9581265,38.1437018,-2.5888416,"JF-7038, Jaén, Espagne",ES
142,38.980183,22.283424,-2.5115513,-44.0247762,"R. Sao Januário, 19, São José de Ribamar - MA, 65110-000, Brazil",NZ
143,36.237648,82.440445,1.4543389,103.810271,"209 Woodlands Ave 9, Singapore 738959",SG
144,50.90143,11.458942,36.8054728,139.5981322,"Kirifuri Kogen Rd, Tokorono, Nikkō-shi, Tochigi-ken 321-1421, Japan",JP
145,27.584177,-8.996807,33.4251169,-111.7173018,"5249 East Casper Street, Mesa, AZ 85205, USA",US
146,54.974857,22.920616,47.9886401,0.8014775,"D210, 72320 Valennes, France",FR
147,-22.655859,21.212639,-25.2668873,23.220029,"A20, Botswana",BW
148,38.422577,25.909512,48.5023663,21.225036,"3876 Hidasnémeti, Petőfi Way 1, Hungary",HU
149,56.853146,8.207532,57.3121937,25.6482569,"E77, Rauna parish, LV-4131, Lettonie",KH
150,28.358725,30.086512,-38.0574869,175.9493031,"Leslie Road, Ngatira 3485, New Zealand",NZ
151,3.1455712,-3.2910066,-20.8224927,143.3496366,"Flinders Highway, Stamford QLD 4821, Australia",AU
152,44.906223,10.744123,42.5129874,1.5316519,"Carrer les Canals, 86, AD500 Andorra la Vella, Andorra",AD
153,54.458218,19.02861,50.4056456,4.3426145,"N54, 6140 Fontaine-l'Evêque, Belgique",BE
154,46.193848,12.716706,45.4557621,18.4677996,"Slavonika, 31403, Beketinci, Croatia",HR
155,61.339264,23.613941,57.6529708,26.7540514,"Metstaga-Sadramõtsa, 66106 Võru County, Estonia",EE
156,1.4691777,29.965122,24.9266758,55.6418178,Dubai-Hatta Rd - Sharjah - Các tiểu Vương quốc Ả rập Thống nhất,AE
157,58.703495,6.4319654,62.9942938,7.2541678,"Riksveg 663, 6494 Vevang, Norway",NO
158,40.15581,34.624336,26.9338205,90.0400223,"Daga Rd, Bhutan",BT
159,37.313206,35.46859,44.96758,26.0210896,"Unnamed Road, Ploeszti, Rumunia",RO
160,35.713486,62.812878,-7.2084006,107.6594101,"Jl. Raya Cibeureum No.13, Kertasari, Bandung, Jawa Barat 40386, Indonesia",ID
161,58.282303,23.357807,46.8072908,6.6299747,"A5, 1422 Grandson, Switzerland",CH
162,47.138905,47.93384,35.9898676,139.0785663,"Japan, 〒368-0035 Saitama-ken, Chichibu-shi, Kamimachi, 2 Chome−7 県道73号線",CH
163,46.34082,27.396233,42.5227556,1.5217967,"CG-3, AD400 La Massana, Andorra",AD
164,30.647429,13.103684,-27.2497673,31.433823,"MR11, Swaziland",SZ
165,18.600391,32.930206,41.5064217,-6.3577512,"Unnamed Road, 5210, Portugal",PT
166,19.783567,56.60864,12.5192968,107.5612695,"Ao Nav Rd, Cambodja",KH
167,55.577534,22.305338,53.6399232,21.6982487,"Droga Krajowa 58, Pologne",PL
168,52.34708,15.444813,45.9480518,1.5443014,"Le Masjoubert, 23430 Saint-Martin-Sainte-Catherine, France",FR
169,59.600014,7.875996,47.4221812,19.1138475,"1201 Budapest, Lehel Street 2-4, Hungary",HU
170,7.137482,61.278507,6.7083252,116.3541526,"Sabah, Malaysia",MY
171,5.6561913,96.70023,-29.7959583,30.8140697,"23 Lynton Road, Kloof 3640, Republika Południowej Afryki",ZA
172,43.00317,70.483734,37.5765579,126.962044,"46-262 Muak-dong, Jongno-gu, Szöul, Dél-Korea",KR
173,32.10813,67.59431,22.4795916,114.0574162,"Castle Peak Road (Tam Mei), Tam Mei, Hong Kong",HK
174,45.772953,69.26966,23.7887981,89.3376333,"Dhaka - Kushtia Hwy, Bangladesh",BD
175,54.09359,53.207767,42.0872552,140.5688763,"Hokkaido Expy, Mori-machi, Kayabe-gun, Hokkaidō, Japan",JP
176,31.99283,45.685062,9.212324,-75.1132484,"Since - Galeras, Since, Sucre, Kolumbia",CO
177,56.761612,9.0271,65.7468698,-19.6411491,"Bárustígur, Sauðárkrókur, Iceland",IS
178,24.470182,23.95376,39.1895504,-0.3298558,"CV-511, 1, 46418 Fortaleny, Valencia, Espanja",ES
179,44.188637,4.263963,37.0424655,-93.5565172,"124-140 Evan Road, Billings, MO 65610, USA",US
180,28.358759,68.96819,20.5489822,-103.400442,"Jalisco, Mexico",MX
181,43.5697,46.73086,26.9004311,91.5020939,"Unnamed Road, Bhutan",BT
182,59.311325,-4.5996003,46.6139503,16.406873,"Pri Čardi 1, 9223 Dobrovnik, スロベニア",SI
183,43.412395,-3.6213727,44.3703337,15.1149118,"D108, 23249, Vrčići, Croatia",HR
184,57.732204,22.140652,60.6344531,6.4341774,"Strandavegen 59, 5700 Voss, Norway",NO
185,52.72552,13.66408,37.9165011,-7.4804432,"Rua da Liberdade 65, 7830, Portugal",PT
186,29.394249,44.87099,6.308884,116.7634917,"Unnamed Road, 89100 Kota Marudu, Sabah, Malaysia",MY
187,57.47782,42.530354,27.2595299,89.3276017,"Chhudzom - Haa Rd, Bhutan",BT
188,57.282543,6.653185,46.2058372,6.0766331,"Route du Canada 5, 1214 Vernier, Switzerland",CH
189,10.674957,99.91191,23.7560957,89.5546515,"Dhaka - Kushtia Hwy, Bangladesh",BD
190,-0.15842056,77.24558,23.7188598,88.7468912,"Chuadanga - Meherpur Hwy, Bangladesz",BD
191,54.49046,8.289722,64.0062959,-22.5682799,"Háteigur, Reykjanesbær, Iceland",IS
192,41.09636,44.60449,42.622221,-8.3058461,"PO-534, 36559 Forcarei, Pontevedra, Spain",ES
193,58.201054,0.58630085,50.4263484,30.4339232,"Odeska Street, 8-10, Kyyiv, Kyiv city, Ukraine",UA
194,51.546696,10.526632,-38.228788,175.9063812,"247-321 Mossop Road, Kinleith 3491, New Zealand",NZ
195,50.931522,29.256989,49.9783622,17.1633644,"11, 795 01 Stará Ves, Czech Republic",AE
196,27.57538,-22.751223,-49.1662682,-71.3077639,"RN40, Santa Cruz, Argentina",AR
197,52.43437,7.5198216,51.1763359,6.8616084,"Peter-Krahe-Straße 32, 40599 Düsseldorf, Allemagne",DE
198,48.5544,27.092875,56.2006086,22.7014585,"1026, Venta 85305, Lithuania",LT
199,25.312677,45.90097,38.8392593,-94.415134,"1706-1730 Southwest County Line Road, Lee's Summit, MO 64082, USA",US
200,36.57911,9.339252,42.7677929,-5.0702991,"Valle de Las Casas, 24892, León, Spain",ES
201,52.615368,5.938267,42.6098788,13.0649757,"Terzone, 241, 02016 Terzone Rieti, Italy",IT
202,11.259022,-4.033261,-31.6559458,-71.3212813,"D-75, Illapel, Coquimbo Region, Chile",CL
203,45.788807,38.31858,45.6742566,9.6443401,"Via Grumello, 30, 24127 Bergamo, Italy",IT
204,53.019566,3.1405544,71.0108789,25.9170671,"E69 148, 9750 Honningsvåg, Norway",NO
205,41.78345,48.13074,43.937062,24.9447252,"DJ653, Băneasa, Romania",RO
206,49.53389,-5.392136,55.4143907,10.4248691,"Tjørnehaven 22-30, 5240 Odense, Denmark",DK
207,-24.365759,-6.2697663,27.0074948,-112.0742516,"Transpeninsular Highway, Heroica Mulegé, Baixa Califórnia Sur, Estados Unidos Mexicanos",MX
208,31.281878,49.830166,-10.6629115,-77.7994701,"Panamericana Norte, Peru",PE
209,41.886745,-7.362267,44.3868982,10.6655755,"Strada Provinciale 24, 41046 Palagano, Modena, Italy",IT
210,49.989544,22.68194,69.887665,18.8609998,"Fylkesveg 66 60, 9131 Kårvik, Norway",NO
211,52.34721,-1.6405706,42.5541086,1.6737811,"Camí Pont de Capigol, AD100 Canillo, Andorra",AD
212,23.40581,115.43048,23.122247,88.19596,"Shaheb Bazar Rd, Rajshahi, Bangladeche",BD
213,55.482044,5.7814403,55.3883726,11.277948,"Hejningevej 16-18, 4200 Slagelse Municipality, Danimarca",DK
214,50.502697,33.6999,57.1516024,25.7002967,"P30, Taurene parish, LV-4119, Latvia",LV
215,-34.571663,3.347073,-20.2067078,23.2081361,"A3, Botswana",BW
216,50.900265,14.3048,54.1514358,-7.2198361,"Unnamed Road, Co. Monaghan, Ireland",IE
217,39.756004,-22.085224,39.1643137,-3.8551567,"Calle Doctor Isabelo Díaz Toledo, 14-16, 13420 Malagón, Ciudad Real, Spain",ES
218,59.32252,5.7844515,56.0130935,27.625316,"Krasta iela, Nikšāni, Robežnieku pagasts, LV-5676, Latvia",LV
219,46.4893,30.509008,23.1202653,91.3325347,"Dhaka - Chittagong Hwy, Bangladesh",BD
220,44.898235,6.525311,43.5432421,1.340607,"26 Rue de la Françoy, 31270 Cugnaux, France",FR
221,44.920467,3.125432,52.366377,-9.3535727,"Unnamed Road, Co. Kerry, Ireland",IE
222,57.254665,17.070498,51.1212069,13.8486081,"Ullersdorf-Langebrücker Straße, 01099 Dresden, Germany",DE
223,46.912075,-1.8625107,48.0914411,-89.4811365,"Hwy 61, Neebing, ON P0T, Canada",CA
224,54.075947,41.81757,50.4733752,30.4804821,"Tropinina street, 9, Kyyiv, Kyiv city, Ukraine",CZ
225,45.986168,93.1897,25.0304259,121.4296479,"No. 651-9, Zhōngzhèng Road, Xinzhuang District, New Taipei City, Taiwan 242",TW
226,0.00701952,9.517298,-22.2793183,28.946603,"Transit Road, Botswana",BW
227,53.303505,14.374184,55.6852823,24.1437329,"3415, Naujamiestis 38335, Lithuania",LT
228,30.69552,49.88309,2.7649314,101.9292578,"555-563, Jalan Bukit Mutiara 18, Taman Bukit Mutiara, 70200 Seremban, Negeri Sembilan, Malaysia",MY
229,47.465336,44.861385,9.8406478,-74.486222,"I-80, Plato, Magdalena, Colombia",CO
230,40.435665,30.57275,2.6760407,101.8773307,"Unnamed Road, Garden Avenue, 70300 Seremban, Negeri Sembilan, Malaysia",MY
231,29.922258,37.18258,24.0106618,121.6264945,"No. 42, Měigōng Road, Hualian City, Hualien County, Taiwan 970",TW
232,1.8646188,11.619341,32.9155183,35.4157747,"806, Israel",IL
233,51.74298,12.332474,34.1745628,-118.5216382,"17834-17838 Miranda Street, Encino, Californië 91316, Verenigde Staten",US
234,62.24928,17.715942,59.9118061,10.9271313,"Ekerudlia 8, 1476 Rasta, Norway",NO
235,42.648006,27.101568,50.8850426,17.3733255,"Droga Krajowa 94, Poland",PL
236,49.08453,15.700726,56.2698943,10.0912266,"Møllevej 2, 8382 Hinnerup, Denmark",DK
237,53.877224,-15.703854,54.1534432,-0.2428881,"24 Wide Lane, Filey, North Yorkshire YO14 9TB, UK",GB
238,38.0546,48.23543,13.6497448,104.7027235,"Unnamed Road, Cambodia",KH
239,27.938349,58.037758,-2.5115513,-44.0247762,"R. Sao Januário, 19, São José de Ribamar - MA, 65110-000, Brazil",NZ
240,51.68955,22.579859,46.8884352,26.4197923,"Cutului, Dumbrava Roşie 617185, Romania",RO
241,34.696224,8.913111,63.6836052,11.1170002,"Fylkesveg 115, 7620, Norway",NO
242,5.7334676,97.39975,22.544379,91.6941409,"Dhaka - Chittagong Hwy, Banshbaria, Bangladesh",BD
243,37.798584,25.183912,-22.2921801,-46.9703565,"Rodovia Deputado Mário Beni, São Paulo, Brazylia",BR
244,43.226795,15.59827,-26.889701,30.9353246,"MR13, Sicunusa, Swaziland",SZ
245,43.55846,52.01719,32.0948145,34.8566375,"Arieh Shenkar 15, Petah Tikva, Israel",IL
246,51.924503,18.048973,64.9976208,25.5230892,"Kainuuntie 246, 90250 Oulu, Finland",FI
247,42.17261,50.224644,37.4775623,126.4758442,"2091-99 Unseo-dong, Jung-gu, Incheon, South Korea",KR
248,-26.482615,-10.375757,-20.1162202,23.5988142,"A3, Botswana",BW
249,40.415913,8.937609,47.4933605,26.0112633,"DJ177C, Romania",RO
250,57.346825,27.301624,48.949103,20.751586,"536, 053 62 Bystrany, Eslovaquia",SK
251,55.891148,15.930157,64.1389939,-21.8054222,"Fannafold, ~ Reykjavik, Iceland",IS
252,47.31553,63.188644,42.5064664,1.5161905,"Carrer Font del Puial, 22, AD500 Andorra la Vella, Andorra",AD
253,64.35897,21.15962,53.9875878,24.2974349,"5003, Dzūkijos nacionalinis parkas 65285, Lithuania",LT
254,29.175797,51.373253,24.9502086,55.255306,D57 - Dubai - アラブ首長国連邦,AE
255,64.70198,24.3671,61.7684471,11.4593621,"Rv217 1230, 2485 Rendalen, Norway",IS
256,28.53346,61.650154,-25.7823628,28.4994937,"Bronkhorstspruit Road, South Africa",ZA
257,46.437153,20.128288,53.1160767,8.7036449,"Hasenbürener Landstraße 40, 28197 Bremen, Germany",DE
258,43.16962,34.462296,-37.6519243,176.1952728,"476A Maunganui Road, Mount Maunganui, Tauranga 3116, New Zealand",NZ
259,51.989838,21.931047,46.0910036,14.9059784,"Spodnji Log 18, 1282 Sava, Slovenië",SI
260,55.61552,16.67152,55.2898112,23.9790171,"Tilto gatvė 2, Kėdainiai 57256, Lithuania",LT
261,20.762102,23.414865,19.6748192,-101.666934,"Michoacán Erongarícuaro - Chupícuaro, Michoacán, Mexiko",MX
262,54.016285,1.0292106,-33.4713214,150.172195,"1 Saywell Street, Lithgow Nowa Południowa Walia 2790, Australia",AU
263,7.830053,-12.9723835,-44.8206646,-69.5698456,"RP23, Chubut, Argentina",AR
264,1.81253,83.45732,18.6258867,-96.2173214,"Carretera Federal 145de Cuota, Los Robles, Veracruz de Ignacio de la Llave, Mexico",MX
265,-18.358236,-18.310307,-38.471935,-67.4727967,"RP6, Río Negro, Argentina",AR
266,46.008484,25.402325,44.0855095,-77.2391418,"86 Prince Edward County Rd 14, Demorestville, ON K0K 1W0, Kanada",CA
267,55.708767,24.618055,48.8578553,-64.2026799,"1277-1299 QC-132, Gaspé, QC G0E, Canada",CA
268,1.620831,87.95285,40.1007255,15.5734989,"Strada Provinciale 210, 84079 Vibonati, Salerno, Italy",IT
269,49.809788,9.79141,-36.8145604,-59.1314743,"Ruta Provincial 60, Buenos Aires, Argentina",AR
270,56.486095,8.458811,57.9947931,22.1440168,"77, Mäebe, 93246 Saaremaa, Estonia",EE
271,49.389133,2.943647,42.5859823,1.5211924,"Avinguda del Cresp, AD300 Ordino, Andorra",AD
272,29.552843,79.70142,22.2704488,114.2436751,"11 Chong Fu Rd, Chai Wan, Hong Kong",HK
273,59.624954,5.2013073,52.9637792,-7.7920174,"20-32 An Gleann Glas, Co. Tipperary, Ireland",IE
274,60.639874,10.887282,54.3045641,-7.7877177,"89A Gardrum Road, Enniskillen, Fermanagh BT74 9AT, UK",GB
275,51.96918,6.488779,56.4629048,36.5698951,"Leningradskoye shosse, Spas-Zaulok, Moskovskaya oblast, Russia",RU
276,42.01369,32.13557,55.9703762,9.8074072,"Kvægenbjergvej 12, 8752 Østbirk, Denmark",DK
277,59.377094,16.159945,64.9522098,25.6722742,"Mikkolantie 45, 90310 Oulu, Finland",FI
278,34.0233,53.41473,27.785271,128.8950738,"183 Ōtsukawa, Amagi-chō, Ōshima-gun, Kagoshima-ken 891-7622, Japan",JP
279,38.235226,88.58104,2.9305911,-75.2971812,"La Toma # 1D-1, Neiva, Huila, Colombia",CO
280,10.826782,80.790405,19.8923478,99.1136149,"Unnamed Road, Tambon Mon Pin, Amphoe Fang, Chang Wat Chiang Mai 50110, Thailand",TH
281,58.73356,5.457889,52.636277,-9.3920056,"Unnamed Road, Co. Клэр, Ирландия",IE
282,53.896244,50.243214,27.3677265,89.3066635,"Bondey-Haa Hwy, Bhutan",BT
283,39.85988,16.417799,44.9461746,7.3276588,"Via Coassoli, 86, 10060 Cantalupa Turin, Italy",IT
284,59.20416,18.20382,56.3253167,21.3730365,"P113, Dunika parish, LV-3480, Latvia",LV
285,49.587887,20.842169,51.0174128,7.0072736,"Knochenbergsweg 3, 51373 Leverkusen, Germany",DE
286,53.377865,31.69108,62.9518339,17.6236974,"772, Kramfors V, Sweden",SE
287,-2.953319,7.8593154,-20.188005,25.2860232,"A3, Botswana",BW
288,22.018269,18.186188,-22.5400503,27.1193837,"Yarona Road, Palapye, Botswana",BW
289,49.775555,10.327495,27.4966786,89.3188715,"Unnamed Road, Bhutan",BT
290,23.30366,107.74376,1.4300653,103.9767555,"428 Pulau Ubin, Singapore 508367",SG
291,49.098568,4.949084,39.6901132,22.852822,"Epar.Od. Agiokampou, Agia 400 03, Greece",GR
292,45.24436,2.6752229,43.1116858,-7.8460617,"LU-232, 14, Friol, Lugo, Spain",ES
293,47.630768,23.203003,-26.1619236,28.3102741,"47 Farrar Street, Benoni 1501, South Africa",ZA
294,46.150295,62.84122,47.393485,8.5004486,"Bernerstrasse, 8048 Zurich, Switzerland",CH
295,8.945291,45.039024,-19.3063314,25.8426453,"A33, Botswana",BW
296,64.60374,6.1127124,56.7466663,24.9127618,"Ozolleju iela, Lielvārde, Lielvārdes pilsēta, LV-5070, Latvia",LV
297,20.244307,25.68748,38.0163018,-1.4988631,"C-3315, 30170 Mula, Murcia, Hiszpania",ES
298,45.090206,13.5303,47.5177134,-1.9730863,"19 Rue du Moulin de la Justice, 44530 Guenrouet, France",FR
299,53.711033,14.01387,40.6163676,21.4754107,"Unnamed Road, Aminteo 530 75, Griechenland",GR
300,-2.0339646,23.192156,-25.8870663,31.5097728,"MR1, Swaziland",SZ
301,55.056786,65.03669,37.5534999,126.8365622,"311 Gangseo-ro, Gangseo-gu, Seoul, South Korea",KR
302,41.295948,23.972748,47.9067518,18.2112528,"64 8-26, 947 03 Hurbanovo-Pavlov Dvor, Słowacja",PE
303,46.157425,47.093365,35.1978487,129.0055506,"1262-12 Gupo 2(i)-dong, Buk-gu, Pusan, Corée du Sud",KR
304,-1.9995751,6.211002,-26.5476248,31.8756879,"MR16, Swaziland",SZ
305,58.31963,21.298178,56.735196,26.0144821,"P37, Kalsnava parish, LV-4860, Latvia",LV
306,59.35689,9.309742,47.5833231,5.0559742,"D120, 21120 Marey-sur-Tille, France",NL
307,31.599195,57.86181,-29.9262776,30.936276,"Higginson Highway, Chatsworth 4092, South Africa",ZA
308,53.76407,35.30176,44.9301802,25.3040223,"DJ702A, Drăgăieşti Pământeni, Romania",RO
309,30.02231,79.43329,44.70957,22.4069549,"Strada Gratca, Orșova, Romania",RO
310,59.446606,10.936221,51.1600049,4.4610916,"Hoverheide 12-18, 2540 Hove, Belgium",BE
311,55.775974,31.909214,46.4627343,6.3371443,"Avenue de la Gare 20, 1180 Rolle, Switzerland",CH
312,-38.41245,117.48128,-36.8255841,142.6361803,"Riachella Tramline Road, Wal Wal VIC 3381, Australia",AU
313,42.10101,60.404533,22.7615932,121.1368694,"No. 1-19, Alley 13, Lane 593, Xīnshēng Road, Taidong, Tajwan 950",TW
314,22.868494,70.55077,22.4401016,113.9465561,"Nim Wan Rd, Lau Fau Shan, Hong Kong",HK
315,52.871006,26.05474,37.6355921,126.8668563,"68-4 Seooreung-ro 663beon-gil, Deokyang-gu, Goyang-si, Gyeonggi-do, South Korea",KR
316,61.477734,9.878876,48.0914411,-89.4811365,"Hwy 61, Neebing, ON P0T, Canada",CA
317,52.19018,-15.126602,47.4604181,8.4407857,"Alter Bahnhof 2, 8107 Buchs, Switzerland",CH
318,45.263676,48.13094,46.1799074,14.3307297,"Virmaše 123, 4220 Škofja Loka, Slovenia",SI
319,55.177197,26.034208,50.4738536,30.6368619,"Sholom-Aleikhema street, 17, Kiev, Kyiv city, Ukraine",UA
320,21.917852,11.084183,19.7856976,-98.7052308,"Huasteca, State of Mexico, Mexico",MX
321,39.758823,55.944508,32.4057996,-117.055465,"Avenida Los Cuñados, Plan Libertador, Baja California, Mexico",MX
322,44.446457,34.38538,46.1749093,13.7049424,"Volče 42c, 5220 Tolmin, Słowenia",SI
323,33.091377,42.927647,4.7168423,-74.0287316,"Carrera 7 # 140-2 a 140-100, Bogota, Cundinamarca, Kolumbia",CO
324,38.50392,3.3809557,38.6405951,-7.8524764,"E802, 7005, Portogallo",PT
325,62.940998,19.144993,56.7816626,24.6493208,"Priežu iela 1, Ciemupe, Ogresgala pagasts, LV-5041, Latvia",LV
326,56.069767,9.4191475,50.6030459,5.5022092,"Rue de la Boverie 247, 4100 Seraing, Belgium",BE
327,14.431326,5.7855916,-33.6036392,21.7842571,"R62, South Africa",ZA
328,28.198605,40.905937,43.4434607,-5.7855194,"AS-241, 33192, Asturias, Spain",ES
329,22.756899,33.395805,-7.2554273,-79.0948162,"PE 08 48, Peru",PE
330,48.439686,35.885452,-25.0339349,30.8206377,"R532, South Africa",ZA
331,51.48458,36.301445,22.4368901,120.5163688,"No. 40-2, Róngnóng Road, Linbian Township, Pingtung County, Taiwan 927",TW
332,57.55868,25.077072,55.9454331,26.5920897,"Mazā Medus iela 28-30, Daugavpils, LV-5413, Latvia",LV
333,38.340652,63.43875,48.5635343,17.9941386,"Vozokany 116, 956 05 Vozokany, Slovakia",SK
334,46.407524,50.230587,37.5595728,127.1686785,"215 Godeok-dong, Gangdong-gu, Séoul, Corée du Sud",KR
335,30.56246,10.078295,-36.7777076,-73.0928769,"Aviación 6949-6981, Talcahuano, Biobío Region, Chile",CL
336,51.207172,6.3187556,50.1967948,-105.39616,"Unnamed Road, Briercrest, SK S0H 0K0, Canada",CA
337,55.05805,6.155146,55.7099931,9.4677096,"Vardevej 359, 7100 Vejle County, Denmark",DK
338,55.88196,9.622976,51.9460096,4.449225,"Copernicuslaan 21-23, 3045 Rotterdam, The Netherlands",NL
339,3.9174352,37.99737,24.992155,55.357965,Dubai - United Arab Emirates,AE
340,58.207203,9.498793,46.6786249,16.0425901,"Gederovci 3, 9251 Tišina, Slovénie",SI
341,23.729692,49.95924,17.511186,104.0591625,"Unnamed Road, Tambon Tha Ruea, Amphoe Na Wa, Chang Wat Nakhon Phanom 48180, Thailand",PT
342,38.018368,28.391102,36.6658166,24.8576026,"Unnamed Road, Folegandros 840 11, Grekland",GR
343,50.81857,12.903118,47.7157613,17.9914987,"2941 Ács, Hartmann Way 1, Hungary",HU
344,41.852364,60.33526,24.8252657,125.1379335,"Unnamed Road, Irabu, Miyakojima-shi, Okinawa-ken 906-0000, Japan",JP
345,52.783108,4.0958886,45.083365,0.1737387,"D40, 24700 Saint-Barthélemy-de-Bellegarde, Frankrijk",FR
346,14.086092,105.148186,23.3609662,89.1418653,"Jessore - Jhenaidah Hwy, Bangladesh",BD
347,43.363197,36.902386,4.7520584,-74.0617542,"Calle 168 # 62-2 a 62-100, Bogotá, Cundinamarca, Colombia",AE
348,58.544556,50.364227,51.9711303,20.1768059,"Jana III Sobieskiego 83, Skierniewice, Polska",PL
349,53.965565,10.763693,45.7783226,16.6392694,"Gornji Draganec 132, 43245, Gornji Draganec, Croatia",HR
350,32.305576,75.3614,-33.8977032,-70.6485678,"G-515-H, Paine, Santiago Metropolitan Region, Chile",CL
351,27.553076,81.154495,1.4080688,103.9925566,"Unnamed Road, Singapore",SG
352,30.519213,15.754885,-15.783379,-48.127564,"BR-070, Dystrykt Federalny, Brazylia",BR
353,37.336037,11.548915,49.3744367,3.0642008,"D16, 60350 Hautefontaine, France",FR
354,29.244131,1.78653,45.5888467,-84.5729209,"4155-4285 Riggsville Rd, Cheboygan, MI 49721, Stany Zjednoczone",UA
355,44.958138,5.2489705,49.8059604,17.258637,"44417, Mutkov, République tchèque",CZ
356,55.753326,8.043674,51.9160171,5.4148775,"Terweistraat 1, 4011 EX Zoelen, The Netherlands",NL
357,57.53555,-10.9363785,61.4837465,21.8355167,"Virmapolku 9, 28300 Pori, Finland",FI
358,58.045856,21.060766,-35.4350772,-71.6299089,"Treinta Oriente, Talca, Région du Maule, Chili",CL
359,5.7494326,93.950836,13.9797971,107.0757142,"Unnamed Road, Cambodia",KH
360,55.04574,31.89542,52.3950315,9.8037021,"Neue-Land-Straße 7, 30655 Hanover, Germany",DE
361,49.301342,19.693039,44.114801,26.5864327,"Strada Pietruită, Chirnogi, Romania",RO
362,59.269466,8.598761,55.9325173,21.2462646,"218, 97240, Lithuania",LT
363,36.39929,80.78052,23.8728318,120.5880263,"No. 1, Lane 460, Section 3, Dōngmǐn Road, Tianzhong Township, Comté de Changhua, Taïwan 520",TW
364,53.589252,27.996674,23.6658569,120.324949,"Ānwu Road, Yuanchang Township, Yunlin County, Taiwan 655",TW
365,43.51173,33.10585,51.712452,-8.8877594,"Unnamed Road, Co. Cork, Irlandia",IE
366,60.570343,4.527954,64.9481597,25.5477387,"Tulipiipuntie 10, 90420 Oulu, Finland",SZ
367,46.635006,42.070618,44.8393303,38.3975864,"ulitsa Lenina, Kholmskaya, Krasnodar Krai, Russia",RU
368,49.511932,25.3954,40.6647147,23.6423804,"EO Thessalonikis Kavalas, Volvi 570 21, Greece",GR
369,42.116947,42.885506,49.8454245,23.9794098,"Povitriana Street, 18, Lviv, Lviv Oblast, Ukraine",UA
370,52.889034,3.2319736,45.4999161,25.8565696,"DN1A, Romania",RO
371,-22.104456,108.35052,-34.3420081,116.8830183,"1856 Wingebellup Road, Frankland River WA 6396, Australia",AU
372,29.902237,72.84657,23.3594402,90.0003385,"Dhaka - Barisal Hwy, Bangladesh",BD
373,26.35581,28.883675,38.879595,-0.5464195,"CV-6420, 46860 Albaida, Valencia, Spain",ES
374,47.702316,7.955151,53.0847939,-8.2179523,"Unnamed Road, Co. Galway, Ireland",IE
375,40.9645,14.321917,-33.393212,-71.2492151,"Ruta 68, Curacaví, Santiago Metropolitan Region, Chile",CL
376,48.634106,16.588755,35.6241143,-97.3017692,"12839-12977 Northeast 150th Street, Jones, OK 73049, USA",US
377,46.23283,57.64207,35.1730614,129.1013717,"840 Mangmi-dong, Suyeong-gu, Busan, South Korea",KR
378,22.46232,-12.200623,-40.0183857,-64.7490245,"RN250, Río Negro, Argentina",AR
379,58.15019,24.751923,64.4648022,11.4969998,"Klingavegen, 7800 Namsos, Norge",NO
380,28.920713,16.884563,33.6628104,-102.4120478,"2501-2811 Farm to Market Road 2306, Levelland, TX 79336, USA",US
381,59.278873,6.816669,52.0240029,5.3938452,"Rijksstraatweg 238, 3956 CW Leersum, The Netherlands",NL
382,49.09795,23.161463,53.4316909,55.9375381,"P314, Republic of Bashkortostan, Russia",RU
383,13.641966,83.54695,1.3862344,103.644996,"Bridge Eins, Singapur",SG
384,54.20454,33.228992,52.0240029,5.3938452,"Rijksstraatweg 238, 3956 CW Leersum, The Netherlands",NL
385,47.96629,46.89706,10.480182,-73.2746075,"Carrera 27 # 5-2 a 5-100, Valledupar, Cesar, Colombia",CO
386,51.834812,17.557741,49.1174957,19.0279585,"E50, Malá Fatra-OP, 038 53 Turany, Slovakia",SK
387,51.84228,-6.9659696,50.9013552,4.5467928,"Stroeykensstraat 22, 3071 Kortenberg, Belgium",BE
388,14.357105,91.22197,24.4482544,124.210927,"Japan, 〒907-0451 Okinawa-ken, Ishigaki-shi, Fukai 県道87号線",JP
389,54.78478,-0.78724194,52.4865243,-3.4243546,"2 Walk Mill, Llandinam, Powys SY17 5AA, UK",GB
390,58.168785,4.647199,52.2198763,6.8036989,"Haimersweg 200, 7547 RR Enschede, The Netherlands",NL
391,47.091267,29.664875,27.4389148,89.4314246,"Unnamed Road, Paro, Bhutan",BT
392,55.81928,5.7398496,51.2549122,-108.3760253,"Bisley School Rd, Plato, SK S0L 2P0, Canada",CA
393,51.413784,-6.2243075,49.3509369,14.0881456,"Čížová 43, 397 01 Čížová, Czech Republic",CZ
394,2.5599656,6.4574466,38.2599876,23.0047624,"Epar.Od. Thivas-Paralia Sarantis 838, Thiva 320 10, Greece",GR
395,43.77985,78.53365,22.4604715,114.1789695,"Fung Yuen Rd, Hong Kong",HK
396,32.892525,81.92211,24.9828098,55.0937398,Sheikh Zayed Rd - Dubai - Förenade Arabemiraten,AE
397,51.16815,9.970993,42.6626444,26.6868934,"7, 8883 Gorno Aleksandrovo, Bulgarie",BG
398,46.190926,68.197845,25.2504254,55.3455341,D70 - Dubai - United Arab Emirates,AE
399,26.358858,29.687826,18.6231653,-99.2267824,"Plan de Iguala, Morelos, Mexico",MX
400,56.882027,31.368229,46.9789193,7.3673739,"Uettligenstrasse 63-69, 3033 Wohlen, Switzerland",CH
401,40.573917,30.521948,46.7155561,21.5629659,"E671, Romania",RO
402,62.088696,23.46267,48.5487713,19.4127923,"Milana Rastislava Štefánika 55, 962 12 Detva, Slovakia",SK
403,56.643955,7.272806,37.451782,127.0009988,"451-9 Gwacheon-dong, Gwacheon-si, Gyeonggi-do, South Korea",KR
404,43.5697,11.034357,-5.5635274,-80.8072373,"1NK, Peru",PE
405,-4.630242,120.78079,39.1280253,-8.9920379,"N1, 2580 Abrigada, Portugal",PT
406,31.335081,83.102585,4.9872581,-75.5659558,"I-25, Manizales, Caldas, Kolumbia",CO
407,52.253353,67.62143,37.4907823,127.0224995,"116 Saimdang-ro, Seocho-gu, Seoul, South Korea",KR
408,52.809746,4.4216356,43.6299957,12.594056,"Strada Provinciale 55, 61041 Acqualagna, Pesaro and Urbino, Italy",IT
409,20.78552,91.694305,1.410545,103.9904566,"840W Pulau Ubin, Singapore 508381",SG
410,44.71381,46.41845,-7.2232393,112.7263332,"Jl. Tg Karang, Krembangan, Kota SBY, Jawa Timur 60177, Indonesia",ID
411,5.45469,74.23407,20.7430819,-105.3139887,"Boulevard Central, Nayarit, Mexico",MX
412,15.153458,41.94236,38.3927816,-8.3159698,"Unnamed Road, 7580 ポルトガル",PT
413,59.0998,6.391367,57.37785,15.6062374,"Storgatan, 570 81 Järnforsen, Sweden",SE
414,36.188484,15.184668,-26.6698404,26.3637693,"R503, South Africa",ZA
415,40.684345,16.809536,31.9598273,34.8614429,"Eitan Street, Nir Cvi, Izrael",US
416,46.05202,21.112541,50.1967948,-105.39616,"Unnamed Road, Briercrest, SK S0H 0K0, Canada",CA
417,55.384876,3.9413877,47.4920249,8.7449565,"Tösstalstrasse 106, 8400 Winterthour, Suisse",CH
418,55.23844,0.35471964,46.0353405,14.4888711,"Pod bukvami 22, 1000 Ljubljana, Słowenia",SI
419,42.74585,5.4487658,42.2827463,25.9329267,"554, 6260 Radnevo, Bulgaria",BG
420,52.930218,40.953857,38.1509913,20.3816044,"Κουνοπετρα, Kefalonia 282 00, Grecja",GR
421,59.068077,8.672363,53.4850594,10.1933873,"Wehrdeich 55, 21035 Hamburg, Germany",DE
422,23.477144,57.596638,-7.574071,110.874932,"Jl. Ngak Ketemu, Mojolaban, Sukoharjo, Jawa Tengah 57554, Indonesia",ID
423,54.776035,13.152035,44.7294299,26.644128,"Strada Abatorului, Urziceni 925300, Romania",RO
424,52.832813,21.857439,38.1315719,-8.2578403,"Unnamed Road, 7900 Figueira dos Cavaleiros, ポルトガル",PT
425,54.146416,-5.433601,55.6733449,12.3923583,"Nordre Ringvej 97, 2600 Glostrup, Dänemark",IS
426,35.237297,61.028877,6.3395749,100.4203754,"North-South Expy, 06000 Jitra, Kedah, Malaysia",MY
427,25.722631,-30.172436,65.6459407,-16.3548439,"Route 1, Iceland",IS
428,42.967686,99.55345,35.0846921,129.0256227,"705 Nambumin 2(i)-dong, Seo-gu, Busan, South Korea",KR
429,55.97487,27.809526,57.9172133,25.874459,"Piiri-Jeti, 68513 Valga County, Estonia",KR
430,40.498806,28.42447,44.870774,10.1950279,"A1 Milano - Napoli, 43012 Fidenza, Parma, Italy",IT
431,47.406128,26.25356,49.1612757,14.7372153,"00352, 391 81 Vlkov, Czech Republic",CZ
432,52.925785,34.198517,43.2112054,26.8023411,"5102, 7740 Nadarevo, Bulgaria",BG
433,53.81463,9.1816635,46.3094535,15.6908409,"Dežno pri Makolah 39, 2321 Makole, Słowenia",SI
434,30.184326,26.508898,31.7486554,35.1871523,"Derech Yitshak Moda'i, Jerusalem, Israel",IL
435,54.986263,0.34784317,50.9158229,3.3480016,"Sparrestraat 4-6, 8710 Wielsbeke, Belgium",BE
436,21.318768,66.36926,-33.4432076,-70.7299553,"Los Clarines 6680-6698, Lo Prado, Región Metropolitana, Chili",CL
437,50.89382,13.344505,52.5491875,13.1590497,"Paul-Gerhardt-Ring 4, 13589 Berlin, Germany",DE
438,15.445204,-5.379722,-29.8691391,20.7303865,"R27, South Africa",ZA
439,38.95661,31.7731,-33.6567523,-70.5866304,"Moseñor Manuel Larraín, Pirque, Santiago Metropolitan Region, Chile",CL
440,1.900681,27.893665,2.5009864,-60.8830441,"BR-174, Boa Vista - RR, Brazil",NZ
441,43.170895,36.843536,-5.1959156,-80.6264553,"Ica, Piura, Pérou",PE
442,5.470751,81.448456,5.2653985,116.9727944,"Unnamed Road, Kinabatangan, Sabah, Malaysia",MY
443,67.10107,1.341151,52.0240029,5.3938452,"Rijksstraatweg 238, 3956 CW Leersum, The Netherlands",NL
444,57.15205,-2.7663293,46.6493217,15.3836919,"Spodnja Kapla 106, 2362 Kapla, Slovenia",SI
445,36.180893,16.55642,-27.352555,-53.4013138,"Rua Tamoios, 232-354 - Fatima, Rio Grande do Sul, 98400-000, Brazil",BR
446,16.701662,23.325092,-26.9159344,31.3383031,"MR9, Nhlangano, Swaziland",SZ
447,34.037853,81.066475,23.6028195,89.1811769,"Kushtia - Jhenaidah Hwy, Bhatai Bazar, Bangladesh",BD
448,48.947132,42.112236,32.1727012,34.8996342,"Blum 1-5, Kfar Saba, Israel",IL
449,58.74907,5.4859986,51.7475638,5.833689,"Steegstraat 24, 5439 NL Linden, The Netherlands",NL
450,23.739859,71.68686,22.444602,114.1308817,"Lam Kam Rd, Lam Tsuen, Hong Kong",HK
451,45.20021,10.180823,46.429306,30.739974,"Zhabotyns'koho street, 1-5, Odesa, Odessa Oblast, Ukraine",UA
452,15.682674,99.30777,4.88702,103.0433988,"T117, Kampung Lubuk Periok, 21800 Kuala Berang, Terengganu, Malaysia",MY
453,11.39905,41.63783,-19.1750515,23.7512606,"Unnamed Road, Botswana",KH
454,47.348522,52.74942,47.393485,8.5004486,"Bernerstrasse, 8048 Zurich, Switzerland",CH
455,64.26618,20.248606,53.4002741,-6.3799234,"59 Corduff Park, Dublin, Ireland",IE
456,60.784393,28.855837,50.8396051,4.2298319,"Sint-Annastraat 1, 1701 Dilbeek, Belgium",BE
457,36.61219,32.53795,-34.0023052,18.5693794,"8057 Lansdowne Road, Cape Town 7750, South Africa",ZA
458,54.241726,4.7280574,56.1764796,12.9073955,"112, 262 95 Ängelholm, Sweden",SE
459,33.744534,38.380745,-9.8307454,-76.0930236,"18A 2018, Peru",PE
460,-19.182154,115.38115,-34.4747757,116.8895095,"7918 Muirs Highway, Frankland River WA 6396, Australia",AU
461,-5.7327943,127.15938,26.7673268,128.2580987,"Unnamed Road, Sate, Kunigami-son, Kunigami-gun, Okinawa-ken 905-1425, Japan",JP
462,30.320591,5.031596,32.6314324,35.123777,"66, Israel",IL
463,38.168232,17.780634,47.3675534,20.3909522,"5061 Tiszasüly, 3224, Hungary",HU
464,55.7689,36.72504,58.9706318,9.1685919,"Fylkesveg 256 540, 3760 Neslandsvatn, Norway",NO
465,46.135345,31.317612,54.4162079,16.5525099,"Droga Wojewódzka 205, Poland",PL
466,43.558723,20.158525,38.9810741,-8.6937728,"Unnamed Road, 2120 Foros de Salvaterra, Portugal",PT
467,37.458675,16.674675,-36.7132096,175.7844224,"822 Black Jack Road, Opito Bay 3592, New Zealand",NZ
468,38.17345,53.05116,27.3106661,91.0641247,"Bumthang - Ura Hwy, Bhutan",BT
469,-2.3301282,23.870575,-24.2260168,26.1718687,"A1, Botswana",BW
470,54.40479,-0.2137723,46.765252,16.0170994,"Pertoča 89, 9262 Rogašovci, Slovenia",SI
471,58.55621,6.765467,49.4401881,19.3130176,"520010, 029 63 Mútne-Mútňanský Duľov, Slovakia",SK
472,47.51294,-1.000855,52.1760085,5.4622366,"Oosterdorpsstraat 25-27, 3871 AA Hoevelaken, The Netherlands",NL
473,18.494993,18.830761,-28.2887808,-61.4558519,"RN95, Santa Fe, Argentína",AR
474,37.516888,35.949116,19.2009767,-98.8727927,"Calle Río San Juan, Temamatla, State of Mexico, Mexico",MX
475,30.549301,34.992676,-28.2740611,27.7068491,"R707, South Africa",ZA
476,44.581425,26.431377,45.3835196,36.8753792,"M25, Krasnodar Krai, Russia",RU
477,45.314148,4.862403,45.9870545,7.7707542,"Bahnhof Gornergrat 1, 3920 Zermatt, Switzerland",CH
478,64.213844,40.803753,42.985499,144.8809048,"334 Tokotan, Akkeshi-chō, Akkeshi-gun, Hokkaidō 088-1107, Japón",JP
479,33.688084,27.764957,10.480182,-73.2746075,"Carrera 27 # 5-2 a 5-100, Valledupar, Cesar, Colombia",CO
480,36.10731,31.677628,1.2463674,103.8245988,"110 Tanjong Beach Walk, Singapore 098943",SG
481,49.593838,26.871368,55.9477812,25.5786204,"Vilties gatvė 26, Rokiškis 42154, Lithuania",LT
482,61.2479,24.910095,46.274883,13.9571474,"Ajdovska cesta 8, 4264 Bohinjska Bistrica, Słowenia",SI
483,54.890244,27.954884,60.9163273,25.624616,"E75, 15700 Hollola, Finland",FI
484,56.85628,-7.651116,49.6109867,35.5417344,"E105, Kharkiv Oblast, Ukraine",UA
485,25.39717,18.218546,-12.2669733,-76.8786056,"Antigua Panamericana Sur, Lima, Peru",PE
486,50.798565,17.105354,-27.4903855,-57.275937,"Ruta Nacional 12, Corrientes, Argentina",AR
487,32.61857,18.521456,40.5916005,-6.657502,"Autovía de Castilla, 37497 Carpio de Azaba, Salamanca, Spain",ES
488,5.6210847,4.11202,39.1180747,-4.9472931,"BA-066, 06660 Fuenlabrada de los Montes, Badajoz, Spain",ES
489,46.468975,54.274364,35.2212298,128.9444359,"1047-17 Daejeo 1(il)-dong, Gangseo-gu, Busan, Coreea de Sud",KR
490,54.564106,12.618231,43.5392553,16.8582094,"D60, 21244, Cista Velika, Croatia",HR
491,51.155563,31.521654,43.6847226,26.4070887,"2003, 7038 Senovo, Bulgaria",BG
492,44.841057,16.544853,49.8074193,24.1328573,"Lomonosova street, 31, Vynnyky, Lviv Oblast, Ukraine",UA
493,61.692764,13.894232,51.6665954,4.5897128,"Distriboulevard 5, 4761 RZ Zevenbergen, The Netherlands",NL
494,40.55505,40.08576,46.3886955,17.8428255,"7400 Kaposvár, Tamási Áron Street 13-15, Węgry",HU
495,27.274569,10.872461,39.1895504,-0.3298558,"CV-511, 1, 46418 Fortaleny, Valencia, Espanja",ES
496,52.498936,36.948494,46.0117191,2.0080225,"D17, 23480 Saint-Sulpice-les-Champs, France",FR
497,45.458202,26.756474,32.0747676,34.8925434,"Assaf Simhoni 14, Petah Tikva, Israel",IL
498,45.878716,15.560709,46.478751,0.0632616,"E5, 86600 Curzay-sur-Vonne, France",FR
499,40.61654,49.30653,42.5533327,1.5074136,"CG-4, 15, AD400 La Massana, Andorra",AD
500,52.27166,24.346943,38.432496,-122.8456802,"7860 Scotts Terrace, Sebastopol, CA 95472, EUA",US
501,42.290867,49.510353,42.8037726,3.0310114,"Quai du Grau Saint-Ange, 66420 Le Barcarès, France",FR
502,47.82535,25.85495,-41.4721395,-72.9870352,"Pasaje Dos 205-2041, Puerto Montt, Région des Lacs, Chili",CL
503,40.2262,14.517235,-33.3510147,-66.3639927,"Autopista de las Serranías Puntanas, San Luis, Argentina",AR
504,44.340363,14.178396,-8.2849323,-35.9445796,"Avenida Oslo, 133-153 - Deputado José Antonio Liberato, Pernambuco, 55027-010, Brazil",BR
505,30.250517,69.44418,34.5631087,134.3500543,"Japan, 〒761-4401 Kagawa-ken, Shōzu-gun, Shōdoshima-chō, Yoshida 県道26号線",JP
506,47.185658,37.999634,23.4940625,120.79398,"605, Kínai Köztársaság, Chiayi County, Alishan Township, 阿里山公路",TW
507,66.1285,13.706793,42.3341811,-81.9057065,"18730-18934 Mull Road, Chatham-Kent, Ontario N0P 1A0, Kanada",CA
508,44.910835,31.359283,45.6354558,9.3635121,"Tangenziale Est, Vimercate, Monza and Brianza, Italy",IT
509,35.762043,30.707386,46.5453377,6.5708286,"Chemin du Saugy 1, Arc-en-Ciel, 1023 Crissier, Switzerland",CH
510,55.948124,11.314304,50.2768436,4.3204142,"Rue de la Sucrerie 123, 6536 Arrondissement of Thuin, Belgium",BE
511,13.696109,82.58449,-19.7419071,-44.8831473,"Avenida Venero Caetano, 1, Minas Gerais, 35668-000, Brazil",BR
512,31.584742,39.664104,49.9860453,36.2114611,"Marshala Malynovs'koho square, 10, Kharkiv, Kharkiv Oblast, Ukraine",UA
513,48.006336,13.099756,27.4966786,89.3188715,"Unnamed Road, Bhutan",BT
514,19.891956,47.045387,-26.2138615,31.9149464,"MR3, Simunye, Swaziland",SZ
515,27.938402,7.316879,41.6154266,-5.6482623,"CL-612, 16, 49123 Benegiles, Zamora, España",ES
516,62.434364,10.410409,56.8719929,22.2410858,"Kārļa iela, Vārme, Vārme parish, LV-3333, Latvia",LV
517,35.611183,-10.258053,42.5537158,1.4467562,"CG-4, AD400 La Massana, Andorra",AD
518,56.777546,22.288607,51.2352361,5.5372713,"Merelstraat 29, 3930 Hamont-Achel, Belgique",BE
519,53.14835,19.765387,57.6483832,25.0363497,"Skolas iela 26, Matīši, Matīši parish, LV-4210, Latvia",LV
520,45.68604,14.404379,42.239313,25.945045,"554, 6262 Beli bryag, Bulgarije",BG
521,72.47055,13.142553,58.4360329,26.4625821,"E263, 60603 Tartu County, Estonia",EE
522,17.230814,43.998913,-26.3351385,152.8675395,"26 Bazzo Road, Pinbarren QLD 4568, Australia",AU
523,47.02933,37.72075,24.4053016,91.5982175,"Dhaka - Sylhet Hwy, Bangladesh",BD
524,53.504337,-9.639843,51.7299771,19.4285468,"Libijska 11-15, 93-480 Lodz, Poland",PL
525,47.376842,15.565163,50.5501715,15.7739961,"Čermná 174, 543 77 Čermná, Czech Republic",CZ
526,48.53384,4.5959306,46.8637712,7.2686295,"Schneidersmatt, 3184 Flamatt, Switzerland",CH
527,59.04752,21.94315,53.4324733,-6.4543576,"3 Tetrarch Grove, Clonee, Co. Meath, Ireland",IE
528,52.90652,-3.3239722,-33.5807992,-62.6046917,"RN8, Córdoba, Argentina",AR
529,52.57478,10.657877,50.645069,5.1353972,"Chaussée de Tirlemont, 4280 Hannut, Belgium",BE
530,54.93643,14.78623,51.9627831,5.4439263,"Homoetsestraat 44, 4024 HJ Eck en Wiel, The Netherlands",NL
531,27.772738,22.92972,-25.6502923,26.7061987,"36 Andries Pretorius Street, Swartruggens 2835, South Africa",ZA
532,60.70993,23.478783,59.0266179,6.0265799,"Fjelltunvegen 65, 4100 Jørpeland, Norway",NO
533,46.75702,21.490906,42.8278674,12.5088667,"Località Viepri, 8-11, 06056 Viepri, Perugia, Italy",IT
534,50.311283,30.968708,56.841608,24.5015716,"P10, Jaunikšķile, Ikšķiles lauku teritorija, LV-5052, Latvia",LV
535,21.856602,62.30735,1.3368308,103.78106,"968 Dunearn Rd, Singapore",SG
536,39.15159,33.86048,1.2799181,103.8556055,"18 Marina Blvd, Singapore",SG
537,11.060845,68.77757,22.3935509,89.0735264,"Satkhira - Kalaroa Rd, Bangladéš",BD
538,30.679108,-27.253033,65.4396354,-20.585839,"Þjóðvegur, Islandia",IS
539,18.66124,110.59041,23.8861277,89.1058197,"Kushtia - Jhenaidah Hwy, Kushita, Bangladesh",BD
540,14.407803,58.352165,32.5322101,34.9257006,"Bahat 242-243, Beit Hanania, Israel",IL
541,53.264843,14.153261,40.7903216,8.5404081,"SP25, km8,5, 07037 Sorso, Porto Torres Sassari, Italy",IT
542,48.036167,3.5699697,42.5394054,1.4779919,"CG-4, AD400 La Massana, Andorra",AD
543,63.514645,-6.4381146,49.8403355,5.0892886,"Route de Sedan, 6832 Bouillon, Belgium",BE
544,47.833126,25.100086,46.2613991,15.4926139,"Bobovo pri Ponikvi 10, 3232 Ponikva, Slovenia",SI
545,46.679005,20.961779,55.5361796,-4.6133261,"A78, Monkton, South Ayrshire, UK",GB
546,38.96778,67.22822,25.2712332,55.2911454,Al Khaleej Rd - Dubai - United Arab Emirates,AE
547,58.185738,38.70705,40.4340361,141.5826243,"Hayashimae-14 Toyabe, Hashikami-chō, Sannohe-gun, Aomori-ken 039-1203, Japan",JP
548,36.599262,56.9773,44.0653016,23.4344652,"DJ522A, Cioroiu Nou, Romania",RO
549,68.05099,9.943628,55.482914,37.5302599,"Ryazanovskoye shosse, Obwód moskiewski, Rosja",RU
550,41.275364,16.101728,37.3868762,-8.2664702,"Unnamed Road, 7700, Portugal",PT
551,50.45306,7.3265033,43.4588624,10.9153004,"SP62, Volterra, Pisa, Italy",IT
552,46.985233,9.073011,48.8439207,16.6907534,"421, Milovice, Czech Republic",CZ
553,69.50472,18.931461,59.4154224,5.4143401,"Frakkagjerddalen 17-18, 5563 Førresfjorden, Norway",NO
554,17.613998,95.555725,22.4333652,89.043889,"Satkhira - Kalaroa Rd, Bangladesh",BD
555,31.20047,22.954786,-6.8882867,109.6244708,"Jl. Pattimura, Wiradesa, Pekalongan, Jawa Tengah 51152, Indonesia",ID
556,45.212017,23.011206,46.3626305,-91.8313157,"11021 U.S. 53, Solon Springs, WI 54873, USA",US
557,41.029736,30.20681,-26.5084509,30.0016206,"80 Pet Street, Ermelo 2351, South Africa",ZA
558,60.89575,24.600256,60.8215772,15.0036889,"Byängsgattu 33, 793 70 Tällberg, Sweden",SE
559,21.198345,13.971289,20.6523352,-103.0426902,"Mexico 80, Jalisco, Mexique",MX
560,11.097383,79.55276,18.7267986,100.8223795,"Unnamed Road, Tambon Nam Kian, Amphoe Phu Phiang, Chang Wat Nan 55000, Thailand",TH
561,-7.4816213,16.94341,40.5090201,16.5654971,"Via A. Moneta, 1, 75016 Pomarico Matera, Italien",IT
562,40.264988,-3.461287,64.825712,-22.4019186,"Kolviðarnesvegur, 311, Islande",IS
563,56.465115,8.589577,55.8294512,9.8360071,"Krokusvej 67, 8700 Horsens, Denmark",DK
564,33.86436,34.449425,43.0317579,27.4383165,"2083, 9261 Tsonevo, Bulgaria",BG
565,54.156216,11.516954,45.8500852,12.6598204,"SP43, 33087 Villaraccolta-buset Pordenone, Italy",IT
566,47.66744,30.64375,42.5170877,1.5296674,"Ctra. dels Vilars, 38-54, AD700 Escaldes-Engordany, Andorra",AD
567,59.573166,11.229242,50.4263484,30.4339232,"Odeska Street, 8-10, Kyyiv, Kyiv city, Ukraine",UA
568,4.6890764,24.441904,38.6233636,-3.6023183,"Ronda de Sol, 13, 13739 Villalba de Calatrava, Ciudad Real, Spain",ES
569,27.16687,26.821468,25.131049,55.5296639,Ras Al Khor Rd - Dubai - United Arab Emirates,AE
570,2.4950309,142.13683,23.0490301,89.178601,"Monirampur - Jhikorgacha Rd, Bangladesh",BD
571,29.23501,65.956436,25.2326637,55.4040794,Airport Rd - Dubai - United Arab Emirates,AE
572,55.308964,10.495764,56.4037607,22.3547494,"Parka iela 4, Ezere, Ezere parish, LV-3891, Latvia",LV
573,54.348797,10.166811,56.0254055,10.2142222,"Starupvej 135, 8340 Malling, Danemark",DK
574,53.13168,13.365721,46.4041103,-81.1892535,"Saint Louis Street, Greater Sudbury, ON P3Y 1G2, Canada",CA
575,21.662676,54.023952,5.5648442,-73.4190469,"Cucaita - Tunja, Sora, Boyacá, Kolumbia",CO
576,24.66331,74.32861,-6.871987,109.1138402,"Jalur Pantura No.26, Tegal Bar., Kota Tegal, Jawa Tengah 52147, Indonesien",ID
577,19.384718,27.662691,-26.3833027,31.8625434,"MR3, Swaziland",SZ
578,-35.259315,37.7948,-18.1098509,25.3226349,"A33, Botswana",BW
579,58.953156,13.413004,54.7259093,38.3841688,"Р114, Moskovská, Rusko",RU
580,57.165096,18.292484,50.4263484,30.4339232,"Odeska Street, 8-10, Kyyiv, Kyiv city, Ukraine",UA
581,59.050034,51.978157,-26.287397,-48.8488511,"Rua Doutor João Colin, 1536-1602 - Santo Antonio, Joinville - Santa Catarina, 89218-035, Brazil",BR
582,53.98939,42.34173,54.6873962,25.2780825,"Gediminas Avenue 15-17, Vilnius 01103, Lithuania",LT
583,50.82188,19.706596,55.8294512,9.8360071,"Krokusvej 67, 8700 Horsens, Denmark",DK
584,42.99119,0.72664356,32.9550701,35.2114311,"8533, Yarka, Israel",AU
585,57.67137,7.0007286,49.6109867,35.5417344,"E105, Kharkiv Oblast, Ukraine",UA
586,27.646132,22.11669,-26.3728241,30.9299223,"MR19, Swaziland",SZ
587,58.74303,26.211178,-36.643501,174.6625652,"Auckland-Waiwera Motorway, Dairy Flat 0794, New Zealand",NZ
588,26.689205,75.43973,-6.3434947,106.9862423,"Jl. Cikiwul No.13, Bantargebang, Kota Bks, Jawa Barat 17152, Indonesia",ID
589,55.06104,32.136242,3.0910031,101.8942377,"Jalan Sungai Lalang, 43500 Semenyih, Selangor, Malaysia",MY
590,49.19438,15.154968,60.7757419,11.1633076,"Fylkesveg 117 51, 2312 Ottestad, Norway",NO
591,57.15285,19.60759,58.4738825,8.8455225,"Fylkesveg 197 410, 4812 Kongshavn, Norvège",NO
592,43.997467,-9.675236,42.5887968,1.6665666,"Ctra. de la Vall d'Incles, AD100 Canillo, Andorra",AD
593,52.998234,20.17026,47.0660899,7.6068854,"Kirchbergstrasse 187, Burgdorf Zustellung, 3400 Burgdorf, Switzerland",CH
594,54.23046,7.1476583,-46.2888654,168.2507337,"292 Argyle-Otahuti Road, Waianiwa 9874, New Zealand",SI
595,56.150517,18.639595,50.6937208,4.0341937,"Rue de Nazareth 23, 7850 Enghien, Belgium",BE
596,13.932281,22.917347,-26.2103654,31.0303871,"MR3, Ngwenya, Swaziland",SZ
597,25.472359,-8.890995,29.1100354,-110.9793581,"Manuel I. Loaiza 344, Olivares, 83180 Hermosillo, Sonora, Mexico",MX
598,44.287483,5.973986,43.3468093,23.1062576,"815, 3527 Bistrilitsa, Bulgaria",BG
599,40.1818,25.177986,45.2908913,16.0711935,"D6, 44403, Dolnjaki, Croatia",HR
600,53.642193,21.338303,56.3164277,22.8861731,"V. Kudirkos gatvė 18A, Naujoji Akmenė 85171, Lithuania",LT
601,51.525394,37.200645,35.1741142,129.0358504,"601-29 Buam 3(sam)-dong, Busanjin-gu, Busan, South Korea",KR
602,55.59794,18.660198,49.9589572,5.6069166,"Jodenville 20, 6640 Vaux-sur-Sûre, Belgium",BE
603,49.20768,1.799057,52.327489,17.9741224,"Droga Wojewódzka 263, Poland",PL
604,42.253757,43.42516,34.8336853,132.0485111,"395 Tabasechō, Hamada-shi, Shimane-ken 697-1332, Japan",JP
605,37.35507,19.84732,45.496882,11.1223834,"SP37b, 37030 Mezzane di sotto VR, Italia",IT
606,20.627886,-2.659934,-33.4210192,138.6282629,"Belalie East Road, Spalding SA 5454, Australia",AU
607,18.136303,18.368563,-33.0682278,-71.3689595,"Nva Toltén, Villa Alemana, 발파라이소 칠레",CL
608,14.830721,109.33469,2.3712746,102.8866153,"Jln Muar-Labis, 85300 Labis, Johor, Malaysia",MY
609,56.13901,2.9047809,54.0902497,-124.1111506,"Stuart Lake Hwy, Vanderhoof, BC V0J 3A2, Canada",CA
610,36.253674,11.20472,25.1735808,55.2157739,1 7 B St - Dubai - United Arab Emirates,AE
611,36.06004,25.233376,32.1295997,34.8555277,"HaNevi'im 8-38, Ramat HaSharon, Israel",IL
612,53.27389,2.3855767,51.1239194,3.3225733,"Berkenstraat 14-24, 8730 Beernem, Βέλγιο",BE
613,45.219803,47.942207,25.0532923,121.1912727,"337, Taiwan, Taoyuan County, Dayuan Township, 桃43鄉道",TW
614,28.204838,15.25539,-27.1053278,31.0741307,"MR9, Swaziland",SZ
615,41.672096,15.1538315,55.8682322,26.0780169,"3622, 32270, Lithuania",LT
616,57.62003,10.475429,53.3940802,-0.6831933,"26 Hill Road, Gainsborough, Lincolnshire DN21 5PY, UK",GB
617,59.44447,14.18391,55.0623853,74.9338126,"P-254, Omskaya oblast', Russia",HR
618,58.82916,0.40356016,51.9037293,5.9082758,"Dikelsestraat 2, 6681 LD Bemmel, The Netherlands",NL
619,15.717922,40.040813,38.4844043,-4.102389,"CR-5001, 4, 13593 Solana del Pino, Ciudad Real, Spain",ES
620,48.90385,25.908386,56.8837267,21.2012013,"Dzintaru iela 97-99, Pāvilosta, Pāvilostas pilsēta, LV-3466, Latvia",PE
621,62.12749,24.347551,58.4360329,26.4625821,"E263, 60603 Tartu County, Estonia",EE
622,47.37086,11.967236,51.7680525,5.4969463,"Ussenstraat 100, 5345 HW Oss, The Netherlands",NL
623,38.766907,52.94659,1.4882711,103.7719972,"14, Jalan Kerambit 1, Taman Sri Tebrau, 80050 Johor Bahru, Johor, Malaysia",MY
624,51.541878,32.91154,49.9360345,36.1990573,"Svystunivs'ka street, Kharkiv, Kharkiv Oblast, Ukraine",UA
625,59.86639,10.920825,58.0890227,27.4640547,"Räpina-Kahkva, Sillapää, 64420 Põlva County, Estonia",EE
626,62.456665,17.489384,60.7837355,25.9787291,"172 348-398, 16270 Orimattila, Finland",FI
627,-23.207,117.118805,11.0120143,103.6674068,"Unnamed Road, ឃុំ ជ្រោយស្វាយ, Kambodža",KH
628,36.43957,26.120945,-26.3794905,31.0628963,"MR19, Swaziland",SZ
629,53.39845,35.237873,55.4332431,10.6114364,"Ladbyvej 163, 5300 Kerteminde, Denemarken",DK
630,64.74807,7.305046,58.7727267,25.4855427,"Oisu-Kärevere-Taikse, 72309 Järva County, Estonia",EE
631,53.90287,17.253325,52.1879139,5.4112893,"Rijksweg, Amersfoort, The Netherlands",NL
632,69.174286,1.4925847,54.8819104,23.7633043,"1932, 53330, Lithuania",LT
633,51.784904,27.836246,-44.9924682,171.0434234,"254 Hilderthorpe Road, Hilderthorpe 9493, New Zealand",NZ
634,54.451687,14.031046,53.4002741,-6.3799234,"59 Corduff Park, Dublin, Ireland",IE
635,38.19496,16.691303,46.1765579,21.5991128,"DJ708B, Cuvin, Romania",RO
636,16.818186,105.65905,-6.6012832,106.7564248,"Jl. Ciomas Permai No.81, Ciomas, Bogor, Jawa Barat 16610, Indonesia",ID
637,60.73096,-0.8328109,66.2309053,25.7793138,"19654 1137-1201, 97690 Rovaniemi, Finland",FI
638,38.99219,0.61429405,-10.6883215,-76.2524378,"Bolivar, Cerro de Pasco, Peru",PE
639,46.053795,12.40835,52.1553756,-0.4661687,"18 Kestrel Road, Bedford, Bedford Borough MK41, Royaume-Uni",GB
640,31.313055,75.7415,27.1518625,90.0726521,"Wangdue - Tsirang Hwy, Bhutan",BT
641,44.005863,34.05188,35.328599,129.2797806,"257-41 Wolnae-ri, Jangan-eup, Gijang-gun, Busan, South Korea",KR
642,36.296803,6.9372506,49.2995753,-109.7052319,"Saskatchewan 615, Consul, SK S0N 0P0, Canada",CA
643,45.507126,-6.8017297,-37.5761941,174.8853757,"279 Dixon Road, Te Akau 3794, New Zealand",NZ
644,47.790394,40.086742,-35.8367049,-71.5677286,"A Panimavida, Linares, Maule Region, شیلی",CL
645,39.893986,25.272076,47.9457228,20.0226087,"3243 Bodony, Ballai Street 5, Hungary",HU
646,41.528496,44.983433,22.435848,114.401893,"Sharp Peak Path, Sai Kung, Hong Kong",HK
647,40.088737,1.8031111,44.6777951,15.6439339,"D25, 53230, Bunić, Croatia",HR
648,38.743973,64.35443,32.1005214,34.854468,"Derekh Em Hamoshavot, Petah Tikva, Israel",IL
649,40.57493,36.946617,45.1721843,-122.4309044,"21131-21215 Woodburn-Estacada Highway, Colton, OR 97017, USA",US
650,43.908966,49.06932,52.1534857,-9.2473858,"Unnamed Road, Co. Kerry, Ireland",IE
651,31.91039,23.112295,46.1590917,23.8841057,"DC34, Tiur, Roemenië",RO
652,53.331127,18.48635,56.9416782,24.0373663,"Šampētera iela 9-11, Zemgales priekšpilsēta, Rīga, LV-1046, Latvia",LV
653,50.952908,53.35462,42.209682,139.5491715,"Japan, 〒043-1404 Hokkaidō, Okushiri-gun, Okushiri-chō, Miyatsu 道道39号線",JP
654,52.404423,30.13787,63.616236,11.1557254,"Fylkesveg 108 50, 7630 Åsen, Norway",NO
655,65.83207,26.316685,55.8288207,25.5295475,"120, Lithuania",LT
656,29.92654,-42.96291,-28.8051324,-66.954761,"Unnamed Road, La Rioja, Argentina",AR
657,55.761642,15.293051,37.054388,-78.650982,"829-859 David Bruce Highway, Charlotte Court House, VA 23923, USA",US
658,40.74167,3.7758164,47.1230112,-119.1293288,"2488 Road Q Northeast, Moses Lake, WA 98837, USA",US
659,50.219757,12.207983,56.1697855,10.19969,"Niels Jensens Vej 8, Aarhus University, 8000 Aarhus, Denmark",DK
660,52.29514,-18.13158,64.6161802,-22.1155021,"Iceland, 540",IS
661,46.258114,39.46485,-33.6863782,-59.6420781,"Avenida España, San Pedro, Buenos Aires, Argentina",AR
662,28.108522,12.902237,-31.7178127,27.9591392,"R61, Engcobo 5050, South Africa",ZA
663,36.64467,21.009178,-27.3647279,-70.3375097,"Yumbel 320-390, Copiapó, Región de Atacama, Chile",CL
664,41.0173,35.864075,22.7008887,120.5134712,"Jīnchéng Street, Pingtung City, Pingtung County, Taiwan 900",TW
665,25.271496,108.62538,22.2944919,113.9521533,"Man Tung Rd, Tung Chung, Hong Kong",HK
666,38.11413,11.025875,-37.5761941,174.8853757,"279 Dixon Road, Te Akau 3794, New Zealand",NZ
667,52.70197,14.625332,51.9689732,6.212787,"Keppelseweg 41, 7031 EB Wehl, The Netherlands",NL
668,37.869026,5.905743,-23.7166667,-66.0308333,"Ruta Nacional 52, Jujuy, Argentina",AR
669,29.915274,16.676695,38.3471207,22.9060108,"Epar.Od. Agiou Georgiou-Agias Annas 276, Ag. Triada 321 00, Greece",NO
670,56.180393,13.519657,38.3861509,23.9384805,"EO Chalkidas Aliveriou, Kimi Aliveri 340 06, Greece",GR
671,39.904953,62.13347,35.1611247,129.1451666,"994-1 U 1(il)-dong, Haeundae-gu, Busan, South Korea",KR
672,12.054486,109.54385,22.432045,114.252579,"Nin Wah Rd, Ma On Shan, Hong Kong",HK
673,51.373272,33.21231,43.2852184,27.0198126,"2, Sjoemen, Bulgarije",BG
674,49.308777,35.3558,40.8701037,-8.6776685,"Av. da República 3, 3880-379 Ovar, ポルトガル",PT
675,40.327435,-11.490364,20.7019168,-103.7032832,"Calle Arroyo Bermejo, Los Ruiseñores, JAL, Mexico",MX
676,68.92654,11.295387,60.3927966,12.3555774,"Riksveg 201 220, 2256 Grue Finnskog, Norway",NO
677,48.616413,-7.3924212,33.3701796,-111.7663613,"1133 East San Angelo Avenue, Gilbert, Arizona 85234, États-Unis",US
678,47.079227,12.327139,59.9487471,10.8642616,"Nedre Kalbakkvei 7, 0950 Oslo, Norway",NO
679,-7.4470954,105.54321,22.3499715,114.1708058,"Maclehose Trail Sec. 5, Lion Rock, Hong Kong",HK
680,14.752243,-13.84882,-18.2626112,-69.5592403,"Ruta 11, Putre, Arica and Parinacota Region, Chile",CL
681,48.670914,31.608952,49.5049334,8.4589055,"Industriestraße 3-5, 68169 Mannheim, Germany",DE
682,44.239086,44.821728,-33.5570439,-70.5785831,"San Pablo 10791-10863, La Florida, Santiago Metropolitan Region, Chile",CL
683,51.86363,14.349266,50.2654361,19.7435281,"Gościniec, 32-045, Poland",PL
684,-15.102514,120.18936,-34.4747757,116.8895095,"7918 Muirs Highway, Frankland River WA 6396, Australia",AU
685,58.73524,23.87914,61.0458901,5.2989248,"Fylkesveg 1 30, 5961 Brekke, Norway",NO
686,27.413359,80.95548,22.3434543,114.0542863,"Kap Shui Mun Bridge, Hong Kong",HK
687,40.90359,30.560799,60.0304759,30.2852531,"ulitsa Repishcheva, 20, Saint Petersburg, Russia, 190000",RU
688,40.462772,-22.286144,65.0016213,-22.8258758,"Helgafellssveitarvegur, Island",IS
689,42.571182,-10.9184475,37.4880284,-8.6390414,"Unnamed Road, 7630-174, Portugal",PT
690,26.399504,94.52371,1.3212089,103.8802911,"206 Aljunied Rd, Singapore 389827",SG
691,42.744465,53.516018,35.6505074,139.6700099,"3 Chome-28-4 Taishido, Setagaya, Tokyo, Japan",JP
692,35.286358,88.53377,22.2824098,114.2217437,香港西灣河筲箕灣道57-87號,HK
693,55.237827,3.155599,42.7155278,2.9274979,"196 Chemin du Mas Taillant, 66000 Perpignan, France",FR
694,49.721725,41.30223,14.3573137,101.7244691,"Unnamed Road, Tambon Wang Mi, Amphoe Wang Nam Khiao, Chang Wat Nakhon Ratchasima 30370, Thailand",TH
695,24.800331,53.671597,24.94973,55.3624424,E 77 - Dubai - United Arab Emirates,AE
696,51.425434,40.3888,55.4289106,11.7881968,"Ahorn Alle 1, 4100 Ringsted, Denmark",DK
697,59.25413,7.7097735,46.1114264,14.5772562,"Dragomelj, 1230 Domžale, Slovenia",SI
698,42.7608,49.651443,27.0811782,89.8735781,"Daga Rd, Daga, Bhutan",BT
699,48.770035,17.439077,27.4982594,90.5336919,"Trongsa - Yotongla Hwy, Bhutan",BT
700,55.014614,29.743938,37.5515977,126.8172569,"427-5 Oebalsan-dong, Gangseo-gu, Seoul, South Korea",KR
701,34.155758,100.432526,6.436314,116.4804765,"Jln Kota Belud - Kudat, 89150 Kota Belud, Sabah, Malaysia",MY
702,39.46791,9.858589,42.4821737,11.7202854,"Strada Provinciale 109, 01011 Canino, ויטרבו, איטליה",IT
703,29.589336,32.94365,40.4784062,25.644481,"Epar.Od. Kamariotissas - Pigon Samothrakis, Samothraki 680 02, Grekland",GR
704,15.46854,76.09689,23.4757499,89.9079302,"Mawa - Bhanga Hwy, Bangladesh",BD
705,49.748775,34.660576,53.2981475,34.0656249,"Zarechnyy Pereulok, Glinishchevo, Bryansk Oblast, Russia",RU
706,50.280613,23.153143,49.5293837,0.6449253,"Route de la Cavée, 76490 Anquetierville, France",FR
707,51.734104,11.927871,47.2376964,5.7932454,"D415, 25170 Lantenne-Vertière, France",FR
708,39.444088,-21.66483,65.304925,-20.9070209,"Miðfjarðarvegur, Iceland",LT
709,12.549946,120.194824,23.9052118,120.7461403,"541, Taiwan, Nantou County, Zhongliao Township, 鄉林巷",TW
710,32.103054,82.628296,-12.0465333,-77.0431471,"Miguel Baquero, Lima 15082, Peru",PE
711,55.77284,18.9227,48.8133892,14.3537405,"157, 382 32 Mirkovice, Czech Republic",CZ
712,51.238956,39.98121,53.8336546,-7.7992397,"Unnamed Road, Co. Leitrim, Ireland",IE
713,-5.4328694,1.7146745,-24.5902154,26.0655905,"Tlokweng, Gaborone, Botswana",BW
714,18.912533,10.655356,38.4844043,-4.102389,"CR-5001, 4, 13593 Solana del Pino, Ciudad Real, Spain",ES
715,20.70575,121.927765,1.3768117,103.8100417,"Old Upper Thomson Rd, Singapore",SG
716,52.55985,10.318911,55.7765947,12.4522845,"Nybrovej 401C, 2800 Lyngby, Danemark",DK
717,60.592754,7.0720077,49.4805472,15.7874967,"34822, 588 13 Polná, Czech Republic",BT
718,37.02889,51.59174,-33.3980675,-70.5641248,"Presidente Riesco 6603, Las Condes, Santiago Metropolitan Region, Chile",CL
719,46.443977,32.267414,43.9384919,26.2245382,"2102, 7063 Borisovo, Bulgaria",BG
720,44.527092,41.187653,22.3109085,113.9393625,"E Coast Rd, Chek Lap Kok, Hong Kong",HK
721,22.893192,83.89234,13.6680888,107.3567746,"78, Cambodia",KH
722,46.812786,46.133194,27.3120493,89.6027391,"Unnamed Road, Bhutan",BT
723,36.332615,-7.086718,-35.3062151,173.649868,"2637 State Highway 1, Horeke 0475, New Zealand",NZ
724,71.98051,0.6397548,65.8819193,-17.4333187,"Aðaldalsvegur, Islanda",RU
725,34.724297,44.408688,46.362023,25.7921714,"Brassói Way, Miercurea Ciuc, Romania",RO
726,57.40275,25.310034,59.3741886,24.3116328,"Keila-Keila-Joa, 76715 Harju County, Estonia",EE
727,3.206801,90.22498,32.2657004,34.8634485,"5611, Beit Yehoshua, Israel",IL
728,41.898663,32.875633,50.4320613,30.6767719,"Zroshuvalna Street, 5-7, Kyyiv, Kyiv city, Ukraine",UA
729,51.061756,11.203732,-37.5047489,175.1495994,"475B Te Ohaki Road, Te Ohaki 3771, New Zealand",NZ
730,56.134705,-11.718483,59.0204323,6.6483989,"Fylkesveg 500 10, 4127 Lysebotn, Norwegen",NO
731,44.792736,26.818665,25.3444186,55.4394532,Unnamed Road - Sharjah - United Arab Emirates,AE
732,61.179813,-6.7237077,65.3201798,12.913305,"Riksveg 76 40, 8960 Hommelstø, Norwegia",NO
733,31.011957,30.699291,-15.4512817,-47.5960274,"Rua A - Setor Leste, Planaltina - Goiás, Brazil",BR
734,48.354294,46.843136,48.3715247,17.9747146,"513012, 951 42 Zbehy-Andač, Slovakia",SK
735,57.75279,6.9666133,46.0040207,15.1733661,"738, 8297 Šentjanž, Slovénie",BW
736,22.18378,69.12611,22.334099,114.267596,"Unnamed Road, Clear Water Bay, Hong Kong",HK
737,45.298885,15.859156,42.5364021,1.5872049,"Carrer del Riu Aixec, AD200 Encamp, Andorra",AD
738,46.554848,25.930098,51.7652063,-104.1085607,"SK-16, Wynyard, SK S0A 4T0, Канада",CA
739,56.410732,13.783348,50.5191532,30.4357458,"Kanivska Street, 3, Kyyiv, Kyiv city, Ukraine",UA
740,55.78861,46.137943,35.1702067,128.9771662,"1232-1 Nakdong-daero, Sasang-gu, Busan, South Korea",KR
741,64.76884,6.5695224,48.5042953,-53.9935967,"1542 NL-1, Glovertown South, NL A0G 2M0, Canada",CA
742,40.765667,17.363266,49.8305078,15.3933856,"Vlkaneč 51, 286 01 Vlkaneč, Czech Republic",CZ
743,9.836804,113.85619,23.0716123,89.2341836,"Jessore - Rajarhat - Monirampur - Keshabpur - Chuknagar Rd, Bangladesh",BD
744,61.99068,22.643093,62.451718,10.9773794,"Fylkesveg 735, 2542, Norwegia",NO
745,28.113823,47.68693,-33.3064488,26.5127788,"Cradock Road, Grahamstown 6139, South Africa",ZA
746,50.461292,35.67202,49.9698213,36.1781779,"Volozhanivs'ka street, 68, Járkov, Óblast de Járkov, Ucrania",UA
747,42.5163,-8.338524,42.5892842,1.6668848,"Carretera de la Vall d'Incles, AD100 Canillo, Andorre",AD
748,49.09727,18.049868,46.7709221,17.2928336,"8315 Gyenesdiás, Kossuth Lajos Street 54-56, Hungary",HU
749,15.331995,26.670948,-33.5594587,18.8780228,"R45, South Africa",ZA
750,63.377083,14.963909,51.2118339,3.0209157,"Clemensheulestraat 11-17, 8460 Oudenburg, Belgium",BE
751,43.45966,12.66321,-32.3889989,-62.2068096,"Ruta Provincial 2, Córdoba, Argentina",AR
752,28.00836,58.02907,4.7756482,-74.2386147,"Madrid # 2, Madrid, Cundinamarca, Colombia",CO
753,44.703686,-8.77813,37.9061191,-88.3053347,"22301-22999 Illinois 1, Omaha, Illinois 62871, Stati Uniti",MY
754,50.625965,24.249632,46.2000778,14.3287468,"Šutna 55, 4209 Žabnica, Słowenia",SI
755,25.790483,69.62871,27.1518625,90.0726521,"Wangdue - Tsirang Hwy, Bhutan",BT
756,43.371983,14.197283,31.9870043,34.9347568,"Modi'im 26-40, Shoham, Israel",IL
757,31.128248,41.515705,18.6549304,-88.2217949,"Unnamed Road, Quintana Roo, Mexico",MX
758,28.83635,73.69276,-6.9010153,109.4921939,"Jl. Perintis Kemerde, Petarukan, Pemalang, Jawa Tengah 52362, Indonésie",ID
759,46.833687,45.633865,38.0556627,139.9841084,"2000 Kurosawa, Iide-machi, Nishiokitama-gun, Yamagata-ken 999-0603, Japan",JP
760,50.077625,11.4147215,50.4411236,5.7092565,"Hameau de Stoqueu, 4920 Aywaille, Belgium",PE
761,40.048878,55.670193,22.8280711,91.5511453,"Dhaka - Chittagong Hwy, Bangladesh",BD
762,45.277016,23.309238,43.5197815,25.978956,"5001, 7161 Ostritsa, Bulgaria",BG
763,-19.364645,47.378014,-22.2793183,28.946603,"Transit Road, Botswana",BW
764,49.395615,2.984828,46.5208009,6.5380785,"Chemin du Chaney 6, 1026 Denges, Switzerland",CH
765,38.94303,63.614307,23.9704769,120.4615517,"Section 1, Chénggōng Road, Puyan Township, Changhua County, Taiwan 516",TW
766,31.694437,27.634953,37.2825016,-8.052506,"Unnamed Road, 8100, Portugal",PT
767,48.825336,1.9685922,41.753626,-6.5694148,"R. Central, 5300, Portugal",PT
768,36.282825,38.65833,23.6557167,90.6026,"Sonargaon Rd, Sonargaon, Bangladesh",BD
769,23.39485,92.193275,13.7260264,103.3496333,"Unnamed Road, Cambodia",KH
770,53.053654,13.308275,47.2428861,8.5941098,"Bergstrasse, 8815 Horgen, 스위스",CH
771,43.149033,24.98392,44.965667,25.99374,"Extensia Hortensiei, Blejoi, Roumanie",RO
772,55.330143,26.573307,50.9670219,21.3549442,"Chabrowa 7, Ostrowiec, Poland",PL
773,44.024723,-8.628229,42.5576688,1.6884895,"CG-2, AD100 Canillo, Andorra",AD
774,24.375027,1.2294202,39.4428943,-0.7392601,"E-901, 323, 46370 Chiva, Valencia, Spanien",ES
775,28.889853,38.800602,32.0762276,34.8662739,"Levi Eshkol 37-43, Petah Tikva, Israel",IL
776,30.300524,77.217575,22.2825237,114.2281781,"8 Oi Yin St, Aldrich Bay, Hong Kong",HK
777,37.254368,24.163132,43.4005301,26.7644422,"E70, Buynovo, Bulgarije",BG
778,53.602787,11.785318,46.4561844,6.1890641,"La Violettaz, 1273 Arzier, Switzerland",CH
779,35.862717,10.692818,-22.6730349,-47.6686077,"Rua Guararapes, 120-188 - Santa Terezinha, Piracicaba - São Paulo, 13411-149, Brazil",BR
780,57.6633,28.35427,46.4563001,30.6949293,"Mykoly Voronoho street, 16, Odessa, Oekraïne",UA
781,52.487236,10.910429,35.1386027,-80.7000568,"2825 Файервуд Драйв, Мэттьюс, Северная Каролина 28105, Соединенные Штаты Америки",US
782,-2.459844,85.701004,23.0490301,89.178601,"Monirampur - Jhikorgacha Rd, Bangladesh",BD
783,20.573114,83.93936,-11.4482656,-61.4454087,"Rua das Graças, 56-174 - Liberdade, Cacoal - Rondônia, Brazil",BR
784,27.467955,106.45628,1.3081129,103.8334193,"22 Scotts Rd, Singapore",SG
785,-39.792324,89.64163,-33.1772428,136.8935952,"Whyalla Road, Nilginee SA 5641, Australia",AU
786,22.666328,10.952055,40.8437535,-3.2857766,"GU-199, Malaguilla, Guadalajara, Spain",ES
787,37.854145,22.732689,-33.151725,148.1881733,"135 Nash Street, Parkes Nouvelle Galles du Sud 2870, Australie",AU
788,49.92444,-3.5209918,42.5379332,1.7278882,"CG-2, AD200 Encamp, Andorra",AD
789,38.973698,103.48566,22.2783426,114.1747987,"204 Lockhart Rd, Wan Chai, Hong Kong",HK
790,56.128338,4.021011,46.191582,7.2475311,"E62, 1957 Chamoson, Switzerland",CH
791,29.548027,26.45149,37.125495,22.100589,"Epar.Od. Thourias - Polianis, Kalamata 240 09, Griechenland",GR
792,52.74396,8.03826,45.9606244,15.6856872,"Bizeljsko- Čatež, 8258 Kapele, Slovenija",SI
793,-39.075546,0.26189566,-22.1302439,28.6390409,"Bobonong, Botswana",BW
794,23.09901,47.92336,25.1167107,55.3928987,Academic City Rd - Dubai - United Arab Emirates,AE
795,34.737534,20.981052,-32.3592851,18.4574141,"R366, South Africa",ZA
796,62.081173,3.9835172,45.9205464,12.9350009,"Via Pieve di Rosa, 14, 33030 Camino al Tagliamento, Udine, Italy",IT
797,46.418064,12.231261,43.523396,0.8119587,"D149, 32130 Polastron, France",FR
798,47.47414,27.866783,36.3523542,139.1482507,"1 Kamimasudamachi, Maebashi, Gunma Prefecture, Japan",JP
799,26.492437,49.982964,4.2597766,-74.5992037,"I-40 # 1 a 56, Melgar, Tolima, Colombia",CO
800,44.683697,16.112995,48.2878569,18.1344725,"Dolná 4-6, 949 07 Nitra-Janíkovce, Slovakia",SK
801,32.886528,55.37836,8.1538735,-76.0397602,"Unnamed Road, Tierralta, Córdoba, Colombia",SZ
802,56.530224,13.864267,52.327489,17.9741224,"Droga Wojewódzka 263, Poland",PL
803,50.759777,22.50217,46.5461779,6.5959634,"Chemin des Vignettes 32, 1008 Jouxtens-Mézery, Switzerland",CH
804,46.73782,64.739265,37.7748814,140.4842266,"Oshu Highway (Rikuu Highway), Matsuyamacho, Fukushima, Prefektura Fukushima 960-8228, Japonia",JP
805,47.639523,17.061674,45.571204,8.5121765,"Via Solarolo, 11, 28010 Barengo Novare, Italie",IT
806,53.94689,16.294971,42.5933474,22.9218666,"6032, 2342 Leskovets, Bulgaria",BG
807,32.294243,-30.33881,-35.8038831,-70.0857608,"RN145, Mendoza, Argentina",AR
808,13.335768,19.549797,-22.077826,27.2749981,"A1, Botswana",BW
809,21.953857,81.60857,1.4108127,103.7004095,"465 Lim Chu Kang Rd, Singapore 719416",SG
810,44.783764,20.41611,48.3952828,17.4389949,"504004, 919 01 Dlhá, Slovakia",US
811,27.6048,79.3801,35.204315,129.1216226,"1646 Banyeo-dong, Haeundae-gu, Busan, South Korea",KR
812,51.946384,27.52615,43.242746,-7.8546832,"LU-P-2301, 27307 Guitiriz, Lugo, Spain",ES
813,43.858624,19.453611,52.5286269,-1.5108508,"61 Kingfisher Avenue, Nuneaton, Warwickshire CV10, UK",GB
814,19.664585,6.2404666,-16.8560937,-71.8543872,"1S, Peru",PE
815,6.262221,87.094086,-37.2119094,141.0937928,"15 Fullertons Road, Poolaijelo VIC 3312, Australia",AU
816,53.935497,18.014475,46.2832857,-73.7641883,"180-224 Rue Jean Baptiste Lepage, Saint-Damien, QC J0K, Canada",CA
817,43.475113,26.827974,46.5043951,24.4960706,"DN15, Cristeşti 547185, Romania",RO
818,53.780193,6.4348435,52.77698,-6.1988537,"Unnamed Road, Co. Wicklow, Ireland",IE
819,48.54964,10.010605,46.0272618,14.3462463,"Brezje pri Dobrovi 17, 1356 Dobrova, Slovenia",SG
820,40.082165,36.707092,46.6590426,23.9660521,"DJ161A, Ceanu Mare, Romania",RO
821,56.088978,21.910015,52.3953338,9.7692239,"Holbeinstraße 4, 30177 Hanover, Germany",DE
822,26.618536,62.43146,-9.6282467,-76.0570707,"Carretera Central 25, Peru",PE
823,27.197386,72.4386,11.372104,102.979362,"ឃុំ ជ្រោយប្រស់, Cambodia",KH
824,47.824818,26.568254,54.988374,-7.9134663,"Unnamed Road, Co. Donegal, Ireland",IE
825,56.317036,-9.594994,54.7184308,-7.1669021,"78 Crockanboy Road, Omagh BT79 7RR, UK",GB
826,30.159098,27.526072,-21.1835874,-50.4616806,"Rua Vereador Aldo Campos, 2927-2987 - Paraíso, Araçatuba - État de São Paulo, 16050-145, Brésil",BR
827,40.243336,1.3085618,20.4339707,-101.7345095,"López Mateos 41, Los Presidentes, 36900 Pénjamo, Guanajuato, Mexico",MX
828,53.52138,-5.391564,55.4143907,10.4248691,"Tjørnehaven 22-30, 5240 Odense, Denmark",DK
829,34.715477,54.194103,-33.7166106,150.9632054,"1-3 Hart Place, Kellyville Nowa Południowa Walia 2155, Australia",AU
830,53.27225,48.43546,37.4745335,127.0321647,"617 Yangjae 1(il)-dong, Seocho-gu, Seoul, South Korea",KR
831,59.364017,24.896393,51.9091184,22.4975919,"Łuków, Pologne",PL
832,23.566061,73.23329,32.0358581,34.8780965,"Mevo Yasmin 2-16, Yehud-Monosson, Israel",IL
833,35.93183,38.33036,39.7523686,19.6320257,"Unnamed Road, Ag. Stefanos 490 81, Griekenland",GR
834,48.11706,-18.898388,45.6563482,11.447065,"Via Redentore, 13, 36034 Borgo Redentore Vicenza, Italië",IT
835,19.469412,3.8354764,64.6789914,-21.9546235,"535, Iceland",IS
836,36.273373,64.35804,46.3506033,18.6917201,"7100 Szekszárd, Kálvin tér 1-3, Hungary",HU
837,-0.3781638,104.32225,-26.6299193,152.9889315,"27 Andreasens Road, Rosemount QLD 4560, Australia",AU
838,31.757673,84.56927,22.287992,114.142317,"14 Centre St, Sai Ying Pun, Hong Kong",HK
839,28.085615,75.25557,13.7260264,103.3496333,"Unnamed Road, Cambodia",KH
840,66.24343,16.872444,53.6288939,38.4860488,"Р145, Tula Oblast, Russia",RU
841,5.104838,103.13962,-28.0725886,153.2269243,"1085 Beechmont Road, Lower Beechmont QLD 4211, Australia",AU
842,31.919878,77.509705,-8.5357353,115.000173,"Unnamed Road, Selemadeg, Tabanan, Bali, Indonesia",ID
843,62.712925,-4.1127906,46.3542499,15.8543072,"690 22, 2284 Videm pri Ptuju, Slovenia",SI
844,10.82873,122.05119,16.7400885,100.6693588,"Unnamed Road, Tambon Chomphu, Amphoe Noen Maprang, Chang Wat Phitsanulok 65190, Thailand",TH
845,56.02309,20.37907,54.8372523,11.364654,"Vestre Landevej 284, 4952 Stokkemarke, Denmark",DK
846,61.905125,-1.6721959,62.0695078,28.2778775,"Joroistentie 137, 58900 Rantasalmi, Finland",FI
847,45.22688,-7.44766,52.2151876,5.0241849,"Hoefijzer 104, 3632 WD Loenen, The Netherlands",NL
848,14.502544,85.03579,1.2479538,103.8232957,"85A Palawan Beach Walk, Singapore 098521",SG
849,51.176178,21.502071,53.5303386,10.1530888,"Strietkoppel 4-5, 22115 Hamburg, Germany",DE
850,-3.20793,12.703522,-24.2373448,23.264808,"A2, Botswana",BW
851,46.88127,8.195713,52.6655349,-8.1139486,"Unnamed Road, Co. Tipperary, Ireland",NO
852,56.82839,26.147007,44.9483358,37.9808079,"Krasno-Zelenaya ulitsa, 110, Krymsk, Krai de Krasnodar, Rusia, 353380",RU
853,45.47905,18.71707,44.6070679,27.3179317,"Amara, Romania",RO
854,40.57349,19.204111,49.5320274,18.9010258,"Skalité 727, 023 14 Skalité, Slovakia",SK
855,64.1441,-8.35693,50.4680681,13.7923479,"257, 440 01 Kozly, Czech Republic",CZ
856,41.29882,1.5230117,-26.3315129,26.3670619,"N14, South Africa",ZA
857,47.2934,21.054296,53.4561756,-6.1861153,"2-34 Seabury Wood, Malahide, Co. Dublin, Ireland",IE
858,39.007824,88.33169,25.0850136,121.648091,"No. 124, Section 2, Xīwàn Road, Xizhi District, New Taipei City, Taiwan 221",TW
859,44.69817,49.760902,45.0416878,25.8420419,"Strada Horia, Băicoi, Rumunia",RO
860,15.627844,77.45755,2.8246878,101.89581,"Jln Orkid 1, Kampung Atap, 71700 Mantin, Negeri Sembilan, Malaysia",MY
861,44.80232,26.739086,49.9213907,14.3087252,"Nad Rozcestím, 252 31 Všenory, Czech Republic",CZ
862,50.097855,-13.022055,64.1881783,-21.6856812,"Vesturlandsvegur, Mosfellsbær, Iceland",IS
863,51.303635,38.565247,45.8007664,15.6675261,"Draganje Selo 5F, 10430, Samobor, Croatia",HR
864,47.02873,19.849842,47.9403165,20.5456215,"3413 Cserépfalu, Berezdalja Way 11, Hungary",HU
865,25.031458,87.24037,-6.2288053,107.6148663,"Jl. Raya Muara Cilamaya, Cilamaya Wetan, Karawang, Jawa Barat 41384, Indonesia",ID
866,67.17479,16.621632,64.0873038,-21.9160945,"Kirkjulundur, Garðabær, Islandia",IS
867,57.698254,-6.929665,64.8212047,-22.269815,"Snæfellsnesvegur, Islandia",IS
868,55.229008,12.512571,52.2429156,-6.3271366,"Waddingsland, Co. Wexford, Ireland",IE
869,1.6074929,64.38162,-26.8144282,31.9296988,"MR8, Big Bend, Swaziland",SZ
870,22.30241,58.941055,-6.580606,110.78207,"Jl. Pasar Batealit, Pakis Aji, Jepara, Jawa Tengah 59461, Indonesia",ID
871,33.291588,42.10498,27.1518625,90.0726521,"Wangdue - Tsirang Hwy, Bhutan",BT
872,54.48843,9.6249695,33.9458604,-81.0977548,"1919-1999 Windsor Road, Cayce, Jižní Karolína 29033, Spojené státy americké",US
873,49.176014,20.474932,49.1061827,18.9177622,"Francúzskych partizánov, 036 01 Martin, Slovakia",SK
874,45.297653,3.3726344,52.631067,-8.3542035,"Unnamed Road, Co. Limerick, Ireland",EE
875,56.99264,23.051126,52.8248156,36.2750439,"Р119, Oryol Oblast, Russia",RU
876,51.38963,8.5417595,46.6813917,15.9622669,"Podgrad 43, 9250 Gornja Radgona, Słowenia",SI
877,47.834026,62.26318,36.0362239,136.2614025,"4 Goshimacho, Fukui, Fukui Prefecture, Japan",JP
878,21.215313,47.434277,-32.7452993,-71.4744735,"F-30-E, Puchuncaví, Valparaíso Region, Chile",CL
879,47.37827,26.426723,47.1756755,18.4174606,"8000 Székesfehérvár, Temető Street, Hungary",HU
880,49.409615,30.520542,46.6873636,19.84198,"6100 Kiskunfélegyháza, 5402, Hungary",HU
881,50.685047,31.154018,23.3698001,120.1957772,"625, Taiwan, Chiayi County, Budai Township, 172縣道",TW
882,53.580685,6.9574924,45.9703313,1.4089386,"Rue Victor Hugo, 87240 Ambazac, France",NO
883,28.902216,75.350006,10.9076561,103.0549462,"Union Rd, ឃុំ កោះស្ដេច, Cambodia",KH
884,51.811565,27.788448,50.4683009,30.4844532,"Polovetska Street, 16, Kiev, Kyiv city, Ukraine",UA
885,48.42276,15.712578,39.0069039,-9.0448708,"CM1224, 2630 Arruda dos Vinhos, Portugal",PT
886,55.527416,-9.161621,48.6323752,6.8051203,"45 Rue d'Amenoncourt, 54450 Igney, France",FR
887,41.379475,24.559343,53.1259173,17.1443539,"Droga Wojewódzka 190, Poland",PL
888,6.009848,96.79913,13.9797971,107.0757142,"Unnamed Road, Cambodia",KH
889,53.635025,27.460869,54.0282682,38.3087051,"Parkovaya ulitsa, 8, Novomoskovsk, Tula Oblast, Russia, 301650",RU
890,51.14883,1.2243757,54.0231072,-7.1560338,"Unnamed Road, Co. Cavan, Irlanti",IE
891,27.501411,37.27683,1.2950301,103.8461382,"2 Cox Terrace, Singapore 179622",SG
892,38.218555,92.04379,-7.7118977,110.3517334,"Jl. Pramuka, Kec. Sleman, Sleman, Daerah Istimewa Yogyakarta 55512, Indonesia",ID
893,31.454815,45.74404,22.39606,114.045921,"Yuen Tsuen Ancient Trail, Tai Lam, Hong Kong",HK
894,55.854675,5.097139,43.9537135,11.332098,"Strada Provinciale 97, 50037 San Piero a Sieve, Florence, Italy",IT
895,45.734386,48.411922,27.0150198,90.6160787,"Sarpang - Gelephu - Trongsa Hwy, Butāna",BT
896,21.073742,36.602646,11.1743994,104.5009333,"Unnamed Road, Cambodia",KH
897,41.998676,10.77615,45.7482351,13.8668966,"Šepulje 33, 6210 Sežana, Słowenia",SI
898,20.899336,52.540993,25.3144722,55.399128,First Industrial St - Sharjah - Vereinigte Arabische Emirate,AE
899,52.27067,46.714123,55.8068929,37.6921886,"Bolshaya Olenya ulitsa, 15, Moscú, Rusia, 107014",RU
900,48.98602,12.785048,45.4534126,14.8903115,"D3, 51311, Skrad, Croatia",US
901,29.462431,111.343,23.3736386,120.4165867,"732, Taiwan, Tainan City, Baihe District, 南89鄉道",TW
902,50.616993,10.368992,50.3702735,4.1111734,"Rue Charles Gantois 2-24, 7120 Estinnes, Belgique",BE
903,41.463017,5.866607,53.6924095,-1.1993022,"Cobcroft Lane, Knottingley, North Yorkshire WF11, UK",GB
904,38.89021,68.109604,22.8049109,89.7378131,"Dhaka - Khulna Hwy, Bangladesh",BD
905,49.973145,16.494827,46.6954309,26.6643392,"DJ156G, Valea lui Ion, Romania",RO
906,64.03808,10.304684,47.0292165,7.2467407,"22, 3282 Bargen, Switzerland",CH
907,14.504314,81.26146,-5.4252853,71.8275081,"Japan, Hokkaidō, Uryū-gun, Horokanai-chō 国道275号線",JP
908,12.231363,114.854385,23.309822,89.8585176,"Dhaka - Khulna Hwy, Muksudpur, Bangladesh",BD
909,28.136835,61.58528,-7.6609919,110.40937,"Jl. Raya Turi No.23, Pakem, Sleman, Daerah Istimewa Yogyakarta 55582, Indonesia",ID
910,47.862194,3.867481,-38.1492984,143.2457965,"130 Mount Myrtoon Road, Kariah VIC 3260, Australia",AU
911,24.01974,8.406677,-26.8954723,31.6766118,"MR14, Sithobela, Swaziland",SZ
912,45.691563,22.48674,-43.5506974,172.63373,"219 Milton Street, Sydenham, Christchurch 8023, New Zealand",NZ
913,54.040638,1.0655451,52.1949657,5.4393025,"E232, 3829 Hooglanderveen, The Netherlands",NL
914,36.899467,17.748072,42.6188325,1.5393376,"Av. de Sant Pere, AD300 Ordino, Andorre",AD
915,61.39716,9.536354,54.9196757,9.8565445,"Lambjergskovvej 9, 6400 Sonderborg, Denmark",DK
916,46.951904,-24.880732,41.6505161,-7.6009779,"Terreiro Santo 117, 5425-021 Arcossó, Portugal",PT
917,62.60645,-6.003943,52.366377,-9.3535727,"Unnamed Road, Co. Kerry, Ireland",IE
918,41.892128,23.611519,-21.7900616,-46.6388423,"Avenida Condé do Vila, 983-1143, Poços de Caldas - Minas Gerais, Brésil",BR
919,53.916958,14.987835,43.5261808,27.1884045,"701, 9937 Harsovo, בולגריה",BG
920,40.037807,76.896545,1.3075997,103.6952759,"2 Jln Samulun, Singapore 629120",SG
921,1.4791446,94.79407,-37.1520578,145.0802985,"LOT 1 Hume Freeway, Tallarook VIC 3659, Australia",AU
922,61.99335,-1.0731282,64.014488,10.50761,"Fylkesveg 52 180, 7170 Åfjord, Norwegen",NO
923,43.87911,71.40048,37.5233517,126.9125835,"95 Yeongdeungpodong 2(i)-ga, Yeongdeungpo-gu, Seoul, South Korea",KR
924,41.39021,3.4417377,52.4702728,18.3122181,"Unnamed Road, Poland",PL
925,-8.282333,103.31914,-33.4952965,150.4033424,"128 Mount Irvine Rd, Mount Wilson NSW 2786, Australien",RU
926,53.42979,0.63382053,48.4320544,19.6423298,"050112, 985 22 Cinobaňa, Slovakia",SK
927,26.866507,91.28354,24.9828098,55.0937398,Sheikh Zayed Rd - Dubai - Förenade Arabemiraten,AE
928,51.96149,26.207771,44.1374846,9.7625005,"Via Giacomo Matteotti, 6, 19020 Quaratica La Spezia, Italy",AE
929,40.104763,53.63484,37.4738565,127.0386403,"241 Yangjae 2(i)-dong, Seocho-gu, Seoul, South Korea",KR
930,50.407623,57.853794,45.9479653,-73.1506307,"136-434 Québec 223, Saint-Roch-de-Richelieu, QC J0L 2M0, Canada",CA
931,-9.484623,8.176504,-31.5040108,137.1007904,"Stuart Highway, Mount Gunson Australia Południowa 5710, Australia",AU
932,56.413876,-4.470574,48.1098579,20.7763777,"3525 Miskolc, Feszty Árpád Street 9, Hungary",HU
933,37.627712,52.043068,23.8322969,120.6435121,"No. 10, Section 2, Míngsōng Road, Mingjian Township, Nantou County, Taiwan 551",TW
934,41.546074,2.3386512,27.4412514,91.5679945,"Mongar - Trashigang - Trashiyangtse Rd, Trashiyangtse, Bhutan",BT
935,43.113155,46.726574,37.4474391,127.0062396,"238-1 Gwacheon-dong, Gwacheon-si, Gyeonggi-do, South Korea",KR
936,52.868725,14.309839,46.9414142,17.6994009,"8271 Mencshely, Balatoni Street 14, Hungary",HU
937,50.968845,32.858055,50.4547431,4.1881359,"Place Adolphe Caffet 12, 7100 La Louvière, Belgium",EE
938,3.7190619,110.76391,8.7918666,-75.6998435,"Carrera 3, San Carlos, Córdoba, Kolumbia",CO
939,51.150913,32.844727,54.1118377,15.7287992,"78-113 Świelubie, Polska",MY
940,34.09748,38.804848,-33.4785115,-70.5558954,"Dos Oriente 2387-2441, Peñalolén, Santiago Metropolitan Region, Chile",CL
941,39.514126,49.666607,23.1755062,89.9483715,"Tekerhat - Gopalganj Rd, Bangladesh",BD
942,39.761814,28.56173,-32.807946,-71.2217817,"F-62, Calera, Valparaíso Region, Chile",CL
943,61.427773,10.317595,49.694281,16.7570402,"3718, 569 43 Bezděčí u Trnávky, Czech Republic",US
944,3.576055,-27.064651,-35.6536496,-70.2015677,"RP226, Mendoza, Argentina",AR
945,43.03758,46.840237,43.599203,27.4804435,"27, 9379 Vladimirovo, Bulgaria",AE
946,-10.409451,48.52028,-26.4063211,31.0833706,"MR19, Swaziland",SZ
947,53.197056,32.972015,56.7076056,22.4210373,"P108, Saldus parish, LV-3862, Latvia",LV
948,62.449287,0.4343624,58.5419525,7.8484569,"Fylkesveg 292 50, 4735 Evje, Norway",NO
949,56.807484,13.300722,57.8329136,-3.8322957,"Main Street, Tain, Highland IV20 1YL, UK",GB
950,57.461838,-2.479072,51.6441622,-9.2906297,"Unnamed Road, Co. Cork, Ireland",IE
951,64.686295,5.8495793,46.1432154,6.0273483,"Route du Creux-du-Boisset 59, 1285 Avusy, Suisse",CH
952,34.606503,86.71293,23.2389003,91.3131096,"Dhaka - Chittagong Hwy, Chauddagram, Bangladesh",BD
953,39.63709,-5.0882726,54.9598464,8.6737387,"Slusevej 8, Nationalpark Vadehavet, 6280 Højer, Denmark",DK
954,51.861187,5.876517,63.7579001,-68.5444608,"1516-1520 Ungalliqpaat, Iqaluit, NU X0A, Canada",CA
955,50.168743,35.182926,53.8309646,22.9797964,"Konwaliowa 18-20, Augustow, Poland",PL
956,44.479877,58.680897,24.2044808,120.5445517,"Alley 220, Lane 315, Section 5, Shātián Road, Longjing District, Taichung City, Taiwan 434",TW
957,49.01917,12.095848,50.3215072,20.7881776,"973, Poland",PL
958,50.097233,-11.176273,53.5181234,-9.605655,"Unnamed Road, Co. Galway, Ireland",IE
959,29.510939,39.11667,22.2724408,114.2898139,"High Junk Peak Country Trail, Clear Water Bay, Hong Kong",HK
960,34.89222,22.918047,25.0108586,55.5175584,E 77 - Dubai - Arabiemiirikunnat,AE
961,24.861362,73.33034,50.6145652,27.2659801,"E40, Zhytomyrs'ka oblast, Ukraine",GR
962,53.019073,56.191704,35.217057,129.1032415,"386-2 Seo 3(sam)-dong, Geumjeong-gu, Busan, South Korea",KR
963,42.234898,11.28656,27.4156938,89.2213616,"Unnamed Road, Bhutan",BT
964,54.84748,23.213604,46.7156758,6.4128591,"9, 1337 Vallorbe, Szwajcaria",BT
965,49.97252,40.640697,47.5147777,8.6945991,"Riedhofstrasse 59, 8408 Winterthur, Switzerland",CH
966,44.800026,25.994406,46.1871809,14.2478212,"Sv. Tomaž 4-7, 4227 Selca, Slovenia",SI
967,37.28699,62.642147,2.1119429,111.6320084,"Unnamed Road, 96500 Bintangor, Sarawak, Malaysia",MY
968,58.424797,2.427262,50.8850426,17.3733255,"Droga Krajowa 94, Poland",PL
969,36.143032,18.477394,51.2752857,4.8701335,"Meikloklaan 17-25, 2275 Lille, Belgique",BE
970,41.940155,8.727157,-4.9092807,-81.0551491,"Carretera El Arenal-La Huaca, Peru",PE
971,20.649633,55.26415,-25.8405612,28.0354272,"D420 Street, Centurion, Africa de Sud",ZA
972,47.221546,13.503138,52.0376974,8.4885073,"Morgenbreede 41, Bielefeld University, 33615 Bielefeld, Germany",DE
973,15.865175,16.434502,-23.1557939,27.2505936,"Mahalapye, Botswana",BW
974,33.698322,8.980301,-36.848873,-58.5533607,"Ruta Provincial 29, Buenos Aires, Argentina",AR
975,65.98557,-0.68291616,49.6755246,5.6219805,"Route d'Arlon, 6740 Étalle, Belgium",BE
976,29.474026,62.14226,27.2169858,91.2048516,"Gyelpozhing - Nanglam Rd, Bhutan",BT
977,61.630924,10.352346,50.0106521,36.1930771,"Sirykivs'ka street, 102, Charkov, Oblast Charkov, Oekraïne",UA
978,53.313564,20.149487,45.7380746,-62.6881305,"119 Fisherman Rd, Pictou, NS B0K 1H0, Canada",CA
979,37.30547,-0.14830875,-36.8386953,-73.0873613,"San Pedro 662-742, San Pedro, San Pedro de La Paz, Biobío Region, Chile",CL
980,46.04023,13.667294,48.6551227,17.144105,"Domky 423, 908 41 Šaštín-Stráže-Stráže nad Myjavou, Slovakia",SK
981,56.557606,8.68015,44.7547725,10.7363532,"Via Fossa Ronchi, 2, 42015 Correggio Reggio Emilia, Italy",IT
982,45.444843,50.322277,37.6651656,126.7296008,"1374-4 Daehwa-dong, Ilsanseo-gu, Goyang-si, Gyeonggi-do, South Korea",KR
983,34.2264,17.976112,48.0874371,11.5326933,"Noestraße 7-11, 81479 Munich, Germany",DE
984,5.131308,86.27879,14.1157479,105.3406945,"Unnamed Road, Cambodia",KH
985,11.274466,59.694313,-23.0401911,30.377415,"R524, 0945, South Africa",ZA
986,33.172512,45.44819,-37.5761941,174.8853757,"279 Dixon Road, Te Akau 3794, New Zealand",NZ
987,50.380604,7.105909,46.0368502,15.4912252,"Mali Kamen 52, 8281 Senovo, Slovenia",SI
988,17.815567,23.739029,23.5606766,89.0309969,"Jhenaidah - Chuadanga Rd, Sadhuhati, Bangladesh",BD
989,46.13783,3.9121237,52.5204651,-6.4813677,"Unnamed Road, Co. Wexford, Irlandia",IE
990,35.381973,-13.193539,50.432299,45.4320507,"Р228, Volgograd Oblast, Russia",RU
991,38.870625,46.670773,25.0354847,55.5917997,Dubai-Hatta Rd - Dubai - United Arab Emirates,AE
992,36.27475,24.817652,-33.9704818,-70.7072263,"Panamericana Sur, Mostazal, O'Higgins Region, Chile",CL
993,51.91287,22.248268,25.0027841,55.1652137,Honeysuckle Pl - Dubai - Spojené arabské emiráty,AE
994,64.06632,23.587496,50.5216096,30.4380869,"Zolochivska Street, 44, Kyyiv, Kyiv city, Ukraine",UA
995,68.067055,23.888247,57.7497828,24.9196817,"P15, Alojas lauku teritorija, LV-4064, Latvia",LV
996,53.87058,4.5767984,40.8616859,-7.6817292,"EM581-1, 3640, Portugal",PT
997,49.6329,9.848852,47.1234229,7.2762467,"Friedhofweg 9, 2555 Brügg, Switzerland",CH
998,49.37957,18.345766,62.138724,26.9693726,"Porsaskoskentie 2223-2225, 51670 Mikkeli, Finland",FI
999,49.13648,25.228148,46.7556481,6.6332728,"E25, 1432 Belmont-sur-Yverdon, Switzerland",BE
0,-18.712612,30.340063,11.4063432,-73.0654168,"I-90 # 2 a 100, Ríohacha, La Guajira, Kolumbia",CO
1,57.246143,24.037983,50.5191532,30.4357458,"Kanivska Street, 3, Kyyiv, Kyiv city, Ukraine",UA
2,47.65501,32.464626,48.2095858,19.1357274,"75, 991 41 Čelovce, Slovakia",SK
3,27.173187,17.08378,43.3605414,25.5924138,"502, Klimentovo, Bulgaria",BG
4,66.49375,13.46826,57.1250973,23.0096192,"P128, Zentenes pagasts, LV-3113, Latvia",LV
5,46.41669,28.106092,57.6529708,26.7540514,"Metstaga-Sadramõtsa, 66106 Võru County, Estonia",EE
6,47.430126,6.113951,50.8321194,4.4559598,"Salomélaan 4, 1150 Woluwe-Saint-Pierre, Belçika",BE
7,43.12115,40.73803,-26.4087085,31.1952904,"MR3, Lobamba, Swaziland",SZ
8,65.15908,10.1067505,-36.2389408,174.6439356,"72 Pilling Road, Tomarata 0974, New Zealand",NZ
9,56.230377,-13.041164,43.4767011,-3.6625051,"Calle Romano, 5, 39160, Cantabria, Spain",ES
10,46.25227,37.078453,-38.1662411,145.1189366,"19 Marcus Road, Frankston South VIC 3199, Australia",AU
11,12.792276,21.578653,-28.7798239,-70.7823332,"Panamericana Norte, Vallenar, Atacama Region, Chile",CL
12,31.610458,50.436546,38.9633774,-78.483119,"1027-1349 Greenwalt Road, Maurertown, Virginie 22644, États-Unis",US
13,22.08775,114.509,2.7509039,101.9336529,"102-112, Jalan Zamrud 4, Taman Desa Temiang, 70200 Seremban, Negeri Sembilan, Malaysia",MY
14,46.56305,14.723524,-33.194243,-70.6680929,"Arturo Pacheco Altamirano 1130-1170, Colina, Santiago Metropolitan Region, Chile",CL
15,43.16112,19.261086,46.8442127,16.204298,"Lucova 35, 9203 Petrovci, Słowenia",SI
16,63.420017,16.915762,57.5696581,18.2081362,"Västerhejde Toftavägen 238, 621 99 Visby, Sweden",SE
17,42.39462,20.993912,57.1763695,27.6796189,"Dārzu iela 32, Viļaka, Viļakas pilsēta, LV-4583, Latvia",LV
18,49.849667,20.209694,46.478751,0.0632616,"E5, 86600 Curzay-sur-Vonne, France",FR
19,46.532494,10.715883,59.3741886,24.3116328,"Keila-Keila-Joa, 76715 Harju County, Estonia",EE
20,60.712147,7.289399,52.0997667,-2.9330603,"A438, Hereford, Herefordshire HR4, UK",GR
21,48.719517,21.527615,42.6415323,0.1757243,"HU-V-6402, 22351 Bielsa, Huesca, Spain",ES
22,36.864254,46.380478,-41.1903856,174.9547499,"429-430 Cambridge Terrace, Naenae, Lower Hutt 5019, New Zealand",NZ
23,-8.524687,121.075226,-33.4952965,150.4033424,"128 Mount Irvine Rd, Mount Wilson NSW 2786, Australien",RU
24,52.75308,61.644566,52.9856852,22.2432812,"Białostocka 4, Zambrow, Poland",PL
25,33.92005,10.744648,32.6039369,35.0220679,"70, Israel",IL
26,18.310776,79.98209,-31.6847326,152.2841497,"2809-2911 Bulga Road, Bobin NSW 2429, Australia",AU
27,56.982204,7.423608,55.9325173,21.2462646,"218, 97240, Lithuania",LT
28,41.054012,5.4501877,57.3884084,10.5091239,"Industrivej 1, 9900 Frederikshavn, Denmark",DK
29,8.337933,97.04262,2.3712746,102.8866153,"Jln Muar-Labis, 85300 Labis, Johor, Malaysia",MY
30,55.335224,20.54979,56.0130935,27.625316,"Krasta iela, Nikšāni, Robežnieku pagasts, LV-5676, Latvia",LV
31,42.70886,47.514584,23.9472663,120.6695007,"542, Taiwan, Nantou County, Caotun Township, 聯絡道國道3號",TW
32,48.918827,35.73476,27.4634681,90.1692339,"Unnamed Road, Bhutan",BT
33,55.33317,21.42237,51.73074,4.9328767,,HK
34,43.170536,11.12455,-37.6228107,144.7115246,"32-34 Shoring Road, Diggers Rest VIC 3427, Australia",AU
35,-21.190748,39.19843,-34.6762017,139.4254406,"LOT 398 Black Hill Road, Cambrai SA 5353, Australia",AU
36,49.175247,22.376774,46.8490722,18.437047,"8135 Dég, 64, Hungary",HU
37,44.11296,12.075909,42.1864053,14.2936293,"SP215, 66016 San Vincenzo-cerchiara Chieti, Italy",IT
38,38.155556,16.797892,36.1777205,133.334634,"2023 Misakimachi, Okinoshima-chō, Oki-gun, Shimane-ken 685-0021, Japan",JP
39,38.201874,65.59441,8.8873934,-75.7895149,"Glorieta # 2 a 100, Cerete, Cordoba, Colombia",CO
40,43.29051,-8.543591,-26.9701924,29.2131777,"3068 Tsubella Street, Standerton 2431, South Africa",ZA
41,54.900723,1.283421,44.6287316,-123.0886967,"1097-1199 14th Avenue Southeast, Albany, OR 97322, USA",US
42,26.954576,48.802258,24.9945717,55.4659598,E66 - Dubai - United Arab Emirates,AE
43,37.3306,11.095005,42.1485719,24.4215468,"8004, 4417 Ognyanovo, Bulgaria",BG
44,46.062206,36.864483,37.8509902,-4.8936336,"Calle la Revoltosa, 14710 Córdoba, Spain",ES
45,36.000713,-3.2146897,-32.300029,27.9774168,"N2, Butterworth 4960, South Africa",ZA
46,45.964767,30.04303,50.4825777,30.3617668,"Akademika Palladina avenue, Kyyiv, Kyiv city, Ukraine",UA
47,53.771046,18.630842,41.1194653,16.4412182,"SP231, 70037 Ruvo di Puglia, Bari, Italy",IT
48,-1.63732,7.896774,37.4242086,-7.7936995,"N124, 8970, Portugal",PT
49,61.11113,-15.870657,65.304925,-20.9070209,"Miðfjarðarvegur, Iceland",LT
50,33.375492,49.907066,-38.0574869,175.9493031,"Leslie Road, Ngatira 3485, New Zealand",NZ
51,21.454124,12.841165,25.2833333,55.4666667,Unnamed Road - Sharjah - United Arab Emirates,AE
52,62.462814,-17.207125,48.949103,20.751586,"536, 053 62 Bystrany, Eslovaquia",SK
53,49.172356,-12.379574,-37.74839,175.9786412,"101 Te Kohanga Road, Whakamarama 3176, New Zealand",NZ
54,-10.429354,16.31237,-24.3235927,25.5462841,"Kweneng East, Botswana",BW
55,32.8782,27.467308,32.8129766,34.9807805,"Horsha 7-9, Haifa, Israel",IL
56,55.633633,12.532132,52.1534857,-9.2473858,"Unnamed Road, Co. Kerry, Ireland",IE
57,33.094746,38.21313,-42.6723271,147.1511142,"1160 Church Road, Broadmarsh Tasmanie 7030, Australie",AU
58,34.74343,8.10169,-20.1959189,26.1824442,"A33, Nata, Botswana",BW
59,21.219038,79.44879,-11.991095,-41.2344604,"BA-046, Bonito - BA, 46820-000, Brazil",AU
60,40.378162,53.41042,21.2232714,92.0484567,"Cox's Bazar - Teknaf LGED Rd, Bangladesch",BD
61,52.496914,47.31112,47.393485,8.5004486,"Bernerstrasse, 8048 Zurich, Switzerland",CH
62,15.0125065,104.9428,13.7306363,105.3790168,"Unnamed Road, Cambodia",KH
63,18.60867,29.54164,-24.6872355,25.5692985,"A10, Thamaga, Botswana",BW
64,21.199871,86.352295,-24.4034355,-53.4982141,"Rua Piratininga, 605-629, Parana, 85935-000, Brazil",BR
65,36.69392,52.53995,25.3137894,55.3420362,108 Al Khaleej Rd - Dubai - Vereinigte Arabische Emirate,AE
66,19.124353,76.58394,-7.8556689,112.49617,"Jl. Gn. Banyak, Kec. Batu, Kota Batu, Jawa Timur 65312, Indonesia",ID
67,54.6723,11.308302,21.901,-102.3007296,"Roble 613(913), Las Arboledas, 20020 Aguascalientes, Mexico",MX
68,26.39923,47.40791,-26.5127635,31.3774186,"Second Avenue, Manzini, Swaziland",SZ
69,55.490257,24.768894,53.01965,5.4920837,"Hieslumerdijk, 8764 Dedgum, The Netherlands",NL
70,22.328615,52.404655,-41.482807,147.1501805,"Midland Highway, Kings Meadows TAS 7249, Australia",AU
71,48.959682,11.066883,42.6310887,1.5180111,"Avinguda de Tristaina, AD300 Ordino, Andorra",AD
72,30.734701,68.00415,27.224057,90.6197323,"Unnamed Road, Bhutan",BT
73,46.88037,33.998478,35.2164876,129.2245784,"289-4 Yeonhwa-ri, Gijang-eup, Gijang-gun, Busan, South Korea",KR
74,48.833797,6.0863566,35.8699,137.203056,"1549 Hagiwarachō Furuseki, Gero-shi, Gifu-ken 509-2505, Япония",JP
75,66.51855,13.406811,66.8673647,21.1912893,"818, 980 41 Hakkas, Suède",SE
76,53.71211,3.0411563,45.7048548,16.0209918,"Nova cesta 69, 10412, Donja Lomnica, Croatia",HR
77,36.603024,7.829534,41.945615,-6.9556997,"Unnamed Road, 5320, Portugal",PT
78,-8.965502,0.10610533,-33.770065,20.9376201,"R62, Breede River DC, South Africa",ZA
79,59.037937,11.570406,54.272291,-7.9138146,"R206, Co. Cavan, Ireland",IE
80,32.91907,29.279007,37.5939012,-4.7665558,"A-386, 14548 Montalbán de Córdoba, Córdoba, Spain",ES
81,47.083706,2.0843186,64.1189007,-21.8849623,"Eyrarland, Reykjavik, Iceland",IS
82,10.894619,10.673725,-5.2188215,-39.3031067,"CE-166, Quixeramobim - CE, 63800-000, Brazil",SG
83,53.582844,39.182755,42.9219778,25.8751267,"662, 5070 Elena, Bulgaria",BG
84,45.83801,9.890011,40.373305,17.5195934,"Strada Provinciale 129, 74028 Sava, Taranto, Italy",IT
85,53.45972,2.9640756,42.5995862,1.6375459,"Ctra. de Ransol, AD100 Canillo, Andorra",AD
86,52.44977,17.303654,61.121278,14.6225809,"Hantverkargatan 22, 794 34 Orsa, Sweden",SE
87,-6.269077,-14.046692,22.1578051,-101.8707548,"Aguascalientes 30, Palo Alto, Aguascalientes, Mexico",MX
88,37.83212,77.749664,1.2716089,103.620717,"150 Tuas South Ave 5, Singapore 637363",SG
89,59.09692,7.111681,50.2674975,4.4503384,"Rue des Barrages 12-74, 5650 Walcourt, Βέλγιο",BE
90,45.97088,34.761272,40.3897981,-3.6702635,"Calle de Pablo Rica, 8, 28053 Madrid, Spain",ES
91,14.393993,85.78165,11.8447102,104.6501911,"Unnamed Road, ឃុំ ត្បែងខ្ពស់, Cambodia",KH
92,34.65011,37.023575,50.022487,36.3644602,"533th Microrayon, Kharkiv, Kharkiv Oblast, Ukraine",UA
93,46.70499,-15.936115,31.2714939,34.7719106,"Shmu'el Rodenski 25-41, Beersheba, Israel",IL
94,5.5938206,-15.43527,-32.5564458,23.4892997,"R61, South Africa",ZA
95,51.45214,29.299355,57.4100618,25.9080062,"Mežoles iela 13, Smiltene, Smiltenes pilsēta, LV-4729, Latvia",LV
96,61.482605,-2.2731228,49.9589572,5.6069166,"Jodenville 20, 6640 Vaux-sur-Sûre, Belgium",BE
97,48.909973,30.476152,4.6231647,-74.1869381,"Transversal 87B # 58S-1 a 58S-99, Bogota, Cundinamarca, Kolumbia",CO
98,62.841618,7.3547196,63.5263295,-18.4707352,"Þjóðvegur, Iceland",IS
99,59.035835,23.585209,62.16145,5.1735825,"Fylkesveg 633 80, 6750 Stadlandet, Norway",CL
100,56.641125,-2.1811013,58.3575583,26.6255891,"Tartu–Viljandi–Kilingi-Nõmme, Haage, 61402 Comté de Tartu, Estonie",FI
101,58.963154,2.4415874,48.0280564,-1.4743834,"Le Bois Riant, 35150 Amanlis, France",FR
102,16.97082,17.88314,30.7998584,35.2615528,"139, Hatzeva, Israel",IL
103,41.822193,45.471233,27.8534753,128.9561251,"Japan, 〒891-7423 Kagoshima-ken, Ōshima-gun, Tokunoshima-chō, San 県道629号線",JP
104,60.631588,22.184353,59.5237993,18.2533572,"Sjöbergsvägen 76, 186 91 Vallentuna, Sweden",SE
105,31.285135,84.09083,12.1806522,104.8814769,"Unnamed Road, ឃុំ ព្រៃគ្រី, Kambodscha",KH
106,41.630558,46.745262,64.0770614,-21.9449117,"Helluhraun, Hafnarfjörður, Islande",KR
107,56.54356,31.833073,49.8526248,19.0716966,"Barkowska 272, 43-346 Bielsko-Biala, Poland",PL
108,58.606274,11.921831,-46.2329396,168.2400295,"178 Spar Bush-Bay Road, Northope 9874, New Zealand",NZ
109,64.50119,14.099554,58.8225845,25.7745348,"E263, 72501 Järva County, Estonia",EE
110,52.747902,40.779686,46.4638853,13.9432373,"Dovje, 4281 Mojstrana, Słowenia",SI
111,45.08124,17.032919,46.6873636,19.84198,"6100 Kiskunfélegyháza, 5402, Hungary",HU
112,37.20319,56.579662,27.48657,89.7692987,"Thimphu-Wangdue Phodrang Hwy, Bhutan",BT
113,46.06248,29.772415,47.511661,3.7365399,"D21, 89660 Montillot, France",FR
114,56.87721,28.274132,56.8651894,24.4194106,"Bajāru iela 2, Bajāri, Salaspils lauku teritorija, LV-2121, Latvia",LV
115,45.88609,54.454205,50.4159391,30.519073,"Kazymyra Malevycha Street, 86, Kyyiv, Kyiv city, Ukraine",UA
116,4.101274,26.967701,24.992155,55.357965,Dubai - United Arab Emirates,AE
117,28.329763,95.08,23.9772469,120.5794357,"No. 427, Lane 518, Section 1, Fúzhèn Road, Yuanlin Township, Changhua County, Taiwan 510",TW
118,50.378185,21.741337,51.0139239,-103.0569553,"Saskatchewan 15, Fenwood, SK S0A 0Y0, Canada",CA
119,1.7863278,49.791153,7.9467281,-75.4410501,"Montelíbano - Puerto Libertador, Montelíbano, Cordoba, Colombia",CO
120,28.811628,0.62373686,4.2644893,-74.568264,"Túnel Del Sumapaz, Melgar, Tolima, Kolumbia",CO
121,31.661993,98.99864,-7.2084006,107.6594101,"Jl. Raya Cibeureum No.13, Kertasari, Bandung, Jawa Barat 40386, Indonesia",ID
122,59.770954,17.67577,55.1153278,26.2120654,"109, 18129, Lithuania",LT
123,20.766207,89.02295,23.4086769,121.3231379,"982, Taiwan, Hualien County, Zhuoxi Township, 10",TW
124,51.741734,19.308914,56.077678,23.7512242,"2917, 83324, Lithuania",LT
125,56.9748,31.998463,59.0992238,24.3796144,"Riisipere-Nurme, 76215 Raplamaa, Estonia",EE
126,19.659904,134.43024,11.5826405,105.4781551,"NR8, Kambodscha",KH
127,59.835102,26.221485,53.3453153,83.7660928,"prospekt Krasnoarmeyskiy, 106, Barnaul, Altai Krai, Russia, 656907",RU
128,53.71403,28.239277,49.4622157,11.1481309,"Rehhofstraße 18, 90482 Nuremberg, Germany",DE
129,58.616665,3.6511617,52.6655349,-8.1139486,"Unnamed Road, Co. Tipperary, Ireland",NL
130,53.14437,21.68405,61.6433027,16.0515383,"Harsavägen, 820 40 Järvsö, Sweden",SE
131,49.147137,3.4978392,45.5039172,15.5265387,"Ulica Mirka Seljana 43, 47000, Károlyváros, Horvátország",GB
132,31.760118,36.283623,39.6446884,2.8960738,"Carretera Montuïri, 11, 07140 Sencelles, Балеарские о-ва, Испания",ES
133,27.861746,2.6460204,47.2881574,23.102448,"DJ108D, Romania",RO
134,50.86655,53.602676,42.2827463,25.9329267,"554, 6260 Radnevo, Bulgaria",BG
135,59.541065,20.3824,54.2978387,23.9618252,"2512, 64238, Lithuania",LT
136,54.274773,29.346937,47.6737164,19.1110651,"2015 Szigetmonostor, Horánygyöngye Street 61, Hungary",HU
137,27.12317,69.48245,23.8823813,120.6044848,"No. 3-8, Qīngxìng Road, Shetou Township, Changhua County, Taiwan 511",TW
138,52.83891,38.49078,48.8620542,17.9421051,"061028, 913 04 Chocholná-Velčice-Velčice, Slovensko",SK
139,41.696293,13.286125,-36.6105231,-59.0594022,"Ruta Provincial 30, Buenos Aires, Argentina",AR
140,44.587765,33.76643,44.115245,-80.1786301,"556300-556598 Mulmur Melancthon Townline, Shelburne, Ontario L0N 1S6, Kanada",CA
141,41.995506,18.119387,46.0491157,16.6608072,"D41, 48263, Carevdar, Croatia",HR
142,-22.51826,26.230734,-23.7752106,24.7683412,"Kweneng West, Botswana",BW
143,48.791065,-6.8104043,48.6216377,18.7808059,"Trubín 162, 966 23 Lovčica-Trubín, Slovakia",SK
144,51.021122,9.625388,56.6698549,23.7354294,"Loka maģistrāle 39-41, Jelgava, LV-3004, Latvia",LV
145,27.809977,-4.05802,-29.2727642,26.1712951,"N1, Republika Południowej Afryki",ZA
146,38.72077,52.551937,21.4026542,92.1118713,"Ramu-Maricha Rd, Bangladesh",BD
147,54.618122,39.62202,36.1105352,139.923768,"484 Kuriyama Shinden, Joso, Ibaraki Prefecture, Japan",JP
148,25.75756,13.488419,-28.1988867,152.6734563,"LOT 1 Waterfall Creek Road, Maroon QLD 4310, Australia",AU
149,37.456036,24.334396,45.0524611,10.3596262,"Strada Provinciale 60, 26030 Gussola, Cremona, Italy",IT
150,50.521614,31.717972,56.841608,24.5015716,"P10, Jaunikšķile, Ikšķiles lauku teritorija, LV-5052, Latvia",LV
151,42.476894,15.731531,54.9238988,25.170779,"5230, 14271, Lithuania",LT
152,50.126667,-13.462458,46.5134563,7.3598954,"Eggweid, 3770 Zweisimmen, Switzerland",CH
153,37.83529,31.04654,32.2711461,34.951698,"97, Porat, Israel",IL
154,11.936512,57.83327,14.8969242,99.2746783,"Unnamed Road, Tambon Khao Chot, Amphoe Si Sawat, Chang Wat Kanchanaburi 71220, Thailand",PE
155,-13.297312,55.18254,-26.7521696,31.8888286,"MR8, Swaziland",SZ
156,37.311943,27.969307,48.2878569,18.1344725,"Dolná 4-6, 949 07 Nitra-Janíkovce, Slovakia",SK
157,13.262234,61.450638,-25.9561855,31.247268,"MR1, Piggs Peak, Swaziland",SZ
158,56.362766,4.990658,52.9637792,-7.7920174,"20-32 An Gleann Glas, Co. Tipperary, Ireland",IE
159,55.78693,16.478338,46.091911,12.0850332,"Via Cal da Prà, 7, 32036 Sedico, Belluno, Italy",IT
160,50.952507,32.016106,64.0770614,-21.9449117,"Helluhraun, Hafnarfjörður, Islande",KR
161,57.285275,-1.7411556,52.3521748,9.7919598,"Messeschnellweg, 30519 Hanover, Germany",DE
162,15.055619,5.9496965,-34.344186,-66.2045948,"RP43, San Luis, Argentina",AR
163,50.746,26.255869,44.8393303,38.3975864,"ulitsa Lenina, Kholmskaya, Krasnodar Krai, Russia",RU
164,40.95546,12.44943,27.4389148,89.4314246,"Unnamed Road, Paro, Bhutan",BT
165,1.9724841,110.14468,-37.1520578,145.0802985,"LOT 1 Hume Freeway, Tallarook VIC 3659, Australia",AU
166,21.16543,71.98944,38.1709116,22.3394773,"Unnamed Road, Krathi 250 06, Greece",GR
167,41.51698,24.86576,37.7739398,-92.2076558,"26475 State Highway H, Mark Twain National Forest, Waynesville, Missouri 65583, États-Unis",US
168,55.73926,50.832832,35.1970325,129.0964066,"766-1 Allak 1(il)-dong, Dongnae-gu, Busan, South Korea",KR
169,39.685745,41.94201,16.8700262,-99.8171144,"Ciudad Pérdida 10, La Sabana, 39799 Acapulco, Guerrero, Mexico",NL
170,27.055513,19.912823,43.5093055,23.0468837,"1, 3482 Vinište, Bulgaria",BG
171,14.043264,30.6288,-8.2738579,115.5925777,"Jl. Kubu, Kubu, Karangasem, Bali 80852, Indonesien",ID
172,22.916798,96.27544,1.383967,103.8906174,"151 Compassvale Bow, Singapore 544997",SG
173,28.275543,77.30109,23.9511143,120.6963837,"No. 51-1, Huánshān Road, Nantou City, Nantou County, Taiwan 540",TW
174,45.567738,28.518293,39.5767576,-0.5170821,"Calle Fuente del Algezar, 46117 San Antonio de Benagéber, Valencia, Spain",ES
175,2.5514455,114.59555,43.2516228,-8.340779,"Camino Culebrón, Carral, A Coruña, Spain",ES
176,22.687653,18.3035,-4.1652883,-42.8934892,"Rua Eustáquio Borges, 148-204, Piauí, 64130-000, Brazil",BR
177,50.69211,10.716543,47.1213938,17.156821,"9545 Jánosháza, Széchenyi Street 25-27, Hungary",HU
178,20.513601,77.09967,12.5826117,106.1367792,"Unnamed Road, Cambodia",KH
179,25.201769,50.326664,-20.5080807,-40.3833834,"Rua José Mendes Pereira, 459-527 - Balneario Ponta da Fruta, Espirito Santo, 29128-472, Brazil",BR
180,38.18247,45.805954,27.6627839,90.7482937,"Unnamed Road, Bhutan",LT
181,26.118814,53.756413,25.125524,55.4259981,Manama Rd - Dubai - Vereinigte Arabische Emirate,AE
182,54.6041,48.699776,50.4536019,30.465432,"Brest-Lytovs'kyi lane, 30, Kiev, Kyiv city, Ukraine",UA
183,38.086884,48.093666,-37.74839,175.9786412,"101 Te Kohanga Road, Whakamarama 3176, New Zealand",NZ
184,63.451984,34.62167,66.8673647,21.1912893,"818, 980 41 Hakkas, Suède",SE
185,61.60603,16.044342,64.6102623,25.1516494,"Koivumaanperäntie 126-128, 92430 Siikajoki, Finland",FI
186,59.21198,15.406012,61.833327,25.2953128,"16567 470-508, 42100 Jämsä, Finland",FI
187,55.94335,1.8288279,49.3628852,17.5653511,"Bořenovice 50, 769 01 Bořenovice, Czech Republic",CZ
188,59.775776,23.183807,46.4512785,30.6910501,"Kvitkova street, 13, Odessa, Ukraine",UA
189,49.75935,27.058878,49.4484731,15.3385594,"347, 393 01 Zachotín, Czech Republic",CZ
190,31.27783,88.42171,22.463473,114.0306794,"Nam Sang Wai Rd, Yuen Long, Hong Kong",HK
191,39.43511,30.5368,-38.3822022,176.0822174,"283 Dunkirk Road, Atiamuri 3078, New Zealand",NZ
192,39.413982,25.93913,-40.4318435,-71.5300999,"Ruta Nacional 40, Neuquén, Argentina",AR
193,31.059185,52.126373,53.7906457,-9.2815936,"Unnamed Road, Co. Mayo, Ireland",IE
194,11.563902,28.865334,-24.6505712,25.8456314,"A10, Gaborone, Botswana",BW
195,61.587658,5.7120605,51.8690883,-8.8383803,"Unnamed Road, Co. Cork, Ireland",IE
196,49.85101,11.077929,65.1903302,20.5920366,"890, 930 52 Fällfors, Sweden",SE
197,56.169674,19.926426,39.8353549,-88.516362,"East 300 North Road, Atwood, IL 61913, USA",US
198,36.69612,42.729076,-9.6249589,-77.1906914,"110, Peru",PE
199,30.751118,26.316465,-28.2865407,-54.22981,"Rua Armindo Utzig, 2-74, Rio Grande do Sul, Brazil",BR
200,55.97717,2.9234328,46.884343,18.0175412,"8600 Siófok, E71, Hungary",HU
201,48.83835,18.651148,47.7284681,19.9118764,"3212 Gyöngyöshalász, M3, Ungarn",HU
202,32.17699,105.588394,1.3081129,103.8334193,"22 Scotts Rd, Singapore",SG
203,56.528156,10.992648,51.9939313,5.0981564,"Jan Blankenweg 2, 4131 ZA Vianen, The Netherlands",NL
204,25.156141,78.23308,-29.8264916,30.8519392,"10 Greenfields Crescent, Pinetown 3610, South Africa",ZA
205,9.621955,53.213577,25.0354847,55.5917997,Dubai-Hatta Rd - Dubai - United Arab Emirates,AE
206,60.51479,19.430744,56.16943,8.6855281,"Videbækvej 35A, 7480 Vildbjerg, Denmark",DK
207,30.974184,94.600784,23.5835719,90.6372611,"N1, Gazaria, Bangladesh",BD
208,49.400738,29.663574,51.6497215,20.9744784,"26-800 Szczyty, Poland",PL
209,6.6571083,40.858486,-15.7235843,-52.2549757,"BR-158, Mato Grosso, 78600-000, Brazil",BR
210,61.29995,3.9014983,51.1847416,19.4152902,"Gmina Kamieńsk, Poland",PL
211,40.062317,77.08416,23.8418528,120.4880734,"524, Taiwan, Changhua County, Xizhou Township, 廣東巷",TW
212,38.012123,65.1131,22.4461865,114.0047327,"15 Ping Ha Rd, Ping Shan, Hongkong",HK
213,6.2376404,-2.9383798,37.6454654,22.8457736,"Epar.Od. Argous - Arachneou, Nafplio 210 55, Greece",GR
214,49.013744,3.124535,54.0680955,24.0537352,"2518, Dzūkijos nacionalinis parkas, Liškiava 65319, Lithuania",LT
215,49.325726,12.1235695,42.5607406,1.4956923,"CG-4, 82, AD400 Erts, Andorra",AD
216,40.313583,22.400116,42.9747781,25.3312194,"4041, 5374 Yantra, Bulgaria",BG
217,27.150661,30.32277,-33.4283406,-70.6617585,"Presidente Eduardo Frei Montalva, Independencia, Santiago Metropolitan Region, Chile",CL
218,61.11762,18.66922,45.3253342,14.8552191,"Poljička ulica 1, 51315, Mrkopalj, Croatie",HR
219,54.640484,6.2784896,47.3509221,17.4063941,"8521 Nagyacsád, 8406, Hungary",HU
220,58.061474,11.3457985,9.9165528,-74.0574925,"I-80 # 2 a 100, Ariguaní (El Difícil), Magdalena, Colombia",CO
221,50.093235,9.146965,49.970491,17.9618178,"46, Opava-Malé Hoštice, Czech Republic",CZ
222,47.295113,12.471645,46.4711471,-0.0220694,"D5, 79340 Saint-Germier, France",FR
223,47.542774,31.062786,49.510062,8.5530327,"Magdeburger Straße, 68309 Mannheim, Germany",DE
224,-20.643059,17.145765,25.1951466,55.6391754,E 102 - Sharjah - Förenade Arabemiraten,AE
225,52.90966,50.742138,41.6282032,-4.7345681,"Calle Daniel del Olmo González, 8, 47008 Valladolid, Spain",ES
226,61.2027,15.114998,54.9280092,9.4899152,"Lundtoftvej 2, 6300 Gråsten, Danmark",DK
227,8.362793,46.26745,14.1685084,104.695391,"Unnamed Road, Cambodge",KH
228,36.207077,8.950581,37.7128646,-3.9627146,"Calle Manuel Bueno Sanchez, 23600 Martos, Jaén, Spain",ES
229,40.693172,59.463318,22.4454044,114.0052008,"15 Ping Ha Rd, Ping Shan, Гонконг",HK
230,32.16446,67.85881,15.3820674,100.0888471,"5002, Tambon Hat Thanong, Amphoe Mueang Uthai Thani, Chang Wat Uthai Thani 61000, Thailand",TH
231,60.535763,8.265817,56.8967605,9.7811385,"Guldbækvej 151, 9530 Støvring, Denemarken",DK
232,21.148653,28.8417,40.9415683,23.9246594,"Unnamed Road, Amfipoli 620 41, Greece",GR
233,49.40594,12.750013,52.108108,5.029727,"Jan Vogellaan, 3451 Vleuten, The Netherlands",NL
234,-23.488508,16.641052,-20.1830191,24.0225867,"A3, Botswana",BW
235,42.33605,51.76132,37.5127364,127.070302,"1082-1 Jamsil-dong, Songpa-gu, Soul, Korean tasavalta",KR
236,55.545307,32.89338,64.035064,-22.7025737,"Vallargata, Sandgerði, Islandia",PE
237,47.856777,-6.8349338,42.6318376,1.4995781,"Ctra. d'Arcalís, AD300 Ordino, Andorra",AD
238,37.229996,34.439495,45.4438524,22.78991,"DJ685, Roemenië",RO
239,28.542168,60.85269,22.4702562,114.2330693,"66 Tai Mei Tuk Rd, Shuen Wan, Hong Kong",HK
240,56.610485,1.9129386,55.9842306,9.7867,"Potmosevej 24, 8752 Østbirk, Denmark",DK
241,-7.4043336,89.441444,-24.928505,30.8100907,"R532, Motlatse Canyon Provincial Nature Reserve, South Africa",ZA
242,42.893066,71.99684,16.0511282,102.5374209,"Unnamed Road, Tambon Non Payom, Amphoe Chonnabot, Chang Wat Khon Kaen 40180, Thailand",CL
243,34.57335,21.185589,4.3250681,-74.4043975,"Calle 24, Fusagasuga, Cundinamarca, Kolumbia",CO
244,49.877743,18.22854,32.7687408,-96.8612105,"2400 Лон Стар Драйв, Даллас, Техас 75212, Соединенные Штаты Америки",US
245,64.45105,27.43148,55.4165008,25.0615687,"1201, Kurkle 29234, Litwa",LT
246,32.210068,6.3730645,26.9232211,-105.6582615,"Venezuela 53, Kennedy, 33880 Parral, Chihuahua, Mexico",MX
247,56.364258,10.913839,52.1760085,5.4622366,"Oosterdorpsstraat 25-27, 3871 AA Hoevelaken, The Netherlands",NL
248,47.280716,44.87689,50.08027,8.6322293,"Saonestraße 3, 60528 Frankfurt, Germany",DE
249,58.04677,20.744427,54.182748,-105.9642454,"CanAm Highway, Division No. 18, Unorganized, SK S0J, Canada",CA
250,-11.393007,7.887525,-20.1793031,25.3548453,"A3, Botswana",BW
251,33.311714,-0.39865065,-39.5997613,175.8176904,"211 Te Moehau Road, Taihape 4795, New Zealand",NZ
252,58.28793,7.311568,55.7681499,12.4958948,"Odinsvej 8-10, 2800 Lyngby, Denmark",DK
253,33.96225,13.005472,32.9550701,35.2114311,"8533, Yarka, Israel",NO
254,59.711636,23.052834,60.3176179,10.4206605,"Heierkleiva 18, 2750 Gran, Norway",NO
255,55.911495,24.884502,52.6302253,18.8084057,"Droga Krajowa 62, Poland",PL
256,59.15598,6.17363,53.7141013,-8.3429046,"Unnamed Road, Co. Roscommon, Ireland",IE
257,22.457012,89.29319,-7.3763105,108.5422744,"Jl. St. Banjar, Pataruman, Kota Banjar, Jawa Barat 46322, Indonesia",ID
258,46.689648,6.4381566,38.4452284,140.8174227,"Daigamorikita-31 Yoshida, Taiwa-chō, Kurokawa-gun, Miyagi-ken 981-3625, Japan",JP
259,44.49281,29.683899,-33.5831725,-70.6958797,"Fontecilla 189, San Bernardo, Santiago Metropolitan Region, Chile",CL
260,13.70397,90.657585,23.7131769,88.7661701,"Chuadanga - Meherpur Hwy, Bangladesh",BD
261,35.00082,35.23221,-26.3828061,25.9094833,"N14, Biesiesvlei 2755, South Africa",ZA
262,55.88757,16.937716,47.5473098,21.6462336,"4028 Debrecen, Jósika Street 3-5, Hungary",HU
263,50.22736,34.828938,48.0004801,37.7796199,"Torets'ka street, 10-12, Donetsk, Donetsk Oblast, Ukraine",UA
264,43.97457,0.1569705,40.2282045,-8.7355929,"R. Arieiro 19, 3090-837, Portugal",PT
265,56.476,13.252686,47.7430706,21.3444613,"4074 Hajdúböszörmény, Bagota Street 30-32, Hungary",HU
266,21.848686,17.745516,-25.6385734,27.1970455,"Swartruggens Road, Rustenburg 0309, Republika Południowej Afryki",ZA
267,57.476124,6.4070444,55.5506575,22.2659733,"E85, 75492, Litwa",BT
268,5.1069064,107.03871,3.9444281,101.2861419,"Jalan Besout 5, 35600 Sungkai, Perak, Malaysia",MY
269,18.909288,49.705673,24.0461699,120.4670907,"Lane 207, Section 6, Zhānglù Road, Fuxing Township, Comté de Changhua, Taïwan 506",TW
270,35.864105,66.08333,1.4017732,103.9704287,"Natural Trail, Singapore",SG
271,55.802685,21.931284,42.8876728,11.8179239,"Strada Provinciale della Valle del Rigo, 53040 San Casciano dei Bagni, Sienne, Italie",IT
272,47.39057,18.854307,45.8778673,15.2414974,"8220 Brezovica, Słowenia",SI
273,62.027443,20.24727,56.497676,27.2627216,"E262, Ozolmuižas pagasts, LV-4601, Lettonie",LV
274,50.820553,14.698076,49.6363818,4.0082574,"D592, 02340 Dizy-le-Gros, France",FR
275,46.71974,54.110638,62.3114187,17.3732856,"Sandslåvägen 9, 862 33 Kvissleby, Sweden",SE
276,-3.2292132,21.003628,-19.7008111,22.0219143,"Unnamed Road, Botswana",NL
277,51.249508,23.150404,67.6016027,26.740429,"Rovaniementie 2257-2339, 99600 Sodankylä, Finland",FI
278,54.296524,1.1655736,50.8267309,5.2945375,"Kerselaarstraat 10, 3840 Borgloon, Belgium",BE
279,21.1646,12.567312,42.3701226,-5.0982994,"N-120, 245, 24342 Calzada del Coto, León, Spain",ES
280,59.39555,-5.3269906,47.3906561,5.3047511,"D70, 21310 Mirebeau-sur-Bèze, France",FR
281,34.43455,-10.44998,42.9404815,23.2655811,"8102, Svidnya, Bulgaria",BG
282,50.52651,11.301828,52.6590337,16.7980613,"Bielawska, 64-600 Oborniki, Poland",PL
283,45.692196,43.83157,40.4190483,-3.542011,"Avenida de Madrid, 32, 28822 Coslada, Madrid, Spain",ES
284,51.579693,8.745123,48.1821803,11.4875356,"Ernst-von-Beling-Straße 27, 80997 Munich, Germany",DE
285,11.558311,96.62802,-7.7066264,108.6559457,"Jl. Pantai Timur, Pangandaran, Pangandaran, Jawa Barat 46396, Indonesia",ID
286,22.72939,16.562386,41.6218947,26.3067614,"Epar.Od. Keramou - Dikeon 50, Elea 680 07, Greece",GR
287,35.710754,56.464855,22.4138177,114.0675682,"220 Ho Pui Tsuen, Tai Lam, Hong Kong",HK
288,62.02539,-8.36367,50.0338351,13.3402048,"2066, 331 65 Žihle, Czech Republic",CZ
289,36.51984,93.10356,23.636505,90.5944565,"N1, Sonargaon, Bangladesh",BD
290,48.05441,-3.685883,3.8500152,113.8588369,"AH150, 98200 Miri, Sarawak, Malaysia",MY
291,42.592434,9.385605,-32.0381438,-61.8149515,"RP66, Santa Fe, Argentina",AR
292,34.260445,72.217064,3.9109249,101.9941726,"C144, Kampung Pamah Kulat, 27600 Raub, Pahang, Malaysia",MY
293,52.1085,18.528177,44.9483358,37.9808079,"Krasno-Zelenaya ulitsa, 110, Krymsk, Krai de Krasnodar, Rusia, 353380",RU
294,44.582653,15.75382,5.2004754,-74.8801828,"Carrera 18 # 1 a 99, Mariquita, Tolima, Kolumbia",CO
295,42.191013,10.806904,53.1487384,21.4494996,"Unnamed Road, Polska",PL
296,33.362576,90.218666,1.3772112,103.8407848,"642 Ang Mo Kio Ave 5, Singapore",SG
297,32.081676,118.78999,22.5243666,114.2154747,"Luk Keng Rd, Shuen Wan, Hong Kong",HK
298,60.667477,11.9015255,50.4969879,30.3248695,"Ponomarova Street, Ukraine",UA
299,22.769302,31.607327,36.9924393,25.1175995,"Epar.Od. Parikias-Pountas, Pounta 844 00, Greece",GR
300,37.515213,71.430695,1.2716089,103.620717,"150 Tuas South Ave 5, Singapore 637363",UA
301,58.516315,28.692953,68.0442669,13.3491664,"Fylkesveg 807 350, 8380 Ramberg, Norway",NO
302,39.840996,50.580296,35.2778119,129.1099154,"611-2 Seon-dong, Geumjeong-gu, Pusan, Corée du Sud",KR
303,26.722004,79.973076,5.014344,-75.3434102,"I-50, Manizales, Caldas, Kolumbia",CO
304,55.630947,2.4342718,46.7906502,-0.5171665,"D38, 79300 Bressuire, France",KR
305,54.81012,20.306665,48.399294,20.2688545,"50, 982 51 Stránska, Slovakia",SK
306,65.747925,13.825916,62.5700859,29.4739787,"Liperintie 60-62, 83130 Liperi, Finlande",FI
307,21.632027,84.00758,22.3107687,91.8570272,"N1, Bangladesh",BD
308,45.869377,13.466854,47.2187059,6.8211097,"4 Rue Lamarck, 25140 Charquemont, France",FR
309,57.326447,7.420863,46.4041103,-81.1892535,"Saint Louis Street, Greater Sudbury, ON P3Y 1G2, Canada",CA
310,49.956455,39.099842,48.9294531,21.8812766,"Družstevná, 066 01 Humenné, Slovakia",SK
311,15.093609,18.872375,-25.6385734,27.1970455,"Swartruggens Road, Rustenburg 0309, Republika Południowej Afryki",ZA
312,26.966,53.740894,25.2429346,55.2755186,149 Al Mina Rd - Dubai - United Arab Emirates,AE
313,39.975365,53.494,-34.4649258,-71.4012914,"I-318, Peralillo, VI Región, Chile",US
314,51.13223,20.233763,49.9698213,36.1781779,"Volozhanivs'ka street, 68, Járkov, Óblast de Járkov, Ucrania",UA
315,51.17648,-3.6584287,51.8690883,-8.8383803,"Unnamed Road, Co. Cork, Ireland",IE
316,32.15919,28.230852,-26.0007604,28.0090296,"13 Pagoda Crescent, Sandton 2055, South Africa",ZA
317,62.337227,7.689171,59.4516713,16.815981,"966, 645 92 Strängnäs, Sweden",SE
318,46.7636,33.343784,31.8361176,130.7690913,"Unnamed Road, Makizonochō Shimonakatsugawa, Kirishima-shi, Kagoshima-ken 899-6506, Japan",JP
319,59.1393,5.489644,49.2963794,17.7326203,"Hradská 306, 763 17 Lukov, Czech Republic",AU
320,42.302998,10.685099,43.342394,16.7219768,"D113, 21424, Pražnica, Croatie",HR
321,27.310102,-2.5790591,56.783834,37.8270874,"Р104, Obwód twerski, Rosja",RU
322,11.798414,3.597908,-33.1882057,22.0083091,"R328, Prince Albert 6930, Sydafrika",ZA
323,58.540524,11.709677,50.9307098,5.4556834,"Steenakkerstraat 94-120, 3590 Diepenbeek, Belgium",KH
324,40.698986,-0.25804853,47.6828049,-72.5674974,"Québec 155, La Tuque, QC G0X, Canada",CA
325,38.6927,4.995969,42.511272,1.560387,"Ctra. d'Engolasters, 1, AD700 Escaldes-Engordany, Andorra",AD
326,36.260376,-7.700648,37.6490324,-3.4346602,"A-324, 23560 Huelma, Jaén, Spain",ES
327,53.006733,26.379091,55.4397255,37.5602865,"Paradnyy proyezd, 8, Podolsk, Obwód moskiewski, Rosja, 142100",RU
328,20.360386,22.620846,42.4710159,1.7934933,"CG-2, AD200 Encamp, Andorra",AD
329,56.29658,25.671307,46.091911,12.0850332,"Via Cal da Prà, 7, 32036 Sedico, Belluno, Italy",IT
330,56.349167,19.73899,53.4462008,-113.2403662,"Alberta 14, Sherwood Park, AB T8C, Canada",CA
331,53.34719,5.6250377,37.8587391,-25.2638665,"Japon, 〒100-2211 Tōkyō-to, Ogasawara-mura, Hahajima 都道241号線",JP
332,54.323483,21.225548,48.4320544,19.6423298,"050112, 985 22 Cinobaňa, Slovakia",SK
333,67.902504,18.347445,62.5267906,17.5883418,"Västansjövägen, 860 35 Söråker, Sweden",SE
334,13.261295,50.798992,-15.4512817,-47.5960274,"Rua A - Setor Leste, Planaltina - Goiás, Brazil",BR
335,23.82282,62.099903,2.5630845,-75.4804738,"RT45, Hobo, Huila, Kolumbia",CO
336,58.695126,17.688208,54.1118377,15.7287992,"78-113 Świelubie, Polska",CH
337,66.112175,12.503788,65.7681697,-21.7001211,"Strandavegur, Islande",CH
338,47.143658,42.42981,46.1713974,14.509816,"Utik 38, 1217 Vodice, Słowenia",SI
339,53.23557,-4.274615,49.2881896,13.3814079,"1718, 341 42 Kolinec, Czech Republic",CZ
340,58.990627,-1.7942815,52.1473641,6.7014308,"Eibergsestraat 191, 7481 HJ Haaksbergen, Pays-Bas",HU
341,25.60256,52.11639,-18.7065728,-39.8804237,"Avenida Cricaré, 377-669, Espirito Santo, Brazil",BR
342,27.123087,12.917315,36.733052,-3.4375369,"GR-5209, Motril, Provincie Granada, Španělsko",ES
343,14.201938,32.43518,39.4428943,-0.7392601,"E-901, 323, 46370 Chiva, Valencia, Spanien",ES
344,24.598972,20.070543,-19.9816151,23.4511249,"Koro, Maun, Botswana",BW
345,28.182451,96.75756,16.995623,99.9534957,"Unnamed Road, Tambon Krai Nai, Amphoe Kong Krailat, Chang Wat Sukhothai 64170, Thailand",NL
346,-2.8821206,-27.577705,-48.7754542,-71.2419339,"RP29, Santa Cruz, Argentine",AR
347,44.561905,64.30662,27.4638542,90.5007355,"Sarpang - Gelephu - Trongsa Hwy, Bhutan",BT
348,2.7658672,48.15372,-27.3202521,152.8538747,"31 Hills Road, Closeburn QLD 4520, Australia",AU
349,38.92968,51.645115,64.3164538,-22.0793033,"Faxabraut, Akranes, Iceland",IS
350,60.357132,27.426668,54.5542008,23.1698604,"5116, Geisteriškiai 70321, Lithuania",LT
351,51.94549,18.239737,56.6294927,21.2946957,"P112, Tadaiķi parish, LV-3452, Latvia",GR
352,61.19001,37.64906,59.4414714,-126.1650289,"Alaska Hwy, Northern Rockies B, BC V0C, Canada",CA
353,40.550148,-4.038364,40.8957614,-7.8740673,"R. São Brás 53, 3600, Portogallo",PT
354,45.133293,4.661778,42.5839018,1.5195989,"Av. de l'Ensegur, AD300 Ordino, Andorra",AD
355,45.713375,7.9995847,44.7090512,15.1439246,"A1, 53224, Ličko Lešće, Croatia",HR
356,31.528046,80.3439,23.7088357,120.2416707,"635, Taiwan, Yunlin County, Dongshi Township, 雲115鄉道",TW
357,46.570854,19.22451,39.8394127,-8.1273309,"N2, 6100, Portugal",PT
358,32.394405,26.801414,11.1780268,105.3035697,"Unnamed Road, Cambodia",KH
359,46.009216,68.449524,3.0303684,101.8666965,"Jalan Sungai Lalang, 43500 Semenyih, Selangor, Malaysia",MY
360,56.46568,12.435897,-35.9323472,-60.3396814,"Ruta Nacional 205, Buenos Aires, Argentina",AR
361,-17.691896,26.692535,-24.2260168,26.1718687,"A1, Botswana",BW
362,47.46893,5.5873303,42.5810107,1.5192698,"Av. de l'Ensegur, AD300 Ordino, Andorra",AD
363,41.716427,26.914276,48.6368456,22.1607806,"552032, 072 53 Bežovce, Slovakia",SK
364,51.185764,17.03505,45.164017,-73.272238,"1162-1262 Rue Principale, Île-aux-Noix, QC J0J 1G0, Canada",CA
365,53.01249,10.593823,51.7680525,5.4969463,"Ussenstraat 100, 5345 HW Oss, The Netherlands",NL
366,41.418945,21.5958,37.6598455,-87.1541111,"7906-8048 Fitts Road, Owensboro, KY 42301, USA",US
367,61.953037,6.4312024,51.0309511,20.5256603,"26-080 Borki, Poland",PL
368,42.406883,16.110285,42.5174979,1.5264201,"Av. Fiter i Rossell, 90, AD700 Escaldes-Engordany, Andorra",AD
369,47.723045,-0.47690153,46.7092222,16.0923537,"Lemerje 55, 9201 Puconci, Slovenia",SI
370,54.04465,-11.657827,50.9594226,5.775302,"Merodestraat 36, 6171 XN Stein, Nederland",NL
371,55.09657,17.016447,48.8419253,19.1150043,"E77, 976 02 Staré Hory, Slovakia",SK
372,24.811522,104.45677,22.5777727,88.9985457,"Satkhira-Kaliganj Highway, Debhata, Bangladesh",BD
373,53.61272,4.180457,54.9844629,25.2255339,"5254, Glitiškės 14292, Lithuania",LT
374,58.783558,-11.813339,51.9927043,-3.3646638,"1 Park-View, Brecon, Powys LD3 9RL, UK",GB
375,47.39817,33.6577,49.4698987,8.5409321,"E50, 68239 Mannheim, Germany",DE
376,42.764233,68.20335,-25.6700289,27.2421008,"Pretorius Street, Rustenburg 0299, South Africa",ZA
377,21.826338,69.0473,-6.7435555,-79.4998769,"6A 630, Перу",PE
378,41.010868,21.50225,52.0277167,8.5979614,"Wüstenrotstraße 16-18, 33719 Bielefeld, Germany",DE
379,53.435955,-6.057304,54.7692573,11.9667913,"Grønsundsvej 220, 4800 Nykøbing Falster, Danmark",DK
380,49.55215,60.218426,42.915128,23.7957492,"ул. „Хан Аспарух“, 2140 Botevgrad, Bulgaria",BG
381,49.291256,35.686756,44.1374846,9.7625005,"Via Giacomo Matteotti, 6, 19020 Quaratica La Spezia, Italy",AE
382,44.098377,25.562052,-30.445979,-60.1336612,"RP39, Santa Fe, Argentina",AR
383,34.90202,35.947247,45.8517466,10.9481522,"SS240, 38065 Mori, Trentino, Italy",IT
384,47.517735,-6.930057,64.0343611,-20.3371822,"Þjórsárdalsvegur, Islande",IS
385,57.6974,23.544374,46.6736738,6.3623323,"Bois-de-Ban, 1325 Vaulion, Switzerland",CH
386,39.3224,15.011969,43.9745198,16.3591532,"D1, 22310, Kijevo, Croatia",HR
387,32.5213,1.3906827,-36.3731954,142.4415883,"Sheep Hills-Kellalac Road, Kellalac Victoria 3393, Australie",AU
388,29.187113,41.306538,24.8909901,55.0590456,Sheikh Mohammed Bin Zayed Rd - Dubai - United Arab Emirates,AE
389,17.323935,72.32275,22.516208,114.138223,"Unnamed Road, Sheung Shui, Hong Kong",HK
390,44.874813,43.03989,2.7811033,101.6730497,"Jalan Pekeliling & E6, Kuala Lumpur International Airport, 64000 Klia, Selangor, Malaysia",MY
391,70.26003,20.38219,61.6915034,23.3241346,"Hirvilahdentie 30-34, 39310 Ylojarvi, Finland",FI
392,46.30956,33.891174,37.3929047,127.1031512,"101-3 Pangyo-dong, Bundang-gu, Seongnam-si, Gyeonggi-do, South Korea",KR
393,50.048607,12.904913,47.8283237,20.4611166,"3398 Nagytálya, 2502, Hungary",HU
394,56.30144,33.03325,60.115099,12.0498987,"Arko-vegen, 2210 Granli, Noruega",NO
395,30.057346,28.39154,49.9897421,36.3494461,"Saltivs'ke highway, 143, Kharkiv, Kharkiv Oblast, Ukraine",UA
396,53.9975,1.8578694,54.2388228,-8.964558,"Unnamed Road, Co. Sligo, Irlanda",IE
397,36.486702,4.2074466,32.8165321,34.9980443,"Ibn Rushd, Haifa, Israel",IL
398,47.461964,7.302707,41.3819858,-84.0382627,"Ohio 109, Napoleon, Ohio 43545, États-Unis",US
399,62.78479,24.024471,48.0004801,37.7796199,"Torets'ka street, 10-12, Donetsk, Donetsk Oblast, Ukraine",UA
400,17.121096,79.03842,17.9932717,-94.0864116,"A Cuichapa 326, J. Mario Rosado 1a Sección, 96980 Las Choapas, Veracruz, Mexico",MX
401,49.226887,33.939594,47.5576434,7.5771667,"Birmannsgasse 25-27, 4055 Bazylea, Szwajcaria",CH
402,61.786827,5.703655,70.4414191,26.7952101,"Riksveg 98 30, 9740 Lebesby, Norway",NO
403,-19.123257,38.864834,-26.4901085,27.0369582,"R53, South Africa",ZA
404,52.523796,3.7423086,45.0426792,7.4122133,"Strada Avigliana, 4, 10090 Trana, Turin, Italy",IT
405,55.96213,17.328093,55.6193937,22.7201195,"3505, Kražiai 86274, Lithuania",LT
406,59.873993,11.385494,43.5084572,143.693874,"Unnamed Road, Rikubetsugenya Nishi 1 Sen, Rikubetsu-chō, Ashoro-gun, Hokkaidō 089-4300, Япония",JP
407,-11.856249,28.524788,-21.6926416,25.8727713,"A14, Botswana",BW
408,53.953533,34.476246,49.4622157,11.1481309,"Rehhofstraße 18, 90482 Nuremberg, Germany",DE
409,51.36678,23.717268,47.0032794,6.0404312,"D492, 25330 Éternoz, France",FR
410,40.83649,17.663158,56.3145028,44.0671034,"ulitsa Rodionova, 165 корпус 10, Nizhny Novgorod, Nizhny Novgorod Oblast, Russia, 603000",RU
411,6.029728,72.85472,25.7895697,88.6684147,"Kantaji Temple Road, Bangladesh",BD
412,17.27462,26.555317,38.1382169,21.4761532,"Unnamed Road, Ditiki Achaia 252 00, Greece",GR
413,-2.8200994,34.55658,38.3927816,-8.3159698,"Unnamed Road, 7580 ポルトガル",PT
414,50.60625,-4.05592,46.5137615,14.8605246,"Kopališka pot 11, 2392 Mežica, Slovenia",LT
415,-23.521255,37.93799,-22.8599422,27.7440679,"Mahalapye, Botswana",BW
416,36.25754,28.192137,-33.7401958,24.7789793,"R331, Afrique du Sud",ZA
417,50.169254,-14.960667,41.5563232,14.416357,"SS618, 86096 Macchiagodena Isernia, Italy",IT
418,54.821537,11.189154,45.9477931,13.7190478,"Šmihel 18b, 5261 Šempas, Slovenia",SI
419,49.785076,5.967156,47.4080837,21.7843795,"Monostorpályi, Bajcsy-Zsilinszky u. 64, 4275 Hungary",IS
420,61.083214,45.060413,50.0288734,36.3039915,"Zhulyardi Descent, Kharkiv, Kharkiv Oblast, Ukraine",UA
421,45.41767,10.71512,42.5444342,1.4705768,"CG-4, AD400 La Massana, Andorra",AD
422,20.665956,79.26926,27.3834509,90.5135841,"Sarpang - Gelephu - Trongsa Hwy, Bhutan",BT
423,69.70059,32.83087,59.9114121,71.1658738,"R404, Khanty-Mansiyskiy avtonomnyy okrug, Russia, 628327",GR
424,48.26931,10.700285,56.5528455,22.3131543,"P107, Pampāļi parish, LV-3882, Latvia",LV
425,58.42641,5.4098616,48.0643267,7.1369913,"9-11 Route du Linge, 68140 Hohrod, France",FR
426,20.132019,-26.796118,41.5386452,0.2049882,"N-II, 22520 Fraga, Huesca, Spain",ES
427,40.196712,28.899494,46.4300441,14.2686605,"4290 Podljubelj, Slovénie",SI
428,41.034973,54.563007,-42.9579129,147.5311315,"38-39 Pipe Clay Esplanade, Cremorne TAS 7024, Australia",AU
429,26.773722,-1.2505765,28.2928461,-97.8556045,"3000-3224 Farm to Market 796, Beeville, TX 78102, USA",US
430,47.550537,31.145767,51.490837,6.643706,"Verbandsstraße, 47199 Duisburg, Germany",DE
431,38.216377,10.301678,46.4818168,21.9875352,"DJ792A, Beliu, Romania",RO
432,46.42639,22.83477,40.2951343,-6.3316391,"CC-V-110, 10630 Casar de Palomero, Cáceres, Spain",ES
433,43.670963,20.341368,43.4786261,-1.4892108,"56 Chemin de Lestanquet, 64100 Bayonne, France",FR
434,54.881756,12.883547,50.9013552,4.5467928,"Stroeykensstraat 22, 3071 Kortenberg, Belgium",BE
435,61.71529,23.89681,56.4463776,27.4103894,"P55, Čornajas pagasts, LV-4617, Łotwa",LV
436,40.04132,57.406116,26.9393268,89.9381904,"Daga Rd, Bhutan",BT
437,12.349529,108.3085,23.9176749,90.1024221,"Dhaka - Aricha Hwy, Bangladesh",BD
438,41.07684,42.743896,4.9261488,-74.428179,"I-50 # 76, Sasaima, Cundinamarca, Colombia",CO
439,52.084057,3.0071945,50.8542725,3.364421,"Hazewindstraat 61-73, 8540 Deerlijk, Belgium",BE
440,60.66199,6.298132,55.504888,21.6494498,"193, Švėkšna 99387, Lithuania",LT
441,49.021572,1.9831691,51.9567976,5.9640952,"Van der Hoevensstraat 77, 6931 DB Westervoort, The Netherlands",NL
442,-27.731974,37.572334,-24.6179983,25.531906,"Road No 4, Thamaga, Botswana",BW
443,40.1126,19.94116,46.4446486,30.7230668,"Yakova Breusa street, 5, Odesa, Odessa Oblast, Ukraine",UA
444,28.57749,54.7456,-29.9901643,-51.1260566,"Avenida Alcides Maia, 59-259 - Sarandi, Pôrto Alegre - Rio Grande do Sul, 91120-440, Brésil",BR
445,36.415344,2.1345627,53.2994806,-112.6357685,"Alberta 834, Tofield, AB T0B 4J0, Canada",CA
446,39.585354,27.944618,10.1309891,-75.2273514,"Malagana # 2 a 100, Mahates, Bolívar, Kolumbia",CO
447,46.967613,0.10778904,49.3045089,-1.2489062,"2-4 Rue Jean Truffaut, Parc Naturel Régional des Marais du Cotentin et du Bessin, 50500 Carentan, France",FR
448,6.9205985,45.095997,-26.3791816,31.955276,"MR7, Swaziland",DK
449,19.78476,80.109436,4.5521506,100.7272031,"Jalan Changkat Jering - Sri Manjung - Kampung Koh, 34800 Terong, Perak, Malaysia",MY
450,25.445486,60.297066,32.0781812,34.768641,"Ben Yehuda 41-57, Tel Aviv, Israel",IL
451,55.8285,16.879232,51.649071,4.6971888,"Bredeweg 4, 4844 PZ Terheijden, The Netherlands",NL
452,37.743126,36.582733,32.0781812,34.768641,"Ben Yehuda 41-57, Tel Aviv, Israel",IL
453,40.247738,24.255213,25.4783652,-108.2219399,"Culiacán - Los Mochis, Sinaloa, Mexico",CH
454,-13.962526,55.762707,37.7672705,-8.3613577,"N263, 7670 ポルトガル",PT
455,52.778065,10.089134,46.0373596,-74.2480644,"113-135 Mount Rainer, Sainte-Agathe-des-Monts, QC J8C 2Z7, Canada",CA
456,64.06952,15.5935,56.0008736,23.5346364,"2908, Sereikiai 81475, Lithuania",LT
457,52.83446,31.064518,57.2097378,25.0421079,"Siguldas iela 1, Gauja National Park, Līgatne, Līgatnes pilsēta, LV-4110, Latvia",CH
458,44.04413,50.58665,-33.3213572,-71.4092225,"Avenida Portales, Casablanca, Région de Valparaíso, Chili",CL
459,35.96012,3.6296744,47.9403165,20.5456215,"3413 Cserépfalu, Berezdalja Way 11, Hungary",HU
460,52.292873,-3.5645013,51.5750068,-9.3710405,"Unnamed Road, Co. Cork, Ireland",IE
461,29.384026,83.8478,23.493841,89.4314935,"Dauladia - Faridpur - Magura - Jhenaidah - Jessore - Khulna - Mongla Rd, Magura, Bangladesh",BD
462,31.094057,67.665794,23.7163168,89.1559151,"Kushtia - Jhenaidah Hwy, Bangladesh",BD
463,54.81087,2.8141003,51.5648821,5.1009988,"Ringbaan Oost 136, Kanaalzone II, 5013 CE Tilburg, The Netherlands",NL
464,60.36475,11.045864,52.1719937,4.523959,"Provincialeweg, 2353 Leiderdorp, The Netherlands",NL
465,53.342636,22.946983,37.9143229,-77.5706583,"13530 Verdon Road, Ruther Glen, VA 22546, USA",US
466,49.534195,52.544445,23.874098,90.9853479,"Unnamed Road, Бангладеш",BD
467,28.5515,53.992283,25.1312736,55.1158182,Crescent Rd - Dubai - Các tiểu Vương quốc Ả rập Thống nhất,AE
468,60.137608,4.6493444,52.4869325,5.6959088,"Palingweg 8, 8256 PA Biddinghuizen, The Netherlands",NL
469,70.49843,-1.9157109,52.4752612,5.6803692,"Botweg 1, 8256 PB Biddinghuizen, The Netherlands",NL
470,20.224674,97.352875,14.9119888,104.8759603,"Unnamed Road, Tambon Khok Sawang, Amphoe Samrong, Chang Wat Ubon Ratchathani 34360, Thailand",TH
471,41.84361,0.58027697,50.2568686,2.2501504,"D115, 62270 Bonnières, France",FR
472,23.054165,70.17265,24.6642407,120.9185617,"Shuǐyuán Road, Toufen Township, Miaoli County, Тайвань 351",TW
473,-2.4151044,-21.643013,-40.2439772,-70.3398808,"RN237, Neuquén, Argentina",AR
474,51.02199,53.49454,-24.1855489,-53.0247436,"Avenida Dezenove de Agosto, 545, Parana, 87360-000, Brazylia",BR
475,44.13899,24.417597,50.6306177,13.7799857,"Hudcovská 76, 415 01 Teplice, Czech Republic",CZ
476,36.545128,29.853542,-34.1209123,18.8331725,"52 Neethling Street, Cape Town 7139, South Africa",ZA
477,34.345295,47.247692,5.1415144,-74.8995983,"I-43 # 1, Armero, Tolima, Kolumbia",CO
478,45.655586,14.18388,40.2225809,-7.864872,"EM508, 3305, Portugal",PT
479,43.52993,24.271759,44.0278418,12.5707097,"Via Alda Costa, 1, 47924 Rimini, Italy",IT
480,43.23268,20.0513,43.0438002,-90.6564256,"14813-14953 County Road T, Fennimore, WI 53809, USA",HK
481,9.760439,100.60356,12.2909367,105.7503083,"Unnamed Road, Cambodia",EE
482,40.69757,40.109795,35.1078956,136.9538505,"1 Chome-14-2 Nonami, Tenpaku Ward, Nagoja, Prefektura Aichi, Japonia",JP
483,57.47125,10.496516,55.5506575,22.2659733,"E85, 75492, Litwa",IS
484,44.232677,25.234842,48.5105254,19.3073135,"2463, 962 25 Slatinské Lazy, Slovakia",MY
485,33.16436,15.626755,43.7982577,24.0873477,"Strada Nicolae Bălcescu, Dăbuleni, Romania",RO
486,58.741253,26.218927,43.8632161,12.981152,"Località San Biagio, 36B, 61032 Fano Pesaro and Urbino, Italy",IT
487,56.992573,10.699085,51.649071,4.6971888,"Bredeweg 4, 4844 PZ Terheijden, The Netherlands",NL
488,-3.3042502,90.159584,10.7209814,99.385552,"4004, Tambon Chum Kho, Amphoe Pathio, Chang Wat Chumphon 86160, Thailand",TH
489,49.004375,37.432766,6.6164833,100.2549219,"7, 02100 Padang Besar, Perlis, Malaysia",MY
490,30.176924,16.970245,41.1131713,15.265177,"Contrada Olmo, 9, 83030 Zungoli, Avellino, Italy",IT
491,39.074287,56.52509,-33.4949277,-70.5993844,"Macul 4333-4559, Macul, Santiago Metropolitan Region, Chile",CL
492,7.988571,3.6052852,-20.8501609,27.1491023,"A3, Botswana",DE
493,8.633429,104.34334,12.7093601,102.4420745,"3299, Tambon Nong Bon, Amphoe Bo Rai, Chang Wat Trat 23140, Thailand",CZ
494,32.50687,56.39284,1.3343549,103.9201323,"708 Bedok North Rd, Singapore 470708",SG
495,53.426052,40.585415,51.1583258,16.9342609,"Północna 4-6, 54-105 Wrocław, Polska",PL
496,65.20144,-14.427731,51.2118339,3.0209157,"Clemensheulestraat 11-17, 8460 Oudenburg, Belgium",BE
497,36.586895,5.1241684,31.9854443,34.9626007,"Yitzhak Rabin Highway, Israel",IL
498,36.902737,-2.1404533,-15.6709115,-74.5232407,"Panamericana Sur, Peru",PE
499,37.583084,-17.303305,42.5581535,1.4467652,"CG-4, AD400 La Massana, Andorra",AD
500,55.85631,4.2810497,50.4430329,15.9635208,"3073, 552 05 Brzice, Czech Republic",CZ
501,55.06402,15.782055,48.7788083,9.1652936,"Falkertstraße 27, 70176 Stuttgart, Germany",DE
502,38.500732,10.114818,48.9385649,18.0929176,"E75, 913 31 Skalka nad Váhom, Slovakia",SK
503,47.39495,52.698963,41.0104656,140.8896274,"Japan, 〒039-3301 Aomori-ken, Higashitsugaru-gun, Hiranai-machi, Higashitazawa 県道9号線",JP
504,15.241362,95.43701,23.8861277,89.1058197,"Kushtia - Jhenaidah Hwy, Kushita, Bangladesh",BD
505,28.821676,53.52094,47.0819878,7.1258675,"Chemin de la Roche-Au-Cros, 2514 La Neuveville, Elveţia",CH
506,54.317448,7.999842,66.1213553,12.5635224,"Fylkesveg 181 12, 8820 Dønna, Norway",NO
507,45.361645,46.08688,-35.4769933,-63.1648236,"Ruta Provincial 70, Buenos Aires, Argentinien",AR
508,25.233543,66.31423,25.1128676,55.1088845,Crescent Rd - Dubai - Vereinigte Arabische Emirate,AE
509,56.005592,-14.395374,56.8686955,10.0105504,"Brøndumvej 19, 9520 Skørping, Denmark",DK
510,47.629604,21.345646,50.6145652,27.2659801,"E40, Zhytomyrs'ka oblast, Ukraine",GR
511,33.123764,82.354805,-6.2939238,107.4289676,"Jl. Syeh Quro, Talagasari, Karawang, Jawa Barat 41381, Indonesia",ID
512,50.473476,15.458738,57.0675851,27.2958045,"P47, Balvi parish, LV-4561, Latvia",LV
513,57.876873,18.182224,57.1997281,22.571605,"P120, Lībagu pagasts, LV-3258, Latvia",LV
514,32.558052,82.85744,33.1112414,139.8439913,"Japan, 〒100-1622 Tōkyō-to, Hachijō-machi, Sueyoshi 八丈一周道路",JP
515,40.546326,10.699156,-15.836903,-71.0895441,"Salinas and Aguada Blanca National Reservation, 34A, Peru",PE
516,48.40695,13.957298,51.5898989,5.3980232,"Boxtelseweg 9, 5491 XT Sint-Oedenrode, The Netherlands",NL
517,48.131325,13.34576,42.4765685,1.4529428,"Ctra. de Canòlich, AD600 Sant Julià de Lòria, Andorra",AD
518,24.970247,89.42337,23.7131769,88.7661701,"Chuadanga - Meherpur Hwy, Bangladesh",BD
519,55.849262,8.124457,55.8508762,21.3687717,"2316, Raguviškiai 97210, Lithuania",LT
520,56.035175,5.671014,51.8265267,4.4697196,"Dorpsstraat 128, 3274 Heinenoord, The Netherlands",NL
521,43.30212,90.43004,42.5915174,143.2834518,"Hiroo National Hwy, Hokkaidō, Japan",JP
522,49.854755,43.391094,42.8639573,-79.0764126,"4318-4384 Erie Road, Fort Erie, ON L0S 1N0, Canada",CA
523,45.449245,29.212036,50.0816073,8.5803907,"Schwanheimer Bahnstraße 100, 60529 Frankfurt am Main, Duitsland",DE
524,-2.2801404,98.39792,-29.9987708,151.6753723,"LOT 14 Old Ben Lomond Road, Ben Lomond Nouvelle Galles du Sud 2365, Australie",AU
525,20.920645,72.371506,22.824537,91.5525901,"Dhaka - Chittagong Hwy, Bangladesh",BD
526,33.45291,46.00976,41.09244,23.923704,"Unnamed Road, Perichora 620 45, Greece",MY
527,38.973618,25.482872,41.6220916,24.953784,"863, 4741 Krastatitsa, Bulgaria",BG
528,62.46252,8.795973,58.7830271,6.0776962,"Fylkesveg 286 70, 4330 Ålgård, Norway",NO
529,39.560978,52.261284,22.4437693,114.0154795,"133 Castle Peak Road (Ping Shan), Ping Shan, Hong Kong",HK
530,43.63821,-5.0767865,41.4415217,13.275162,"Località Capo D'Acqua, 20, 03021 Amaseno, Frosinone, República Italiana",IT
531,52.175373,9.868389,47.5703847,18.9556788,"1028 Budapest, Tópart Street 1-3, Hungary",HU
532,23.97858,-6.52554,64.9839948,-22.9180545,"Helgafellssveitarvegur, Iceland",IS
533,44.03428,72.1362,37.6048937,127.0600202,"137 Hwarang-ro 32-gil, Seongbuk-gu, Seoul, South Korea",PE
534,50.826046,32.772594,48.2601156,21.8995833,"3973 Cigánd, Hajnal Street 6, Hungary",HU
535,35.3685,-9.069717,58.1678375,-5.1970313,"A837, Lairg, Highland IV27 4LW, Royaume-Uni",GB
536,38.28958,39.65974,24.9821778,55.0225499,Unnamed Road - Dubai - Spojené arabské emiráty,AE
537,48.791447,12.8113365,44.0103803,15.2750569,"D110, 23263, Ždrelac, Croatia",HR
538,22.294802,105.5734,-7.7118977,110.3517334,"Jl. Pramuka, Kec. Sleman, Sleman, Daerah Istimewa Yogyakarta 55512, Indonesia",ID
539,51.688107,16.968065,4.7520584,-74.0617542,"Calle 168 # 62-2 a 62-100, Bogotá, Cundinamarca, Colombia",AE
540,54.80119,-2.5758338,53.6158108,10.1506213,"Redderblock 28E, 22145 Hamburg, Germany",DE
541,28.34501,75.73073,27.7017701,128.9083412,"Japon, 〒891-8323 Kagoshima-ken, Ōshima-gun, Isen-chō, Kinoko 県道83号線",JP
542,31.824114,84.76047,2.6904574,101.933517,"30, Jalan Rasah, 70300 Seremban, Negeri Sembilan, Malaysia",MY
543,57.32056,-0.24015951,55.1186264,9.1862396,"Gammel Tøndervej 34, 6534 Agerskov, Tanska",DK
544,48.28204,40.858257,59.6772136,10.9560448,"Fylkesveg 205 30, 1825 Tomter, Norway",NO
545,38.475365,55.24564,25.2555632,55.3841112,217 Al Quds St - Dubai - United Arab Emirates,AE
546,48.45324,5.7503037,45.7048548,16.0209918,"Nova cesta 69, 10412, Donja Lomnica, Croatia",HR
547,44.16006,63.36299,42.5220045,141.3208403,"356 Ishiyama, Shiraoi-chō, Shiraoi-gun, Hokkaidō 059-0921, Japan",JP
548,67.92281,0.20042562,46.3848987,-63.2081199,"63-295 Macquarrie Road, Lot 33, Wyspa Księcia Edwarda C0A, Kanada",CA
549,30.979673,-7.0009694,-4.9092807,-81.0551491,"Carretera El Arenal-La Huaca, Peru",PE
550,-6.112242,123.491425,-42.9420246,147.2755987,"661 Summerleas Road, Fern Tree TAS 7054, Australia",AU
551,67.4407,-13.187733,63.9638891,-20.2775832,"Landvegur, Iceland",IS
552,53.791,31.10187,13.9561152,100.9377592,"Unnamed Road, Tambon Bung Nam Rak, Amphoe Bang Nam Priao, Chang Wat Chachoengsao 24170, Thailand",TH
553,60.06764,19.324692,46.2146368,6.0813041,"Route de Peney 27, 1214 Vernier, Switzerland",CH
554,51.255047,25.19051,49.0591551,19.8849551,"Východná 728, 032 32 Východná, Slovakia",SK
555,55.88001,22.519634,57.6523541,25.752042,"Sporta iela 9, Seda, Sedas pilsēta, LV-4728, Latvia",LV
556,51.820923,-29.400284,66.1505472,-15.1726827,"Norðausturvegur, Iceland",IS
557,51.008976,7.147426,58.4950605,5.8072231,"Nordsjøvegen, 4364 Sirevåg, Norway",AE
558,65.55198,11.144545,60.2715806,11.5061273,"Sjølivegen, 2164 Skogbygda, Norway",NO
559,40.911903,36.399536,52.5450233,13.3789358,"Hochstraße 23A, 13357 Berlin, Germany",DE
560,54.731407,14.3876095,54.3045641,-7.7877177,"89A Gardrum Road, Enniskillen, Fermanagh BT74 9AT, UK",GB
561,42.248787,18.966717,34.6036743,133.8227701,"1956 Hayashima, Tsukubo District, Okayama Prefecture, Japan",JP
562,51.12367,9.055616,49.4675216,11.1077297,"Thorner Straße 21, 90491 Nuremberg, Germany",DE
563,31.173563,49.921238,24.9859577,55.0199025,Unnamed Road - Dubai - United Arab Emirates,AE
564,61.1812,25.911972,47.7021732,18.015285,"2941 Ács, Igmándi Street, Hungary",HU
565,50.155872,26.171463,51.9381465,8.5048669,"Buschkampstraße 322, 33659 Bielefeld, Allemagne",DE
566,29.488373,44.712513,23.5622354,119.4772417,"881, Tajvan, Penghu County, Xiyu Township, 148-6",TW
567,50.333546,16.669683,50.1305973,20.0896906,"71, 32-010 Sulechów, Poland",PL
568,15.954184,38.106136,-26.2722395,28.1790981,"Kreupelhout Street, Germiston 1401, South Africa",ZA
569,54.969395,28.878757,46.7330469,7.6257835,"Hännisweg 6, 3645 Thun, Switzerland",CH
570,51.61036,18.467741,54.5416928,18.28992,"Wejherowska, Полша",PL
571,20.104471,100.83707,10.7552952,104.7947989,"Unnamed Road, Cambodia",KH
572,39.14937,25.41446,-30.5213414,29.5831545,"N2, South Africa",ZA
573,35.469437,13.55566,42.631586,27.4854645,"906, 8216 Burgaz, Bulgaristan",BG
574,-26.583986,16.428333,-32.0909361,133.4968798,"Denial Bay Road, Nadia SA 5690, Australia",AU
575,-7.227467,91.55983,5.4819241,116.982925,"Jln Telupid - Tongod - Penangah, Kota Kinabatangan, Sabah, Malaysia",MY
576,30.336752,27.127712,37.4432574,126.4017452,"928-20 Nambuk-dong, Jung-gu, Incheon, South Korea",KR
577,37.08258,-22.103403,65.461981,-15.660118,"Þjóðvegur, Iceland",IS
578,30.274134,97.568405,17.8603624,101.5729512,"2195, Tambon Pak Tom, Amphoe Chiang Khan, Chang Wat Loei 42110, Thailand",TH
579,52.239895,33.342216,-41.454344,-72.916392,"Camino A Alerce, Puerto Montt, Los Lagos Region, Chile",CL
580,-12.785828,17.319931,-23.38521,27.5344222,"R510, South Africa",RU
581,27.895525,55.144203,18.5667056,-97.1018664,"Unnamed Road, Veracruz-Llave, Mexikó",MX
582,24.05998,16.744513,24.9211073,55.1056031,Sheikh Mohammed Bin Zayed Rd - Dubai - United Arab Emirates,AE
583,12.562042,50.47118,26.8362093,-109.6357069,"Azucena 103, 14 de Enero, 85930 Huatabampo, Sonora, Mexico",MX
584,72.59314,7.275276,63.360023,14.8484796,"751, 836 93 Lit, Sweden",SE
585,46.758366,19.519176,48.3767273,17.6812775,"Lovčická 26-28, 919 27 Brestovany-Horné Lovčice, Slovakia",SK
586,41.379543,25.0529,35.2976864,129.228075,"298-3 Cheonggwang-ri, Ilgwang-myeon, Gijang-gun, Busan, South Korea",KR
587,32.330482,21.077587,39.1351119,25.9303947,"Epar.Od. Kallonis-Skala Eresou, Skala Eresou 811 05, Greece",GR
588,-7.655668,41.35422,-26.9928742,31.7326623,"MR14, Swaziland",SZ
589,46.0,68.355545,37.5882032,127.0234995,"347-6 Anamdong 1(il)-ga, Seongbuk-gu, Seul, Južna Koreja",KR
590,46.78889,17.102217,47.2287387,2.3410572,"16-18 La Grande Noue, 18110 Allogny, France",FR
591,68.99773,13.598118,52.4086514,-114.9598425,"7327-7407 David Thompson Highway, Alhambra, Alberta T0M 0C0, Kanada",CA
592,40.36957,47.1272,27.5870202,91.4915538,"Mongar - Trashigang - Trashiyangtse Rd, Trashiyangtse, Bhutan",BT
593,41.72575,-3.111751,46.7888584,18.9391045,"7020 Dunaföldvár, Külsőbölcskei Way 19-21, Hungary",HU
594,46.754425,0.14755678,46.4460912,25.7584953,"E578, Racu, Romania",RO
595,49.432873,24.267412,17.3822122,103.3042539,"22, Tambon Kho Tai, Amphoe Sawang Daen Din, Chang Wat Sakon Nakhon 47110, Thailand",TH
596,51.37405,37.656357,50.08027,8.6322293,"Saonestraße 3, 60528 Frankfurt, Germany",DE
597,54.94025,17.452135,53.3453153,83.7660928,"prospekt Krasnoarmeyskiy, 106, Barnaul, Altai Krai, Russia, 656907",RU
598,71.16512,15.458149,63.0049403,29.7303084,"Komakantie, 83950 Juuka, Finland",FI
599,49.179348,43.29469,26.9292632,89.9644295,"Daga Rd, Bhutan",BT
600,62.785706,20.622341,63.3456134,21.3125572,"Björkövägen 807, 65870 Korsholm, Finland",FI
601,58.564327,11.912407,54.4006886,24.0957968,"Druskininkų gatvė 40, Alytus 62216, Lithuania",LT
602,64.80492,-1.9510717,63.8950625,24.4990746,"Toholammintie 137-139, 85410 Sievi, Finlandia",FI
603,49.654728,19.244423,42.8982629,-85.6409298,"1113-1185 36th Street Southeast, Grand Rapids, MI 49508, USA",US
604,53.919697,19.98138,45.7244084,16.3618363,"Lepšić 3, 10310, Lepšić, Croatia",HR
605,64.86633,9.526545,51.8627153,-120.8634183,"3474 Canim-Hendrix Lake Rd, Forest Grove, BC V0K 1M0, Canada",CA
606,55.77202,-7.7372937,52.7740645,-7.4998618,"Unnamed Road, Co. Kilkenny, Ireland",IE
607,44.84184,43.88501,-33.6526989,-70.5333907,"Santa Rita, Pirque, Santiago Metropolitan Region, Chile",CL
608,28.470594,-11.823597,-37.9113917,-69.171326,"Ruta Provincial 5, Neuquén, Argentina",AR
609,45.22601,35.23082,50.9574798,18.2095391,"Nowodworska 4, Kluczbork, Poland",PL
610,72.82932,23.601465,63.189854,15.5314488,"768, 830 76 Stugun, Sweden",SE
611,45.09627,-5.1579976,5.7417205,-72.9073857,"Calle 47 # 10B-1 a 10B-99, Sogamoso, Boyacá, Kolumbia",CO
612,39.81268,70.45773,23.6687352,119.6044621,"Natik St, Cambridge Bay, NU X0B, Kanada",CA
613,14.584154,95.487274,1.4351542,103.7166995,"51 Lim Chu Kang Lane 6, Singapore 718864",SG
614,-20.810577,136.14745,-37.2119094,141.0937928,"15 Fullertons Road, Poolaijelo VIC 3312, Australia",AU
615,45.15676,21.160608,47.2902073,26.8209199,"DJ281C, Romania",EE
616,11.084877,100.98209,23.5133928,89.4616785,"Mawa - Bhanga Hwy, Bangladesh",BD
617,43.184734,34.646614,-26.1512298,28.1074727,"0B Edward Avenue, Johannesburg 2192, Südafrika",ZA
618,34.68727,79.911896,23.3283279,89.998428,"Dhaka - Barisal Hwy, Bangladesh",BD
619,31.330399,76.48495,1.3775105,103.9423469,"623 Elias Rd, Singapore 510623",SG
620,57.832005,11.533724,45.223092,0.4094151,"24 Au Bois Sema, 24600 Saint-Pardoux-de-Drône, Francja",FR
621,41.19133,39.9015,47.2287387,2.3410572,"16-18 La Grande Noue, 18110 Allogny, France",FR
622,47.64717,-1.6468663,39.5767576,-0.5170821,"Calle Fuente del Algezar, 46117 San Antonio de Benagéber, Valencia, Spain",ES
623,34.720592,51.859974,37.6362722,126.7934969,"455-3 Baekseok-dong, Ilsandong-gu, Goyang, Gyeonggi-do, Südkorea",KR
624,58.54881,8.201204,47.3081825,6.795854,"Rue du Dessoubre, 25190 Saint-Hippolyte, France",FR
625,45.72693,24.544346,36.4764667,23.1582867,"Unnamed Road, Monemvasia 230 53, Greece",GR
626,23.55708,15.516912,42.361032,0.0908119,"A-2205, 22330, Huesca, Spain",ES
627,57.673393,11.60758,45.55708,13.8708789,"6275 Gabrovica pri Črnem Kalu, Slovénie",SI
628,35.76007,40.47798,37.5218802,126.8110718,"434-1 Wonjong 1(il)-dong, Ojeong-gu, Bucheon-si, Gyeonggi-do, South Korea",KR
629,46.165627,24.364,43.3492099,142.1512656,"Yubari National Hwy, Ashibetsu, Ashibetsu-shi, Hokkaidō 075-0000, Японія",JP
630,41.658783,17.933632,41.6154266,-5.6482623,"CL-612, 16, 49123 Benegiles, Zamora, España",ES
631,49.50074,7.1975927,-29.9901643,-51.1260566,"Avenida Alcides Maia, 59-259 - Sarandi, Pôrto Alegre - Rio Grande do Sul, 91120-440, Brésil",BR
632,25.444975,47.888542,40.4134696,-7.4419568,"N232 18, 6300 Vale de Amoreira, ポルトガル",PT
633,48.33168,27.694597,24.1744881,120.6252425,"No. 118-1, Ānhé Road, Xitun District, Taichung, Taïwan 407",TW
634,14.301766,92.27408,23.9180964,90.1092353,"Dhaka - Aricha Hwy, Bangladesh",BD
635,-4.2667003,50.023476,-26.2138615,31.9149464,"MR3, Simunye, Swaziland",SZ
636,57.247887,12.861111,49.7978316,14.0012353,"115, Jince, Czech Republic",CZ
637,51.165783,4.6323266,59.913407,10.5099903,"Gabbroveien 15, 1352 Kolsås, Norway",NO
638,56.133244,27.3923,53.3201833,34.3129544,"Pochtovaya ulitsa, 46А, Bryansk, Bryansk Oblast, Russia, 241016",RU
639,62.91408,16.03655,52.2137475,4.9313539,"Achterveld 10, 3645 HP Vinkeveen, The Netherlands",NL
640,55.66805,11.552614,51.1621951,6.8667717,"Benrather Schloßallee 89, 40597 Düsseldorf, Tyskland",DE
641,48.142174,17.401196,50.8321194,4.4559598,"Salomélaan 4, 1150 Woluwe-Saint-Pierre, Belçika",BE
642,57.707394,6.1138124,44.6988257,26.1337661,"DJ111, Izvorani, Romania",RO
643,60.9614,14.180172,56.8719929,22.2410858,"Kārļa iela, Vārme, Vārme parish, LV-3333, Latvia",LV
644,18.25427,104.27048,25.155773,55.2998538,Muscat St - Dubai - United Arab Emirates,AE
645,46.004414,15.250139,39.0799892,-8.4465683,"Unnamed Road, 2100, Portugal",KH
646,56.45406,24.250984,56.3189743,-3.1103637,"A92, Cupar, Fife KY15, Reino Unido",GB
647,66.30964,42.748234,27.5033661,90.7303241,"Bumthang - Ura Hwy, Bhutan",BT
648,59.421383,15.581966,53.6924095,-1.1993022,"Cobcroft Lane, Knottingley, North Yorkshire WF11, UK",GB
649,57.902695,18.381105,36.4558818,-86.6383917,"121 Strassle Drive, White House, Tennessee 37188, États-Unis",US
650,45.009277,26.47647,41.8692671,140.1513469,"245 Hinokitai, Esashi-chō, Hiyama-gun, Hokkaidō 043-0035, Japan",JP
651,39.42574,45.54824,-29.8117286,30.8417433,"11 Swanfield Road, Pinetown 3610, Afrique du Sud",ZA
652,32.538197,67.763054,23.9941533,120.7667975,"Lane 151, Jiànxíng Road, Caotun Township, Nantou County, Taiwan 542",TW
653,32.053017,35.472157,1.0810851,111.1706816,"AH150, 95000 Sri Aman, Sarawak, Malaysia",MY
654,44.5588,6.8666186,-33.0473559,-71.4011881,"Ramón Angel Jara 125-141, Villa Alemana, Valparaíso Region, Chile",CL
655,62.639027,9.128933,52.2509268,5.3375971,"3754 NA Eemdijk, Нидерланды",NL
656,28.947054,21.73653,39.5202911,-3.0134775,"CM-3162, 6, 45820 El Toboso, Toledo, Spain",ES
657,50.202366,0.20377588,51.9493792,-8.277969,"Unnamed Road, Co. Cork, Ireland",IE
658,-16.597889,86.89555,15.6001944,101.522274,"Unnamed Road, Tambon Sap Yai, Amphoe Sap Yai, Chang Wat Chaiyaphum 36130, Thailand",TH
659,44.48947,17.832094,52.2147818,4.5126804,"A44, Jagtlust, 2171 Sassenheim, The Netherlands",NL
660,45.009335,65.07082,23.8485872,89.8532811,"Dhaka - Aricha Hwy, Bangladesh",BD
661,61.308857,14.937489,57.4285947,24.9257849,"P14, Stalbes pagasts, LV-4151, Lettonie",AE
662,50.94373,12.780067,53.0215819,-6.2228435,"L1076, Co. Wicklow, Ireland",IE
663,33.9993,-34.59209,65.461981,-15.660118,"Þjóðvegur, Iceland",IS
664,41.76343,33.20138,53.9281992,-8.6077558,"Unnamed Road, Co. Roscommon, Ireland",IE
665,49.957767,29.416832,-25.4104675,-49.4968802,"Estrada de Bateias, 6871 - Centro, Parana, Brazil",BR
666,49.056736,44.707996,51.5898989,5.3980232,"Boxtelseweg 9, 5491 XT Sint-Oedenrode, The Netherlands",NL
667,46.611813,10.735887,42.9520023,16.7352851,"D118, 20270, Blato, Croatia",HR
668,42.355442,9.614792,46.5232931,-1.0190949,"50-54 Route de Saint-Aubin, 85210 Saint-Étienne-de-Brillouet, France",FR
669,45.02553,27.392963,45.8556572,27.3701509,"E581, Romania",RO
670,48.797062,33.48631,32.4178461,34.9138964,"Yitshak Ben Zvi, Hadera, Israel",IL
671,52.43771,17.089863,51.4029072,7.0691671,"Wechselpfad 1, 45259 Essen, Tyskland",DE
672,30.505774,47.55,-37.4135393,144.9652236,"25 King William Court, Wallan VIC 3756, Australia",AU
673,14.799699,28.755615,-25.8870663,31.5097728,"MR1, Swaziland",SZ
674,21.030157,50.638695,49.2777657,16.0968105,"3923, 675 79 Tasov, Czech Republic",CZ
675,44.20719,-0.52879286,35.4876817,-97.4593944,"2913-2981 Northeast 18th Street, Oklahoma City, OK 73111, USA",US
676,27.780338,27.795387,42.9935328,11.2897244,"SS223, 58045 Civitella Paganico, Grosseto, Italy",IT
677,54.91552,-30.086529,65.9483462,-18.4992938,"Ólafsfjarðarvegur, Iceland",IS
678,1.4130859,39.50398,-18.7065728,-39.8804237,"Avenida Cricaré, 377-669, Espirito Santo, Brazil",BR
679,45.52925,3.9341788,46.0224438,7.8074598,"Aegerta, 3929 Täsch, Zwitserland",CH
680,-30.627657,42.01072,37.2825016,-8.052506,"Unnamed Road, 8100, Portugal",PT
681,42.002106,53.894222,37.5597493,126.9403781,"74-23 Sinchon-dong, Seodaemun-gu, Seoul, South Korea",KR
682,55.802647,-2.3733106,43.3565393,26.1272812,"51, 7852 Kovachevets, Bulgaria",BG
683,60.53831,17.22172,50.7770022,3.1900546,"Grote Kruisstraat 102, 8930 Menin, Belgique",BE
684,52.738987,-4.3398976,47.5127001,18.8319071,"2071 Páty, Kossuth Street 15, Hungary",US
685,32.719395,63.592663,1.3856295,104.0005263,"1 Nicoll Dr, Singapore 498985",SG
686,22.324451,68.32828,26.9407937,91.557731,"Unnamed Road, Bhutan",BT
687,50.196926,11.915712,50.8797003,5.9741276,"Welterlaan 35, 6417 CG Heerlen, The Netherlands",NL
688,56.968533,33.6204,50.0987665,36.2823294,"E40, Kharkiv Oblast, Ukraine",UA
689,16.264526,103.593,22.2839185,113.926245,"Hong Kong, Lantau Island, 東澳古道",HK
690,15.497356,125.705605,23.5133928,89.4616785,"Mawa - Bhanga Hwy, Bangladesh",BD
691,36.525555,21.955345,23.1901291,-102.864378,"Genaro Vázquez, Emiliano Zapata, 99010 Fresnillo, Zacatecas, Mexico",MX
692,48.54204,27.680798,51.7969622,19.4341254,"Gdyńska 5, Łódź, Pologne",PL
693,56.26753,8.19751,46.5049063,-87.1650328,"101-375 Shot Point Dr, Marquette, MI 49855, USA",BW
694,31.572554,58.912056,29.2785157,-13.4884991,"Unnamed Road, 35540 Teguise, Las Palmas, Spain",HU
695,45.840176,7.788061,55.4946168,10.1528454,"Brolundvej 20, 5471 Sonderso, Denmark",DK
696,56.142292,2.3592782,65.2864334,21.4878704,"Tistelvägen 13, 941 53 Piteå, Suède",SE
697,47.81818,5.1702447,46.3641386,23.0563891,"Câmpeni, Romania",RO
698,2.6550984,3.3073304,-24.5658839,25.5276014,"A10, Botswana",BW
699,55.854935,25.781668,56.2400473,26.836042,"P62, Rušonas pagasts, LV-5318, Latvia",LV
700,59.05579,15.906675,63.1729907,17.2505174,"Skärvstavägen 18, 881 30 Sollefteå, Sweden",SE
701,22.371777,95.09903,12.5505862,106.349887,"ប្រាសាទខ្វាន់ពីរ, Cambodia",KH
702,66.210785,2.7553432,61.0898476,27.7788883,"14768 103-125, 54710 Lemi, Finland",FI
703,67.07698,4.6604466,63.0768984,14.4447609,"592, 832 94 Orrviken, Szwecja",SE
704,23.095139,53.984234,1.259456,103.8083075,"Imbiah Rd, Singapore",SG
705,46.456547,37.3434,4.6557044,-74.0754004,"Carrera 28 # 63D-1 a 63D-99, Bogotá, Cundinamarca, Colombia",CO
706,9.702776,39.371094,-24.385316,30.8689992,"R527, South Africa",ZA
707,9.562515,133.8437,-7.7222078,112.753721,"Unnamed Road, Purwosari, Pasuruan, Jawa Timur 67162, Indonésie",ID
708,51.5759,22.784107,49.9592963,16.1478638,"Hradecká, Karosa, 566 01 Vysoke Myto, Czech Republic",CZ
709,12.261499,51.038036,-24.5455093,25.963094,"A1, Gaborone, Botswana",BW
710,53.81992,12.871073,35.3907051,136.903131,"2 Chome-372 Unumaasahimachi, Kakamigahara, Prefektura Gifu, Japonia",JP
711,39.590122,16.978975,38.9326881,-8.6415523,"Unnamed Road, 2100, Portugal",PT
712,49.934547,40.54582,47.6776153,22.4657045,"Strada Nuferilor, Carei, Roemenië",RO
713,52.474613,10.666859,48.2940476,19.923391,"571021, 980 32 Konrádovce, Slovakia",SK
714,34.64881,15.059139,70.1519449,22.4368096,"Riksveg 882 360, 9550 Øksfjord, Norway",NO
715,29.409136,21.829153,42.2432358,0.7216239,"N-230, 22583 Arén, Huesca, Spain",ES
716,36.18237,51.375614,1.2917125,103.7664709,"W Coast Hwy, Singapore",SG
717,56.582317,-12.978352,52.057255,5.4144752,"Rottegatsteeg 1, 3953 MN Maarsbergen, The Netherlands",NL
718,55.170116,-9.686682,55.3389926,25.9212592,"111, 30210, Lithuania",LT
719,53.614594,22.09571,51.4302402,24.6007254,"М19, Butsyn, Volyns'ka oblast, Ukraine",AU
720,48.645565,1.8102989,53.0353793,-1.2872484,"B600, Nottingham, Nottinghamshire NG16 3QX, UK",GB
721,32.51363,57.53036,-5.98831,-79.746813,"Avenida Miguel Grau 1014, Olmos, Peru",PE
722,39.803787,11.43215,43.6625063,6.1249169,"8 Lotissement les Terres de Régusse, 83630 Régusse, France",FR
723,50.568073,8.612511,65.654724,-16.4485392,"Route 1, Iceland",IS
724,69.629425,10.221308,63.28481,19.0541071,"1062, 891 96 Arnäsvall, Sweden",SE
725,29.552347,63.22531,-23.5465543,-51.6686084,"BR-376, Parana, 86975-000, Brazil",BR
726,46.375496,68.35544,26.9235107,90.398768,"Sarpang - Gelephu - Trongsa Hwy, Bhutan",BT
727,51.942265,34.05419,50.4570574,34.944555,"Unnamed Road, Trostianets', Sums'ka oblast, Ukraine, 42602",LT
728,53.310284,6.8153167,52.2689642,-2.7200414,"A49, Leominster, Herefordshire HR6 0DL, UK",GB
729,21.644588,29.33636,37.8048426,20.9048465,"Unnamed Road, Zakinthos 291 00, Greece",GR
730,51.697735,37.147747,53.2981475,34.0656249,"Zarechnyy Pereulok, Glinishchevo, Bryansk Oblast, Russia",RU
731,60.617886,10.224073,51.4142165,20.172457,"Droga Wojewódzka 713, Polonia",PL
732,60.32266,12.524414,55.8967348,9.7637635,"Engvej 7, 8700 Horsens, Denmark",DK
733,63.091557,35.3601,55.5155929,25.4823023,"4924, Tirmūnai 28107, Lithuania",LT
734,52.822933,9.030821,51.7680525,5.4969463,"Ussenstraat 100, 5345 HW Oss, The Netherlands",NL
735,44.153225,-19.198315,42.4045835,23.8699484,"803, 2050 Ihtiman, Bulgaria",BG
736,52.699696,9.717342,55.1186264,9.1862396,"Gammel Tøndervej 34, 6534 Agerskov, Tanska",DK
737,46.54448,16.913473,56.9573089,9.4112695,"Halkærvej 210, 9240 Nibe, Denmark",GR
738,55.62679,7.1449986,45.9140891,16.5143392,"Cugovec, 10345, Cugovec, Croatia",HR
739,62.806927,15.946568,59.1141587,-2.5521806,"Unnamed Road, Orkney, Orkney KW17 2AG, UK",GR
740,60.08272,31.385147,48.4492991,19.4901876,"050105, Budiná, Slovakia",SK
741,48.491535,4.110064,42.5609024,1.5902193,"CG-2, AD100 Canillo, Andorra",AD
742,45.074635,14.563696,47.9955238,0.7890413,"D84, 72320 Valennes, France",FR
743,53.287422,28.234632,56.1007085,26.5446052,"Krasta iela 9-11, Kalupe, Kalupe parish, LV-5450, Latvia",LV
744,50.701595,5.028818,43.4090347,5.1990796,"Chemin des Macreuses, 13700 Marignane, France",FR
745,13.0484085,123.90919,26.6242883,128.0540889,"465 Genka, Nago-shi, Okinawa-ken 905-1141, Япония",JP
746,55.514675,27.688654,60.7977213,25.0431661,"Torholanlammintie 8, 12100 Hausjärvi, Finlande",FI
747,70.78955,8.111748,63.7864416,9.813636,"Riksveg 721 120, 7160 Bjugn, Norway",NO
748,46.507732,30.638664,44.3203379,-90.7842191,"West Mission Road, Black River Falls, WI 54615, USA",US
749,60.643238,1.0913968,46.3848987,-63.2081199,"63-295 Macquarrie Road, Lot 33, Wyspa Księcia Edwarda C0A, Kanada",CA
750,57.90787,-6.6943355,51.1239194,3.3225733,"Berkenstraat 14-24, 8730 Beernem, Βέλγιο",BE
751,21.483974,23.757416,40.9784603,-5.4807255,"Calle la Ruìza, 25, 37340 San Morales, Salamanka, Hiszpania",ES
752,34.81042,67.61502,-37.7646374,176.4883513,"118-718 Pukehina Parade, Pukehina 3189, New Zealand",NZ
753,40.03874,36.148373,-26.5084509,30.0016206,"80 Pet Street, Ermelo 2351, South Africa",ZA
754,50.550587,-6.4519877,42.6191221,1.5397607,"Av. de Sant Pere, AD300 Ordino, Andorra",AD
755,48.45586,0.97557926,46.3149537,16.8180152,"Brodarska ulica 15, 40328, Donja Dubrava, Croatie",HR
756,42.937363,39.964516,32.9550701,35.2114311,"8533, Yarka, Israel",NO
757,49.78629,1.9757061,-33.5807992,-62.6046917,"RN8, Córdoba, Argentina",AR
758,30.268099,50.31241,-33.5445359,115.9493367,"191 Attwood Road, Lowden WA 6240, Australia",AU
759,54.191372,4.8082876,46.2000778,14.3287468,"Šutna 55, 4209 Žabnica, Słowenia",SI
760,2.5790472,48.19363,10.573481,-75.0109661,"Castillejo, Sabanalarga, Atlantico, Colombia",CO
761,32.142426,-8.631714,-12.4636737,-76.7460056,"Panamericana Sur, Pucusana District, Peru",PE
762,50.88841,16.614147,55.1746913,22.2957812,"4515, 72368, Lithuania",LT
763,49.526722,2.6319735,47.616847,-77.2367782,"1404 Trans-Canada Hwy, Réservoir-Dozois, QC J0W, Canada",CA
764,45.87501,2.937739,41.3532174,-6.8513558,"R. do Meio, 5350, Portugal",PT
765,57.11475,8.777695,46.3437093,-74.2592915,"1280-2180 Chemin Régimbald, Saint-Donat-de-Montcalm, QC J0T 2C0, Canada",CA
766,64.45955,26.15414,42.8424922,-79.4814379,"224 Mohawk Point Rd, Lowbanks, ON N0A 1K0, Canada",CA
767,47.82438,10.417673,55.4877591,10.731199,"Stavrevej 27-401, 5300 Kerteminde, Denemarken",DK
768,47.86587,10.716171,-43.3919464,172.6514019,"9 Isaac Wilson Road, Kaiapoi 7630, New Zealand",NZ
769,40.511395,45.23201,46.3191837,27.3958647,"DJ241, Motoșeni, Romania",RO
770,54.978157,2.6890492,45.2800836,18.658327,"Gorjani, 32281, Ivankovo, Croatia",HR
771,40.273598,109.44186,23.9893771,120.9199888,"No. 128, Xiàngshàn Road, Puli Township, Nantou County, Taiwan 545",TW
772,40.3671,5.393101,32.0559166,34.8141923,"Golani 9, Ramat Gan, Israel",IL
773,57.542118,17.212524,51.4042893,4.6073577,"Lage Weidenstraat 3, 2990 Wuustwezel, Belgium",BE
774,58.658985,10.069618,47.616847,-77.2367782,"1404 Trans-Canada Hwy, Réservoir-Dozois, QC J0W, Canada",CA
775,57.433422,24.449272,45.8207939,14.6571526,"Gornje Retje 6, 1315 Velike Lašče, Słowenia",SI
776,43.596977,67.94562,35.0846921,129.0256227,"705 Nambumin 2(i)-dong, Seo-gu, Busan, South Korea",KR
777,56.24452,10.103729,62.16145,5.1735825,"Fylkesveg 633 80, 6750 Stadlandet, Norway",CL
778,43.954838,-4.930591,40.5681182,21.2121296,"EO Kastorias Prespon, Kastoria 521 00, Greece",GR
779,30.996315,39.714222,15.8243853,101.8385058,"Unnamed Road, Tambon Talat Raeng, Amphoe Ban Khwao, Chang Wat Chaiyaphum 36170, Thailand",LT
780,46.55917,18.374392,46.0427098,11.7424145,"Via Piei, 9, 32033 Lamon BL, Italia",IT
781,44.012215,1.075005,54.3835373,-8.5722222,"Unnamed Road, Co. Sligo, Ireland",IE
782,36.56859,84.16922,22.3129733,114.2642911,"Wan Po Rd, Hang Hau, Hong Kong",HK
783,48.290432,34.626175,62.3114187,17.3732856,"Sandslåvägen 9, 862 33 Kvissleby, Sweden",SE
784,32.204582,3.4062715,45.0048911,26.4319042,"Cimitirul Mizil, Mizil, Romania",RO
785,45.840763,20.033033,23.1901291,-102.864378,"Genaro Vázquez, Emiliano Zapata, 99010 Fresnillo, Zacatecas, Mexico",MX
786,54.302673,-5.798802,55.6258036,9.0889567,"Drivvejen 7, 6623 Vorbasse, Denmark",DK
787,53.546764,16.687943,47.2473022,16.6784181,9700 솜버트헤이 Vénusz Street 26 헝가리,HU
788,51.007305,-14.368837,39.4461345,22.3123672,"Epar.Od. Agriosikion - Kranona, Kileler 415 00, Greece",GR
789,46.424458,4.3294845,69.1171051,-105.0213478,"Natik St, Cambridge Bay, NU, Canada",CA
790,51.433254,7.835481,42.9582315,25.6067922,"55, 5055 Golemanite, Bulgaria",BG
791,39.068783,26.314936,57.3685841,21.5773049,"Dīķu iela 88, Ventspils, LV-3601, Latvia",LV
792,50.708225,4.703362,42.9304622,25.1910786,"44, 5332 Draganovtsi, Bulgaria",BG
793,36.129086,58.40586,42.5475485,1.5919251,"CG-2, AD100 Canillo, Andorra",AD
794,11.773926,-42.68231,-32.3367801,-69.3824788,"RN149, Mendoza, Argentinien",AR
795,50.475094,35.624836,51.3517942,5.1432857,"Pikoreistraat 3, 5541 NS Reusel, The Netherlands",NL
796,47.60998,-1.0390325,50.0948769,18.2580884,"Leona Czugały 12, Racibórz, Polska",PL
797,59.313717,16.012096,54.960538,23.2926608,"140, 71197, Lithuania",LT
798,45.182636,31.875292,25.0615959,55.1529014,Unnamed Road - Dubai - United Arab Emirates,AE
799,39.05398,30.038837,-13.475452,-76.1906558,"Unnamed Road, Tambo de Mora, Перу",PE
800,45.34583,-5.0251794,38.6816128,-6.4146795,"Calle Villalba, 64-66, 06200 Almendralejo, Badajoz, Spain",ES
801,54.84878,15.391087,64.2847715,24.7496124,"7890 449-487, 86300 Oulainen, Finland",FI
802,48.718334,8.4698925,32.0535579,131.0982562,"Japan, 〒886-0112 Miyazaki-ken, Kobayashi-shi, Sukishimoda 県道26号線",JP
803,59.693195,-8.450726,51.1763359,6.8616084,"Peter-Krahe-Straße 32, 40599 Düsseldorf, Allemagne",DE
804,64.9243,26.727507,63.7410864,14.1192746,"689, 830 60 Föllinge, Sweden",SE
805,50.771763,25.156105,50.8850426,17.3733255,"Droga Krajowa 94, Poland",PL
806,55.691082,12.2827,51.9091184,22.4975919,"Łuków, Pologne",PL
807,42.439518,28.110205,-37.8561714,140.5457193,"LOT 1 Kongorong Road, German Creek SA 5280, Australia",AU
808,52.561337,16.155294,52.0417588,4.3918582,"Molenweg 15, 2631 AA Nootdorp, The Netherlands",NL
809,-3.2639308,120.11725,-37.1520578,145.0802985,"LOT 1 Hume Freeway, Tallarook VIC 3659, Australia",AU
810,16.02158,28.085827,-31.0994487,149.9021674,"Oxley Highway, Mullaley NSW 2379, Australia",AU
811,41.701378,41.516247,32.1175225,34.803476,"מסוף האוניברסיטה, Tel Aviv",IL
812,56.901367,15.271168,46.5453377,6.5708286,"Chemin du Saugy 1, Arc-en-Ciel, 1023 Crissier, Switzerland",CH
813,-42.48762,62.030025,-18.1098509,25.3226349,"A33, Botswana",BW
814,45.7262,13.356113,50.8737202,4.4710842,"Grote Daalstraat 91-105, 1930 Zaventem, Belgium",BE
815,63.891224,14.476931,59.2847153,13.0391685,"E45, 660 40 Segmon, Szwecja",SE
816,55.527534,23.814835,58.8703372,22.8145219,"Kaasiku, 92123 Hiiumaa, Estonia",EE
817,52.793606,40.661194,56.9564789,23.6736205,"Dzelzceļa iela 36, Jūrmala, LV-2008, Latvia",LV
818,38.88064,33.375347,23.5233471,119.6004169,"880, Taiwan, Penghu County, Magong City, 澎25鄉道1499號",TW
819,43.604935,60.784267,35.2306454,129.0870851,"309-25 Jangjeon 3(sam)-dong, Geumjeong-gu, Busan, Zuid-Korea",KR
820,53.582966,5.026912,46.124685,18.1714378,"7677 Orfű, 6604, Hungary",HU
821,58.071156,11.389785,46.2213679,27.658637,"Strada Islaz, Bârlad, Romania",RO
822,47.170246,24.213642,46.5649869,23.8830626,"Strada Ialomiţei, Aranyosgyéres, Románia",RO
823,28.9106,86.881165,23.3331935,91.2726461,"Dhaka - Chittagong Hwy, Bangladesh",BD
824,22.299305,50.447453,24.2075691,89.0118923,"কলেজ রোড, Gopalpur, Bangladesz",BD
825,62.185726,13.548208,64.6550192,17.0882292,"360, 912 94 Latikberg, Sweden",SE
826,27.52065,43.384655,1.4199424,103.7578967,"9 Woodlands Rd, Singapore 738656",SG
827,51.186695,17.559633,49.8074193,24.1328573,"Lomonosova street, 31, Vynnyky, Lviv Oblast, Ukraine",UA
828,36.562843,54.988865,23.8976083,120.4171424,"No. 232, Section 2, Dòuyuàn Road, Erlin Township, Changhua County, Taiwan 526",TW
829,37.36296,62.533535,-38.8549372,176.0424489,"State Highway, Hatepe 3382, New Zealand",NZ
830,7.117157,19.269217,45.8542921,21.5544571,"DC66, Romania",RO
831,21.628744,54.207523,24.8909901,55.0590456,Sheikh Mohammed Bin Zayed Rd - Dubai - United Arab Emirates,AE
832,48.52814,51.057934,47.393485,8.5004486,"Bernerstrasse, 8048 Zurich, Switzerland",CH
833,25.057852,68.44067,9.3190206,-75.4157027,"Carrera 4 # 6-2, Sincelejo, Sucre, Colombia",CO
834,4.091014,-14.495825,-31.6553668,18.7135059,"N7, Vanrhynsdorp 8170, Afrique du Sud",BW
835,58.37132,11.366442,61.207143,7.1895544,"Helgheimsvegen, 6854 Kaupanger, Norway",NO
836,40.708122,40.897335,32.649008,35.0991111,"Sderot Yitshak Rabin, Yokne'am Ilit, Israel",IL
837,53.503483,22.970646,50.8711485,36.4393701,"avtodoroga Krym, Yakovlevo, Belgorod Oblast, Russia",RU
838,59.557766,11.245274,55.6193937,22.7201195,"3505, Kražiai 86274, Lithuania",LT
839,41.21085,20.98,25.1735808,55.2157739,1 7 B St - Dubai - United Arab Emirates,AE
840,42.649776,45.5072,59.4974583,25.0440913,"Saviranna tee, 74122 Harju County, Estonia",EE
841,27.372864,79.846634,25.407771,55.5086372,Sheikh Ammar Bin Humaid St - Ajmān - United Arab Emirates,AE
842,42.976204,56.64724,37.5405019,126.8489244,"56-23 Hwagokbon-dong, Gangseo-gu, Seoul, Corea del Sur",KR
843,42.075806,-2.3688188,42.5235367,1.6831886,"Ctra. de Grau Roig, AD200 Encamp, Andorra",AD
844,46.11694,22.324352,56.9894987,22.5351116,"Blaumaņa iela 68, Sabile, Sabiles pilsēta, LV-3294, Latvia",LV
845,-14.255426,32.170303,-20.1793031,25.3548453,"A3, Botswana",BW
846,49.15579,-12.495258,-38.8835505,-62.4907647,"Ruta Nacional 3, Buenos Aires, Argentina",AR
847,35.573715,8.378574,42.5484866,1.7354655,"Túnel d'Envalira, AD200 Encamp, Andorra",AD
848,12.035788,115.65799,10.242959,-75.4433681,"Turbana # 74 a 100, Turbana, Bolivar, Colombia",CO
849,14.356298,22.488804,-22.5400503,27.1193837,"Yarona Road, Palapye, Botswana",BW
850,54.355713,7.0456953,54.2388228,-8.964558,"Unnamed Road, Co. Sligo, Irlanda",IE
851,38.556713,60.00663,23.587024,120.3822102,"623, Taiwan, Chiayi County, Xikou Township, 嘉88鄉道",TW
852,49.740696,-4.253796,55.1706084,-119.2450026,"AB-43, Wembley, AB T0H 3S0, Canada",CA
853,45.952347,25.66146,-38.7726025,143.4557829,"3060 Great Ocean Road, Glenaire VIC 3238, Australia",AU
854,53.34599,32.160046,57.1516024,25.7002967,"P30, Taurene parish, LV-4119, Latvia",LV
855,54.203785,27.028996,48.3092991,18.0893943,"Wilsonovo nábrežie 66, 949 01 Nitra, Slovaquie",SK
856,53.030987,18.964493,45.349993,-73.4724839,"3115-3175 Route Édouard Vii, Saint-Philippe, Quebec J0L 2K0, Kanada",CA
857,0.8476157,-3.6935906,-33.5148884,21.6631277,"R62, Calitzdorp 6660, South Africa",ZA
858,-17.27479,35.284702,-23.4980613,28.39854,"R561, Afrique du Sud",ZA
859,59.199192,7.516117,42.1600442,12.5542154,"Via del Laghetto, 95, 00065 Rome, Italy",IT
860,12.376812,-10.335981,-16.099845,-71.6104882,"34A 1500, Perù",PE
861,46.964092,59.557934,-8.6498832,115.2174458,"Jl. Veteran No.70F, Denpasar Utara, Kota Denpasar, Bali 80233, Indonesia",ID
862,44.30364,25.70337,47.9604244,21.7408445,"4400 Nyíregyháza, Lobogó Street 1, Hungary",HU
863,38.028484,14.132742,40.978843,16.4391405,"Contrada Modesti, 70037 Ruvo di Puglia, Bari, Italy",IT
864,25.725683,88.22185,23.2310813,90.0203,"Dhaka - Barisal Hwy, Takerhat, Bangladesh",BD
865,44.55511,10.32782,-33.5594412,-70.5551547,"Los Prensistas 4451-4485, Puente Alto, Région métropolitaine de Santiago, Chili",CL
866,5.376931,110.16737,23.0390096,88.8843728,"terminal, Bangladesh",BD
867,47.470783,9.222517,46.3770761,14.7534086,"Raduha 55, 3334 Luče, Słowenia",SI
868,12.039522,115.53761,23.526283,89.6014316,"Mawa - Bhanga Hwy, Bangladesh",BD
869,22.330748,71.951965,-31.6847326,152.2841497,"2809-2911 Bulga Road, Bobin NSW 2429, Australia",AU
870,61.633556,29.070332,50.9140928,3.209141,"Pieter Baesstraat 2-30, 8870 Izegem, Belgique",BE
871,41.538292,49.81039,44.3121689,7.6834191,"Regione Gambarello, 37B, 12013 Chiusa di Pesio, Coni, Italie",IT
872,26.996466,28.89143,33.6628104,-102.4120478,"2501-2811 Farm to Market Road 2306, Levelland, TX 79336, USA",US
873,49.123795,20.321129,44.7860533,-0.2357768,"D11, 33420 Dardenac, France",FR
874,38.29895,67.75444,-6.9561407,110.4613662,"Jl. Kaligawe, Genuk, Kota Semarang, Jawa Tengah 50112, Indonesia",ID
875,46.878113,55.390728,11.0934876,106.1424798,"Unnamed Road, Krong Bavet, Kambodscha",KH
876,17.212486,81.232124,7.8662294,-72.4735327,"Calle 11 # 11-2, Villa del Rosario, North Santander, Colombia",CO
877,59.753468,18.414322,47.9998382,37.7124365,"Vuhil'na street, 28, Donetsk, Oblast de Donetsk, Ukraine",UA
878,43.916718,39.858334,37.6398194,126.7629486,"550-2 Janghang 1(il)-dong, Ilsandong-gu, Goyang-si, Gyeonggi-do, South Korea",KR
879,58.349957,11.592644,53.5686962,-6.9060755,"43-45 Moyview, Co. Meath, Ireland",IE
880,52.4659,23.938482,43.6047918,25.6216143,"5201, 7133 Novgrad, Bulgaria",BG
881,50.793736,0.39964342,-27.88143,29.3358357,"R722, South Africa",HK
882,42.76437,9.214073,43.5261808,27.1884045,"701, 9937 Harsovo, בולגריה",BG
883,29.034658,9.99279,38.1157648,-7.322552,"Unnamed Road, 7875, Portugal",PT
884,58.04112,1.674118,55.6852823,24.1437329,"3415, Naujamiestis 38335, Lithuania",LT
885,36.88054,82.59956,1.3336754,103.9041845,"6 Kaki Bukit Ave 1, Singapore 417940",SG
886,16.325182,-36.61025,22.2003601,114.0175293,"Cheung Chau Family Walk, Cheung Chau, Hong Kong",HK
887,46.153484,46.74579,55.6712727,12.5615747,"Helgolandsgade 19-21, 1650 Copenhagen, Denmark",DK
888,35.73443,76.607834,23.4856858,89.4191757,"Gorsthan Road, Magura, Bangladesh",BD
889,53.891106,11.117611,46.0443953,14.4878945,"Jadranska ulica 2, 1000 Ljubljana, Słowenia",SI
890,50.456448,17.114935,45.0460698,23.9163494,"DJ676D, Pojogi-Cerna, Romania",RO
891,22.999382,56.679504,-7.660333,111.129254,"Jl. Grojogan Sewu, Tawangmangu, Karanganyar, Jawa Tengah 57792, Indonésie",ID
892,20.192297,21.838034,46.1866913,14.3294684,"Sv. Duh 111a, 4220 Škofja Loka, Slovenia",SI
893,33.503742,93.001465,-6.3880246,107.1228934,"Jalan Wijaya Kusuma III, Serang Baru, Bekasi, Jawa Barat 17330, Indonesia",ID
894,37.29549,93.271416,22.5031273,114.1267955,"39 Lung Sum Ave, Sheung Shui, Hong Kong",HK
895,36.438778,44.28507,6.3395749,100.4203754,"North-South Expy, 06000 Jitra, Kedah, Malaysia",MY
896,57.878532,30.263288,41.2159187,-5.3762542,"ZA-604, 14, 49410 Fuentelapeña, Zamora, Spain",ES
897,27.669783,46.322903,26.1409386,127.7980969,"Hyakuna-707 Tamagusuku, Nanjō-shi, Okinawa-ken 901-1400, Japan",JP
898,58.473442,13.083902,55.4076715,21.6519644,"4209, Gardamas 99417, Lithuania",LT
899,41.608326,17.22309,-37.7646374,176.4883513,"118-718 Pukehina Parade, Pukehina 3189, New Zealand",NZ
900,63.84403,10.091127,52.430705,-8.9610243,"Unnamed Road, Co. Limerick, Ireland",IE
901,43.690166,20.201767,53.3334886,18.2082925,"Główna, Poland",PL
902,16.464151,89.44597,14.4075329,99.0708668,"Unnamed Road, Tambon Tha Kradan, Amphoe Si Sawat, Chang Wat Kanchanaburi 71250, Thailand",TH
903,48.55153,5.373533,39.0034446,21.7785903,"Epar.Od. Karpenisiou - Neraidas 104, Domiani 360 80, Grekland",GR
904,56.594685,27.287241,58.7254333,25.9434652,"Pajusi-Sepasaare-Mällu, 48216 Jõgeva County, Estonia",EE
905,23.013865,93.14686,22.4856941,89.0120064,"Satkhira-Kaliganj Highway, Bangladesh",BD
906,26.033192,47.288155,10.7146421,103.5480248,"Unnamed Road, Cambodia",KH
907,45.100487,34.394615,54.9346435,20.5386381,"Lugovaya ulitsa, 37, Sosnovka, Kaliningrad Oblast, Russia",RU
908,33.211906,54.029392,-28.5283104,32.1520083,"N2, Africa de Sud",ZA
909,42.93716,36.205772,49.9874914,36.3164386,"Saltivs'ke highway, 107-109, Kharkiv, Kharkiv Oblast, Ukraine",UA
910,51.03997,28.848133,51.4388902,4.6967757,"Blauwputten, 2321 Hoogstraten, Belgium",UA
911,54.09498,15.705557,46.2607603,14.6218619,"Brezje nad Kamnikom 3, 1242 Stahovica, Slovenia",SI
912,54.525715,9.552904,48.8419253,19.1150043,"E77, 976 02 Staré Hory, Slovakia",SK
913,49.50565,52.67123,66.0463603,-17.3448832,"Hafnarstétt, Húsavík, Iceland",IS
914,-18.821257,80.05145,-17.8563162,25.227868,"A33, Botswana",KR
915,54.357014,33.335316,51.5898989,5.3980232,"Boxtelseweg 9, 5491 XT Sint-Oedenrode, The Netherlands",NL
916,62.48262,-0.6468611,46.5461779,6.5959634,"Chemin des Vignettes 32, 1008 Jouxtens-Mézery, Switzerland",CH
917,57.929615,25.677088,57.1523297,24.8626024,"Pūpolu iela 3-5, Sigulda, Siguldas pilsēta, LV-2150, Latvia",LV
918,44.88622,7.1526895,46.9553175,18.8463354,"2421 Nagyvenyim, Táncsics Street 27-29, Hungary",HU
919,25.706907,9.911896,-20.0010292,23.4133476,"Tsheke Tsheko Road, Maun, Botswana",BW
920,36.72775,-15.102627,44.1651777,25.9580274,"Strada Sfântul Nicolae, Uzunu, Romania",RO
921,51.473248,51.60989,50.5501715,15.7739961,"Čermná 174, 543 77 Čermná, Czech Republic",CZ
922,66.40042,12.589182,47.0804736,7.0267212,"Route Principale, 2073 Enges, Switzerland",CH
923,47.28747,31.22397,46.399793,15.8583983,"Zidanškova ulica 17, 2250 Ptuj, Slovenia",SI
924,48.11894,53.75606,1.314139,103.9894386,"50 Tanah Merah Ferry Rd, Сингапур 498833",SG
925,56.676228,18.02584,-46.219825,168.6762253,"915 Cross Road, Pebbly Hill 9872, New Zealand",NZ
926,27.075594,26.334362,-29.5879594,-50.8033888,"Rua Olavo Bilac, 304-386, Rio Grande do Sul, 95650-000, Brazylia",BR
927,50.176426,29.060516,50.0858453,36.3177221,"E40, Kharkiv Oblast, Ukraine",UA
928,43.771404,41.554783,43.3226457,-4.3729025,"CA-850, 39595, Cantabria, Spain",ES
929,-8.347275,-16.117056,-37.6613828,-69.452372,"RP7, Neuquén, Argentina",AR
930,28.234062,72.64358,1.4291064,103.7754209,"309 Woodlands Ave 1, Singapore 730309",SG
931,6.3686595,4.031953,-35.1495158,-65.9779266,"Ruta Nacional 188, San Luis, Аргентина",AR
932,46.52039,16.464529,42.5257529,1.7239102,"Unnamed Road, AD200 Encamp, Andorra",AD
933,45.98463,30.04628,50.0059267,36.2357461,"Pravdy avenue, 12, Kharkiv, Kharkiv Oblast, Ukraine",UA
934,48.64346,62.765102,35.1730614,129.1013717,"840 Mangmi-dong, Suyeong-gu, Busan, South Korea",KR
935,30.918167,-27.727467,65.9540848,-14.8434837,"Norðausturvegur, Iceland",IS
936,47.78977,40.427547,55.482914,37.5302599,"Ryazanovskoye shosse, Obwód moskiewski, Rosja",RU
937,55.023422,24.515787,43.0438002,-90.6564256,"14813-14953 County Road T, Fennimore, WI 53809, USA",RU
938,64.9655,23.162968,59.4498384,9.0750782,"Reshjemvegen 69, 3800 Bø i Telemark, Norway",NO
939,8.570099,113.949066,2.3865265,-60.8239306,"Unnamed Road, Cantá - RR, 69390-000, Brazil",SG
940,49.24535,15.022665,54.1054255,-7.4208405,"Fay Crescent, Co. Cavan, Irlanda",IE
941,34.859,48.532177,-15.9354947,-74.0881876,"1S, Pérou",PE
942,14.839058,11.679653,-5.5635274,-80.8072373,"1NK, Peru",PE
943,43.36535,5.7891326,43.5918981,16.626852,"E65, 21204, Dugopolje, Croatia",NZ
944,15.8474655,51.492756,9.7275971,-73.7194798,"US43 # 2 a 74, El Paso, Sesaro departamentas, Kolumbija",CO
945,47.137096,13.524052,45.7154028,21.9719168,"Timiș, Romania",RO
946,55.26756,-22.890339,65.5145949,-19.2994511,"Þjóðvegur, Iceland",IS
947,39.83353,24.007761,10.2540997,-75.3430907,"Carrera 40 # 1 a 99, Arjona, Bolivar, Colombia",CO
948,57.094013,28.645884,46.7092222,16.0923537,"Lemerje 55, 9201 Puconci, Slovenia",SI
949,53.41837,10.586743,48.949103,20.751586,"536, 053 62 Bystrany, Eslovaquia",SK
950,44.50899,9.285879,49.3744367,3.0642008,"D16, 60350 Hautefontaine, France",FR
951,42.190517,51.731907,4.2009246,114.0589141,"AH150, 98150 Bekenu, Sarawak, Malaysia",MY
952,55.95695,32.405388,60.2612033,10.1888494,"E16 630, 3525 Hallingby, Norway",NO
953,66.21968,3.6083589,53.2853401,18.9535679,"Macieja Rataja 8, Wabrzezno, Полша",PL
954,59.570698,31.796993,46.0473928,18.2500111,"7631 Pécs, Kanizsai Dorottya Way 179, Hungary",HU
955,29.945398,17.331543,-28.2865407,-54.22981,"Rua Armindo Utzig, 2-74, Rio Grande do Sul, Brazil",BR
956,37.827744,49.936695,7.6541168,-73.3359823,"I-45A, La Esperanza, Kolumbia",KH
957,56.27532,25.715252,47.1127421,21.2675859,"5525 Füzesgyarmat, 4225, Hungary",HU
958,54.714756,14.742073,53.3337396,6.589008,"Beckeringhstraat 7, 9959 PT Onderdendam, The Netherlands",NL
959,33.35511,35.600258,32.1976486,34.855594,"Patriya 26-36, Ra'anana, Israel",IL
960,27.584356,41.64063,24.972379,55.4141158,E 77 - Dubai - United Arab Emirates,AE
961,28.023678,69.169525,22.4798153,114.0574243,"Yau Pok Rd, Tam Mei, Hong Kong",HK
962,47.26691,15.998207,51.3517942,5.1432857,"Pikoreistraat 3, 5541 NS Reusel, The Netherlands",HU
963,49.305054,29.405397,52.4511382,-1.9410316,"Queen Elizabeth Hospital, Queen Elizabeth Hospital (Stop UV), University of Birmingham, Birmingham, West Midlands B15, UK",GB
964,47.957825,13.476767,45.3589667,8.8122102,"Via Roma, 99, 27023 Cassolnovo פאויה, איטליה",IT
965,42.809345,39.342434,33.2946573,-83.3861579,"Gray Road Southwest, Eatonton, Georgia 31024, Statele Unite ale Americii",US
966,0.82637405,117.47699,14.0953681,106.3871106,"Unnamed Road, Cambodia",KH
967,41.735714,24.454037,-30.0146331,30.9265225,"737 Kingsway, Amanzimtoti 4126, Afrique du Sud",ZA
968,46.314922,11.727161,39.7726259,-8.0024522,"IC8, 6100 ポルトガル",PT
969,33.61708,37.03134,-26.7174906,31.3497886,"MR9, Swaziland",SZ
970,39.787144,-11.412449,42.4196943,-6.1004331,"LE-133, 24731 Santiago Millas, León, Espanja",ES
971,53.70137,2.34623,47.1016559,17.5541234,"8400 Ajka, Babits Mihály Street 1, Hungary",HU
972,59.244007,15.752071,56.3253167,21.3730365,"P113, Dunika parish, LV-3480, Latvia",LV
973,13.268691,128.41339,1.3150474,103.6719587,"18 Gul Ave, Singapore 629660",SG
974,21.87766,16.878496,48.2129407,2.2984683,"D2152, 45300 Marsainvilliers, France",FR
975,29.696056,67.858604,12.283623,102.9732249,"Unnamed Road, Kambodja",KH
976,24.230146,68.329254,1.6766633,111.0479141,"Jalan Maludam, Sarawak, Malaysia",MY
977,39.946594,55.60761,26.9393268,89.9381904,"Daga Rd, Bhutan",BT
978,40.25108,31.98093,20.6756793,-103.4552915,"Avenida Periférico Manuel Gómez Morin 2400, Ciudad Granja, 45010 Zapopan, JAL, Mexico",MX
979,21.55588,19.082891,-33.2087852,-63.2857581,"Ruta Provincial 4 131, Córdoba, Argentina",AR
980,42.1794,35.367554,23.4719197,120.3713182,"612, Taiwan, Chiayi County, Taibao City, 嘉64鄉道",TW
981,37.148804,49.287083,19.1712189,-98.3353394,"V. Guerrero, San Pedro Tlaltenango, 72600 Tlaltenango, Puebla, Mexico",MX
982,44.15285,6.7005706,42.9461166,-115.3050228,"607-655 West Madison Avenue, Glenns Ferry, ID 83623, USA",US
983,43.341953,21.523582,47.4422891,26.8424288,"DC150, Pârcovaci, Romania",RO
984,43.0832,27.675753,51.4302402,24.6007254,"М19, Butsyn, Volyns'ka oblast, Ukraine",NO
985,38.518665,4.0816183,42.5052351,1.5235334,"Carrer Prada Casadet, 4-6, AD500 Andorra la Vella, Andorra",AD
986,12.391182,98.07976,-20.4168735,148.6810307,"71 Leeder Road, Preston QLD 4800, Australia",AU
987,48.47236,34.488537,42.4213153,-71.2439333,"19 Benjamin Road, Lexington, MA 02421, USA",US
988,40.817028,6.305719,41.3549455,15.7802657,"A14, 71045 Orta Nova, Foggia, Italie",IT
989,18.63195,65.93753,4.1849962,-73.6068521,"I-65, Villavicencio, Meta, Colombia",CO
990,25.268604,101.24207,22.9071406,89.9019799,"Patgati Tungipara Road, Tungipara, Bangladesh",BD
991,63.00166,21.143263,56.4866891,24.6644161,"P87, Valle Parish, LV-5106, Latvia",LV
992,23.21965,88.76442,22.9133437,89.8024321,"Dhaka - Khulna Hwy, Bangladesh",BD
993,56.77202,19.693031,50.1256658,19.6170325,"Teńczyńska, Poland",PL
994,38.587765,7.329725,46.8401887,24.7349119,"DC163, Roumanie",NL
995,30.993998,26.39614,-15.9354947,-74.0881876,"1S, Pérou",PE
996,54.29742,17.362055,58.7181404,26.5948136,"Laiusevälja-Toovere, 49220 Jõgeva County, Estonia",EE
997,57.83124,-2.790443,56.8686955,10.0105504,"Brøndumvej 19, 9520 Skørping, Denmark",DK
998,51.60775,23.105953,56.5528455,22.3131543,"P107, Pampāļi parish, LV-3882, Latvia",LV
999,45.175297,21.63667,-33.0571537,-71.6393694,"Alfredo Vargas Sotoller 1, Valparaíso, Valparaíso Region, Chile",CL
0,52.745255,-1.9475636,51.8723346,4.3661284,"Oudelandseweg 226, 3194 XB Hoogvliet Rotterdam, The Netherlands",NL
1,53.03346,17.300453,43.4546089,11.2919884,"SS222, 53011 Castellina in Chianti, Siena, Italien",IT
2,55.406246,40.183056,56.7248939,22.0062916,"P116, Raņķi parish, LV-3326, Latvia",LV
3,55.356434,11.535812,43.242746,-7.8546832,"LU-P-2301, 27307 Guitiriz, Lugo, Spain",ES
4,60.36664,17.52007,54.4949136,24.5548875,"4706, 21212, Lithuania",LT
5,38.974697,18.505594,-27.19059,31.3794812,"MR11, Swaziland",SZ
6,51.927452,15.115969,56.6584889,22.7533057,"A9, Blīdene parish, LV-3852, Latvia",LV
7,56.242836,-6.752188,46.6796684,16.9145425,"8771 Hahót, E65, Węgry",HU
8,51.80721,6.3659472,43.523396,0.8119587,"D149, 32130 Polastron, France",FR
9,45.75095,27.549898,44.6062444,26.2154708,"Strada Crizantemelor, Dascălu, Romania",RO
10,49.242466,3.5598655,49.5289268,21.6885962,"38-450 Trzciana, Pologne",PL
11,55.276424,8.125504,48.6809606,22.246556,"E58, 072 51 Krčava, Slovakia",SK
12,44.151333,26.394402,-11.0702905,-77.5991932,"San Martin 285, Huaura, Peru",PE
13,15.797802,103.891716,-8.3852983,115.3349263,"Jl. Tampaksiring, Tampaksiring, Gianyar, Bali 80661, Indonesia",ID
14,39.156727,67.05969,1.372516,103.8562108,"529 Ang Mo Kio Ave 10, Singapur 560529",RU
15,43.936558,21.760057,-36.41834,140.5071828,"Munes Road, Mundulla West SA 5270, Australia",AU
16,50.813404,3.9128923,50.8267309,5.2945375,"Kerselaarstraat 10, 3840 Borgloon, Belgium",BE
17,57.31042,-9.70471,53.853431,-8.2291154,"N61, Co. Roscommon, Ireland",IE
18,34.659607,40.53964,27.3120493,89.6027391,"Unnamed Road, Bhutan",BT
19,67.429535,9.936426,55.8522824,10.574701,"Stadionsvej 22, 8305 Samsø, Denmark",DK
20,31.4838,54.286053,39.7523686,19.6320257,"Unnamed Road, Ag. Stefanos 490 81, Griekenland",GR
21,45.391857,44.02017,47.2743952,17.1731857,"9500 Celldömölk, 843, Hungary",HU
22,55.936237,2.006002,54.3035585,-8.0509198,"Unnamed Road, Co. Leitrim, Ireland",IE
23,25.940662,78.21442,27.5218205,89.7475334,"Thimphu-Wangdue Phodrang Hwy, Bhutan",GB
24,50.889187,26.15884,49.9909549,36.3172344,"Ivana Kamysheva street, 66, Kharkiv, Kharkiv Oblast, Ukraine",UA
25,48.070103,29.613863,31.94448,34.8886008,"Haim Arlozorov 34, Lod, Israel",IL
26,-7.2274613,26.645308,-26.4715671,31.1899078,"D55, Swaziland",SZ
27,35.792282,-30.225155,65.7670164,-17.1673502,"Kísilvegur, Iceland",IS
28,35.39632,8.492353,34.044305,-117.6678009,"1648-1700 South Palmetto Avenue, Ontario, CA 91762, USA",US
29,63.34626,5.1345024,49.3875815,1.0697446,"33 Avenue de la Mare aux Daims, 76800 Saint-Étienne-du-Rouvray, France",FR
30,48.541798,16.671322,48.5398506,19.8637364,"531007, 980 53 Lehota nad Rimavicou, Slovakia",SK
31,60.74432,-23.180027,65.5220487,-19.8495675,"Þjóðvegur, Islandia",IS
32,48.792362,0.4782281,51.2352361,5.5372713,"Merelstraat 29, 3930 Hamont-Achel, Belgique",BE
33,46.64453,37.08223,49.867436,19.489343,"Kasztanowa 19, 34-100 Wadowice, Polska",PL
34,39.394512,49.163692,-6.3130342,107.9858289,"Jl,Raya. Sukra, Patrol, Indramayu, Jawa Barat 45257, Indonesia",ID
35,35.53975,14.657087,1.3881352,103.9988825,"1 Nicoll Dr, Singapore 498985",SG
36,36.047585,42.876778,22.5995312,88.470726,"Kulaura - Barlekha Hwy, Банґладеш",BD
37,60.25764,6.905329,51.4157288,19.6752453,"Wojska Polskiego 133, Piotrków Trybunalski, Pologne",PL
38,35.501774,15.350973,37.8644182,21.877727,"EO Patras Levidiou, Archea Olimpia 270 63, Greece",GR
39,17.833582,58.814915,-37.474097,140.3967875,"221 Walkers Scrub Road, Sebastopol SA 5280, Australia",AU
40,52.691753,13.766836,55.3883726,11.277948,"Hejningevej 16-18, 4200 Slagelse Municipality, Danimarca",DK
41,45.193314,28.291779,46.7589234,-1.6446827,"D948, 85190 Aizenay, France",FR
42,-10.597979,42.49908,-26.4428033,31.3669238,"William Pitcher Rd, Manzini, Swaziland",SZ
43,31.552107,68.14348,15.1501889,98.5413111,"323, Tambon Nong Lu, Amphoe Sangkhla Buri, Chang Wat Kanchanaburi 71240, Thailand",TH
44,14.54669,25.753101,-33.0695721,27.2032588,"N2, South Africa",ZA
45,47.74972,-5.801023,42.553477,1.6636886,"Camí Pont de Capigol, AD100 Canillo, Андорра",AD
46,31.04314,89.79827,22.4495835,114.0304905,"8 Wang Yip St E, Yuen Long, Hong Kong",HK
47,-5.3351398,116.24823,-33.8116672,146.3003397,"Rankins Springs-Lake Cargelligo Road, Rankins Springs NSW 2669, Australia",AU
48,54.001465,10.474028,52.0997667,-2.9330603,"A438, Hereford, Herefordshire HR4, UK",GR
49,37.1814,75.96083,1.3212089,103.8802911,"206 Aljunied Rd, Singapore 389827",SG
50,60.097042,10.807716,50.9108949,-1.8727515,"Hare Lane, Dorset, UK",GB
51,20.55286,33.504547,32.1442223,34.9559741,"5233, Izrael",IL
52,26.933468,62.88052,62.477481,6.1823553,"Riksveg 658 480, 6002 Ålesund, Norvège",NO
53,26.103743,105.340034,22.4454343,114.1320011,"Lam Kam Rd, Lam Tsuen, Hongkong",HK
54,57.03975,4.693849,52.4929054,6.1030958,"Zwarteweg 116, 8017 AZ Zwolle, The Netherlands",NL
55,33.28495,58.94421,32.2978307,34.8567524,"Shmu'el 25, Netanya, Israel",IL
56,47.13724,35.730877,27.5480806,90.1393181,"Wangdue Phodrang - Nobding Hwy, Bhutan",BT
57,56.390614,45.52403,57.79059,26.5079836,"Antsla-Haabsaare, 66422 Võru County, Estonia",EE
58,26.734802,74.13803,10.9085218,106.130546,"Unnamed Road, Cambodia",KH
59,40.202755,33.46351,50.401142,30.4950395,"Hvardiiska Street, 62, Kyyiv, Kyiv city, Ukraine",UA
60,46.625103,39.501076,57.2127576,27.5659858,"P42, Susāju pagasts, LV-4582, Latvia",LV
61,42.738113,-13.960634,55.4249525,10.2583715,"Rådyrløkken 36, 5210 Odense, Denmark",DK
62,55.566433,20.658892,56.4354412,26.7918852,"P58, Stabulnieku pagasts, LV-5333, Latvia",LT
63,49.434067,11.441789,55.1076501,9.1110059,"Bedstedvej 12, 6534 Agerskov, Denmark",DK
64,27.074396,53.253372,2.8493767,111.7457968,"Unnamed Road, Dalat, Sarawak, Malaysia",MY
65,57.363075,15.207504,48.1185803,18.5301787,"510020, 935 41 Tekovské Lužany, Slovakia",SK
66,54.694775,15.219656,53.435488,-7.3416885,"Unnamed Road, Co. Westmeath, Ireland",IE
67,56.03451,20.690268,42.4436133,1.4920595,"Ctra. de la Rabassa, AD600 Sant Julià de Lòria, Andorra",AD
68,42.979378,61.641804,11.0934876,106.1424798,"Unnamed Road, Krong Bavet, Kambodscha",KH
69,54.85157,27.018782,54.8054967,23.8438525,"E67, 53285, Lithuania",LT
70,65.2318,23.036716,58.9198044,24.493331,"Mõisamaa-Kümniku, 78229 Rapla County, Estonia",EE
71,-4.049683,57.575596,-13.6496882,132.130589,"Kakadu Highway, Burrundie NT 0822, Australia",AU
72,48.33328,63.385277,24.1504576,120.436142,"Zhāngbīn West 4th Road, Xianxi Township, Changhua County, Taiwan 507",TW
73,45.91027,29.925217,-32.9806153,-71.5313785,"Blasia 245, Viña del Mar, Valparaíso Region, Chile",CL
74,57.639515,-0.3600831,47.8169793,19.6286305,"3051 Szarvasgede, 2129, Hungary",HU
75,62.358074,9.407262,58.7317239,26.3044677,"Siimusti-Kaave, 48413 Jõgeva County, Estonia",EE
76,44.225075,5.137422,37.0841282,15.2120085,"Autostrada Catania - Siracusa, 96100 Siracusa Syracuse, Italy",IT
77,32.52928,45.112915,9.2534078,-75.3373018,"Chocó - El Mamon # 2 a 74, Sincelejo, Sucre, Kolumbien",CO
78,70.11148,16.100044,63.0768984,14.4447609,"592, 832 94 Orrviken, Szwecja",SE
79,44.427105,22.852121,58.9198044,24.493331,"Mõisamaa-Kümniku, 78229 Rapla County, Estonia",EE
80,63.605602,23.420046,70.5446201,22.2346592,"Riksveg 882 15, 9593 Breivikbotn, Norway",NO
81,36.328564,16.103243,42.6105811,27.1912263,"539, 8118 Vinarsko, Bulgaria",BG
82,35.52352,18.572813,-25.9497657,27.6777932,"R563, South Africa",ZA
83,-35.729588,68.004875,-24.9234181,25.4087804,"B105, Botswana",BW
84,38.50834,57.044434,49.1003642,18.8781077,"Viliama Žingora, 036 01 Martin, Slovakia",SK
85,17.847359,1.353394,-35.3266726,-69.5994959,"RN40, Mendoza, Argentina",AR
86,53.588413,20.945164,54.3764517,-116.7610554,"AB-43, Greenview No. 16, AB, Canada",CA
87,54.81332,10.757948,55.4107239,11.7566409,"Englerupvej 46, 4100 Ringsted, Danemark",DK
88,61.664093,31.334362,-34.840703,-71.1025397,"Panamericana Sur, Teno, Maule Region, Chile",CL
89,6.715746,89.76338,-34.0621148,23.0884809,"2 Boyce Close, Knysna 6571, South Africa",ZA
90,54.823925,21.10942,6.3395749,100.4203754,"North-South Expy, 06000 Jitra, Kedah, Malaysia",MY
91,14.962967,107.34434,-8.3548057,115.1383325,"Unnamed Road, Penebel, Tabanan, Bali 82152, Indonesia",ID
92,65.2351,26.25349,55.4561768,9.5550342,"Bjert Vestervang 29, 6091 Bjert, Denmark",DK
93,55.1999,14.7235565,56.2713291,14.753231,"Hemsjövägen 1533, 376 36 Svängsta, Suède",CH
94,53.238594,9.4080715,60.903982,7.1975804,"Skulevegen 2, 5745 Aurland, Norway",NO
95,49.842937,21.51643,48.0577095,19.4222444,"2673 Csitár, Ságvári Way 3-5, Hungary",HU
96,33.244217,38.89863,43.5707534,25.3755668,"405, 5282 Tsarevets, Bulgaria",BG
97,32.921352,28.526522,1.3717535,103.819387,"Oncospermum Trail, Singapur",SG
98,53.650368,4.461193,50.9201709,4.0185296,"Hoezestraat 65, 9320 Aalst, Belgium",BE
99,10.896712,57.111492,24.0605015,87.8476086,"Unnamed Road, Bangladesh",BD
100,33.613438,63.129353,23.3013656,91.2901129,"Dhaka - Chittagong Hwy, Bangladéš",BD
101,51.483704,29.292444,69.1085433,-105.1316769,"Gravel Pit Rd, Cambridge Bay, NU, Canada",CA
102,39.00851,15.4122715,63.6783206,-18.3826141,"Þjóðvegur, Iceland",IS
103,41.280945,29.63628,43.5918981,16.626852,"E65, 21204, Dugopolje, Croatia",KH
104,36.178413,-3.3739,24.6139414,-101.3736105,"Saltillo - Zacatecas, Pozo Colorado, Zacatecas, Mexico",UA
105,56.598743,46.895847,26.3953431,128.0012627,"1286 Yonashiroikei, Uruma-shi, Okinawa-ken 904-2421, Япония",JP
106,33.676674,25.17923,24.9630045,55.188531,D57 - Dubai - United Arab Emirates,AE
107,59.323906,3.683673,47.2273866,6.0102233,"11 Rue du Petit Chaudanne, 25000 Besançon, France",FR
108,53.5629,23.760166,58.5026235,16.8597777,"209, 610 25 Vikbolandet, Sweden",SE
109,59.083256,16.369963,58.9444006,24.7602046,"Rapla-Järvakandi-Kergu, Raela, 78409 Rapla County, Estonia",EE
110,42.44573,27.038815,46.8789441,27.8898519,"DJ244F, Dolheşti, Romania",RO
111,58.43446,32.931046,50.4567435,30.5415959,"ulitsa Parkovaya doroga, Kiev, Kyiv city, Ucrania",UA
112,32.238113,52.244534,-33.24003,-70.7388008,"Liray, Colina, Santiago Metropolitan Region, Chile",CL
113,29.835928,56.695232,23.5433995,121.4159135,"Ānyèxi Industry Road, Ruisui Township, Hualian, Tajwan 978",TW
114,22.785093,63.57845,23.4222985,91.165639,"Dhaka - Chittagong Hwy, Bangladesh",BD
115,55.374256,17.985523,48.2382433,22.1017071,"4495 Döge, 4145, Hungary",HU
116,11.5915165,89.34545,26.6242883,128.0540889,"465 Genka, Nago-shi, Okinawa-ken 905-1141, Япония",JP
117,61.57315,38.65292,58.9033559,22.9802659,"Hilleste-Hellamaa, 92318 Hiiumaa, Estonia",EE
118,32.81145,39.487534,69.0132515,18.6772588,"Riksveg 87 220, 9325 Bardufoss, Noorwegen",NO
119,29.293844,53.47764,24.9022205,54.9451526,Sheikh Zayed Rd - Dubai - United Arab Emirates,AE
120,34.76865,11.386534,38.2263153,25.8939545,"Unnamed Road, Chios 821 02, Greece",GR
121,47.15428,42.12775,-36.0736902,-64.2753816,"RN35, La Pampa, Argentina",AR
122,23.262474,55.15161,32.8691237,132.7913627,"Japan, 〒787-0556 Kōchi-ken, Tosashimizu-shi, Arinaga 県道344号線",JP
123,57.218544,21.95523,50.54688,3.8573669,"Rue de Bauffe 5-17, 7050 Jurbise, Belgium",BR
124,44.00314,18.200302,48.399294,20.2688545,"50, 982 51 Stránska, Slovakia",SK
125,18.85687,106.61522,1.2982233,103.6229325,"96 Tuas South Ave 3, Singapur 637366",SG
126,6.587019,80.15648,-22.3275908,-49.0159467,"Rua Teófilo Feliciano da Silva, 175-281 - Núcleo Habitacional José Regino, Bauru - São Paulo, 17031-713, Brazil",BR
127,50.222054,24.784248,50.1435795,16.081714,"11, 517 21 Týniště nad Orlicí, Czech Republic",CZ
128,52.732937,19.171757,55.264094,-7.3016956,"3 Rock View, Co. Baie de Donegal, Irlande",IE
129,60.2021,24.752684,55.1929926,37.7650598,"Kashirskoye shosse, Moskovskaya oblast, Russia",RU
130,48.415462,40.100964,25.002809,55.1653279,Honeysuckle Pl - Dubai - United Arab Emirates,AE
131,47.890152,10.567682,-37.5725526,175.5371903,"104-120 Manhire Road, Te Puninga 3374, New Zealand",NZ
132,59.33327,21.592712,45.5488426,14.0904516,"Obrov, 6243 Obrov, Slovenia",SI
133,-14.973665,63.990417,-25.3274768,-64.9364754,"Ruta Nacional 9, Salta, Argentina",AR
134,48.1266,24.91864,45.7066483,21.0608113,"DJ591, Romania",RO
135,35.288605,78.57712,23.8251282,90.4434085,"Bashundhara-Purbachal Link Rd, Dhaka, Bangladesh",BD
136,47.194073,27.059788,36.9778922,-78.2820689,"1600-1658 Lunenburg County Road, Victoria, Virginie 23974, États-Unis",US
137,35.670357,85.76068,37.5591687,126.8388924,"674-1 Deungchon-dong, Gangseo-gu, Séoul, Corée du Sud",IS
138,48.771873,41.16538,27.1460933,91.6064461,"Unnamed Road, Bhutan",BT
139,16.142683,10.087959,-23.8663007,27.6527721,"R510, South Africa",ZA
140,43.83157,23.944237,-33.4033669,-70.6804954,"Bajos de Jiménez 2877-2893, Independencia, Santiago Metropolitan Region, 칠레",CL
141,31.525328,61.148888,2.8908572,101.9270965,"17, N34, Kampung Solok, 71750 Mantin, Negeri Sembilan, Malaysia",KH
142,61.820538,17.513636,43.6047918,25.6216143,"5201, 7133 Novgrad, Bulgaria",BG
143,45.09185,35.742718,50.8507005,15.5170243,"Droga Wojewódzka 358, Poland",PL
144,49.627796,74.34803,35.0846921,129.0256227,"705 Nambumin 2(i)-dong, Seo-gu, Busan, South Korea",KR
145,39.24093,42.96375,55.2790556,21.4291363,"4213, 99335, Lithuania",LT
146,56.346233,-1.0136018,46.4563001,30.6949293,"Mykoly Voronoho street, 16, Odessa, Oekraïne",UA
147,52.365982,-3.036015,50.0338351,13.3402048,"2066, 331 65 Žihle, Czech Republic",CZ
148,44.570465,1.8321385,42.5407498,1.729939,"Carrer de la Solana, 66-68, AD200 Encamp, Andorra",AD
149,51.094143,49.625435,1.3823638,103.725278,"67 Sungei Tengah Rd, Singapore 699008",SG
150,56.25479,16.364365,47.9282936,22.1715064,"4335 Kántorjánosi, 4917, Hungary",HU
151,61.47167,11.150206,58.5612439,24.9778659,"Suurejõe-Vihtra-Jõesuu, Rahnoja, 87622 Pärnu County, Estonia",EE
152,66.506546,11.197123,56.0141806,23.2759831,"154, 76101, Lithuania",LT
153,6.359078,51.9424,-28.1988867,152.6734563,"LOT 1 Waterfall Creek Road, Maroon QLD 4310, Australia",AU
154,50.965534,7.049043,51.7175769,0.5888765,"27 Belvedere Road, Danbury, Chelmsford, Essex CM3 4RD, UK",GB
155,49.73206,-3.1496587,39.7058556,-3.8389759,"CM-42, 45430 Almonacid de Toledo, Toledo, Spain",ES
156,49.87972,-33.50167,64.3577209,-14.9239005,"Þjóðvegur, Iceland",IS
157,61.299477,10.422102,57.1266485,24.6971964,"E77, Gauja, Inčukalna pagasts, LV-2140, Latvia",LV
158,44.735905,34.89889,49.6487079,14.7401604,"150, 257 03 Jankov, Czech Republic",CZ
159,49.20846,33.860126,51.6940867,39.3081054,"avtodoroga Don, Voronezh, Voronezh Oblast, Russia, 394000",RU
160,31.999392,71.81319,24.0409505,120.7054827,"Fēnggǔ Road, Wufeng District, Táijhong, Taiwan 413",TW
161,53.429794,4.9187093,53.4692094,-113.5541846,"109 Westbrook Drive Northwest, Edmonton, Alberta T6J 2C8, Kanada",CA
162,59.556812,6.975728,47.1003215,26.3037108,"DC165, Crăcăoani, Romania",RO
163,35.35519,92.7467,22.404547,113.9669865,"Ming Kum Rd, Tuen Mun, Hong Kong",HK
164,16.309664,106.100464,1.305643,103.772807,"26 College Ave E, Singapore 138677",SG
165,53.626904,14.642361,42.7662695,140.2823786,"Unnamed Road, Suttsu-gun, Hokkaidō, Japan",JP
166,45.74638,24.2304,47.1093432,17.9184398,"8200 Veszprém, Haszkovó Street 31, Hungary",HU
167,39.8473,38.42244,45.7142232,21.2063461,"Aleea Nicoreşti, Timișoara, Romania",IS
168,51.299866,18.419464,51.9689732,6.212787,"Keppelseweg 41, 7031 EB Wehl, The Netherlands",NL
169,38.906757,8.061422,42.5918325,1.4436706,"Ruta General 11.1, AD400 La Massana, Andorra",AD
170,46.127247,54.85477,48.1561384,17.1238475,"Legionárska 23, 811 07 Bratislava, Slovakia",SK
171,39.656536,26.11792,36.2265067,23.0829215,"μονοπ. Φάρου Αβλέμονα, Avlémonas 802 00, Greece",GR
172,45.20432,16.06978,28.7351269,-106.1460043,"U. Magisterial, José Vasconcelos, Pistolas Meneses, 31137 Chihuahua, Mexico",MX
173,40.78227,63.617268,35.0846921,129.0256227,"705 Nambumin 2(i)-dong, Seo-gu, Busan, South Korea",KR
174,-33.625156,100.97853,-34.0679524,146.7208686,"Unnamed Road, Barellan NSW 2665, Australia",AU
175,42.462597,10.308319,36.5851451,-4.8526195,"A-355, 29610 Ojén, Province de Málaga, Espagne",ES
176,10.736586,7.457154,-32.833047,-70.5340897,"E-765, Valparaíso Region, Chile",CL
177,63.098003,3.5494618,51.9293589,-8.3228851,"Unnamed Road, Co. Cork, Irlande",IE
178,61.82323,16.791317,49.6684285,18.6424905,"Na aleji 117, 739 61 Trinec, Czech Republic",CZ
179,5.754872,99.93015,12.5737489,105.2578283,"Unnamed Road, Cambodia",KH
180,49.018314,22.266224,58.7254333,25.9434652,"Pajusi-Sepasaare-Mällu, 48216 Jõgeva County, Estonia",EE
181,36.591625,53.075115,-8.5312454,115.1069462,"Jl. Raya Denpasar Gilimanuk, Kerambitan, Tabanan, Bali 82111, Indonesia",ID
182,64.53608,5.8272614,70.0102323,22.0488744,"E6 100, 9161 Burfjord, Norway",NO
183,50.758083,16.595325,51.8073961,19.5363787,"Opolska 75, Łódź, Polonia",IS
184,50.24285,21.119438,46.5930419,30.7873322,"Henerala Bocharova street, 28, Odessa, Ukraine",UA
185,-8.5033,-24.469597,-41.0400423,-67.6456601,"RP66, Río Negro, Argentina",AR
186,57.12868,4.511083,-45.7447497,-72.0016475,"Ruta 7, Coihaique, Aisén Region, Chile",CL
187,47.928177,42.456875,40.4190483,-3.542011,"Avenida de Madrid, 32, 28822 Coslada, Madrid, Spain",ES
188,55.690884,16.42683,41.1194653,16.4412182,"SP231, 70037 Ruvo di Puglia, Bari, Italy",IT
189,9.514389,75.8199,4.8227268,-73.6745581,"I-50, Gacheta, Cundinamarca, Colombia",CO
190,54.192677,13.242212,51.8794451,-9.1174744,"Unnamed Road, Co. Cork, Ireland",IE
191,55.03987,25.847767,51.5898989,5.3980232,"Boxtelseweg 9, 5491 XT Sint-Oedenrode, The Netherlands",NL
192,35.842594,85.2545,23.9176749,90.1024221,"Dhaka - Aricha Hwy, Bangladesh",BD
193,18.674751,36.199104,-32.0461662,145.9998169,"Kidman Way, Nymagee NSW 2831, Australia",AU
194,62.696976,17.062775,57.244784,24.4472755,"P6, Ainava, Saulkrastu lauku teritorija, LV-2160, Latvia",LV
195,7.2543774,104.684166,15.6010669,105.0713521,"Unnamed Road, Tambon Kradian, Amphoe Trakan Phuet Phon, Chang Wat Ubon Ratchathani 34130, Thaimaa",TH
196,54.951862,31.135262,52.0417588,4.3918582,"Molenweg 15, 2631 AA Nootdorp, The Netherlands",NL
197,53.28416,15.994553,60.1749687,10.2654185,"Hønengata 45-47, 3513 Hønefoss, Norway",NO
198,49.166122,15.977087,42.075815,13.3859216,"A25, 67068 Scurcola Marsicana, L'Aquila, República Italiana",IT
199,55.36722,11.968107,55.3554676,9.3579507,"Buen 2, 6070 Christiansfeld, Denmark",DK
200,47.140537,20.365269,42.575283,26.1539728,"E773, 8876 Staro selo, Bulgarie",BG
201,53.83518,19.612558,55.0967574,25.2375159,"2804, 33271, Lithuania",LT
202,60.55949,12.684811,53.576097,-116.1144248,"Yellowhead Hwy, Yellowhead County, AB T0E, Canada",CA
203,13.584591,48.224617,-25.9044778,31.3131854,"MR1, Suazi",KH
204,11.165365,18.145588,22.3557708,114.1654801,"Kowloon Hills Fitness Trail, Lion Rock, Hong Kong",HK
205,53.55663,20.136509,55.8364131,9.3848576,"Midtjyske Motorvej, 7323 Give Municipality, Denmark",DK
206,24.68911,98.33182,1.25016,103.8436695,"1 Paradise Island, Singapore 098468",SG
207,56.56116,13.320915,42.9582315,25.6067922,"55, 5055 Golemanite, Bulgaria",BG
208,-6.164969,115.32251,19.0550095,100.4576896,"Unnamed Road, Tambon Khun Kuan, Amphoe Pong, Chang Wat Phayao 56140, Thailand",TH
209,58.985935,15.512644,45.8207939,14.6571526,"Gornje Retje 6, 1315 Velike Lašče, Słowenia",SI
210,40.134365,54.81712,32.8015439,35.0969265,"Lilienblum 11-25, Kiryat Ata, Israel",IL
211,-0.29982424,3.3163733,-32.9955273,24.5477429,"R339, Afrique du Sud",ZA
212,55.316235,-5.1255803,52.4978736,-116.0033026,"14502 David Thompson Hwy, Clearwater County, AB T0M, Canada",CA
213,53.83491,24.559084,43.2112054,26.8023411,"5102, 7740 Nadarevo, Bulgaria",BG
214,52.665844,32.543217,46.0725737,18.2334078,"7622 Pecz, Alsó-malom Street 7, Węgry",HU
215,61.14015,29.11647,59.9114121,71.1658738,"R404, Khanty-Mansiyskiy avtonomnyy okrug, Russia, 628327",LT
216,50.13314,30.251696,53.1241448,-1.8310081,"Beresford Lane, Peak District National Park, Buxton, Staffordshire SK17 0HH, Royaume-Uni",GB
217,27.602232,69.41248,23.0735425,89.2346331,"Jessore - Rajarhat - Monirampur - Keshabpur - Chuknagar Rd, Бангладеш",BD
218,65.86194,18.46811,63.1348368,29.4547338,"15804 522-620, 83900 Juuka, Finlande",FI
219,27.807331,25.499054,32.2708084,34.844308,"Menachem Savidor 4-56, Netanya, Israel",IL
220,45.26685,41.49087,43.2678371,23.4521238,"E79, 3040 Vratsa, Bulgaria",BG
221,49.286663,17.295816,51.2590105,7.072752,"Wiedener Straße 65, 42327 Wuppertal, Germany",DE
222,32.17061,48.477215,1.3239613,103.6384373,"3 Tuas Ave 18A, シンガポール",SG
223,48.266712,17.733027,37.5008544,127.1156458,"181-1 Songpa 2(i)-dong, Songpa-gu, Seoul, South Korea",KR
224,53.512188,30.54237,46.0716543,14.5717447,"Cesta na Ježah 6e, 1260 Ljubljana - Polje, Słowenia",SI
225,51.57348,40.46146,48.399294,20.2688545,"50, 982 51 Stránska, Slovakia",SK
226,43.88229,35.052757,-37.0409403,-72.3801087,"O-50, Cabrero, Biobío Region, Chile",CL
227,33.73945,49.18277,11.2487611,-73.8295799,"I-90 # 76, Santa Marta (Distrito Turístico Cultural E Histórico), Magdalena, Kolumbia",CO
228,35.89392,13.869062,54.0902497,-124.1111506,"Stuart Lake Hwy, Vanderhoof, BC V0J 3A2, Canada",CA
229,5.358788,76.85878,13.5431503,104.8660881,"Unnamed Road, Cambodia",KH
230,53.035046,26.25049,45.1064398,39.0115307,"ulitsa Yagodina (Kalinino), 72 корпус 1, Krasnodar, Krasnodar Krai, Russia, 350000",RU
231,49.748924,20.7845,46.4157933,-66.4649782,"5544 NB-8, Astle, NB E6A 1N9, Kanada",CA
232,28.240957,57.8494,-45.3952379,-72.5495823,"Ruta 240, Aysén, Aisén Region, Chile",CL
233,37.27147,11.852598,31.9598273,34.8614429,"Eitan Street, Nir Cvi, Izrael",HK
234,49.329987,17.421173,47.4175885,7.1022801,"E27, 2900 Pruntrut, Schweiz",HU
235,36.52017,24.571217,42.9841897,25.40373,"4041, 5386 Karaivantsa, Bulgaria",BG
236,54.18926,2.7791877,37.5251091,-2.9040097,"GR-8100, 18812 Freila, Grenade, Espagne",ES
237,51.285206,34.066635,44.9754814,27.0638935,"DJ214A, Luciu, Roumanie",RO
238,2.1119285,63.902527,-17.8563162,25.227868,"A33, Botswana",KH
239,52.01517,0.7779126,52.1461523,4.6765025,"Rigolettohof 36-38, 2402 EX Alphen aan den Rijn, The Netherlands",NL
240,21.009638,81.48827,22.3831203,114.246351,"Maclehose Trail Sec. 4, Ma On Shan, Hong Kong",HK
241,34.281754,44.18926,22.2704023,113.8876923,"Hong Kong, Lantau Island, 東澳古道",HK
242,46.772495,24.563297,47.4175885,7.1022801,"E27, 2900 Pruntrut, Schweiz",HU
243,37.26451,39.08865,31.9641638,34.7776143,"Beit Yehoshua 3, Rishon LeZion, Israel",IL
244,47.733868,14.223499,58.655184,23.6129752,"Kõmsi-Mõisaküla-Salevere, 90111 Lääne County, Estonia",EE
245,55.06059,27.268229,52.3824677,5.2173479,"Markerdreef, Markerkant, 1316 Almere, Nederländerna",NL
246,-20.464035,99.59455,13.9797971,107.0757142,"Unnamed Road, Cambodia",KH
247,58.758743,18.158937,50.4915981,30.4375115,"Zoryanyi lane, 4, Kyyiv, Kyiv city, Ukraine",UA
248,45.42127,12.8852215,53.8016493,-8.5934365,"Unnamed Road, Co. Roscommon, Ireland",IE
249,25.033075,32.687584,24.9532652,55.3081307,E 77 - Dubai - Các tiểu Vương quốc Ả rập Thống nhất,AE
250,18.416239,102.756,5.5798591,115.5881394,"Unnamed Road, Kuala Penyu, Sabah, Malaisie",MY
251,35.067524,51.450577,31.1595742,130.9526397,"Japonska, Kagoshima-ken, Kimotsuki-gun, Kimotsuki-chō 県道74号線",JP
252,12.725817,115.10693,5.6051983,-75.8136872,"Jardín - Tamesis, Jardín, Antioquia, Colombia",NL
253,40.405468,27.377207,-33.1270612,-71.5699715,"Cardenal Samoré, Valparaíso, Valparaíso Region, Chile",CL
254,47.32461,8.888088,53.9841629,-6.5033003,"R178, Co. Louth, Ireland",IE
255,47.386395,36.512203,44.3121689,7.6834191,"Regione Gambarello, 37B, 12013 Chiusa di Pesio, Coni, Italie",IT
256,46.54781,23.035923,66.9874663,14.7658081,"Fylkesveg 495 20, 8110 Moldjord, Norway",NO
257,50.43545,27.345737,-38.265264,142.2676795,"LOT 1 Terka Road, Kirkstall VIC 3283, Australia",AU
258,60.198643,12.2200985,40.6647147,23.6423804,"EO Thessalonikis Kavalas, Volvi 570 21, Greece",GR
259,55.261127,-12.375698,55.5942318,9.4935234,"Hovedvejen 8, 6052 Viuf, Denmark",DK
260,57.011745,6.7440686,59.1061742,12.1635581,"Herrenäs Rönningen 2, 666 91 Bengtsfors, Sweden",SE
261,25.915998,68.76124,-6.4680658,107.4438619,"Jl. Tol Cipularang, Babakancikao, Purwakarta, Jawa Barat 41151, Indonesien",ID
262,50.692455,30.631897,44.7791533,-0.6094729,"77-81 Cours du Général de Gaulle, 33170 Gradignan, France",FR
263,51.11985,13.247524,-37.0096605,175.0464092,"164 Monument Road, Clevedon, Auckland 2582, New Zealand",NZ
264,45.327026,-11.377422,55.2558571,10.1654316,"Langstedvej 12, 5620 Glamsbjerg, Denmark",DK
265,28.052797,53.706284,8.7918666,-75.6998435,"Carrera 3, San Carlos, Córdoba, Kolumbia",CO
266,51.097813,19.838877,55.249294,9.2898704,"Odinsvej 471, 6500 Vojens Municipality, Danemark",DK
267,47.56792,19.055008,41.8596,13.9200688,"Strada Statale 479, 67038 Scanno, L'Aquila, Italy",IT
268,6.1424875,105.18649,11.1743994,104.5009333,"Unnamed Road, Cambodia",KH
269,65.009285,9.538522,63.081083,29.2390644,"15811 1120-1204, 83870 Juuka, Finland",FI
270,43.06182,34.47554,27.3648009,89.9123973,"Wangdue - Tsirang Hwy, Bhutan",BW
271,48.79845,26.734453,-21.1674696,27.4951849,"Maun Road, Francistown, Botswana",BW
272,56.841236,-4.221461,51.0541274,4.567498,"Berkenhoekstraat 14, 2861 Sint-Katelijne-Waver, Belgium",BE
273,48.34186,37.650906,6.436314,116.4804765,"Jln Kota Belud - Kudat, 89150 Kota Belud, Sabah, Malaysia",MY
274,46.274326,24.305191,55.8880997,21.2741193,"Vytauto gatvė 120, Kretinga 97133, Lithuania",CZ
275,37.52035,-0.000113487244,25.2307789,-107.8973171,"Culiacán - Los Mochis, Bacamacari, Sinaloa, Mexico",MX
276,17.819294,10.526564,-25.7249197,26.019403,"R49, Ottoshoop 2866, South Africa",ZA
277,34.0561,12.146889,44.9139505,-0.7224322,"25-27 Route de Joli Bois, 33160 Saint-Aubin-de-Médoc, France",FR
278,42.378696,-10.148054,37.5759304,13.1779987,"Strada Provinciale 37, 92010 Caltabellotta, Agrigento, Italy",IT
279,48.368534,21.088917,51.0530526,17.7458222,"Łączańska, 46-100 Namysłów, Poland",PL
280,17.36625,96.905014,23.8019945,89.286911,"চরপাড়া Dhaka - Kushtia Hwy, Khoksha, Bangladesh",BD
281,67.93752,13.413128,27.5033661,90.7303241,"Bumthang - Ura Hwy, Bhutan",BT
282,59.36521,29.536083,55.84405,-118.2681335,"Range Rd 24, Wanham, AB T0H 3P0, Canada",CA
283,23.746452,62.222057,23.5501739,90.6662166,"N1, Gazaria, Bangladesh",BD
284,23.487947,83.06407,32.1011912,34.8070912,"Israel National Trail, Tel Aviv, Israel",IL
285,59.749813,-1.4216018,50.8396051,4.2298319,"Sint-Annastraat 1, 1701 Dilbeek, Belgium",BE
286,30.870638,9.938021,-32.5624645,-63.5111275,"RN158, Córdoba, Argentina",AR
287,68.22455,11.910387,42.2566923,23.3044785,"6206, 2650 Sapareva Banya, Bulgaria",BG
288,53.356503,5.813239,64.014488,10.50761,"Fylkesveg 52 180, 7170 Åfjord, Norwegen",NO
289,37.531635,80.95023,24.2183093,120.6587457,"Rénhé North Road, Daya District, Taichung City, Taiwan 428",TW
290,41.841396,19.830002,49.7980512,14.8664107,"113, 257 26 Divišov, Czech Republic",PE
291,32.27264,81.31395,24.6329646,121.6095004,"Qīngshuǐ Bridge, Yilan, Tajwan",TW
292,44.22973,33.874813,42.6626444,26.6868934,"7, 8883 Gorno Aleksandrovo, Bulgarie",BG
293,-4.956572,94.62243,-21.7686462,-43.2948173,"Rua Aristóteles Evaristo do Nascimento, 622 - Jardim Esperança, Minas Gerais, Brésil",BR
294,42.68196,34.716248,52.406439,16.851135,"Strzegomska, 60-194 Poznan, Poland",PL
295,33.531136,34.35383,23.4422802,121.3810277,"Lèdé Road, Yuli Township, Hualien County, Taiwán 981",TW
296,36.516838,21.172878,46.1590917,23.8841057,"DC34, Tiur, Roemenië",RO
297,49.332623,48.86013,25.2712332,55.2911454,Al Khaleej Rd - Dubai - United Arab Emirates,AE
298,32.15266,101.242065,1.3636599,103.8667586,"49A Serangoon Garden Way, Singapore 555945",SG
299,53.1142,23.101091,55.7858219,9.6427244,"Bredalvej 16, 8722 Hedensted, Denmark",DK
300,53.161816,5.6827536,58.6213234,25.1246213,"Laupa-Suurejõe, 87629 Pärnu County, Estonia",EE
301,40.669956,40.698315,19.4890289,-100.9212673,"Michoacán 49, Michoacán, Mexico",MX
302,64.4353,-3.1578774,42.6262176,1.5512214,"Ctra. de Sorteny, AD300 Ordino, Andorra",AD
303,46.801064,65.2029,37.491024,127.1455677,"292-13 Geoyeo-dong, Songpa-gu, Seoul, South Korea",KR
304,51.747723,8.939698,49.8078805,17.7714707,"44337, 747 84 Radkov, Czech Republic",CZ
305,54.78361,31.490234,49.8526248,19.0716966,"Barkowska 272, 43-346 Bielsko-Biala, Poland",PL
306,29.924688,112.76261,1.6946566,110.0549643,"Jalan Lundu - Sampadi, 94500 Lundu, Sarawak, Malaysia",MY
307,59.204777,20.41886,62.16145,5.1735825,"Fylkesveg 633 80, 6750 Stadlandet, Norway",GB
308,38.430965,57.148197,22.9768467,89.4711826,"Jessore - Khulna Hwy, Phultala, Bangladesh",BD
309,52.62105,23.455105,-31.685512,-53.0421298,"BR-293, ריו גראנדה דו סול, 96490-000, ברזיל",BR
310,27.030355,49.429188,-30.3640029,27.5747594,"4100 Road to Nowhere, Iqaluit, NU X0A, Canada",CA
311,5.85691,77.369286,-37.0560746,144.2001932,"68 Tomkies Road, Castlemaine VIC 3450, Australia",AU
312,45.729534,4.7531533,-38.1037657,175.7259255,"743 Old Taupo Road, Waotu 3481, New Zealand",NZ
313,58.09519,18.816952,52.700689,-6.2671079,"R772, Co. Wexford, Ireland",TH
314,44.79766,66.78282,27.080095,89.8738139,"Daga Rd, Daga, Bhutan",BT
315,-13.9969425,62.928577,-17.8563162,25.227868,"A33, Botswana",KR
316,-21.029282,7.732803,-23.7088498,22.8262872,"A2, Botswana",BW
317,39.862392,30.1722,26.6713485,142.148542,"Japan, 〒100-2211 Tōkyō-to, Ogasawara-mura, Hahajima 都道241号線",JP
318,61.780117,5.436357,62.0525478,22.6887482,"13247 523-563, 39920 Karvia, Finlandia",FI
319,61.436226,7.073867,47.5163644,8.5612335,"Winterthurerstrasse 81, 8180 Bülach, Switzerland",CH
320,54.247246,34.23913,55.0912487,24.3979373,"1514, 55490, Lithuania",LT
321,24.692337,79.39913,2.3877721,111.9579573,"Lorong Bahagia 9, 96000 Sibu, Sarawak, Maleisië",MY
322,52.292324,27.509373,42.5469834,1.5220641,"Carrer de les Costes de Giberga, 39, AD400 La Massana, Andorra",AD
323,41.933514,4.6382823,19.2968429,-98.2721335,"Independencia 11, Xilotzinco, 90110 Tlaxcala, Mexico",MX
324,-5.0204396,91.04785,23.535247,89.7517639,"Mawa - Bhanga Hwy, Bangladesh",BD
325,48.31966,32.12069,40.1129485,18.1169897,"Via Guglielmo Oberdan, 14, 73040 Neviano Lecce, Italien",IT
326,49.972393,29.299173,48.2097957,17.2165841,"Pri struhe 42-44, 831 07 Vajnory, Slovakia",SK
327,41.613964,43.3834,55.4789595,10.2913947,"Langehede 36, 5471 Sonderso, Denmark",DK
328,6.87824,40.942596,24.951151,55.3852484,E 77 - Dubai - United Arab Emirates,AE
329,34.241146,51.512558,8.1236518,-73.5767755,"I-45 # 31 a 75, Rio de Oro, Cesar, Colombia",CO
330,44.141327,42.516567,23.7912904,120.3796271,"Wénhuà Road, Erlun Township, Yunlin County, Taiwan 649",TW
331,45.138042,9.516451,39.5401146,21.9121722,"Epar.Od. Faneromeni-Nomis, Farkadona 421 00, Greece",GR
332,48.145092,4.3876114,51.9567976,5.9640952,"Van der Hoevensstraat 77, 6931 DB Westervoort, The Netherlands",NL
333,43.89964,54.75532,23.5225248,120.3651336,"616, Taiwan, Chiayi County, Xingang Township, 166縣道",TW
334,63.301083,38.253265,44.0534964,-88.7338523,"4442 Wisconsin 116, Omro, WI 54963, USA",US
335,72.161095,8.717367,45.2892331,-73.3581941,"1050-1382 CH Des Patriotes, Saint-Jean-sur-Richelieu, QC J2Y 1H4, Canada",CA
336,33.626396,40.014656,37.6438494,21.3189601,"Epar.Od. Pirgou-Katakolon, Katakolo 270 67, Grækenland",GR
337,31.505022,54.994823,8.3463071,-75.5538771,"I-25 # 30 a 38, Planeta Rica, Cordoba, Colombia",CO
338,58.23485,38.955685,60.0310398,30.2857859,"Novoselkovskaya ulitsa, 23, Saint Petersburg, Russia, 190000",RU
339,48.829666,30.387726,46.3185177,13.5400098,"Čezsoča 123, 5230 Bovec, Słowenia",SI
340,38.55209,22.917957,4.7223037,-74.0805848,"Carrera 80 # 128B-1 a 128B-99, Bogotá, Cundinamarca, Colombia",CO
341,32.609013,83.30864,23.3571749,90.0000284,"Dhaka - Barisal Hwy, Bangladesh",BD
342,33.966255,70.255585,37.5144656,127.1035965,"27 Sincheon-dong, Songpa-gu, Seoul, South Korea",KR
343,17.088516,49.04067,2.6845759,101.4804217,"Unnamed Road, Kampung Batu Lapan, Tanjong Sepat, Selangor, Malaysia",MY
344,24.965223,89.65239,22.395775,114.355424,"Sai Kung Sai Wan Rd, Hong Kong",HK
345,55.462368,-10.898302,63.8473024,-22.3792602,"427, Islandia",IS
346,31.961191,71.3715,4.8996123,-74.3160772,"Facatativá # 2 a 100, La Vega, Cundinamarca, Kolumbia",CO
347,46.663097,17.732407,47.5235311,17.2741685,"9313 Rábacsanak, Hunyadi Street 168, Hungary",HU
348,16.135353,51.364483,37.5595607,-96.9984339,"183rd Street, Douglass, KS 67039, USA",US
349,11.355198,120.18666,2.8067424,101.9176578,"329, Jalan Mantin, 70200 Mantin, Negeri Sembilan, Malaisie",MY
350,17.776905,14.978584,-33.9423116,24.3094964,"R62, Kareedouw 6400, South Africa",ZA
351,31.091002,-2.0071187,-29.9897526,-71.0610236,"Ruta 41, La Serena, Coquimbo Region, Chile",CL
352,43.560688,30.21709,44.7100259,37.7759975,"ulitsa Parkhomenko, 11, Novorossiysk, Krasnodar Krai, Russia, 353922",RU
353,46.381115,50.33399,6.0048443,-73.5879437,"I-45A, Santander, Kolumbia",CO
354,55.75665,10.481249,56.9894987,22.5351116,"Blaumaņa iela 68, Sabile, Sabiles pilsēta, LV-3294, Latvia",LV
355,52.766865,0.6372266,42.4990107,1.53065,"Urb. Comella Parc, AD500 Andorra la Vella, Andorra",AD
356,-4.683871,99.87117,27.0518453,142.1912391,"Japan, 〒100-2101 Tōkyō-to, Ogasawara-mura, Chichijima 都道240号線",JP
357,31.703442,2.2725644,43.0147002,23.474167,"161, 2152 Rashkovo, Bulgaria",US
358,-7.2169757,62.064823,22.7737821,89.1960026,"Khulna - Satkhira Rd, Bangladesh",BD
359,53.891926,0.97348833,57.4485549,-1.9201481,"1 Hatton Farm Road, Hatton, Peterhead, Aberdeenshire AB42 0QN, Royaume-Uni",GB
360,55.174248,7.5452633,55.8294512,9.8360071,"Krokusvej 67, 8700 Horsens, Denmark",DK
361,56.425755,30.569792,48.0004801,37.7796199,"Torets'ka street, 10-12, Donetsk, Donetsk Oblast, Ukraine",UA
362,54.062122,31.776814,26.9499764,-82.2434772,"5400-5408 White Avenue, Port Charlotte, Floride 33981, États-Unis",US
363,19.360775,-36.81161,-35.6536496,-70.2015677,"RP226, Mendoza, Argentina",AR
364,-13.071501,-30.96587,-47.2796229,-71.4751713,"RP41, Santa Cruz, Argentina",BW
365,54.857716,-4.5453267,50.8267309,5.2945375,"Kerselaarstraat 10, 3840 Borgloon, Belgium",BE
366,47.05232,43.07756,51.6866879,4.1961505,"Helledijk, 3255 Oude-Tonge, The Netherlands",NL
367,7.7858205,94.11035,1.40111,110.6588857,"Unnamed Road, Simunjan, Sarawak, Malaysia",MY
368,55.777004,27.009487,-43.2813389,172.251759,"130 Mcjarrows Road, Starvation Hill 7495, New Zealand",NZ
369,71.19602,23.50303,67.8109563,23.182561,"99, 984 99 Pajala, Sweden",SE
370,43.525627,38.976284,35.205288,128.9917719,"1157-1 Gupo 2(i)-dong, Buk-gu, Busan, South Korea",KR
371,50.883053,22.760286,68.9058026,27.0080399,"Saarikoskentie 2, 99870 Inari, Finland",FI
372,52.965878,15.103834,45.3699619,4.7408717,"Le Biez, 42520 Saint-Pierre-de-Bœuf, France",FR
373,42.290043,43.060856,54.2706261,23.9123028,"2512, Noragėliai 67225, Lithuania",LT
374,51.251335,13.479273,46.2489434,16.3043532,"Ulica bana Jelačića 116, 42201, Beretinec, Croatia",HR
375,44.27293,39.689526,47.8031461,22.2182085,"4341 Nyírvasvári, 4915, Hungría",HU
376,49.041042,24.36853,51.5890814,-9.1645484,"Unnamed Road, Co. Cork, Ireland",IE
377,49.350567,33.157536,37.4918264,127.0985011,"707-3 Suseo-dong, Gangnam-gu, Seoul, South Korea",KR
378,-0.7981076,22.315653,-26.3028982,31.876244,"MR3, Hlane National Park, Swaziland",SZ
379,14.818666,73.37424,27.7017701,128.9083412,"Japon, 〒891-8323 Kagoshima-ken, Ōshima-gun, Isen-chō, Kinoko 県道83号線",JP
380,24.6197,42.856026,25.0092173,55.5045607,E 77 - Dubai - United Arab Emirates,AE
381,43.65552,63.585346,50.3755358,14.499267,"Pod Chloumečkem 3472, 276 01 Melnik, Czech Republic",CZ
382,56.056168,15.027678,45.2879302,-79.1956808,"1003-1071 Brunel Road, Huntsville, ON P0B, Canada",CA
383,38.65748,54.224743,58.5499726,49.6863211,"Р169, Kirov, Kirov Oblast, Russia, 610913",RU
384,47.51746,5.186061,44.354459,1.4972071,"A20, 46230 Cieurac, France",FR
385,72.37413,-28.165878,65.6126911,-18.5039302,"Þjóðvegur, Iceland",IS
386,56.925182,31.659328,49.9834783,36.3064358,"Dons'kyi lane, 3, Kharkiv, Oblast de Kharkiv, Ukraine",UA
387,36.327816,45.709923,43.6688271,22.6782484,"102, Granitovo, Bulgarie",BG
388,-22.460203,22.361687,-23.1156051,27.1243018,"Mahalapye, Botswana",BW
389,45.60648,5.849896,46.4157933,-66.4649782,"5544 NB-8, Astle, NB E6A 1N9, Kanada",CA
390,51.9031,7.854633,58.6288387,25.6547837,"Põltsamaa-Võhma, Koksvere, 70604 Viljandi County, Estonia",HU
391,40.469692,-6.1322885,38.0633754,-7.1468876,"R. da Fonte de Arouche, 7875 Santo Aleixo da Restauração, Portugal",PT
392,36.047916,-2.4377089,-39.5997613,175.8176904,"211 Te Moehau Road, Taihape 4795, New Zealand",NZ
393,32.518726,97.44264,-8.5312454,115.1069462,"Jl. Raya Denpasar Gilimanuk, Kerambitan, Tabanan, Bali 82111, Indonesia",ID
394,-33.754112,98.27414,-34.9050913,117.6114861,"812 Redmond W Rd, Redmond West WA 6327, Australia",KH
395,48.209652,61.274593,37.4333312,127.1282687,"4807 Sujin 2(i)-dong, Sujeong-gu, Seongnam-si, Gyeonggi-do, South Korea",KR
396,53.087322,27.379314,52.8440957,16.9382828,"Unnamed Road, Polska",PL
397,32.78548,80.05159,1.311294,103.9506966,"E Coast Park Service Rd, Singapore",SG
398,50.057064,-1.4484534,64.035064,-22.7025737,"Vallargata, Sandgerði, Islandia",PE
399,51.187378,41.39503,37.1449625,140.3066056,"Japan, Fukushima Prefecture, Nishishirakawa District, Izumizaki, Kitahirayama 県道75号線",JP
400,35.862736,21.969267,17.2221294,103.4410671,"Unnamed Road, Tambon Tha Sila, Amphoe Song Dao, Chang Wat Sakon Nakhon 47190, Thailand",TH
401,54.92246,-2.367783,20.9439112,-87.3239713,"Carretera Federal 180, Leona Vicario, Quintana Roo, Mehhiko",MX
402,32.773,36.74441,-26.5127635,31.3774186,"Second Avenue, Manzini, Swaziland",SZ
403,50.09578,19.292791,50.9108949,-1.8727515,"Hare Lane, Dorset, UK",GB
404,52.678238,-10.693224,45.5576019,5.966848,"411-437 Rue de l'Église, 73490 La Ravoire, France",LT
405,52.248024,10.797066,64.9481597,25.5477387,"Tulipiipuntie 10, 90420 Oulu, Finland",GB
406,60.648922,5.0749326,60.2428633,25.0168136,"Gamla Helsingevägen 2, 00700 Helsinki, Finland",SG
407,45.485825,36.30957,24.9276445,121.2407152,"No. 43, Lane 620, Section 3, Lónggāng Road, Zhongli City, Taoyuan County, Taiwan 320",TW
408,52.850662,-3.8717408,54.1586211,-2.6519256,"3 Keer Holme Lane, Carnforth LA6, UK",GB
409,43.773613,25.754944,42.4689268,1.4926697,"Av. Rocafort, 21, AD600 Sant Julià de Lòria, Andorra",AD
410,40.380352,-7.923079,44.484794,22.1221621,"Mehedinți, Romania",RO
411,35.494915,11.994305,41.3856503,14.78413,"SP143, 82020 Circello, Benevento, Italy",IT
412,54.279945,24.675463,56.9854574,23.4685598,"Malienas iela 16, Ķemeru nacionālais parks, Lapmežciems, Lapmežciema pagasts, LV-3118, Latvia",HK
413,47.381485,31.780178,43.2112054,26.8023411,"5102, 7740 Nadarevo, Bulgaria",BG
414,31.02152,29.286541,-33.7401958,24.7789793,"R331, Afrique du Sud",ZA
415,45.96722,22.014057,46.1397316,21.5284784,"DN7, Sâmbăteni, Romania",RO
416,-2.7359395,92.82451,12.1344669,106.9132528,"76, Cambodia",KH
417,57.799957,22.600475,-39.4227425,174.1114962,"691 Rowan Road, Kaponga 4679, New Zealand",NZ
418,44.222954,57.09976,39.3237947,24.0937996,"Unnamed Road, Kira Panagia 370 05, Greece",GR
419,33.009205,36.273922,32.4266545,34.9080545,"4, Hadera, Israël",IL
420,41.95193,81.028,15.6010669,105.0713521,"Unnamed Road, Tambon Kradian, Amphoe Trakan Phuet Phon, Chang Wat Ubon Ratchathani 34130, Thaimaa",TH
421,36.73053,43.982418,47.013334,26.9452087,"Strada Mare, Adjudeni, Romania",RO
422,44.973698,26.163103,56.5787307,21.1389811,"P111, Medze parish, LV-3461, Latvia",LV
423,61.84678,8.774803,61.7849917,9.3710241,"Fylkesveg 436, 2670 Otta, Noruega",NO
424,33.906033,52.861404,-36.996069,174.9005447,"7-9 Sesame Grove, Goodwood Heights, Auckland 2105, New Zealand",BE
425,34.709248,54.24037,-8.829275,115.084607,"Jl. Pedestrian Walk, Kuta Sel., Kabupaten Badung, Bali, Indonesia",ID
426,48.47631,28.02216,23.670658,120.3311373,"Ānwu Road, Yuanchang Township, Yunlin County, Taiwan 655",TW
427,66.36166,19.778643,49.8059604,17.258637,"44417, Mutkov, République tchèque",CZ
428,43.763096,59.861897,35.0295204,138.9491236,"Shimoda Hwy, Sōkōji, Izunokuni-shi, Shizuoka-ken 410-2302, Japan",JP
429,51.70877,20.037374,49.3875815,1.0697446,"33 Avenue de la Mare aux Daims, 76800 Saint-Étienne-du-Rouvray, France",FR
430,43.09714,58.498627,37.451782,127.0009988,"451-9 Gwacheon-dong, Gwacheon-si, Gyeonggi-do, South Korea",KR
431,46.60817,38.67175,4.6009097,-74.1331338,"Carrera 53 # 39S-2 a 39S-100, Bogota, Cundinamarca, Kolumbia",CO
432,48.655308,-14.439524,46.4314885,9.8375788,"Senda Aguagliöls 12, 7513 Silvaplana, Zwitserland",CH
433,48.2527,27.39568,46.8011787,16.9304566,"8925 Nemeshetés, 7363, Hungary",HU
434,10.105643,4.2901206,-29.0022622,134.7491164,"LOT 2089 The Painters Road, Coober Pedy SA 5723, Australia",AU
435,41.228977,82.26204,3.5947398,113.6717413,"AH150, 98200 Miri, Sarawak, Malaysia",MY
436,57.265217,45.730427,68.9629561,23.088906,"Riksveg 93 2910, 9520 Kautokeino, Norway",NO
437,23.141573,-9.782974,56.783834,37.8270874,"Р104, Obwód twerski, Rosja",RU
438,44.797016,15.739922,41.3549455,15.7802657,"A14, 71045 Orta Nova, Foggia, Italie",IT
439,45.321297,-4.606955,37.3312486,-8.0500321,"Unnamed Road, 7700, Portugal",PT
440,40.50195,16.713814,-26.6968938,27.8272698,"19-21 Becqueral Street, Vanderbijlpark 1900, Republika Południowej Afryki",ZA
441,19.159588,86.31071,-4.7823774,-48.0764163,"Rua Jaderlândia, 1-449, Pará, 68638-000, Brazylia",BR
442,20.394032,32.50184,-24.4850129,26.028638,"A1, Botswana",BW
443,56.789288,33.630882,40.9562059,-7.5774806,"N226, 3620, Portugal",PT
444,29.408316,41.730442,33.0158929,35.1354577,"89, Israel",IL
445,43.329784,16.946577,50.0134188,36.1978307,"Besarabska Street, 25, Kharkiv, Kharkiv Oblast, Ukraine",UA
446,63.992207,-5.1796327,56.0810308,12.243831,"Tulstrupvej 125, 3230 Graested, Denmark",DK
447,50.18265,20.925291,59.5589381,15.591389,"859, 710 41 Fellingsbro, Sweden",BW
448,29.387682,86.28058,22.3074,114.1699028,"2 Saigon St, Yau Ma Tei, Hong Kong",HK
449,51.90109,6.5791183,55.2736092,-3.4247549,"B7076, Moffat, Dumfries and Galloway DG10 9PW, UK",GB
450,46.0906,44.092274,22.4120169,113.9823973,"8 Castle Peak Rd, Tuen Mun, Hong Kong",HK
451,45.824703,5.6795874,41.6339458,24.3044622,"Змеица - Чала, 4834, Bulgaria",BG
452,42.641163,-27.142258,-10.634179,-76.5746324,"100, Peru",PE
453,27.14757,50.8962,-26.2176529,28.1423022,"18 Harriet Avenue, Germiston 1400, South Africa",ZA
454,53.21449,7.5435114,56.2501837,14.529528,"Rosenhillsvägen 40, 293 73 Jämshög, Sweden",SE
455,51.866505,42.274323,54.6722507,25.1621137,"Dubliškių gatvė, Vilnius 02300, Lithuania",LT
456,54.423454,9.01745,54.9050026,9.6139112,"Brovej, 6320 Egernsund, Denmark",TH
457,59.125034,29.150885,56.184805,10.1710687,"Herredsvej 152, 8210 Aarhus, Denmark",DK
458,52.711674,45.30644,59.6058103,25.918736,"Neeme tee 54-58, Lahemaa rahvuspark, Käsmu, 45601 Lääne-Viru County, Estonia",EE
459,31.375957,32.010197,32.6891728,35.2406688,"Yarden 6, Migdal HaEmek, Israel",IL
460,52.876656,10.028034,22.1988463,-102.2944849,"Pabellón de Arteaga-Rincón de Romos, Pabellón de Hidalgo, Aguascalientes, Mexico",MX
461,58.36783,10.372692,48.3032413,20.3188533,"571041, 980 44 Lenartovce, Slovakia",SK
462,46.3646,65.21065,37.5402739,126.7615153,"248-4 Byeongbang-dong, Gyeyang-gu, Incheon, Coreea de Sud",KR
463,40.380856,0.47368574,-34.0239893,22.8225204,"Stingray Close, Sedgefield 6573, South Africa",ZA
464,39.71703,19.35822,42.8716608,22.7555348,"813, Vrabcha, Bulgaria",BG
465,20.983639,80.79819,1.1174743,111.8580572,"2118, 95800 Engkilili, Sarawak, Malaysia",MY
466,48.520283,17.924307,46.3506033,18.6917201,"7100 Szekszárd, Kálvin tér 1-3, Hungary",HU
467,47.43308,37.059708,49.4437126,8.5780317,"Trautenfeldstraße 6, 68229 Mannheim, Germany",DE
468,29.09536,33.95045,22.3941083,113.91799,"Lung Kwu Tan Rd, Tuen Mun, Hong Kong",HK
469,64.212814,17.790129,55.9548188,23.4425754,"150, 76112, Lithuania",LT
470,55.81341,-2.8612332,53.1471405,-4.199429,"3 Ffordd Minffordd, Llanrug, Caernarfon LL55 4PE, Yhdistynyt kuningaskunta",NO
471,34.85187,54.906803,-12.0465333,-77.0431471,"Miguel Baquero, Lima 15082, Peru",PE
472,53.136234,23.75629,39.3358979,22.4258632,"Epar.Od. Farsalon-Asprogion, Farsala 403 00, Greece",GR
473,58.410526,13.939487,51.4485999,4.4942575,"Nieuwmoersesteenweg 121, 2910 Essen, Belgique",BE
474,-4.0667243,28.469378,-25.1622766,25.534441,"A2, Botswana",BW
475,25.481642,34.91569,24.972379,55.4141158,E 77 - Dubai - United Arab Emirates,AE
476,33.4124,38.956024,-31.7178127,27.9591392,"R61, Engcobo 5050, South Africa",ZA
477,49.960114,32.577198,16.7864984,103.0609462,"Unnamed Road, Tambon Ban Fang, Amphoe Kranuan, Chang Wat Khon Kaen 40170, Thailand",TH
478,32.545815,45.33505,1.3148992,103.8162315,"Tyersall Ave, Singapur",SG
479,56.03889,25.381315,50.4738536,30.6368619,"Sholom-Aleikhema street, 17, Kiev, Kyiv city, Ukraine",UA
480,18.039501,91.072266,22.9017588,89.0202411,"Jessore - Satkhira Hwy, Bangladesh",BD
481,61.94519,21.078499,56.1961673,26.9548885,"E262, Rušonas pagasts, LV-5329, Latvia",LV
482,53.595158,24.352985,49.0874905,-0.0442709,"D101, 14270 Biéville-Quétiéville, France",FR
483,23.649446,115.865616,5.0682326,-75.8777991,"Viterbo - Apia, Viterbo, Caldas, Kolumbia",CO
484,4.6408563,63.844723,-26.7929225,31.3473097,"MR9, Swaziland",SZ
485,57.887505,23.17099,46.6739748,6.3633035,"Bois-de-Ban, 1325 Vaulion, Switzerland",CH
486,42.675396,11.542425,28.1288173,-97.2089261,"1467 Farm to Market 136, Bayside, TX 78340, USA",US
487,56.13355,12.566031,54.6910794,25.2537372,"Traidenio gatvė 13-15, Vilnius 08119, Lituanie",LT
488,50.244167,2.9268532,43.7493036,23.2577536,"81, Traykovo, בולגריה",BG
489,32.208244,34.71938,31.7945463,35.2126865,"Ibn Hazel 4-8, Jerusalem, Israel",IL
490,22.806627,-21.203423,-15.9376289,-71.195905,"Salinas and Aguada Blanca National Reservation, 34A 10, Peru",PE
491,33.158577,60.209957,27.3265131,90.5837093,"Unnamed Road, Bhutan",BT
492,28.564322,20.370714,-26.4520709,31.4963764,"MR3, Swaziland",SZ
493,54.670395,8.207495,46.7993633,-76.1662251,"QC-117, Lac-Pythonga, QC J0W, Canada",CA
494,44.742336,27.14559,46.5294104,6.6527353,스위스 1012 로잔 떵쁠르 가 10,CH
495,50.141224,15.97241,57.3685841,21.5773049,"Dīķu iela 88, Ventspils, LV-3601, Latvia",LV
496,51.353886,36.228718,46.3715171,16.4192305,"Poljska ulica 27, 40000, Strahoninec, Croatie",HR
497,56.87227,13.169224,56.4501525,27.4071885,"P55, Čornajas pagasts, LV-4617, Latvia",LV
498,41.96278,54.9307,1.3775105,103.9423469,"623 Elias Rd, Singapore 510623",SG
499,50.04166,28.932213,64.2637692,-15.2090206,"Dalbraut, 780 Höfn, Iceland",IS
500,32.519173,81.912766,5.3261895,-75.637438,"US29, Quinchia, Risaralda, Colombia",CO
501,16.981056,83.81676,6.9891655,116.7732397,"Jln Tajau Tiga Papan, 89050 Kudat, Sabah, Malaysia",MY
502,64.80501,-3.0472274,64.825712,-22.4019186,"Kolviðarnesvegur, 311, Islande",IS
503,70.1378,16.820951,59.2229745,23.6896549,"Harju-Risti-Riguldi-Võntküla, Nõva, 91101 Lääne County, Estonia",EE
504,59.62614,-7.343884,52.7942244,-2.1053423,"39 Vauban Drive, Stafford, Staffordshire ST17 4LD, UK",GB
505,55.96544,-3.9803033,52.8773248,-0.7661031,"Knipton Lane, Grantham, Leicestershire NG32, UK",GB
506,54.47364,30.17466,57.9145041,27.4142587,"Ilumetsa-Rõssa, 64111 Põlva County, Estonia",EE
507,19.092106,-0.57771015,47.1230112,-119.1293288,"2488 Road Q Northeast, Moses Lake, WA 98837, USA",US
508,38.820663,31.829184,40.4201942,-7.9417453,"N230, 3405, Portugalia",PT
509,58.17469,7.7970495,-45.4102099,167.728663,"Te Anau-Milford Highway, Te Anau 9600, New Zealand",NZ
510,52.567966,-14.40159,42.5795753,1.4804635,"Carretera de Prats Sobirans, AD400 La Massana, Andorra",AD
511,37.59011,55.19147,1.3520448,103.6905225,"96 Nanyang Cres, Singapore",SG
512,33.394394,32.030342,25.2248802,55.42556,47th St - Dubai - Förenade Arabemiraten,AE
513,52.409595,-9.759256,52.4342079,-2.3344347,"77 Lowe Lane, Alveley, Bridgnorth, Shropshire WV15 6HX, UK",GB
514,52.134438,18.903555,53.1930027,21.4521385,"07-420 Siarcza Łąka, Polen",PL
515,49.01534,-36.84259,66.1505472,-15.1726827,"Norðausturvegur, Iceland",IS
516,56.92911,21.2634,51.9885623,4.1983917,"Galgeweg 11, 2671 MR Naaldwijk, Nizozemsko",NL
517,27.790833,92.961426,1.8500172,111.1746051,"Jalan Krian, 95300 Kabong, Sarawak, Malaysia",MY
518,52.007923,30.810406,56.4037607,22.3547494,"Parka iela 4, Ezere, Ezere parish, LV-3891, Latvia",LV
519,51.2469,42.62815,52.6569535,-6.6639592,"N80, Co. Carlow, Irlande",IE
520,63.855713,-1.5246053,55.2828795,25.2710548,"2806, Girsteitiškis 33148, Lithuania",LT
521,69.30568,-2.2596107,61.7310284,15.2057108,"Norrbyvägen, 820 50 Los, Sweden",SE
522,55.610554,27.60118,47.9998382,37.7124365,"Vuhil'na street, 28, Donetsk, Oblast de Donetsk, Ukraine",UA
523,33.246674,20.615751,-26.3795827,31.0638072,"MR19, Swaziland",SZ
524,40.35261,56.739323,22.3806765,113.9713056,"22 Hoi Wing Rd, Tuen Mun, Hong Kong",HK
525,27.599667,58.642555,-7.0816168,112.5717176,"Jl. Raya Sembayat No.35, Manyar, Gresik, Jawa Timur 61151, Indonesien",ID
526,43.652325,33.001022,49.2269311,-65.9438263,"130 Rue Principale O, Ruisseau-à-Rebours, QC G0E 2C0, Canada",CA
527,57.321026,36.611286,48.4492991,19.4901876,"050105, Budiná, Slovakia",SK
528,46.84348,24.791256,51.3517942,5.1432857,"Pikoreistraat 3, 5541 NS Reusel, The Netherlands",HU
529,40.568737,44.791298,5.8164161,100.9358884,"K702, Kampung Keda Ulu Legong, 09100 Baling, Kedah, Malaysia",MY
530,48.399586,36.269833,45.0643466,26.332064,"DC69, Malu Roșu, Romania",RO
531,45.626244,31.41488,51.1254678,5.1905211,"Heidehuizen 1, 2491 Balen, Belgium",NL
532,24.714563,48.00645,-24.7019136,-50.9313674,"Rodovia José Adamowicz, Paraná, Brésil",BR
533,66.59445,17.866425,57.2978979,24.9368782,"E264, Straupes pagasts, LV-4152, Latvia",LV
534,38.3094,52.665173,37.5221056,127.1606201,"86 Gamcho-ro, Hanam-si, Gyeonggi-do, Südkorea",KR
535,52.36751,0.35610437,43.6086068,16.8486642,"D220, 21245, Tijarica, Croatia",HR
536,31.351675,48.890717,4.4072962,-75.1660057,"Vía Bogotá 118 # 1 a 99, Ibagué, Dipartimento di Tolima, Colombia",CO
537,49.65411,34.651245,53.4830269,-2.3898788,"M62, Worsley, Manchester, Greater Manchester M30 8JW, UK",BW
538,36.004635,13.927984,-33.8791294,18.53184,"10 Driebergen Street, Le Cap 7441, Afrique du Sud",ZA
539,9.653717,36.137463,-33.3079833,-70.8563415,"Irene Frei, Lampa, Santiago Metropolitan Region, Chile",CL
540,37.809475,39.170067,49.1717732,21.6618364,"15, 091 01 Stropkov, Slovakia",SK
541,47.22999,23.833385,1.3125156,103.9013935,"66 Tembeling Rd, Singapore 423587",SG
542,49.694153,-1.498877,41.2667267,-8.604227,"Praça Alberto Ferreira Lima da Hora 61, 4475, Portugal",PT
543,-6.4678483,98.398254,-25.0761996,31.0267098,"Kiepersol Road, South Africa",ZA
544,44.764996,21.649971,46.1088126,15.5701837,"Buče 33-35, 3255 Buče, Slovenia",SI
545,52.31837,30.083559,55.5790843,11.3829526,"Jyderupvej 83, 4291 Ruds-Vedby, Denmark",DK
546,53.303604,32.594593,27.0981117,142.2124805,"Japon, 〒100-2101 Tōkyō-to, Ogasawara-mura, Chichijima 都道240号線",JP
547,17.793985,58.95895,27.0756616,91.5154883,"Unnamed Road, Bhutan",BT
548,42.908607,31.833923,56.7764974,16.4769608,"Revsuddevägen, 380 30 Rockneby, Suède",SE
549,43.667366,4.886022,28.0609883,-15.7306474,"GC-200, 35489 Agaete, Las Palmas, Spain",CL
550,50.856205,17.917358,50.1506168,4.589548,"Rue du Grand Ry, 5600 Philippeville, Belgium",BE
551,37.66691,47.08859,23.8418528,120.4880734,"524, Taiwan, Changhua County, Xizhou Township, 廣東巷",TW
552,36.9303,-24.818668,-50.3538114,-72.5032146,"RP11, Santa Cruz, Argentinië",AR
553,23.196695,36.568764,24.9498958,55.3687806,E 77 - Dubai - United Arab Emirates,AE
554,58.834255,17.504442,36.7653551,136.9774677,"Japan, 〒933-0968 Toyama-ken, Takaoka-shi, Kuniyoshi 県道32号線",JP
555,51.32764,4.190436,53.4319718,-2.5881725,"101 Myddleton Lane, Winwick, Warrington WA2 8LR, UK",GB
556,45.346523,27.813923,-33.7554902,24.6708768,"R332, Republika Południowej Afryki",ZA
557,44.276897,31.150208,27.4638542,90.5007355,"Sarpang - Gelephu - Trongsa Hwy, Bhutan",BT
558,41.20302,11.249872,40.2611816,23.4965414,"Unnamed Road, Psakoudia 630 71, Greece",GR
559,66.91534,12.532444,45.2879302,-79.1956808,"1003-1071 Brunel Road, Huntsville, ON P0B, Canada",CA
560,-17.196821,-15.884396,-43.6085422,-65.916921,"RP10, Chubut, Argentina",AR
561,44.565144,15.742182,19.1992412,-98.2521732,"Avenida Manantiales 6, Manantiales, 90740 Zacatelco, Tlaxcala, Estados Unidos Mexicanos",MX
562,55.238987,7.874466,51.575763,7.3568379,"Strünkedestraße 193, 44359 Dortmund, Germany",DE
563,47.532238,5.8720427,45.747346,12.4534309,"Via Fossadelle di Sopra, 1, 31047 Ponte di Piave, Treviso, Italy",IT
564,47.302837,33.201992,56.8837267,21.2012013,"Dzintaru iela 97-99, Pāvilosta, Pāvilostas pilsēta, LV-3466, Latvia",LT
565,45.742126,61.981716,23.2362502,120.2278521,"Zhōngshān Road, Xiaying District, Tainan City, Taiwan 735",TW
566,50.99644,21.472803,56.8719929,22.2410858,"Kārļa iela, Vārme, Vārme parish, LV-3333, Latvia",LV
567,20.232302,58.95227,-22.4871558,-51.67685,"Estrada Municipal Doutor José Joaquim de Araújo, 2, São Paulo, 19230-000, Brazil",BR
568,50.058025,29.364061,40.9307904,24.9446547,"Unnamed Road, Avdira 670 61, Greece",GR
569,39.462704,-15.110981,49.3855358,-98.6117178,"Manitoba 23, Saint Leon, MB R0G 2E0, Canada",CA
570,40.144356,19.243155,41.6072254,-8.8058345,"Urbanização Foz do Neiva 15, 4740-018, Portugal",PT
571,50.937786,29.859962,48.7356598,5.3086357,"D120, 55310 Salmagne, France",FR
572,18.365564,98.86049,-7.2094156,112.4728481,"Unnamed Road, Gresik, Jawa Timur 61172, Indonesia",ID
573,66.47233,8.903702,49.8393512,0.6661709,"Rue de l'Aérodrome, 76460 Saint-Sylvain, France",FR
574,45.077587,28.69,59.3840977,25.3102438,"Anija, 74415 Harju County, Estonia",EE
575,55.84492,21.617847,54.5542008,23.1698604,"5116, Geisteriškiai 70321, Lithuania",LT
576,-6.3561873,8.740774,-31.5040108,137.1007904,"Stuart Highway, Mount Gunson Australia Południowa 5710, Australia",AU
577,34.806816,22.572021,27.3803995,89.4325698,"Bonday Lam Rd, Paro, Bhutan",BT
578,55.156315,19.69826,58.9033559,22.9802659,"Hilleste-Hellamaa, 92318 Hiiumaa, Estonia",EE
579,35.92664,43.984783,-50.4417639,-73.1418228,"RP11, Santa Cruz, Argentinien",AR
580,49.75422,11.410719,45.0426792,7.4122133,"Strada Avigliana, 4, 10090 Trana, Turin, Italy",IT
581,47.61089,16.344341,43.3370061,24.3212746,"E83, Sadovets, Bulgarien",KH
582,49.791965,8.540325,51.0972846,-3.9082676,"1 Thorn Park Cottages, Brayford, Barnstaple, Devon EX32 7PS, UK",GB
583,37.21975,41.78043,-38.212725,143.6389595,"1265 Colac-Ballarat Road, Beeac VIC 3251, Australia",AU
584,34.020607,37.912563,47.5110541,7.5505368,"Bielstrasse 51, 4104 Oberwil, Schweiz",CH
585,46.79939,51.969486,37.5261097,127.0140685,"380 Apgujeong-dong, Gangnam-gu, Seoul, South Korea",KR
586,53.811726,5.608283,41.5031622,-90.4675735,"1100-1156 52nd Street Court, Moline, IL 61265, USA",US
587,56.805744,3.0724268,50.8256483,4.0357466,"Elsbeekstraat 23, 9402 Ninove, Belgium",BE
588,52.319496,7.1719537,53.6294404,10.1308204,"Pferdekoppel 4-9, 22159 Hamburg, Germany",DE
589,56.066463,29.757923,53.5637069,20.9734537,"Gnieźnieńska 2, Шчитно, Полша",PL
590,42.128635,-2.7342982,42.5245908,1.5628475,"Av. de la Bartra, AD200 Encamp, Andorra",AD
591,50.966995,27.090605,45.4534126,14.8903115,"D3, 51311, Skrad, Croatia",BE
592,36.231304,75.7655,22.451893,114.001587,"Tin Yiu Rd, Tin Shui Wai, Hong Kong",HK
593,60.29044,16.918127,50.0106521,36.1930771,"Sirykivs'ka street, 102, Charkov, Oblast Charkov, Oekraïne",UA
594,31.8059,20.015448,25.1501628,55.6335819,E 102 - Sharjah - United Arab Emirates,AE
595,39.561447,0.6796489,42.4602028,1.5156452,"Ctra. de la Peguera, AD600 Sant Julià de Lòria, Andorra",AD
596,41.427593,39.28783,23.8538231,120.3265199,"Lane 254, Běipíng Road, Dacheng Township, Changhua County, Taiwan 527",TW
597,20.659754,73.72145,2.6231057,101.7031562,"Persiaran Sepang Timur, Pantai Sepang Putra, 43950 Tanjong Sepat, Selangor, Malajsie",MY
598,40.285137,48.607193,-6.9666343,110.2813233,"Jalur Pantura, Kaliwungu, Kendal, Jawa Tengah 51372, Индонезия",ID
599,24.1937,16.137594,42.364898,2.8590717,"GI-504, 7, Capmany, Girona, Spain",ES
600,38.8648,6.273652,31.7882183,35.2232866,"Hasidei Karlin 3-7, Jerusalem, Israel",IL
601,34.608383,3.0194159,43.0190562,-4.8713357,"N-621, 108, 24913 Boca de Huérgano, León, Hiszpania",ES
602,43.310307,21.62744,45.9798556,27.7642651,"DJ251A, Drăgușeni, Rumunia",CL
603,51.398243,18.892681,32.8365103,35.0689874,"Dov Frommer 3, Haifa, Israel",IL
604,-37.65755,9.844776,-22.509417,27.6445982,"Serowe, Botswana",BW
605,57.400124,26.081676,44.6070679,27.3179317,"Amara, Romania",RO
606,32.996918,68.0449,-29.6905719,-51.0634811,"Rua Helmuth Blos, 23-155, Campo Bom - Rio Grande do Sul, Brazil",BR
607,48.509018,38.48017,47.2561589,7.6843384,"E25, 4538 Oberbipp, Switzerland",CH
608,42.80917,41.59096,42.9408926,144.4854237,"Ponmataitoki-12 Konbumorimura, Kushiro-chō, Kushiro-gun, Hokkaidō 085-2273, Japon",JP
609,27.51576,23.578506,-16.7716692,-49.3166844,"Avenida Princesa Isabel, 950-1014 - Jardim Buriti Sereno, Aparecida de Goiânia - Goiás, 74943-820, Brazil",BR
610,50.501568,-12.017567,57.6882267,-2.0197858,"23 Hillcrest, Fraserburgh, Aberdeenshire AB43, UK",GB
611,43.772667,1.9988565,55.5973544,12.5823737,"Kongelundsvej 490, 2770 Kastrup, Denmark",DK
612,36.6301,58.722485,38.0270676,-1.3397529,"B-11, 30191 Campos del Río, Murcia, Spain",ES
613,44.586758,32.282585,48.8419253,19.1150043,"E77, 976 02 Staré Hory, Slovakia",SK
614,49.939617,25.765331,46.5461779,6.5959634,"Chemin des Vignettes 32, 1008 Jouxtens-Mézery, Switzerland",CH
615,31.550104,62.982937,27.3265131,90.5837093,"Unnamed Road, Bhutan",BT
616,17.858114,52.74215,11.092859,104.3828431,"Unnamed Road, Cambodia",KH
617,58.44997,15.547192,43.6433768,22.6561225,"1401, 3916 Dabravka, Bulgaria",BG
618,52.35081,-4.278933,43.1053317,-79.1341483,"8082-8164 Pinellas Park Drive, Niagara Falls, ON L2H, Canada",CA
619,31.38775,73.628525,23.6974336,88.6020272,"Mujibnagar Road, Purandarpur, Bangladeš",BD
620,8.279836,6.8119783,-24.2260168,26.1718687,"A1, Botswana",BW
621,-6.114228,12.606209,-27.4118951,-70.2589622,"Doce, Copiapó, Atacama Region, Chile",CL
622,38.244003,47.590374,26.9461955,90.2274012,"Tsirang - Sarpang Hwy, Bhutan",BT
623,52.275627,-1.7025981,46.0626084,16.2384412,"Vrbovo, 49283, Vrbovo, Croatia",HR
624,35.4164,48.27096,-26.0281856,31.1997984,"MR1, Swaziland",SZ
625,52.682026,15.801657,58.5441024,22.8496793,"Tagavere-Randküla, 94660 Saaremaa, Estonia",BT
626,57.401524,5.2592416,44.9301802,25.3040223,"DJ702A, Drăgăieşti Pământeni, Romania",RO
627,48.746437,30.98883,50.4319443,30.4279218,"Mykhaila Dontsya street, 13, Kiev, Kyiv city, Ucrania",UA
628,41.340145,30.914482,25.0119422,55.5253321,E 77 - Dubai - United Arab Emirates,AE
629,52.27891,12.283867,53.050551,19.9560884,"Olszewska, 09-300 Żuromin, Polen",PL
630,54.27303,9.099125,49.0250529,14.1711087,"122, 384 11 Netolice, République tchèque",CZ
631,42.825195,25.72789,25.2643854,121.4926759,"Tiánliáo Road, Sanzhi, Nouveau Taipei, Taïwan 252",TW
632,32.652534,5.973003,-16.4922462,-71.8393696,"Panamericana Sur, El Cruce, Peru",PE
633,63.113026,8.404497,57.1523297,24.8626024,"Pūpolu iela 3-5, Sigulda, Siguldas pilsēta, LV-2150, Latvia",LV
634,49.76752,35.568966,46.0725737,18.2334078,"7622 Pecz, Alsó-malom Street 7, Węgry",HU
635,45.437508,-10.462244,46.3566037,0.3872013,"Haute Belle, 86160 Magné, France",FR
636,54.205406,-1.1264768,51.6841427,-9.2360392,"Unnamed Road, Co. Cork, Irland",IE
637,32.516556,31.725958,-33.8344916,18.9538561,"R45, South Africa",ZA
638,53.27563,15.745922,55.767783,21.4340251,"2230, 96201, Lithuania",LT
639,29.18094,27.10621,-30.0020785,-50.1458045,"Avenida Deputado Osvaldo Bastos, 194-260, Rio Grande do Sul, 95590-000, Brazylia",BR
640,35.666164,33.504177,-27.0306169,30.7556522,"R543, South Africa",ZA
641,41.619335,57.9318,9.4750503,-75.4963561,"US90 # 1 a 2, Toluviejo, Sucre, Colombia",CO
642,55.21331,45.356693,53.8625293,-9.2300061,"Unnamed Road, Co. Mayo, Ireland",IE
643,61.11639,13.591784,58.7727267,25.4855427,"Oisu-Kärevere-Taikse, 72309 Järva County, Estonia",EE
644,32.847042,43.119186,-9.0252529,-76.064434,"5N, Peru",PE
645,47.185764,5.077036,42.5783362,1.6319365,"CG-2, AD100 Canillo, Andorra",AD
646,51.585205,8.0202055,55.3390838,11.3591281,"Koldekildevej 3, 4200 Slagelse Municipality, Denmark",DK
647,26.175339,0.9663954,-11.3712688,-77.4415016,"Panamericana Norte, Peru",PE
648,26.95078,14.23119,16.0006061,-95.4436074,"Salina Cruz - Santiago Pinotepa Nacional, Oaxaca, Estados Unidos Mexicanos",MX
649,51.519424,35.37454,49.816577,24.00273,"Knyahyni Ol'hy street, 25, Lviv, Lviv Oblast, Ukraine",UA
650,48.810627,1.1582065,48.5635343,17.9941386,"Vozokany 116, 956 05 Vozokany, Slovakia",SK
651,12.924967,107.37955,-8.382094,115.0332453,"Jl. Antosari Pupuan, Pupuan, Tabanan, Bali 82163, Indonesia",ID
652,23.959036,35.205585,43.9845308,-78.1731995,"Baltimore Road & Macdonald-Cartier Freeway, Baltimore, ON K0K 1C0, Canada",CA
653,53.27702,11.5866785,49.0141338,21.8384872,"558009, 067 22 Ohradzany, Słowacja",SK
654,38.852604,35.12013,24.7190763,125.3384898,"Arazato-1405-226 Ueno, Miyakojima-shi, Okinawa-ken 906-0000, Japan",JP
655,38.494076,19.973618,-33.4283406,-70.6617585,"Presidente Eduardo Frei Montalva, Independencia, Santiago Metropolitan Region, Chile",CL
656,43.78145,-5.084352,40.0508616,21.337214,"Unnamed Road, Mavronoros 511 00, Greece",GR
657,28.437471,18.554134,40.1007255,15.5734989,"Strada Provinciale 210, 84079 Vibonati, Salerno, Italy",IT
658,43.56562,44.654324,42.7576817,25.7077988,"55, 6197 Pchelinovo, Bulgaria",BG
659,59.606472,38.94969,45.8297884,15.4303263,"Dolšce 16, 8311 Kostanjevica na Krki, Slovénie",SI
660,57.979885,17.449396,56.4187708,24.0604731,"P103, Rundāles pagasts, LV-3921, Latvia",LV
661,52.81422,34.695778,55.2790556,21.4291363,"4213, 99335, Lithuania",LT
662,54.393696,5.2239747,46.0844101,-64.9943598,"47234-47260 Homestead Rd, Moncton, NB E1G, Canada",CA
663,36.622658,51.413143,37.5336701,140.9457396,"Yotsuguri-24-15 Odakaku Kawabusa, Minamisōma-shi, Fukushima-ken 979-2164, Japan",JP
664,45.27227,-7.1863036,42.556672,1.6894405,"CG-2, AD200 Encamp, Andorra",AD
665,52.265293,-4.4432893,49.3320882,14.3606583,"Slabčice 38, 398 43 Slabčice, Czech Republic",CZ
666,28.634539,-6.0136037,41.4607657,-3.9049228,"SG-242, 40314 Fuentesoto, Segovia, Spain",ES
667,8.409118,39.055813,-26.4123161,31.7837114,"MR3, Mpaka, Swaziland",SZ
668,16.760336,68.021164,11.0120143,103.6674068,"Unnamed Road, ឃុំ ជ្រោយស្វាយ, Kambodža",KH
669,-28.014757,34.744038,-27.2953317,31.8653099,"MR11, Lavumisa, Swaziland",SZ
670,47.250214,50.860386,59.4908084,24.8865584,"Maikellukese tee 40, 11914 Tallinn, Estonia",EE
671,-20.136446,20.313011,-22.077826,27.2749981,"A1, Botswana",BW
672,4.7114935,109.15105,-8.3852983,115.3349263,"Jl. Tampaksiring, Tampaksiring, Gianyar, Bali 80661, Indonesia",ID
673,63.62932,-8.247864,55.7039448,9.9747882,"Fjordager 12, 7130 Juelsminde, Danmark",DK
674,17.702305,107.88447,1.4586244,103.8419621,"53 Jln Mempurong, Singapore",SG
675,54.095062,6.7634277,55.2542274,26.5654949,"4427, Svylė 30173, Lithuania",LT
676,39.034576,38.6401,-8.4066899,-78.8225042,"Panamericana Norte, Перу",PE
677,51.166637,30.775257,58.9659964,26.8135373,"Alekere-Laekannu, 42111 Ida-Viru County, Estonia",EE
678,54.924328,4.573823,59.0486876,24.0364095,"Risti-Kuijõe, 90902 Lääne County, Estonia",EE
679,44.785225,5.108546,51.6755348,-8.7838547,"Unnamed Road, Co. Cork, Ierland",IE
680,58.378124,13.6564865,53.5686962,-6.9060755,"43-45 Moyview, Co. Meath, Ireland",IE
681,14.772106,81.767944,19.6952717,-96.4128028,"Poza Rica - Veracruz, Palma Sola, Veracruz, Mexico",NZ
682,55.077274,-2.416749,55.3812889,10.5210528,"Marslev Stationsvej 7, 5290 Marslev, Tanska",DK
683,57.639114,29.216267,58.5419525,7.8484569,"Fylkesveg 292 50, 4735 Evje, Norway",NO
684,27.953182,57.81121,4.7930773,-74.3809489,"Zipacón - Facatativá # 1 a 5, Zipacon, Cundinamarca, Colombia",CO
685,28.17009,82.70881,-6.7206476,106.8860632,"Jl. Tapos, Ciawi, Bogor, Jawa Barat 16720, Indonesia",ID
686,30.865067,92.53569,5.0989693,-75.5648679,"Calle 10N # 1, Manizales, Caldas, Colombia",CO
687,30.795906,69.86315,1.3418183,103.6794886,"50 Nanyang Dr, Singapore 637553",SG
688,28.108665,23.464018,46.7009461,20.1747753,"6640 Csongrád, Levendula Street 9, Hungary",HU
689,28.483957,65.24132,19.9758157,-96.6080515,"Poza Rica - Veracruz, Los Pozos, 93980 Emilio Carranza, Veracruz, Mexico",MX
690,45.464405,38.456997,46.6101435,15.238725,"Spodnja Vižinga 39, 2360 Radlje ob Dravi, Słowenia",SI
691,43.971684,12.399778,39.7546849,19.9045275,"Unnamed Road, Meggoulas 491 00, Greece",GR
692,27.943644,41.56374,-30.9772474,151.581948,"189 North Street, Walcha Noua Ţară a Galilor din Sud 2354, Australia",AU
693,13.441652,78.63278,9.7371166,-75.5303991,"Carrera 18, San Onofre, Sucre, Kolumbia",CO
694,23.776352,66.58447,22.3434543,114.0542863,"Kap Shui Mun Bridge, Hong Kong",HK
695,33.919285,63.01785,27.0100824,90.5583611,"Sarpang - Gelephu - Trongsa Hwy, Bhutan",BT
696,50.78336,15.019976,51.1621951,6.8667717,"Benrather Schloßallee 89, 40597 Düsseldorf, Tyskland",DE
697,58.412243,0.7333951,51.0370436,5.7195591,"Schoolstraat 30-48, 3650 Dilsen-Stokkem, Belgium",BE
698,42.92588,7.480849,55.1367069,23.6925143,"1925, 54291, Lithuania",LT
699,46.216255,7.9806657,39.0034446,21.7785903,"Epar.Od. Karpenisiou - Neraidas 104, Domiani 360 80, Grekland",GR
700,55.94118,9.594322,53.7081451,-1.814261,"10 Church Lane, Halifax, West Yorkshire HX3 9TD, UK",GB
701,44.36021,36.54748,4.923101,-74.0953838,"Calle 8 # 2-100, Tabio, Cundinamarca, Kolumbia",CO
702,68.18872,33.083,58.4721738,8.7778718,"Nyli Terrasse 6B, 4844 Arendal, Norway",NO
703,40.056805,64.58664,22.442254,114.0662615,"Kam Tin Bypass, Kam Tin, Hong Kong",HK
704,49.738804,24.51479,55.8967348,9.7637635,"Engvej 7, 8700 Horsens, Denmark",DK
705,53.39285,28.38809,53.2965893,34.8072247,"E101, Bryansk Oblast, Russia",RU
706,32.5689,71.04032,37.5114547,126.5242687,"465-22 Unbuk-dong, Jung-gu, Incheon, South Korea",KR
707,42.52672,24.913237,45.2901609,27.6598683,"DJ221, Găvani, Romania",RO
708,22.962786,-6.6651235,-49.6770475,-72.7710318,"Ruta Provincial 21, Santa Cruz, Argentina",AR
709,50.934742,30.416737,49.8163154,24.0774946,"Pasichna street, 98, Lwów, Obwód lwowski, Ukraina",UA
710,53.619286,33.783722,27.224313,-97.7915182,"Weiss Road, Sarita, TX 78385, USA",US
711,42.325985,57.75326,7.1371379,-73.1243207,"Calle 10 # 23-2 a 23-100, Bucaramanga, Santander, Kolumbia",CO
712,0.8453069,2.776216,-33.109736,21.3851763,"N1, South Africa",ZA
713,51.35727,12.639833,52.368079,-113.7859484,"Alberta 597, Blackfalds, AB T0M 0J0, Canada",CA
714,68.89309,2.0048912,63.7592506,26.4959431,"16053 211-359, 74700 Kiuruvesi, Finland",FI
715,44.769108,12.366131,57.1599962,10.1456585,"Søndermarken 6, 9320 Hjallerup, Denmark",DK
716,43.477837,6.5405793,-18.9550966,-48.248171,"Avenida Seme Simão, 1322-1448 - Jardim Botanico, Uberlândia - Minas Gerais, Brazil",BR
717,44.3884,33.55408,-4.9345752,-80.5467021,"Unnamed Road, Peru",PE
718,36.253128,8.739201,38.6892502,1.4067943,"PMV-820-1, 07860 Cap de Barbaria, Balearic Islands, Spain",ES
719,50.749577,25.160408,45.9579833,18.3519769,"7766 Peterd, 5711, Hungary",HU
720,34.705105,61.646233,1.2623677,111.3896125,"Unnamed Road, 95000 Sri Aman, Sarawak, Malaysia",MY
721,45.426655,-3.8426118,44.7090512,15.1439246,"A1, 53224, Ličko Lešće, Croatia",HR
722,44.547977,8.904455,48.3710587,19.416553,"050103, Šuľa, Slovakia",SK
723,55.736286,17.597267,59.9995302,10.6195217,"Sørkedalsveien, 0758 Oslo, Norway",NO
724,64.23604,31.36224,54.6801815,20.590398,"Okruzhnaya doroga, 280в, Kaliningrad, Kaliningrad Oblast, Russia, 236028",RU
725,29.87101,35.77894,25.1582843,55.4072187,Persia N7 - Dubai - United Arab Emirates,AE
726,28.516598,7.3692327,38.2445653,-1.3757788,"A-30, 30530 Cieza, Murcia, Spain",ES
727,48.258892,23.548334,46.7432899,5.120869,"N78, 71440 Thurey, France",FR
728,33.82145,28.0768,-45.8390614,-71.8504732,"X-695, Coyhaique, XI Región, Chile",US
729,48.209103,52.10371,55.688042,52.3541829,"avtodoroga Volga, 1Б, Naberezhnye Chelny, Republic of Tatarstan, Russia, 423800",RU
730,21.30943,46.30097,4.9771511,-73.7459905,"Unnamed Road, Sesquilé, Cundinamarca, Colombia",NO
731,-4.395201,83.60771,37.7666463,-8.0964573,"N2, 7780 Castro Verde, Portugal",PT
732,35.769608,53.110455,35.2269819,129.1637803,"884 Bansong 2(i)-dong, Haeundae-gu, Busan, South Korea",KR
733,25.983881,2.5324497,20.4339707,-101.7345095,"López Mateos 41, Los Presidentes, 36900 Pénjamo, Guanajuato, Mexico",MX
734,54.00043,8.766292,57.5919819,18.5947634,"625, Sweden",SE
735,49.086407,41.955173,22.3776962,114.1233977,"Ma Sim Pai Rd, Lo Wai, Hong Kong",HK
736,54.857567,31.979147,58.9086222,22.388638,"Puski-Kõpu-Ristna, Hiiumaa, Estland",EE
737,58.748287,9.695225,62.16145,5.1735825,"Fylkesveg 633 80, 6750 Stadlandet, Norway",GB
738,42.49463,32.05119,41.8369898,2.4682703,"GI-543, 29, 17401 Arbúcies, Girona, Spain",ES
739,39.895992,27.67641,45.2365188,15.3760312,"D23, 47264, Kamenica Skradnička, Croatia",HU
740,47.865223,-5.9988637,39.1351119,25.9303947,"Epar.Od. Kallonis-Skala Eresou, Skala Eresou 811 05, Greece",GR
741,55.68883,25.47686,48.7322984,18.1778654,"Dolné Držkovce 303, 956 54 Veľké Držkovce, Slovakia",SK
742,20.250393,19.470793,-33.1251171,119.0314826,"Magenta Road, Newdegate Australia Zachodnia 6355, Australia",AU
743,40.475216,25.501308,46.4627343,6.3371443,"Avenue de la Gare 20, 1180 Rolle, Switzerland",CH
744,49.459133,1.7153745,52.5621064,-9.2041369,"Unnamed Road, Co. Limerick, Irland",IE
745,53.578,38.49561,37.5110696,127.1961968,"10 Daeseong-ro, Hanam-si, Gyeonggi-do, South Korea",KR
746,44.14927,-6.674111,46.1749093,13.7049424,"Volče 42c, 5220 Tolmin, Słowenia",SI
747,48.094097,16.328327,42.9520023,16.7352851,"D118, 20270, Blato, Croatia",HR
748,44.038532,17.48068,40.8637588,25.6226367,"EO2, Alexandroupoli 681 00, Grecia",GR
749,52.591568,28.819572,48.1333344,-77.3777539,"100 QC-113, Val-d'Or, QC J0Y, Canada",CA
750,52.325645,15.858896,55.7081357,-2.4909763,"A697, Duns, Scottish Borders TD10 6XF, UK",GB
751,41.167767,23.822353,45.1915716,13.6548736,"D302, 52440, Kadumi, Kroatien",HR
752,36.38856,64.47175,50.08027,8.6322293,"Saonestraße 3, 60528 Frankfurt, Germany",DE
753,58.875675,-1.4823623,58.9832687,22.7737891,"Heltermaa-Kärdla-Luidja, 92421 Hiiumaa, Estonia",EE
754,-12.499273,99.45019,-35.8929596,137.3105611,"Грегорс-роуд, Седдон Южная Австралия 5223, Австралия",AU
755,12.542114,89.58774,11.445779,104.18489,"Unnamed Road, ឃុំ ក្រាំងដីវ៉ាយ, Cambodia",KH
756,47.90597,14.386866,53.2239136,-8.815414,"Unnamed Road, Co. Zatoka Galway, Irlandia",IE
757,62.9729,5.76635,55.6257661,12.4928343,"Søliljevej 28, 2650 Hvidovre, Denmark",US
758,28.357805,56.51587,-7.8942802,110.7525599,"Unnamed Road, Semin, Kabupaten Gunung Kidul, Daerah Istimewa Yogyakarta 55854, Indonesia",ID
759,47.673603,23.748014,47.4175885,7.1022801,"E27, 2900 Pruntrut, Schweiz",US
760,59.1548,-1.5930667,58.3575583,26.6255891,"Tartu–Viljandi–Kilingi-Nõmme, Haage, 61402 Comté de Tartu, Estonie",PT
761,28.686945,19.76568,43.4588624,10.9153004,"SP62, Volterra, Pisa, Italy",IT
762,26.636114,27.929909,41.3666301,14.8591461,"Contrada Pianella, 82024 Colle Sannita, Benevento, Italy",IT
763,58.377296,11.02459,52.9985584,-7.0566633,"Unnamed Road, Co. Kildare, Ireland",IE
764,39.959766,-3.698956,52.3720301,9.6624379,"In der Steinbreite 95-99, 30455 Hanover, Germany",DE
765,47.271366,26.752064,-41.4721395,-72.9870352,"Pasaje Dos 205-2041, Puerto Montt, Région des Lacs, Chili",CL
766,47.570557,29.780167,45.0048911,26.4319042,"Cimitirul Mizil, Mizil, Romania",RO
767,39.778687,12.480494,38.8140208,-7.6028173,"N381, 7100 Estremoz, Portugal",PT
768,50.27006,25.642523,54.7383684,17.8346878,"Frederyka Kowalewskiego, Poland",PL
769,55.368713,23.79596,55.747858,25.704287,"3631, 42262, Lithuania",LT
770,64.94935,16.409206,65.8316808,24.1376711,"Torggatan 21, 953 37 Haparanda, Sweden",SE
771,37.81721,39.676014,52.4853624,13.4813197,"Bulgarische Straße 62, 12435 Berlin, Germany",DE
772,52.777054,20.907755,53.4824828,-2.9567723,"7 Leckwith Road, Bootle, Merseyside L30, UK",GB
773,58.90417,-5.319985,42.8256359,12.4201506,"Località Ilci, 29A, 06059 Todi, Perugia, Italy",IT
774,49.01837,15.693041,45.2917377,11.6078753,"Via Priara, 17, 35034 Lozzo Atestino Pádua, República Italiana",IT
775,26.15736,17.829567,37.6446431,-8.0000808,"Unnamed Road, 7780, Portugal",PT
776,53.578472,19.961102,-29.6322052,-50.8549449,"Rua Antônio Gomes de Morais, 67 - Morada do Funil, Parobé - Rio Grande do Sul, 95630-000, Brazil",BR
777,35.34926,111.69168,1.2777489,103.8413266,"1B Cantonment Rd, Singapore 085201",SG
778,28.85309,44.00264,22.978285,120.2050131,"No. 12, Lane 287, Nánmén Road, Nan District, Tainan City, Taiwan 702",TW
779,17.29512,81.28356,1.3877415,103.646663,"Bridge Eins, Singapore",SG
780,47.547596,34.765533,54.4162079,16.5525099,"Droga Wojewódzka 205, Poland",PL
781,51.17496,40.870167,60.8215772,15.0036889,"Byängsgattu 33, 793 70 Tällberg, Sweden",SE
782,47.25813,28.522097,44.9384672,21.6606468,"DJ571, Rumunia",RO
783,27.572365,19.190983,24.9711317,55.1542628,D57 - Dubai - United Arab Emirates,AE
784,17.180471,5.9872384,-21.1946392,27.4874429,"A1, Francistown, Botswana",BW
785,40.550488,0.1678071,-38.0574869,175.9493031,"Leslie Road, Ngatira 3485, New Zealand",NZ
786,47.690372,1.723207,54.0155136,-8.5514433,"R294, Co. Sligo, Ireland",IE
787,15.193657,92.85337,2.7779243,101.4713594,"5, 42700 Banting, Selangor, Malaysia",MY
788,49.97329,35.643764,45.0460571,28.6141577,"DN22A, Nalbant, Romania",CL
789,53.154415,12.708193,55.9477812,25.5786204,"Vilties gatvė 26, Rokiškis 42154, Lithuania",LT
790,57.539738,8.720606,46.5386283,6.5175373,"Route de Bremblens, 1027 Lonay, Switzerland",CH
791,49.291393,20.005724,52.0376974,8.4885073,"Morgenbreede 41, Bielefeld University, 33615 Bielefeld, Germany",DE
792,58.375713,-2.7108407,55.4237968,9.1592616,"Industriparken 16, 6630 Rodding, Denmark",DK
793,19.637863,69.073685,1.3618195,103.9920881,"T1 Departure Cres, Singapore",SG
794,35.015896,82.63236,31.9961764,131.3136169,"Japan, 〒880-1101 Miyazaki-ken, Higashimorokata-gun, Kunitomi-chō, Honjō 県道356号線",JP
795,55.004204,2.141656,49.0865406,14.8440074,"Novosedly nad Nežárkou 205, 378 17 Novosedly nad Nežárkou, Czech Republic",KR
796,15.068268,115.877975,23.1519268,91.3244697,"Dhaka - Chittagong Hwy, Bangladeš",BD
797,59.150608,16.991743,32.6314324,35.123777,"66, Israel",IL
798,39.263443,-13.554701,-31.9698083,-62.287262,"RP13, Córdoba, Argentina",AR
799,44.522266,35.074066,23.5225248,120.3651336,"616, Taiwan, Chiayi County, Xingang Township, 166縣道",TW
800,52.409187,-6.1161733,55.4332431,10.6114364,"Ladbyvej 163, 5300 Kerteminde, Denemarken",DK
801,42.47096,12.38912,-21.9701423,-47.42703,"Avenida América do Sul, 342-430 - Vila Esperança, Pirassununga - São Paulo, 13635-101, Brazil",BR
802,53.976734,10.99713,59.0444506,11.8301001,"2183, 668 91 Ed, Sweden",SE
803,50.523365,23.000246,42.8469374,26.6566354,"7006, 8463 Sadovo, Bulgaria",BG
804,22.468857,-17.554577,-49.4015712,-67.8585283,"Ruta Nacional 3, Santa Cruz, Argentina",AR
805,17.745281,-0.15994501,38.2599876,23.0047624,"Epar.Od. Thivas-Paralia Sarantis 838, Thiva 320 10, Greece",GR
806,36.109047,59.84649,52.0756378,5.0325635,"Mauritslaan 1, 3454 XP De Meern, The Netherlands",NL
807,59.46065,38.39518,43.44917,144.2208778,"Akan-Odan Rd, Kushiro-shi, Hokkaidō, Japan",JP
808,49.298252,-0.8444748,40.2582176,-86.0692307,"3116 South 300 West, Tipton, IN 46072, USA",US
809,30.576122,13.998831,41.945615,-6.9556997,"Unnamed Road, 5320, Portugal",PT
810,42.86922,22.320456,43.3605414,25.5924138,"502, Klimentovo, Bulgaria",BG
811,53.76777,-3.902164,51.6482068,4.8572791,"Van Dubbelmondestraat 21, 4901 VH Oosterhout, The Netherlands",NL
812,38.795845,17.933352,56.2283967,23.9795485,"2932, Lauksodis, Lithuania",LT
813,49.892033,29.789019,52.5803142,16.7172028,"Obornicka, 64-514 Lulinek, Polska",PL
814,54.956707,11.80588,53.5590081,-2.1411663,"A627(M), Oldham, Greater Manchester, UK",GB
815,54.728065,22.241137,55.6428897,11.3495233,"Grydemøllevej 4, 4470 Svebølle, Denmark",DK
816,52.362522,21.191553,27.4634681,90.1692339,"Unnamed Road, Bhutan",BT
817,38.175694,98.172325,22.3825081,114.1959837,"34 Tai Chung Kiu Road, Sha Tin, Hong Kong",HK
818,40.24851,-9.4394245,40.8133167,-4.8625112,"A-50, 05350 Riocabado, Ávila, Spain",ES
819,47.654636,20.79892,43.6847226,26.4070887,"2003, 7038 Senovo, Bulgaria",BG
820,-23.611568,10.108826,-28.2202489,117.8636095,"LOT 153 Great Northern Highway, Cooladar Hill WA 6638, Australia",AU
821,40.87366,38.13218,22.1681734,114.2605106,"Po Toi Country Trail, Po Toi, Hong Kong",HK
822,45.127037,21.58759,42.4436133,1.4920595,"Ctra. de la Rabassa, AD600 Sant Julià de Lòria, Andorra",AD
823,43.585598,49.479214,42.5063832,1.5158277,"Carrer Mestre Xavier Plana, 1-3, AD500 Andorra la Vella, Andorra",AD
824,49.895542,44.554398,60.4405312,9.3145385,"Riksvei 7 590, 3539 Flå, Noorwegen",NO
825,24.752317,3.6644268,25.2005107,55.5191446,Amardhi St - Dubai - United Arab Emirates,AE
826,63.964046,13.542883,55.3322118,8.9025485,"Ribevej 99, 6510 Gram, Denmark",DK
827,25.352207,47.77491,-22.9220605,-49.6227739,"Rua França, 245 - Parque das Nações, São Paulo, 18900-000, Brazil",BR
828,40.796467,27.128603,27.5494586,89.6515598,"Dechenchholing-Dodena Lam, Bhutan",BT
829,9.506097,108.082016,13.6066072,106.3688686,"Unnamed Road, Kambodsja",KH
830,42.794678,16.035234,52.5336678,19.6651933,"Stanisława Sołdka 13, Płock, Polen",PL
831,46.86706,86.37675,24.2229584,120.6243103,"Kēyǎ West Road, Daya District, Taichung City, Taiwan 428",TW
832,20.841604,68.217316,4.6502323,118.6580984,Malaysia,MY
833,34.713642,45.678684,-6.9854152,-79.6307321,"Panamericana Norte 109, Peru",PE
834,52.636047,8.402075,55.0766034,37.8937048,"Moskovskoye Bolshoye koltso, Obwód moskiewski, Rosja",RU
835,36.87393,41.47934,31.9739691,34.7839739,"HaYasmin 8, Rishon LeZion, Israel",IL
836,31.40592,61.859432,-7.3213335,-79.3645094,"PE 08 16, Peru",PE
837,66.15776,11.748451,68.9058026,27.0080399,"Saarikoskentie 2, 99870 Inari, Finland",FI
838,35.11992,34.9544,4.9746222,-75.340045,"Nevado Del Ruiz # 1 a 36, Villamaría, Caldas, Colombia",CO
839,39.34573,41.017097,-37.108699,175.0908948,"353-355 Gelling Road, Hunua 2583, Nowa Zelandia",NZ
840,28.861952,4.4140315,-46.2401626,-71.4939188,"RP45, Santa Cruz, Argentina",SI
841,59.71546,9.1451435,65.7817321,20.9262178,"666, 942 92 Älvsbyn, Sweden",SE
842,35.61756,-8.8260765,-33.0154844,27.849417,"125 Dunoon Road, East London 5209, South Africa",ZA
843,59.954464,14.585121,58.816358,24.1968702,"Silla-Jädivere, 78103 Rapla County, Estonia",EE
844,20.397831,65.78577,-15.4512817,-47.5960274,"Rua A - Setor Leste, Planaltina - Goiás, Brazil",BR
845,49.519596,20.014746,-34.0150084,18.6893216,"Old Faure Road, Cape Town 7525, South Africa",ZA
846,41.294895,7.984211,43.342394,16.7219768,"D113, 21424, Pražnica, Croatie",HR
847,64.21465,21.3227,54.0125205,23.9826442,"Druskininkų gatvė 15-17, Druskininkai 66166, Lithuania",LT
848,38.312916,15.5422325,31.8015443,35.1812485,"Shderot Ben Gurion פינת 1, Jerusalem, Israel",IL
849,57.083614,16.366684,66.4347615,23.6939604,"Tengeliöntie 748-750, 95630 Ylitornio, Finlandia",FI
850,45.66019,6.5197926,42.627679,1.5237155,"Av. de Tristaina, AD300 Ordino, Andorra",AD
851,57.675274,39.513123,61.1643827,28.7962823,"Kaskikatu 5-7, 55610 Imatra, Finland",FI
852,53.786617,-18.976131,64.035064,-22.7025737,"Vallargata, Sandgerði, Islandia",PE
853,52.47214,7.91072,51.1440193,3.0407871,"Bekegemstraat 2-6, 8480 Ichtegem, Belgium",BW
854,49.266254,37.56238,49.4005076,20.9509385,"Czarny Potok 13-17, 33-380 Krynica, Poland",PL
855,46.210514,36.62373,-26.2720794,31.0890015,"MR3, Swaziland",SZ
856,36.0556,45.18022,-8.7414001,115.5995859,"Unnamed Road, Nusapenida, Klungkung, Bali 80771, Indonesia",ID
857,29.512274,74.95677,1.7661193,109.8438198,"Jalan Kg Belungei, 94500 Lundu, Sarawak, Malaysia",MY
858,44.88131,13.898024,23.874098,90.9853479,"Unnamed Road, Бангладеш",BD
859,31.96015,58.462563,24.7279905,125.426715,"Japan, 〒906-0000 Okinawa-ken, Miyakojima-shi, Gusukube 県道235号線",JP
860,51.707066,20.491598,26.0045073,-97.7708921,"Carretera Federal 2, Tamaulipas, Mexique",MX
861,39.31381,46.652657,27.065196,142.2123071,"Japan, 〒100-2101 Tōkyō-to, Ogasawara-mura, Chichijima 都道240号線",JP
862,42.724648,6.363828,44.0723321,0.7760644,"Rue des Pyrénées, 82340 Dunes, France",FR
863,54.73705,43.46041,53.2095876,50.2379894,"Srednesadovaya ulitsa, 14, Samara, Samara Oblast, Russia, 443058",RU
864,6.8335495,55.45586,-26.6726136,31.4166329,"MR9, Swaziland",SZ
865,38.27028,40.732304,44.1091619,15.2598284,"Jadranska turstička cesta, 23000, Zadar, Croatia",HR
866,44.146793,22.511593,42.5364021,1.5872049,"Carrer del Riu Aixec, AD200 Encamp, Andorra",AD
867,47.56133,3.1712608,45.349993,-73.4724839,"3115-3175 Route Édouard Vii, Saint-Philippe, Quebec J0L 2K0, Kanada",CA
868,57.059727,26.655811,45.3286351,19.0477023,"Ulica bana Josipa Jelačića, 32000, Vukovar, Croatia",HR
869,54.363922,9.1669445,52.100526,-4.6140481,"A487, Cardigan, Ceredigion SA43 1RG, UK",GB
870,40.745728,73.506546,23.7537651,88.6656739,"Chuadanga - Meherpur Hwy, Bangladesh",BD
871,46.11448,18.422575,54.9347235,21.7056366,"A216, Kaliningrad Oblast, Russia",RU
872,47.026527,51.754803,7.0792455,-73.0865702,"Calle 30A # 10A-1 a 10A-99, Floridablanca, Santander, Kolumbia",CO
873,61.364902,8.436426,49.1003642,18.8781077,"Viliama Žingora, 036 01 Martin, Slovakia",SK
874,60.634914,25.054127,66.4701752,22.5015079,"E10, 956 91 Överkalix, Sweden",SE
875,42.99428,9.884214,54.1030531,-8.7747125,"16 Cúil Buí, Co. Sligo, Ireland",IE
876,30.215422,58.439938,14.6513511,102.9950588,"Unnamed Road, Tambon Tako Ta Phi, Amphoe Prakhon Chai, Chang Wat Buri Ram 31140, Thailand",TH
877,64.45417,15.536779,63.7628284,9.7871088,"Riksveg 710, 7160 Bjugn, Norvège",NO
878,53.170948,23.72554,40.6647147,23.6423804,"EO Thessalonikis Kavalas, Volvi 570 21, Greece",GR
879,55.84182,8.206913,66.0357653,15.0670139,"Blå vägen, 920 66 Hemavan, Svezia",HU
880,32.847336,33.509533,-17.0670252,-71.6074021,"Carretera Panamericana Sur, Peru",PE
881,50.889908,39.49438,47.1003215,26.3037108,"DC165, Crăcăoani, Romania",RO
882,29.550898,33.523693,46.3873687,14.1007911,"Sebenje 25, 4260 Bled, Slovenia",SI
883,29.941965,28.980478,24.8980283,54.9412191,Sheikh Zayed Rd - Dubai - United Arab Emirates,AE
884,58.166256,33.931873,58.61812,25.7398243,"Kõo-Kolga-Jaani, 70505 Viljandi County, Estonia",EE
885,56.58082,12.458336,-38.3039984,142.4895296,"163-185 Plummers Hill Road, Woodford VIC 3281, Australia",AU
886,20.682495,55.667725,-22.9661512,-49.8480561,"Avenida Jacinto Ferreira de Sá, 2167 - Vila Sandano, Ourinhos - São Paulo, 19914-080, Brazil",BR
887,53.25049,13.210058,49.3451958,21.5451767,"557018, 089 01 Vyšná Jedľová, Slovakia",SK
888,44.79011,53.35905,41.4851649,141.0069304,"Hamanasu Line, Ikokuma, Kazamaura-mura, Shimokita-gun, Aomori-ken 039-4502, Japan",JP
889,37.814484,52.566914,24.9211073,55.1056031,Sheikh Mohammed Bin Zayed Rd - Dubai - United Arab Emirates,AE
890,30.567791,65.828186,12.3097544,103.6184437,"Unnamed Road, Cambodia",KH
891,31.703123,8.028336,-24.855926,25.8710126,"Lesetlhana Road, Ramotswa, Botswana",BW
892,22.439465,45.01784,18.6204281,-99.0108094,"Morelos Alpuyeca - Tepalcingo, Animas, Morelos, Mexico",MX
893,21.27005,39.077705,25.0863219,55.2291673,Unnamed Road - Dubai - United Arab Emirates,AE
894,42.811935,-13.652245,52.5410581,49.8448157,"Unnamed Road, Tashiro, Miyako-shi, Iwate-ken 027-0067, Japan",JP
895,55.771034,13.151777,26.8977588,89.5277486,"Phuntsholing - Thimphu Hwy, Bhutan",BT
896,50.989723,28.057648,37.6000387,126.8721513,"226-1 Hwajeon-dong, Deokyang-gu, Goyang-si, Gyeonggi-do, South Korea",KR
897,65.27917,8.946369,60.595934,5.5293694,"Riksveg 567 550, 5283 Fotlandsvåg, Noorwegen",NO
898,42.084805,9.358255,-38.0574869,175.9493031,"Leslie Road, Ngatira 3485, New Zealand",NZ
899,53.13328,36.46753,46.5133071,15.6627505,"Ledina 26, 2000 Maribor, Slovenia",SI
900,58.529877,10.796115,54.8320437,23.2147474,"2602, Bliuviškiai 71273, Lithuania",LT
901,49.551826,15.011194,42.5063832,1.5158277,"Carrer Mestre Xavier Plana, 1-3, AD500 Andorra la Vella, Andorra",AD
902,50.5944,13.810835,49.2222256,18.6075616,"18, 013 41 Dolný Hričov, Slovakia",SK
903,58.844448,3.4535718,45.8400276,14.6330656,"106 109, 1315 Velike Lašče, Slovenia",SI
904,60.721684,17.991217,58.4745921,25.634628,"Taari-Auksi, 70202 Viljandi County, Estonia",EE
905,41.71036,14.538614,42.4045835,23.8699484,"803, 2050 Ihtiman, Bulgaria",BG
906,48.970875,23.545427,51.0662482,3.0948178,"Werkenstraat 12, 8820 Torhout, Belgique",BE
907,39.857273,59.155537,50.0025247,18.4710423,"Wincentego Witosa, 44-300 Wodzisław Śląski, Pologne",PL
908,-22.904963,105.87889,-31.3624878,115.828703,"LOT 2016 Coonabidgee Road, Coonabidgee WA 6503, Australia",AU
909,67.02609,5.9875884,58.6833794,15.2481795,"1096, 590 34 Tjällmo, Sweden",SE
910,44.513397,1.5719028,46.2484122,3.9952069,"Le Goutillon, 71110 Artaix, France",FR
911,46.211994,22.236897,47.6607872,20.3495978,"3359 Tenk, 31, Hungary",HU
912,55.9428,15.535652,59.1537822,26.0966258,"Betooni 3, Tamsalu, 46107 Lääne-Viru County, Estonia",EE
913,56.88437,9.906474,46.8151808,-60.8418188,"23213 Cabot Trail, Pleasant Bay, NS B0E 2P0, Kanada",CA
914,52.442944,52.70547,58.9832687,22.7737891,"Heltermaa-Kärdla-Luidja, 92421 Hiiumaa, Estonia",EE
915,32.419712,-21.254377,-11.4233322,-76.7928404,"Unnamed Road, Peru",PE
916,52.311558,23.39664,41.474866,-2.2944544,"SO-330, 13, 42225 Maján, Soria, Spain",ES
917,40.490597,20.096422,45.5888467,-84.5729209,"4155-4285 Riggsville Rd, Cheboygan, MI 49721, Stany Zjednoczone",UA
918,64.47057,5.925976,49.9637539,36.2891412,"Teplovozna street, 3, Kharkiv, Kharkiv Oblast, Ukraine",UA
919,32.463593,22.34047,66.0586558,-16.444644,"Norðausturvegur, Iceland",IS
920,43.530205,39.764946,54.0662342,24.0964532,"2519, Dzūkijos nacionalinis parkas 65319, Lithuania",LT
921,65.103386,28.851057,58.3257663,16.0985423,"765, Åtvidaberg Ö, Svezia",SE
922,38.092556,82.1649,2.8117647,101.4956979,"Jalan Sultan Abdul Samad, Banting, 42700 Banting, Selangor, Malasia",MY
923,12.9110985,106.40398,13.951458,101.0567328,"Unnamed Road, Tambon Don Koka, Amphoe Bang Nam Priao, Chang Wat Chachoengsao 24170, Tajska",TH
924,35.447205,-14.891304,39.2094146,25.8980069,"Unnamed Road, Lesvos 811 03, Greece",GR
925,5.5277567,29.479977,-29.3936251,115.0097238,"LOT 3042 Brand Highway, Mount Adams WA 6525, Australia",AU
926,44.850018,41.830242,45.6509383,8.2693109,"Via Ortali, 4-5, 13868 Sostegno Biella, Italy",IT
927,35.617477,11.054651,32.1976486,34.855594,"Patriya 26-36, Ra'anana, Israel",IL
928,55.777695,18.314045,50.9110985,3.7949884,"Delftselaan 10, 2512 RE The Hague, The Netherlands",NL
929,46.35528,52.736557,49.9716302,36.2203708,"Kotlyarevs'koho street, 16-18, Kharkiv, Oblast de Kharkiv, Ukraine",UA
930,26.603441,9.398283,48.0386299,17.3892578,"063012, 930 51 Veľká Paka, Slovakia",SK
931,50.772305,23.925972,55.0253369,-1.4742758,"66 Barnstaple Road, North Shields, Tyne and Wear NE29 8QG, UK",GB
932,48.859596,4.586598,42.1782655,25.2158383,"66, 6257 Plodovitovo, Bulgaria",BG
933,27.604221,56.278744,1.486939,103.769893,"16, Jalan Keris, Taman Sri Tebrau, 80050 Johor Bahru, Johor, Malaysia",MY
934,64.31981,7.3459764,69.9360195,23.2468986,"Kautokeinoveien 22, 9518 Alta, Norwegia",NO
935,45.092747,27.140366,53.4324733,-6.4543576,"3 Tetrarch Grove, Clonee, Co. Meath, Ireland",IE
936,32.608715,-2.6833115,-26.2709402,31.0743089,"MR3, Swaziland",MY
937,56.20049,10.340885,49.5927923,0.4864415,"Rue des Arbreaux, 76210 Bolbec, France",FR
938,50.77706,-10.040449,53.7500565,-1.7333846,"14 Mill Carr Hill Road, Oakenshaw, Bradford, West Yorkshire BD12, UK",GB
939,37.341827,76.37837,22.3815205,113.9770538,"6 Sam Shing St, Tuen Mun, Hongkong",HK
940,62.385937,-18.790833,-46.2888654,168.2507337,"292 Argyle-Otahuti Road, Waianiwa 9874, New Zealand",SI
941,52.640247,38.439583,19.1977588,-99.5186819,"Micheladas, Colonia San Isidro, 52600 San Pedro Tlaltizapan, State of Mexico, Mexico",MX
942,58.726948,-6.901914,40.2448133,16.0781505,"Strada Statale 598, 85010 Gallicchio, Potenza, Italy",IT
943,20.469967,-2.0121503,20.2804351,-103.4408329,"Vicente Guerrero Poniente 654, El Panteón, 45800 Jocotepec, Jalisco, Mexique",MX
944,57.325207,-5.118736,45.2800836,18.658327,"Gorjani, 32281, Ivankovo, Croatia",HR
945,49.81872,57.335495,37.5041908,126.8633577,"320-3 Gocheok 1(il)-dong, Guro-gu, Seoul, South Korea",KR
946,49.893845,33.809303,35.1688071,129.1657896,"1363-9 Jwa 3(sam)-dong, Haeundae-gu, Busan, South Korea",KR
947,54.42161,-6.5181603,61.4714251,-135.7701557,"Klondike Hwy, Yukon, Unorganized, YT Y0B, Canada",CA
948,65.90742,-1.1458125,42.8824588,-7.5601913,"LU-P-2406, 27181 Guntín, Prowincja Lugo, Hiszpania",ES
949,32.888805,21.002872,-24.6528072,25.8820384,"A1, Gaborone, Botswana",BW
950,32.370224,20.175371,24.9040998,54.9472457,Sheikh Zayed Rd - Dubai - United Arab Emirates,AE
951,-6.5204034,40.954697,-24.5449907,25.9621927,"A1, Gaborone, Botswana",BW
952,20.363653,38.735912,42.5306763,1.5010273,"Ctra. de Sispony, AD400 La Massana, Andorra",AD
953,51.7367,14.032446,55.9477812,25.5786204,"Vilties gatvė 26, Rokiškis 42154, Lithuania",LT
954,34.57489,32.87196,40.2165629,21.2578109,"Unnamed Road, Vouchorina 500 02, Greece",GR
955,53.74786,11.835586,62.5794965,22.5601052,"17283 179-195, 61230 Kurikka, Finland",FI
956,58.539715,27.45356,55.4237968,9.1592616,"Industriparken 16, 6630 Rodding, Denmark",DK
957,-3.0619397,-16.700592,41.5386452,0.2049882,"N-II, 22520 Fraga, Huesca, Spain",ES
958,40.658188,68.245285,35.0874474,128.8791661,"215-5 Sinho-dong, Gangseo-gu, Busan, South Korea",KR
959,29.69097,63.367474,1.314139,103.9894386,"50 Tanah Merah Ferry Rd, Сингапур 498833",SG
960,48.924473,-10.113014,49.5246089,16.2568481,"Doktora Veselého 856, 593 01 Bystřice nad Pernštejnem, Czech Republic",CZ
961,36.726303,12.247599,35.1846475,128.9859644,"11 Sasang-ro 447(sabaeksasipchil), Sasang-gu, Busan, South Korea",KR
962,45.832317,18.03396,-37.7492346,175.2167228,"Waikato Expressway, Burbush, Horotiu 3288, New Zealand",NZ
963,-20.25611,72.75997,-30.6397833,145.1667005,"Mulya Road, Louth NSW 2840, Australia",AU
964,3.1587434,22.704388,37.9892644,-7.2921423,"N385, 7875 Sobral da Adiça, ポルトガル",PT
965,39.37795,11.883878,57.028679,9.9304982,"Fasanvej 2, 9000 Aalborg, Denmark",GB
966,58.57197,-17.58681,64.7764628,-14.4700409,"Þjóðvegur, Iceland",IS
967,45.673916,4.5897803,42.5995862,1.6375459,"Ctra. de Ransol, AD100 Canillo, Andorra",AD
968,28.225912,-23.362726,28.0609883,-15.7306474,"GC-200, 35489 Agaete, Las Palmas, Spain",CL
969,36.413437,46.554886,22.8151346,120.3956345,"824, Taiwan, Kaohsiung City, Yanchao District, 鞍平巷",TW
970,5.7935143,12.991205,-32.3589814,124.7638431,"Eyre Highway, Caiguna WA 6443, Australia",AU
971,40.258175,26.909191,38.2958662,25.9450704,"Unnamed Road, Chios 821 02, Greece",GR
972,31.662428,90.87239,22.2704383,114.206915,"Wilson Trail Sec. 2, Tai Tam, Hong Kong",HK
973,37.7695,36.037983,27.4487489,91.1724055,"Unnamed Road, Autsho, Bhutan",BT
974,57.79066,23.140657,53.2853401,18.9535679,"Macieja Rataja 8, Wabrzezno, Полша",PL
975,30.556808,44.659992,-20.4564363,-54.5920437,"Rua Piratininga, 1185-1305 - Centro, Campo Grande - Mato Grosso do Sul, Brazylia",BR
976,19.53366,59.373096,23.9053356,90.0440079,"Dhaka - Aricha Hwy, Bangladesh",BD
977,46.89867,20.823647,39.5745039,-8.7900177,"R. João Dias 20, 2480 ポルトガル",PT
978,51.69621,-10.997917,45.2908913,16.0711935,"D6, 44403, Dolnjaki, Croatia",HR
979,37.76706,57.656387,22.2704488,114.2436751,"11 Chong Fu Rd, Chai Wan, Hong Kong",HK
980,29.662268,70.28205,-7.8160686,112.0625823,"Jl. Erlangga, Ngasem, Kediri, Jawa Timur 64182, Indonesia",ID
981,60.495693,19.948776,46.7157509,6.4130155,"9, 1337 Vallorbe, Szwajcaria",NZ
982,40.122787,70.2663,-8.6498832,115.2174458,"Jl. Veteran No.70F, Denpasar Utara, Kota Denpasar, Bali 80233, Indonesia",ID
983,23.575937,3.2103605,40.5795728,24.6569512,"Unnamed Road, Thasos 640 02, Greece",GR
984,38.79958,21.219389,43.4195537,24.4973977,"305, 5850 Yasen, Bulgaristan",BG
985,46.5977,24.03842,27.1461556,91.6064891,"Unnamed Road, Bhutan",BT
986,45.78271,30.486717,53.7172467,-6.3515826,"101 Greenlanes, Drogheda, Co. Louth, Ireland",IE
987,41.617996,23.607548,58.032616,38.8043901,"Р104, Rybinsk, Oblast de Iaroslavl, Russie, 152900",RU
988,35.72937,31.008242,39.7202966,-9.0471711,"São Pedro de Moel - Pataias, 2445 Pataias, Portugal",PT
989,51.034584,25.183205,36.3523542,139.1482507,"1 Kamimasudamachi, Maebashi, Gunma Prefecture, Japan",JP
990,24.856672,67.4123,25.2792022,55.303216,D85 - Dubai - United Arab Emirates,AE
991,51.80364,4.363737,-37.5047489,175.1495994,"475B Te Ohaki Road, Te Ohaki 3771, New Zealand",NZ
992,57.30868,30.233604,48.399294,20.2688545,"50, 982 51 Stránska, Slovakia",SK
993,45.079002,47.754887,27.3106661,91.0641247,"Bumthang - Ura Hwy, Bhutan",BT
994,39.75109,-7.133579,-46.2315917,-71.557039,"RP45, Santa Cruz, Argentina",AR
995,46.542164,39.473408,22.4023808,114.2444112,"Ma On Shan Country Trail, Ma On Shan, Hong Kong",HK
996,50.02666,1.9768109,69.1299109,-104.9924286,"Ovayok Road, Cambridge Bay, NU X0B, Canada",CA
997,-28.637506,28.560163,-23.4980613,28.39854,"R561, Afrique du Sud",ZA
998,64.338104,10.098944,65.7777683,13.2292597,"Fylkesveg 244 260, 8658 Mosjøen, Norway",NO
999,50.21668,9.062857,53.2596505,-106.7899523,"Saskatchewan 3, Mont Nebo, SK S0J 1X0, Canada",CA
0,64.67781,7.778415,62.741049,14.5851187,"546, 840 40 Svenstavik, Sweden",BT
1,3.3379383,4.8389854,40.2484757,8.8247943,"SP57, 08010 Birori, Nuoro, Italy",IT
2,52.379704,-24.352062,-19.5714916,-44.0583355,"Rua Santa Juliana, 683 - Bom Jesus, Matozinhos - Minas Gerais, 35720-000, Brazil",BR
3,41.99271,14.648319,49.177457,19.2131431,"070001, 027 21 Žaškov, Slovakia",SK
4,35.282295,23.558483,-38.1037657,175.7259255,"743 Old Taupo Road, Waotu 3481, New Zealand",NZ
5,16.039234,118.21499,2.8117647,101.4956979,"Jalan Sultan Abdul Samad, Banting, 42700 Banting, Selangor, Malasia",MY
6,17.217543,70.30631,4.2210449,-74.9407438,"I-40, Coello, Tolima, Colombia",CO
7,55.32114,4.067986,56.2790855,13.8080566,"1935, 280 23 Hästveda, Sweden",SE
8,36.57881,27.951458,44.0278418,12.5707097,"Via Alda Costa, 1, 47924 Rimini, Italy",IT
9,23.727034,98.26426,25.1405764,55.133394,Crescent Rd - Dubai - United Arab Emirates,AE
10,56.857227,-5.9468293,45.9579833,18.3519769,"7766 Peterd, 5711, Hungary",HU
11,22.1863,-0.081809044,55.1029968,21.8678096,"4230, 99295, Lithuania",LT
12,40.909115,22.82079,47.8169793,19.6286305,"3051 Szarvasgede, 2129, Hungary",HU
13,28.057507,92.81538,1.3111738,103.9503989,"E Coast Park Service Rd, Singapore",SG
14,49.124638,12.732851,46.0478138,14.2769646,"Setnik 29, 1355 Polhov Gradec, Slovenia",SI
15,31.964293,66.69513,23.0791695,120.1575287,"Section 5, Gōngxué Road, Annan District, Tainan City, Taiwan 709",TW
16,38.55633,33.014233,38.6758949,-27.3289406,"Canada do Pilar 105, 9700, Portogallo",PT
17,58.21583,7.451687,65.8527098,20.3970404,"ÖHN 5, 942 95 Vidsel, Швеция",SE
18,51.977695,0.40394354,14.7035596,101.9610884,"Unnamed Road, Tambon Tum, Amphoe Pak Thong Chai, Chang Wat Nakhon Ratchasima 30150, Thailand",TH
19,53.170124,13.915703,42.4818111,1.4540002,"Ctra. de Canòlich, AD600 Sant Julià de Lòria, Andorra",AD
20,9.005619,13.900936,19.1986729,-97.7986672,"11 Oriente, Nopalucan de La Granja, Puebla, Mexico",MX
21,34.729946,56.09222,-20.4564363,-54.5920437,"Rua Piratininga, 1185-1305 - Centro, Campo Grande - Mato Grosso do Sul, Brazylia",BR
22,39.424175,60.386127,-27.627694,-48.6680374,"Rua Açucena, 1-131 - Jardim das Palmeiras, Palhoça - Santa Catarina, 88133-700, Brazil",BR
23,0.454875,92.358444,16.9314129,100.5316482,"Unnamed Road, Tambon Ban Klang, Amphoe Wang Thong, Chang Wat Phitsanulok 65220, Thailand",TH
24,52.648026,-7.3647532,33.8692017,-98.6379773,"7181 Parker Ranch Road, Wichita Falls, TX 76310, USA",US
25,43.66316,63.579983,6.6834303,116.9456923,"Unnamed Road, 89100 Kota Marudu, Sabah, Malaysia",MY
26,29.012623,58.50669,19.1898168,-103.7505543,"Carretera Federal 110, Colima, Mexico",MX
27,39.833607,67.40081,1.4400932,103.7836949,"35 Marsiling Ind Estate Rd 3, Singapore 739257",SG
28,53.824196,9.271053,45.9480518,1.5443014,"Le Masjoubert, 23430 Saint-Martin-Sainte-Catherine, France",FR
29,44.75837,45.44669,34.5631087,134.3500543,"Japan, 〒761-4401 Kagawa-ken, Shōzu-gun, Shōdoshima-chō, Yoshida 県道26号線",JP
30,39.5608,19.48253,-26.4600716,31.1600548,"MR19, Swaziland",SZ
31,53.01691,10.930336,43.0438002,-90.6564256,"14813-14953 County Road T, Fennimore, WI 53809, USA",HK
32,30.184185,68.64375,-6.6326908,111.5149105,"Jl. Sunan Bonang, Sluke, Rembang, Jawa Tengah 59272, Indonesia",ID
33,61.08771,11.28803,45.0297506,15.1717667,"D23, 53261, Križpolje, Croatie",HR
34,53.338387,-1.0366416,25.3444186,55.4394532,Unnamed Road - Sharjah - United Arab Emirates,AE
35,40.61555,14.785099,11.1948036,103.5684337,"AH123, ឃុំ កណ្ដោល, Cambodia",KH
36,63.34519,12.011848,66.8673647,21.1912893,"818, 980 41 Hakkas, Suède",SE
37,59.012825,12.327934,60.6809954,13.7728966,"Östra Bangatan, 782 34 Malung, Sweden",SE
38,41.21201,95.26959,-6.9215538,110.2042077,"Jl. Soekarno-Hatta No.193, Kendal, Kendal, Jawa Tengah 51313, Indonesia",ID
39,50.50841,21.827309,51.7557943,19.3077326,"Rszewska 29, 95-050 Konstantynów Łódzki, Poland",PL
40,32.12684,58.300335,22.4678297,114.039822,"Yau Pok Rd, Hongkong",HK
41,39.512287,37.61901,26.6713485,142.148542,"Japan, 〒100-2211 Tōkyō-to, Ogasawara-mura, Hahajima 都道241号線",JP
42,58.011623,25.02227,51.8794451,-9.1174744,"Unnamed Road, Co. Cork, Ireland",IE
43,45.17219,-4.6687818,-33.6298095,19.4020322,"R43, Worcester 6849, South Africa",ZA
44,46.695576,52.3008,23.055574,120.0866956,"709, Taïwan, Tainan, Annan District, 城西街三段",TW
45,53.9818,29.268831,50.4988763,30.4303645,"Kvitnevyi lane, 2, Kyyiv, Kyiv city, Ukraine",UA
46,11.204004,117.56359,23.6532582,89.1991286,"Kushtia - Jhenaidah Hwy, Bangladesh",BD
47,40.768772,108.32565,1.3298894,103.9308756,"412 Bedok North Ave 2, Singapore 460412",SG
48,42.322975,10.643654,48.3710587,19.416553,"050103, Šuľa, Slovakia",SK
49,8.223856,76.54261,23.579846,88.9485896,"Jhenaidah - Chuadanga Rd, Bangladesh",BD
50,56.041546,11.858729,56.6584889,22.7533057,"A9, Blīdene parish, LV-3852, Latvia",LV
51,73.054825,-5.038569,65.6126911,-18.5039302,"Þjóðvegur, Iceland",IS
52,43.186275,3.6443524,52.1227524,4.3590251,"Nassaulaan 15-17, 2243 HJ Wassenaar, The Netherlands",NL
53,64.31285,23.220062,46.6739748,6.3633035,"Bois-de-Ban, 1325 Vaulion, Switzerland",CH
54,39.575447,-20.08322,-6.7435555,-79.4998769,"6A 630, Перу",PE
55,58.680176,18.128742,36.897144,139.9580038,"7 Chome-249-5 Nishimishima, Nasushiobara-shi, Tochigi-ken 329-2756, Japan",JP
56,64.00164,12.508293,44.6204453,26.2776076,"DJ200, Romania",RO
57,55.57265,13.149162,53.0215819,-6.2228435,"L1076, Co. Wicklow, Ireland",IE
58,-9.006838,62.732037,-26.4123161,31.7837114,"MR3, Mpaka, Swaziland",SZ
59,43.62901,61.92788,30.8799929,-83.7746924,"5571 Coffee Road, Boston, Géorgie 31626, États-Unis",US
60,58.100452,5.64938,50.9691196,6.9488091,"Niehler Kirchweg 32, 50733 Cologne, Germany",DE
61,9.347539,-34.0978,-26.2958286,-69.6570652,"C-13, Diego de Almagro, Atacama Region, Chile",CL
62,39.886616,36.323944,52.6629039,17.5508225,"Gnieźnieńska, 62-270 Kłecko, Polska",PL
63,45.6702,19.227577,-37.6519243,176.1952728,"476A Maunganui Road, Mount Maunganui, Tauranga 3116, New Zealand",NZ
64,47.250553,9.123285,54.1514358,-7.2198361,"Unnamed Road, Co. Monaghan, Ireland",IE
65,0.13680029,93.452805,13.5431503,104.8660881,"Unnamed Road, Cambodia",KH
66,59.2152,12.86611,65.4839926,29.5146046,"Hossantie 338, 89920 Suomussalmi, Finland",FI
67,63.970352,15.126484,60.7837355,25.9787291,"172 348-398, 16270 Orimattila, Finland",FI
68,28.228693,73.27246,1.3252485,103.9736777,"21 Changi Coast Rd, Singapour 499805",SG
69,20.000713,68.25185,25.3144722,55.399128,First Industrial St - Sharjah - Vereinigte Arabische Emirate,AE
70,61.5242,12.740322,52.8969056,5.0696999,"Noorderdijkweg 24, 1771 MJ Wieringerwerf, The Netherlands",NL
71,49.76081,66.0782,1.383967,103.8906174,"151 Compassvale Bow, Singapore 544997",SG
72,61.73179,19.814495,57.1266485,24.6971964,"E77, Gauja, Inčukalna pagasts, LV-2140, Latvia",LV
73,34.000652,51.23216,4.6266467,-74.0619428,"Entrada A La TV2 # 1, Bogota, Cundinamarca, Kolumbia",CO
74,49.504944,-4.10228,55.2272739,10.0956609,"Hårbyvej, 5683 Haarby, Danmark",DK
75,55.22187,18.174946,49.4797935,20.0264223,"Adama Mickiewicza 2, Nowy Targ, Polonia",PL
76,46.641533,63.35614,22.4120169,113.9823973,"8 Castle Peak Rd, Tuen Mun, Hong Kong",HK
77,25.41332,58.238407,24.9554574,121.6940327,"232, Tajwan, Nowe Tajpej, Pinglin District, 上坑子口路",TW
78,45.20103,35.39676,38.7404707,22.619195,"Epar.Od. Thivas - Thermopilon, Molos Agios Konstantinos 350 09, Grekland",KH
79,28.17933,22.512829,31.4232478,34.5771075,"Yuval 42, Netivot, Israel",IL
80,46.741528,13.168739,27.4168909,89.2199443,"Unnamed Road, Bhutan",BT
81,46.629673,43.822773,22.4781753,114.0632761,"Mouton Ave, Tam Mei, Hong Kong",HK
82,43.284428,49.2399,40.2847732,141.2333813,"Japan, 〒028-6102 Iwate-ken, Ninohe-shi, Shimotomai 県道32号線",JP
83,1.7582636,71.995575,-33.6999118,148.7786855,"LOT 170 Binni Creek Road, Woodstock NSW 2793, Australia",AU
84,37.110302,12.084066,24.8999808,55.0468301,Unnamed Road - Dubai - United Arab Emirates,UA
85,37.661922,7.5189977,-30.7320547,-70.9595955,"D-55, Monte Patria, Coquimbo Region, Chile",CL
86,51.24451,23.722511,52.7116743,23.4202122,"Droga Wojewódzka 689, Polen",PL
87,57.4688,32.665573,53.904257,16.7731267,"78-425 Biały Dwór, Poland",PL
88,3.7938602,14.131826,-26.5005013,31.4790866,"MR8, Swaziland",SZ
89,29.16216,57.534954,32.8142209,34.9571881,"Harotem 41-45, Haifa, Israel",IL
90,49.889774,6.182366,42.5597009,1.6855801,"CG-2, AD100 Canillo, Andorra",AD
91,11.778727,70.22112,4.4847097,118.6079559,"Unnamed Road, 91308 Semporna, Sabah, Malaysia",MY
92,57.59006,-4.5883384,55.1532497,10.2110235,"Stenbækvej 35-39, 5642 Millinge, Danemark",DK
93,52.71731,14.502699,55.5815723,38.9352708,"Ulitsa MTS, 2, Kurovskoye, Moskovskaya oblast, Russia",RU
94,47.55814,15.126089,57.7508366,27.2500907,"Külaoru-Hinsa, 65223 Võru County, Estonia",EE
95,58.550014,8.680254,41.1555728,14.2087781,"Via Lardino, 81041 Vitulazio Caserta, Italy",IT
96,45.80469,44.3703,-29.7286067,31.0806513,"M4, Umhlanga 4320, South Africa",ZA
97,54.890293,2.8229804,59.1922227,9.5844649,"Maribakkane 19, 3728 Skien, Norway",NO
98,22.821638,86.68254,23.3571749,90.0000284,"Dhaka - Barisal Hwy, Bangladesh",BD
99,37.106792,64.67488,43.6163308,39.7252382,"Donskaya ulitsa, 40, Soczi, Kraj Krasnodarski, Rosja, 354000",RU
100,51.549595,11.85284,42.5405868,1.5201471,"Camí Ral, AD400 La Massana, Andorra",AD
101,47.63605,17.798988,-33.5855544,-70.6331066,"Ciudad de México, La Pintana, Santiago Metropolitan Region, Chile",CL
102,-21.085451,26.082531,-22.4143832,28.3938889,"Moritz, Botswana",BW
103,64.16835,8.535673,46.5574328,22.9047968,"Poiana Horea, Romania",RO
104,41.962257,21.963165,55.3510687,12.356136,"Råmosevej 1, 4672 Klippinge, Denmark",DK
105,41.40019,71.94728,37.6429901,126.7863617,"1341 Baekseok-dong, Ilsandong-gu, Goyang-si, Gyeonggi-do, South Korea",KR
106,54.56236,14.644314,65.9244696,-22.9742956,"61, Iceland",IS
107,36.03195,74.87483,12.5931476,102.8485738,"Unnamed Road, Cambodia",KH
108,41.70493,19.52538,51.0139239,-103.0569553,"Saskatchewan 15, Fenwood, SK S0A 0Y0, Canada",CA
109,51.415028,21.541819,51.7475638,5.833689,"Steegstraat 24, 5439 NL Linden, The Netherlands",NL
110,38.37235,4.2805867,43.6140864,26.8181184,"2005, 7449 Bogdantsi, Bulgaria",BG
111,39.615856,5.672276,32.0095251,34.8160029,"Tsahal Road פינת 4, Azor, Israel",IL
112,43.367954,-5.5067105,48.7533826,19.1635282,"Pod Hôrkou 10, 974 11 Banská Bystrica, Slovakia",SK
113,40.56239,38.890976,31.9666608,34.9234818,"1, Israel",IL
114,26.807232,44.38751,-31.6445016,115.7013828,"41 Camborne Parkway, Butler Australia Zachodnia 6036, Australia",AU
115,40.834774,65.774956,32.1000371,34.8516552,"Martin Gehl, Petah Tikva, Israel",IL
116,48.70171,-15.656441,63.4308913,-18.8795902,"Þjóðvegur, Iceland",IS
117,53.693203,20.555906,61.2691734,27.8462885,"Kuivasensaarentie 575, 54950 Savitaipale, Finland",FI
118,50.199574,38.96318,8.7549577,-75.8872882,"Carrera 3 # 26-2 a 26-100, Monteria, Cordoba, Colombia",CO
119,12.121787,98.4348,22.7848248,91.5676936,"Dhaka - Chittagong Hwy, Mirsharai, Bangladesh",BD
120,62.605335,23.896357,63.4877557,26.51182,"16036 334-358, 74680 Kiuruvesi, Finland",FI
121,30.85106,-6.835982,63.7642945,-68.5363823,"1820 Qaqqamiut, Iqaluit, NU X0A, Canada",CA
122,37.51673,41.293903,1.0368607,110.8184603,"AH150, 94700 Serian, Sarawak, Malaysia",MY
123,68.05024,-0.31769943,57.1971436,15.2570358,"976, 360 70 Åseda, Sweden",SE
124,59.511684,-2.0196266,52.1553756,-0.4661687,"18 Kestrel Road, Bedford, Bedford Borough MK41, Royaume-Uni",GB
125,46.603752,12.071041,51.0759914,3.4737836,"Kraenepoelpad 21, 9880 Aalter, Belgium",BE
126,55.37119,11.6857815,54.9292509,9.2256206,"Saksborgvej 11, 6360 Tinglev, Denmark",DK
127,10.672832,-23.795773,-30.5566881,-71.224227,"D-525, オバエ コキンボ チリ",CL
128,60.37534,19.63815,57.244784,24.4472755,"P6, Ainava, Saulkrastu lauku teritorija, LV-2160, Latvia",LV
129,63.30239,-2.8598704,63.0159226,14.0954093,"578, 830 24 Oviken, Sweden",SE
130,51.636497,2.3315868,41.4597125,-5.6502891,"Carretera Madridanos, 15, 49150 Moraleja del Vino, Zamora, Spain",ES
131,45.380848,21.920597,35.1699764,129.0959727,"48 Geumnyeon-ro, Yeonje-gu, Busan, South Korea",KR
132,62.132565,9.636383,65.0376746,18.4135225,"Norrvägen, 920 41 Björksele, Sweden",SE
133,41.15096,2.9400744,50.270599,-107.9854843,"Trans-Canada Highway, Webb, SK S0N 2X0, Canada",CA
134,39.9912,38.705124,1.298824,103.853511,"111 Middle Rd, Singapur",SG
135,50.620724,6.4174247,46.9586367,20.2293298,"5430 Tiszaföldvár, Kurázsi Fő Way 32, Hungary",HU
136,60.394962,8.907118,58.5068967,13.8903868,"2935, 541 91 Skövde, Sweden",SE
137,49.537197,18.062847,32.8165321,34.9980443,"Ibn Rushd, Haifa, Israel",IL
138,23.70719,66.243835,22.3482009,114.0606326,"33 Pak Yan Rd, Ma Wan, Hong Kong",HK
139,33.262424,35.821873,22.3941083,113.91799,"Lung Kwu Tan Rd, Tuen Mun, Hong Kong",HK
140,38.197376,14.970943,31.3724506,34.8090841,"Sderot Rimon, Lehavim, Israel",IL
141,55.53472,11.230982,54.1514358,-7.2198361,"Unnamed Road, Co. Monaghan, Ireland",IE
142,52.793232,6.1950974,43.4090347,5.1990796,"Chemin des Macreuses, 13700 Marignane, France",FR
143,44.18434,53.662872,46.4662192,30.7193696,"Bohdana Khmel'nyts'koho street, 54, Odesa, Odessa Oblast, Ukraine",UA
144,51.007133,38.303215,2.8054323,101.706555,"32, 43900 Sepang, Selangor, Малайзия",MY
145,29.90457,42.47733,-25.4104675,-49.4968802,"Estrada de Bateias, 6871 - Centro, Parana, Brazil",BR
146,45.536163,31.43613,-35.9372781,174.4093379,"50 Applecross Road, Waipu 0582, New Zealand",NZ
147,45.851025,-6.3254647,42.5688019,1.6784359,"CG-2, AD100 Canillo, Andorra",AD
148,21.267773,94.17881,22.5049981,114.1299057,"155 Jockey Club Rd, Sheung Shui, Hong Kong",HK
149,32.837975,15.757128,37.92242,24.031455,"Arfara, Chamolia 190 03, Greece",GR
150,64.66461,21.811338,61.5957598,25.8854161,"Ylemmäistentie 520, 19600 Hartola, Finlande",MY
151,57.72314,11.404146,51.0370436,5.7195591,"Schoolstraat 30-48, 3650 Dilsen-Stokkem, Belgium",BE
152,45.516186,11.632578,48.2936744,19.6613047,"585, 985 32 Panické Dravce, Slovakia",SK
153,53.953503,28.563414,65.3073,27.3182272,"Sotkajärventie 790-1192, 93100 Pudasjärvi, Finland",FI
154,59.40509,-5.0047374,65.304925,-20.9070209,"Miðfjarðarvegur, Iceland",LT
155,-29.37132,74.94346,-31.3624878,115.828703,"LOT 2016 Coonabidgee Road, Coonabidgee WA 6503, Australia",AU
156,36.15789,73.17266,28.3284776,129.2869754,"Japan, 〒894-3213 Kagoshima-ken, Ōshima-gun, Yamato-son, Shidokan 県道79号線",JP
157,51.846355,28.257416,59.5704279,17.4871053,"Skörbyleden 18, 746 41 Bålsta, Sweden",SE
158,39.624054,17.175053,-43.5874284,172.5133372,"44-46 Stonebridge Way, Prebbleton 7604, New Zealand",NZ
159,-15.323862,26.68641,-22.509417,27.6445982,"Serowe, Botswana",BW
160,36.954548,-20.088879,37.6490324,-3.4346602,"A-324, 23560 Huelma, Jaén, Spain",ES
161,43.058517,23.052568,21.0082174,-89.5743053,"Calle 25ᶜ, La Florida, 97138 Merida, Yucatan, Mexico",CZ
162,46.178143,17.099363,45.8207939,14.6571526,"Gornje Retje 6, 1315 Velike Lašče, Słowenia",SI
163,48.97092,21.072186,46.478751,0.0632616,"E5, 86600 Curzay-sur-Vonne, France",FR
164,50.688103,44.5196,51.9309544,5.763103,"Heterensestraat 4, 6675 MA Valburg, The Netherlands",NL
165,54.706684,4.5700426,59.662844,16.7302999,"695, 725 96 Västerås, Schweden",SE
166,46.014503,0.9767909,54.5459837,23.1355893,"5122, 70323, Lithuania",LT
167,57.91148,8.162605,61.0593966,7.8153634,"Riksveg 630 20, 6888 Borgund, Norway",NO
168,45.99967,-1.2158499,47.5862576,-59.1403395,"Trans-Canada Highway, Channel-Port aux Basques, NL A0M, Canada",CA
169,25.518963,32.222916,41.4580826,-5.6396552,"ZA-610, 7, 49157 Madridanos, Prowincja Zamora, Hiszpania",ES
170,45.286396,32.77661,44.580291,10.7620528,"Via San Lorenzo, 42013 Casalgrande, Reggio Emilia, Italy",IT
171,26.309122,0.8763795,-26.3150675,31.1172095,"MR3, Mbabane, Swaziland",SZ
172,28.76833,84.202705,23.5332406,90.8317235,"N1, Bangladesh",BD
173,-40.452206,36.52164,-22.8297288,26.9837275,"A1, Botswana",BW
174,26.281855,43.340534,24.9502086,55.255306,D57 - Dubai - アラブ首長国連邦,AE
175,13.153635,-30.052433,50.432299,45.4320507,"Р228, Volgograd Oblast, Russia",RU
176,30.540709,24.283777,-33.5452629,149.6465338,"Lagoon Road, The Lagoon NSW 2795, Australia",AU
177,58.441685,-10.541571,65.3038331,13.511759,"Fylkesveg 273 26, 8680 Trofors, Norway",NO
178,39.597477,29.048975,47.260031,1.5903649,"9 Rue Basse, 41130 Selles-sur-Cher, Francja",FR
179,45.723034,12.374512,50.4547431,4.1881359,"Place Adolphe Caffet 12, 7100 La Louvière, Belgium",US
180,45.916374,20.98503,43.1116858,-7.8460617,"LU-232, 14, Friol, Lugo, Spain",ES
181,4.1460667,130.04082,-8.72977,115.1649208,"Jl. Kartika No.88, Kuta, Kabupaten Badung, Bali 80361, Indonesia",ID
182,38.93878,44.00204,27.5631943,91.5062469,"Mongar - Trashigang - Trashiyangtse Rd, Trashiyangtse, Bhutan",BT
183,55.502903,36.77376,31.0710621,-94.0277476,"Bright Berry, Brookeland, TX 75931, USA",US
184,41.114544,21.214493,50.9668686,-4.3254826,"2 Dyers Moor, Parkham, Bideford, Devon EX39 5PR, UK",GB
185,69.350914,19.089722,49.6850531,13.9908181,"Ke Korábu, 261 01 Příbram, Czech Republic",CZ
186,18.780012,-8.073418,48.1799119,40.4555036,"Bel. Kalitva - Likhovskoy, Rostov Oblast, Russia",RU
187,35.2667,90.71412,1.3586584,103.6225922,"Malaysia-Singapore Second Link, Kampung Ladang, 81550 Gelang Patah, Johor, Malaisie",MY
188,57.906437,12.695995,51.6084824,16.8731418,"Stanisława Kamińskiego 15-19, 63-900 Rawicz, Poland",PL
189,29.805344,35.829063,32.1803345,34.9579333,"Yitzhak Rabin Highway, Israel",IL
190,10.246773,8.865049,-40.29412,-64.0895663,"Ruta Nacional 250, Río Negro, Argentina",AR
191,54.70402,17.067225,57.5260975,21.8607136,"P124, Ance parish, LV-3601, Latvia",LV
192,17.36647,24.913736,37.8230795,-1.4360286,"N-340, 30840 Alhama de Murcia, Murcia, Španělsko",ES
193,26.403208,23.393562,39.3149783,20.5838677,"Unnamed Road, Souli 462 00, Greece",GR
194,55.06786,29.932367,55.7801442,38.4733794,"Promyshlennyy proyezd, Elektrostal, Moskovskaya oblast, Russie",RU
195,20.390501,35.559517,46.7983275,4.7633954,"13 Rue de l'Église, 71640 Dracy-le-Fort, Francija",FR
196,41.52767,8.634529,39.5745039,-8.7900177,"R. João Dias 20, 2480 ポルトガル",PT
197,55.292004,13.057182,64.0770614,-21.9449117,"Helluhraun, Hafnarfjörður, Islande",AU
198,52.257076,15.344475,43.7260608,-79.3617059,"1-19 Suncrest Drive, Toronto, Ontario M3C 2L2, Kanada",CA
199,18.988361,67.85891,6.0048443,-73.5879437,"I-45A, Santander, Kolumbia",CO
200,45.224575,25.194803,46.4484855,16.1684105,"Mihalovci 19, 2259 Ivanjkovci, Slovenien",SI
201,36.797813,47.018856,22.7903974,89.4665599,"Khulna - Satkhira Rd, Bangladesh",BD
202,25.750921,81.03302,23.0813629,89.8626732,"Tekerhat - Gopalganj Rd, بنگلادش",KR
203,49.836803,28.187086,56.3145028,44.0671034,"ulitsa Rodionova, 165 корпус 10, Nizhny Novgorod, Nizhny Novgorod Oblast, Russia, 603000",RU
204,54.05538,10.766378,50.3702735,4.1111734,"Rue Charles Gantois 2-24, 7120 Estinnes, Belgique",BE
205,25.702684,18.269037,24.8808177,55.0431132,Sheikh Mohammed Bin Zayed Rd - Dubai - United Arab Emirates,AE
206,51.27383,21.57176,55.4561768,9.5550342,"Bjert Vestervang 29, 6091 Bjert, Denmark",DK
207,45.177853,-3.2987533,47.5833231,5.0559742,"D120, 21120 Marey-sur-Tille, France",CH
208,57.412735,10.671608,50.8294109,4.4492923,"Avenue Alfred Madoux 89, 1150 Woluwe-Saint-Pierre, Belgium",BE
209,44.441288,41.090355,-8.246845,115.1001888,"Jl. Raya Pancasari, Buleleng, Bali, Indonesia",ID
210,57.501118,26.972668,48.1561384,17.1238475,"Legionárska 23, 811 07 Bratislava, Slovakia",SK
211,53.912117,20.538977,56.6721127,24.3631625,"P89, Baldones lauku teritorija, LV-2125, Latvia",BT
212,44.82317,13.521242,-33.7425447,-71.4043699,"G-808, San Antonio, Valparaíso Region, Chile",CL
213,33.706985,55.093113,25.0532923,121.1912727,"337, Taiwan, Taoyuan County, Dayuan Township, 桃43鄉道",TW
214,47.680775,9.654188,42.5258126,1.5662816,"Av. de la Bartra, AD200 Encamp, Andorra",AD
215,46.301342,31.020264,51.8749407,5.9695788,"Nijmeegsestraat 1, 6691 CJ Gendt, The Netherlands",NL
216,53.199078,9.311729,45.9139241,-0.5597139,"D127, 17400 Mazeray, France",FR
217,33.158184,-6.7353806,-6.9751955,-78.5695158,"3N 98, Pérou",PE
218,37.503,2.320705,47.1230112,-119.1293288,"2488 Road Q Northeast, Moses Lake, WA 98837, USA",US
219,53.35404,13.734903,47.4920249,8.7449565,"Tösstalstrasse 106, 8400 Winterthour, Suisse",CH
220,50.265587,5.848234,55.668933,11.9032974,"Lejregårdsvej 7, 4060 Kirke Såby, Denmark",DK
221,49.71046,2.8557773,49.4734699,15.531128,"Smrčná 142, 588 01 Smrčná, Czech Republic",CZ
222,44.722507,21.922401,37.5668747,126.9734656,"5-2 Jeong-dong, Jung-gu, Seul, Coreea de Sud",KR
223,64.25751,15.054712,59.4660284,10.8376751,"Riksveg 115 40, 1591 Sperrebotn, Norway",NO
224,54.9119,14.555862,58.655184,23.6129752,"Kõmsi-Mõisaküla-Salevere, 90111 Lääne County, Estonia",EE
225,54.90668,3.4660811,60.738966,24.7504796,"Lehtolantie 15, 11100 Riihimäki, Finland",FI
226,48.827522,14.001825,9.9020573,-74.1244097,"I-80 # 2 a 100, Ariguaní (El Difícil), Magdalena, Colombia",CO
227,8.847016,1.2163956,-42.494262,-64.7200487,"Ruta Provincial 2, Chubut, Argentinië",AR
228,43.690826,37.432472,4.5783201,-74.1453593,"Carrera 51 # 1 a 99, Bogota, Cundinamarca, Kolumbia",CO
229,10.520248,7.8820605,-25.1122157,23.2747378,"A20, Botswana",BW
230,51.679844,19.12134,43.5021615,16.26126,"Tudorski put 14, 21223, Okrug Gornji, Croatia",HR
231,9.607189,70.03824,23.6974336,88.6020272,"Mujibnagar Road, Purandarpur, Bangladeš",BD
232,54.12801,30.928335,48.6582514,17.5497186,"Baranecká 55, 906 13 Brezová pod Bradlom, Slovakia",SK
233,49.072094,44.349052,55.813906,21.6873066,"Saulėtekio g., Kule 90370, Litwa",NL
234,49.21861,27.657026,42.1357434,24.8005746,"g.k. Trakia 83-А, 4023 Plovdiv, Bulgarie",BG
235,47.183887,19.245892,45.9480518,1.5443014,"Le Masjoubert, 23430 Saint-Martin-Sainte-Catherine, France",FR
236,47.822056,13.700714,46.0138594,4.0083933,"377-661 Chemin des Sources, 42155 Ouches, France",HU
237,55.67478,16.813526,64.7992057,25.4182833,"Raahentie 33, 91900 Liminka, Finland",FI
238,20.393583,7.9209437,-40.9098295,147.6824118,"Gunnston, 2828 Waterhouse Rd, Waterhouse TAS 7262, Australia",BR
239,20.974443,-14.3133545,-18.6512538,25.6220214,"A33, Botswana",BW
240,25.951235,11.34606,38.7462296,-7.8361726,"Unnamed Road, 7040, Portugal",PT
241,52.032986,74.90144,1.4167652,103.9167684,"Punggol Promenade Nature Walk, Singapore",SG
242,49.582504,33.074306,47.1485565,27.6817516,"DJ249A, Iași, Romania",RO
243,48.189762,22.30846,64.1026086,-21.8502764,"Skógarsel, Reykjavik, Iceland",IS
244,50.026356,28.49516,59.1813917,26.9223424,"Lüganuse-Oandu-Tudu, 46623 Lääne-Viru County, Estonia",EE
245,60.45914,-8.642281,59.9549171,11.0688158,"Magnus gate 15-17, 2004 Lillestrøm, Norway",NO
246,34.269344,74.086975,11.8035784,104.9731445,"NR6, Cambodia",KH
247,52.22109,18.631361,59.8896675,29.6851561,"Koltsevaya Avtomobilnaya Doroga, Óblast de Leningrado, Rusia",RU
248,46.711113,27.709284,47.2350047,19.9604355,"2740 Abony, 3119, Hungary",HU
249,14.903095,100.44777,-7.6027504,110.4496317,"Unnamed Road, Cangkringan, Sleman, Daerah Istimewa Yogyakarta 55583, Indonesia",ID
250,41.656536,39.28177,45.7947652,15.9250789,"Zagrebačka Avenue, 10000, Zagreb, Croatia",RU
251,32.976273,38.31345,32.291951,34.9168346,"HaZamir, Tzur Moshe, Israel",IL
252,45.199963,66.33311,27.0106948,90.5594394,"Sarpang - Gelephu - Trongsa Hwy, Bhutan",BT
253,44.26083,-22.87833,64.8870515,-14.4858498,"Þjóðvegur, Iceland",IS
254,44.26903,22.730211,27.5870202,91.4915538,"Mongar - Trashigang - Trashiyangtse Rd, Trashiyangtse, Bhutan",BT
255,48.45913,21.164963,53.4830269,-2.3898788,"M62, Worsley, Manchester, Greater Manchester M30 8JW, UK",BW
256,46.84509,17.42937,64.9698606,20.7945096,"Drängsmark, 934 95 Kåge, Sweden",SE
257,13.164862,76.47818,4.6266467,-74.0619428,"Entrada A La TV2 # 1, Bogota, Cundinamarca, Kolumbia",CO
258,46.60612,15.736559,37.5251091,-2.9040097,"GR-8100, 18812 Freila, Grenade, Espagne",ES
259,45.459637,13.276447,21.0082174,-89.5743053,"Calle 25ᶜ, La Florida, 97138 Merida, Yucatan, Mexico",CZ
260,49.12505,4.8404427,44.580291,10.7620528,"Via San Lorenzo, 42013 Casalgrande, Reggio Emilia, Italy",IT
261,35.074776,13.958559,41.4415217,13.275162,"Località Capo D'Acqua, 20, 03021 Amaseno, Frosinone, República Italiana",IT
262,46.2521,5.8851786,44.3639747,8.1639477,"SP28bis, 17017 Roccavignale, Savone, Italie",IT
263,53.74776,32.131145,55.9454331,26.5920897,"Mazā Medus iela 28-30, Daugavpils, LV-5413, Latvia",LV
264,35.28437,61.270187,35.1486408,128.8744354,"31 Mieum-ro, Gangseo-gu, Busan, South Korea",KR
265,37.659508,45.59551,-27.9697472,26.8055598,"11813-11814 Fonya Crescent, Welkom 9478, South Africa",ZA
266,50.87274,-5.8998656,54.930222,-7.7310742,"Ballyboe, Co. Donegal, Ireland",IE
267,56.775784,0.33972073,48.3975766,17.3828866,"502008, Štefanová, Slovakia",SK
268,39.540337,18.717745,4.9374125,-73.8369476,"Carrera 12 # 8-1 a 8-99, Guatavita, Cundinamarca, Colombia",CO
269,22.211384,50.848064,-21.1010195,-56.5118953,"MS-178, Mato Grosso do Sul, 79290-000, Brazil",BR
270,43.04922,-19.194048,46.2042855,-100.9836522,"BIA Road 7, Selfridge, Dakota du Nord 58568, États-Unis",US
271,52.686684,2.3280096,59.425147,13.4381895,"Tömvägen 5, 653 50 Karlstad, Sweden",SE
272,48.275,12.328672,26.0045073,-97.7708921,"Carretera Federal 2, Tamaulipas, Mexique",MX
273,45.027668,52.63007,45.5491533,9.8996564,"Via Villasche, 25032 Chiari, Brescia, Italy",IT
274,53.330143,45.621426,56.7667504,24.7625022,"P8, Rembates pagasts, LV-5016, Latvia",LV
275,15.683956,26.734724,-24.2373448,23.264808,"A2, Botswana",BW
276,49.194557,27.083755,41.6161661,-83.4586641,"3715 Curtice Road, Northwood, OH 43619, USA",US
277,52.97996,18.155783,52.3365472,9.711251,"Am Finkenherd 6, 30459 Hanover, Germany",DE
278,38.351612,2.9129004,43.3730489,11.7693861,"Strada Provinciale 73 bis, 52041 Civitella in Val di Chiana, Arezzo, Italy",IT
279,30.147848,29.785347,39.82551,-7.6548354,"R. da Fonte, 6000, Portugal",PT
280,45.32352,0.71724176,-45.2550569,170.2689657,"9750 Kyeburn-Hyde Road, Tiroiti 9397, New Zealand",NZ
281,26.065897,59.25813,25.3144722,55.399128,First Industrial St - Sharjah - Vereinigte Arabische Emirate,AE
282,47.68159,-6.732758,56.3500744,8.6246107,"Herningvej 59, 7500 Holstebro, Denmark",DK
283,18.429907,107.091965,1.3455278,103.9251938,"61 Tampines Ave 1, Singapore 529776",SG
284,30.90366,36.510918,-26.24367,27.9135342,"5106-5107 Mooki Street, Soweto 1804, South Africa",ZA
285,54.972652,-11.371323,53.1632065,-2.122329,"Beat Lane, Macclesfield, Staffordshire SK11 0RU, UK",GB
286,49.58739,16.158367,49.4698987,8.5409321,"E50, 68239 Mannheim, Germany",DE
287,22.173872,117.26786,28.3496995,129.4883873,"Japan, 〒894-0773 Kagoshima-ken, Amami-shi, Naze Ōaza Asato 国道58号線",JP
288,4.5014553,20.623316,-23.9132377,26.3784849,"A1, Botswana",BW
289,26.717384,36.076225,-26.114236,32.0003158,"MR3, Swaziland",SZ
290,37.630466,15.932217,-33.5882369,-70.6504207,"Tucapel 1885-1965, La Pintana, Santiago Metropolitan Region, Chile",CL
291,-6.9991956,97.767456,14.1368236,105.3238917,"Unnamed Road, Cambodia",KH
292,49.324192,-6.1876836,43.0392243,25.8926079,"4004, 5090 Zlataritsa, Bulgaria",ID
293,69.532616,11.596045,63.620727,8.6703642,"Fylkesveg 381 290, 7250 Melandsjø, Norway",NO
294,-12.056086,51.141335,-34.6762017,139.4254406,"LOT 398 Black Hill Road, Cambrai SA 5353, Australia",AU
295,42.76331,12.309952,55.2542274,26.5654949,"4427, Svylė 30173, Lithuania",LT
296,-10.4907875,11.161562,-24.5902154,26.0655905,"Tlokweng, Gaborone, Botswana",BW
297,32.320488,11.665169,46.0492183,18.2074347,"7634 Pécs, Nyugati Ipari Way, Hungary",HU
298,23.956463,1.3911262,32.988114,35.5481092,"Yonatan Shaber, Hatzor HaGlilit, Israel",IL
299,62.796764,5.5202675,56.6499261,22.4758257,"Mežrūpniecības iela 3, Mežvidi, Novadnieki parish, LV-3801, Latvia",LV
300,56.418907,-7.090508,51.6989965,5.5382819,"Loosbroekseweg 54-56, 5388 VP Nistelrode, The Netherlands",NL
301,53.151485,16.367386,51.1268644,5.0200246,"Lindenstraat 14-30, 2440 Geel, Belgique",BE
302,46.08713,42.937958,64.4601112,11.5450675,"Navarvegen 7-11, 7820 Namsos, Norway",NO
303,23.200693,39.562378,40.978843,16.4391405,"Contrada Modesti, 70037 Ruvo di Puglia, Bari, Italy",IT
304,53.88428,9.090939,48.0003426,37.6122398,"Kostyantynivs'ka street, 3, Donetsk, Donetsk Oblast, Ukraine",UA
305,20.551218,-14.339914,-9.5657956,-77.594982,"14A 320, Peru",PE
306,-0.9750314,48.047337,11.6435537,104.1340883,"Unnamed Road, ឃុំ តាសាល, Cambodia",KH
307,37.699413,5.4586616,-26.2262558,31.0380077,"MR3, Ngwenya, Swaziland",SZ
308,52.35901,10.361489,-33.3219451,-71.4079109,"Avenida Portales, Casablanca, Valparaíso Region, Chile",CL
309,46.229633,10.216122,38.0815465,-7.9633479,"Unnamed Road, 7800, Portugal",PT
310,40.42897,25.042624,40.8165902,8.4758114,"SP81, 07037 Sorso, Sassari, Italie",IT
311,44.13702,11.831951,41.3310618,-7.7003785,"EM1231, 5000, Portugal",KR
312,56.409252,4.7905393,46.3149537,16.8180152,"Brodarska ulica 15, 40328, Donja Dubrava, Croatie",HR
313,31.796404,-16.771126,47.8428289,-111.6285624,"1648-1698 Highway 379, Dutton, MT 59433, USA",US
314,10.066946,89.39317,-6.444858,106.9855046,"Jl. Klp. Manunggal, Klp. Nunggal, Bogor, Jawa Barat 16710, Indonesië",ID
315,-11.626484,45.658993,-24.1931506,30.4097104,"R36, South Africa",ZA
316,23.78722,63.47508,9.0780556,99.8936111,"4232, Tambon Khanom, Amphoe Khanom, Chang Wat Nakhon Si Thammarat 80210, Thailand",TH
317,24.400032,74.865005,-35.1632869,173.2049971,"920 Kaitaia-Awaroa Road, Ahipara 0481, New Zealand",NZ
318,54.835125,-15.328381,52.7132388,-0.7457357,"19 Whissendine Road, Ashwell, Oakham, Rutland LE15 7LT, UK",PE
319,50.564682,14.886332,-5.4039015,-79.6299523,"2 A 590, Peru",PE
320,41.42858,46.53513,23.5389062,120.3142945,"Taiwan, Chiayi County, 嘉66鄉道",TW
321,14.284218,67.518555,25.1057739,92.1756915,"Lala Khal Road, Bangladesh",BD
322,33.89005,66.43462,24.9699431,55.1166165,Unnamed Road - Dubai - Các tiểu Vương quốc Ả rập Thống nhất,AE
323,11.802101,108.304146,1.2962589,103.7735539,"Research Link, Singapore",SG
324,34.002056,12.95956,-34.7567241,-68.0278649,"RN143, Mendoza, Argentina",AR
325,51.179905,-2.898933,50.4350189,19.945445,"Sportowa, 32-250, Poland",PL
326,-52.344288,3.8886771,-23.2198836,20.2631505,"Unnamed Road, Botswana",EE
327,60.623623,-9.489151,51.6938532,-3.0393905,"37-41 Greys Road, Pontypool, Torfaen NP4, UK",GB
328,43.336445,50.899063,1.3260819,103.6463425,"3 Tuas Ave 8, Singapore",SG
329,61.844448,23.132244,57.2978979,24.9368782,"E264, Straupes pagasts, LV-4152, Latvia",LV
330,30.831312,70.22639,27.080095,89.8738139,"Daga Rd, Daga, Bhutan",BT
331,22.08397,65.70343,25.155773,55.2998538,Muscat St - Dubai - United Arab Emirates,AE
332,53.794903,0.6522722,49.1612757,14.7372153,"00352, 391 81 Vlkov, Czech Republic",CZ
333,56.331184,14.89739,56.9246144,21.8360184,"Baznīcas iela, Īvande, Īvande parish, LV-3313, Latvia",LV
334,32.46759,91.08896,-7.7222078,112.753721,"Unnamed Road, Purwosari, Pasuruan, Jawa Timur 67162, Indonésie",ID
335,45.819584,31.194693,52.8302181,-6.9358341,"Kilkenny Road, Carlow, Ireland",IE
336,45.918583,59.81778,22.2724408,114.2898139,"High Junk Peak Country Trail, Clear Water Bay, Hong Kong",HK
337,5.9660254,-5.328629,23.950508,-100.9948104,"Cedral - San Tiburcio, San Luis Potosí, Mexique",MX
338,39.12393,22.741394,42.8716608,22.7555348,"813, Vrabcha, Bulgaria",BG
339,52.768177,30.177204,-33.3644845,-70.5785469,"La Cumbre 1326-1398, Vitacura, Santiago Metropolitan Region, Chile",CL
340,49.243755,17.443987,44.9461746,7.3276588,"Via Coassoli, 86, 10060 Cantalupa Turin, Italy",IT
341,53.337177,32.123272,45.8318738,13.8446885,"5295 Šmarje, Slovenia",SI
342,53.512943,25.813871,45.2365188,15.3760312,"D23, 47264, Kamenica Skradnička, Croatia",BW
343,-10.389513,27.801022,-26.4901085,27.0369582,"R53, South Africa",ZA
344,24.161343,17.74891,-12.2669733,-76.8786056,"Antigua Panamericana Sur, Lima, Peru",PE
345,57.272266,42.763096,1.4167652,103.9167684,"Punggol Promenade Nature Walk, Singapore",SG
346,52.195213,42.29178,48.9909342,14.6170272,"1468, 373 72 Hvozdec, Czech Republic",CZ
347,57.049652,45.57008,31.9961764,131.3136169,"Japan, 〒880-1101 Miyazaki-ken, Higashimorokata-gun, Kunitomi-chō, Honjō 県道356号線",JP
348,27.080498,9.721025,37.6454654,22.8457736,"Epar.Od. Argous - Arachneou, Nafplio 210 55, Greece",GR
349,37.44286,5.300934,-16.4922462,-71.8393696,"Panamericana Sur, El Cruce, Peru",PE
350,65.733444,27.56512,46.1648147,14.5175376,"Selo pri Vodicah 1, 1217 Vodice, Slovenia",SI
351,-26.635218,97.55492,-36.567715,144.3727006,"1545 Bendigo-Tennyson Road, Kamarooka VIC 3570, Australia",AU
352,9.003101,46.21958,8.8545989,-75.2790003,"Calle 12, La Union, Sucre, Kolumbia",CO
353,60.02339,5.555046,-44.7279311,171.0171819,"233 Mill Road, Waimate 7978, New Zealand",NZ
354,54.68536,-5.8144326,52.0997667,-2.9330603,"A438, Hereford, Herefordshire HR4, UK",UA
355,31.720594,86.26818,25.0596112,121.6635397,"No. 247, Xiùfēng Road, Xizhi, Nowe Tajpej, Tajwan 221",TW
356,49.335815,19.351433,43.5093055,23.0468837,"1, 3482 Vinište, Bulgaria",BG
357,20.304096,17.022831,41.09244,23.923704,"Unnamed Road, Perichora 620 45, Greece",KR
358,41.46665,29.679153,45.6249265,16.737188,"Podgarić, 43233, Šimljanik, Croatia",HR
359,30.465746,7.2144804,25.2005107,55.5191446,Amardhi St - Dubai - United Arab Emirates,AE
360,54.04662,10.162014,56.0802285,8.9836304,"Skærbækvej 28, 7400 Herning, Denmark",DK
361,58.09981,29.542185,60.9037905,10.0780328,"Lillehammervegen 798-804, 2881, Norway",NO
362,3.4509826,114.83151,13.9797971,107.0757142,"Unnamed Road, Cambodia",KH
363,8.684944,81.770294,11.2448209,104.5255129,"Unnamed Road, Cambodia",KH
364,24.888676,-20.768301,-29.7448497,24.752799,"R48, Luckhof 9982, Afrique du Sud",ZA
365,41.3916,-10.785036,10.3895276,-73.0290336,"Calle 2F # 7-1 a 7-99, Manaure Balcón Del César, Cesar, Colombia",CO
366,37.92874,32.94641,45.0460698,23.9163494,"DJ676D, Pojogi-Cerna, Romania",RO
367,40.36645,-7.3736634,52.5621064,-9.2041369,"Unnamed Road, Co. Limerick, Irland",IE
368,55.454338,22.402647,68.7355069,16.9478885,"Riksveg 848 80, 9450 Hamnvik, Norway",BW
369,57.30164,-3.9235978,55.4946168,10.1528454,"Brolundvej 20, 5471 Sonderso, Denmark",DK
370,21.14794,67.78909,11.8310041,105.672031,"Unnamed Road, Cambodia",KH
371,23.106989,-13.758062,32.7128813,35.4823485,"767, Yavne'el, Israel",IL
372,51.476925,9.154381,50.7877375,4.2016048,"Molenborrestraat 26-32, 1600 Sint-Pieters-Leeuw, Belçika",BE
373,54.099964,-1.682034,52.4069233,9.6603344,"Hogrefestraße 8, 30419 Hanower, Niemcy",SG
374,40.090855,61.99384,22.3716742,113.9538329,"Lung Mun Rd, Tuen Mun, Hongkong",HK
375,46.697586,38.34699,35.1123983,128.8704513,"779-1 Noksan-dong, Gangseo-gu, Busan, South Korea",KR
376,30.310144,34.797474,32.1865223,34.8581978,"HaShahar 23-33, Ra'anana, Israel",IL
377,37.897003,27.389801,40.8637588,25.6226367,"EO2, Alexandroupoli 681 00, Grecia",GR
378,53.92512,12.523112,46.2269978,14.7355441,"Gradišče v Tuhinju 1b, 1219 Laze v Tuhinju, Słowenia",SI
379,30.16337,96.03347,11.2487611,-73.8295799,"I-90 # 76, Santa Marta (Distrito Turístico Cultural E Histórico), Magdalena, Kolumbia",CO
380,28.098396,2.0730503,-11.7326019,-49.0998733,"Rua Antônio de Almeida Veras, 1065-1277 - Alto da Boa Vista, Tocantins, 77425-340, Brésil",BR
381,39.751335,99.0685,37.6679052,127.0461946,"726-46 Banghak 1(il)-dong, Dobong-gu, Seoul, South Korea",KR
382,45.4754,57.98031,23.9366838,121.5549483,"Chéngzhōng 2nd Street, Jian Township, Hualien County, Taiwan 973",TW
383,-9.50732,125.14139,23.309822,89.8585176,"Dhaka - Khulna Hwy, Muksudpur, Bangladesh",BD
384,30.49164,48.51672,-24.6880021,25.8793608,"Bishops, Gaborone, Botswana",BW
385,37.654976,11.352177,67.4177284,-133.9619157,"Dempster Highway, Tsiigehtchic, NT X0E, Canada",CA
386,34.37815,83.43248,-26.8551591,-52.9880616,"Avenida Mato Grosso, 588-696, Santa Catarina, 89870-000, Brazil",BR
387,31.498766,28.207119,42.22018,-5.7502883,"LE-412, 32, 24791 Roperuelos del Páramo, León, Spain",ES
388,29.792227,23.769123,2.594585,-75.4209034,"RT45 # 1, Hobo, Huila, Colombia",CO
389,56.113293,4.4603367,48.6665479,21.9920491,"555, 072 13 Palín, Slovakia",SK
390,47.567917,28.677582,53.9281992,-8.6077558,"Unnamed Road, Co. Roscommon, Ireland",IE
391,54.228893,-2.7216353,54.3673122,23.7857583,"1108, Kumečiai 64262, Lithuania",LT
392,32.43826,49.895714,39.1373138,-9.3814955,"R. Dr. João de Barros 1, 2560-487 Silveira, ポルトガル",PT
393,-23.454798,15.881975,-23.1156051,27.1243018,"Mahalapye, Botswana",BW
394,50.946774,32.99052,50.9158229,3.3480016,"Sparrestraat 4-6, 8710 Wielsbeke, Belgium",BE
395,47.21777,19.958488,53.4561756,-6.1861153,"2-34 Seabury Wood, Malahide, Co. Dublin, Ireland",IE
396,62.98125,3.9650168,55.7099931,9.4677096,"Vardevej 359, 7100 Vejle County, Denmark",DK
397,43.371067,33.889133,42.6196325,-6.4641911,"Plaza Indust.Pibas, 5, Parque Industrial del Bierzo Alto, 24318 Bembibre, León, Spain",ES
398,50.01594,60.038944,47.393485,8.5004486,"Bernerstrasse, 8048 Zurich, Switzerland",CH
399,57.114918,27.292255,58.5720516,15.2950079,"34, 590 31 Borensberg, Sweden",SE
400,34.7742,39.38817,-7.0002441,112.5890591,"Jl. Pelita III No.40, Sidayu, Gresik, Jawa Timur 61153, Indonesia",ID
401,55.143658,23.90207,50.4495641,4.6493063,"Rue Trieu des Dames 11-17, 5190 Jemeppe-sur-Sambre, Belgium",BE
402,50.06976,45.51369,55.6712727,12.5615747,"Helgolandsgade 19-21, 1650 Copenhagen, Denmark",DK
403,-7.426596,10.980522,-4.4852264,-80.4000719,"1NN, El Alamor, Perú",PE
404,50.867363,2.6403375,55.3389926,25.9212592,"111, 30210, Lithuania",LT
405,51.202206,10.538791,42.5681766,1.6785764,"CG-2, AD100 Canillo, Andorra",AD
406,-12.686407,57.50397,-17.8563162,25.227868,"A33, Botswana",KH
407,47.301517,11.234957,51.4636735,-9.7859392,"Unnamed Road, Co. Cork, Ireland",IE
408,49.920895,-9.882841,63.7369886,-68.4938844,"2444 Paurngaq, Iqaluit, NU X0A, Canada",CA
409,55.58038,20.872591,43.6847226,26.4070887,"2003, 7038 Senovo, Bulgaria",BG
410,58.589256,5.1222835,52.3452097,-9.3628419,"Unnamed Road, Co. Kerry, Ireland",IE
411,50.57088,15.678839,57.2555038,9.9275776,"Sdr Omfartsvej 166, 9700 Bronderslev, Denmark",DK
412,33.936436,30.630362,41.2728351,-6.5538654,"R. da Forja, 5200, Portugal",PT
413,51.186985,6.783465,54.1004769,-112.652162,"Alberta 28, Warspite, AB T0A 3N0, Canada",CA
414,9.134655,71.268936,26.9407937,91.557731,"Unnamed Road, Bhutan",BT
415,22.245884,-4.15721,-46.2401626,-71.4939188,"RP45, Santa Cruz, Argentina",SI
416,48.119427,41.693394,42.5080778,1.5230042,"Carrer les Canals, 6, AD500 Andorra la Vella, Andora",AD
417,59.484627,7.3119774,45.6191258,9.2025725,"Via Francesco Baracca, 37, 20832 Desio Monza et de la Brianza, Italie",IT
418,44.196888,38.7198,47.5010752,39.9701876,"avtodoroga Don, Oblast de Rostov, Russie",RU
419,51.39385,-11.595642,52.6681805,-0.5900387,"46 Willoughby Drive, Empingham, Rutland LE15, Royaume-Uni",GB
420,64.92213,27.807217,65.6935461,25.9019608,"Oijärventie 3688-3706, 95160 Ii, Finland",FI
421,46.9973,30.592648,53.8398645,-6.5889167,"R165, Co. Louth, Ireland",IE
422,6.8738956,17.161705,32.4328681,-115.2702111,"Baja California 2, Ejido Guanajuato, Baja California, Mexico",HK
423,67.49339,12.993145,49.1669076,20.9820085,"Moyzesova, 082 71 Lipany, Slovakia",SK
424,46.732677,6.6598625,51.7652063,-104.1085607,"SK-16, Wynyard, SK S0A 4T0, Канада",CA
425,1.5900097,125.70909,2.2618071,103.6023409,"Jalan Mersing, Kampung Temigol, 86000 Kluang, Johor, Malaysia",MY
426,59.881557,18.52809,44.1046775,15.2792612,"Ulica Grgura Barskog Zadranina 17, 23000, Zadar, Croatia",HR
427,38.289955,24.277887,36.6658166,24.8576026,"Unnamed Road, Folegandros 840 11, Grekland",GR
428,40.867992,55.856144,22.4512394,114.1697798,"Tai Po Tai Wo Rd, Tai Po, Χονγκ Κονγκ",HK
429,55.511875,24.53983,45.2768974,25.5014955,"DN71, Romania",RO
430,29.464968,48.497746,41.5070844,-5.1049646,"N-122, 401, 47114 Torrecilla de la Abadesa, Valladolid, Spain",ES
431,45.873844,48.88288,41.8369898,2.4682703,"GI-543, 29, 17401 Arbúcies, Girona, Spain",ES
432,39.45354,72.85987,1.2980055,103.8855409,"30 Meyer Rd, Singapūras 437861",SG
433,49.805626,18.781073,51.8019821,-1.8949661,"A429, Cheltenham, Gloucestershire GL54 3JS, UK",GB
434,31.350986,92.22464,2.8721658,101.844577,"6, Jalan Enam Kaki, Kampung Kuala Pajam, Beranang, Selangor, Malaysia",MY
435,44.756565,35.233246,53.810477,-9.4956793,"Unnamed Road, Co. Mayo, Ireland",IE
436,-20.048311,-28.176746,-42.711734,-66.1613618,"RP4, Chubut, Argentina",AR
437,62.327618,10.560141,61.4970014,23.7189194,"Pyynikintie 64, 33240 Tampere, Finland",FI
438,41.84639,18.726494,47.947141,21.7862051,"4551 Nyíregyháza, Derüs Street 15-17, Hungary",HU
439,42.731514,37.592968,43.8318722,0.0054974,"D109, 32370 Bourrouillan, France",FR
440,53.967274,-2.8881688,46.3175448,15.0156884,"Podgorje pri Letušu 5, 3327 Šmartno ob Paki, Słowenia",SI
441,44.680332,18.11403,43.3586699,3.2534768,"D612, 34500 Béziers, France",FR
442,47.874126,24.550259,41.702202,-6.1439601,"Calle Barceo Domez de Alba, Samir de los Caños, Zamora, España",ES
443,16.949955,96.633484,1.2962589,103.7735539,"Research Link, Singapore",SG
444,-10.910868,11.564623,-20.1895258,25.2798813,"A3, Botswana",BW
445,53.027943,27.527657,52.3630382,9.7375963,"Arthur-Menge-Ufer 1, 30169 Hanovre, Allemagne",DE
446,54.339153,-6.006429,47.5049964,26.5196044,"DJ208C, Liteni, Romania",RO
447,47.969646,34.066624,46.1648147,14.5175376,"Selo pri Vodicah 1, 1217 Vodice, Slovenia",SI
448,22.570522,95.4884,23.4330232,120.5269451,"No. 585-1, Zhōngzhèng Road, Zhongpu Township, Chiayi County, Taiwan 606",TW
449,49.56509,41.785305,41.7703948,-8.7790126,"N302, 4925, Portugal",PT
450,41.892822,1.2567539,55.1029968,21.8678096,"4230, 99295, Lithuania",LT
451,2.54627,-2.4684625,-25.8965665,-70.4768286,"Panamericana Norte, Taltal, Antofagasta Region, Chile",CL
452,14.717976,103.39172,22.4430822,114.0720994,"Kong Tai Rd, Kam Tin, Hong Kong",HK
453,2.535627,85.06025,23.2774863,91.3009311,"Dhaka - Chittagong Hwy, Bangladesh",BD
454,58.25153,4.329558,56.0004882,22.6008667,"E272, Pabalvė 88200, Lituanie",LT
455,57.628704,33.33935,47.1213938,17.156821,"9545 Jánosháza, Széchenyi Street 25-27, Hungary",HU
456,24.95927,-5.011,-8.3772935,-78.6601773,"Unnamed Road, Peru",PE
457,30.08439,81.98009,25.407771,55.5086372,Sheikh Ammar Bin Humaid St - Ajmān - United Arab Emirates,AE
458,61.862865,7.987087,46.390372,14.6248598,"Logarska Dolina 14, 3335 Solčava, Slovenia",SI
459,9.720734,-30.267662,-30.806412,-71.4040728,"D-649, Ovalle, Coquimbo Region, Chile",CL
460,65.561066,0.44164324,49.2854577,19.8450317,"Droga Wojewódzka 958, Poland",PL
461,40.343563,41.167934,-15.7905494,-47.9703286,"Scia Q 14 Conjunto 10 12, 8 - Brasília National Park, Brasilia - Federal District, Brazil",BR
462,52.06158,2.6066365,54.4162079,16.5525099,"Droga Wojewódzka 205, Poland",PL
463,42.46269,20.134155,36.2265067,23.0829215,"μονοπ. Φάρου Αβλέμονα, Avlémonas 802 00, Greece",GR
464,30.039785,96.02327,22.7034549,89.6969161,"Bagerhat - Khulna Hwy, Bangladesh",BD
465,29.49464,-17.777645,49.963512,-108.9399442,"Unnamed Road, Piapot, Saskatchewan S0N 1Y0, Kanada",CA
466,54.519524,16.792704,54.6722507,25.1621137,"Dubliškių gatvė, Vilnius 02300, Lithuania",LT
467,46.63457,65.917984,23.874098,90.9853479,"Unnamed Road, Бангладеш",BD
468,36.442116,47.533756,38.6758949,-27.3289406,"Canada do Pilar 105, 9700, Portogallo",PT
469,-38.863953,118.75661,-37.0065472,142.8642055,"Navarre Road, Concongella VIC 3381, Australia",AU
470,42.25047,25.246784,45.6180684,25.6686543,"Centura Săcele, Săcele, Romania",RO
471,50.244038,9.475265,45.5039172,15.5265387,"Ulica Mirka Seljana 43, 47000, Károlyváros, Horvátország",GB
472,48.046803,50.708538,59.6772136,10.9560448,"Fylkesveg 205 30, 1825 Tomter, Norway",NO
473,-23.981249,60.944263,11.0185206,103.7871266,"National Hwy 4, Камбоджа",KH
474,47.024532,17.060339,56.9564789,23.6736205,"Dzelzceļa iela 36, Jūrmala, LV-2008, Latvia",LV
475,52.834385,61.79329,27.0100824,90.5583611,"Sarpang - Gelephu - Trongsa Hwy, Bhutan",BT
476,11.749401,112.22223,5.2940783,101.9852278,"D29, 18200 Dabong, Kelantan, Malaysia",MY
477,39.614017,11.2999935,46.1799074,14.3307297,"Virmaše 123, 4220 Škofja Loka, Slovenia",SI
478,53.770607,10.163417,42.5421928,1.5916884,"CG-2, AD200 Encamp, Andorra",AD
479,41.700874,28.452179,19.4890289,-100.9212673,"Michoacán 49, Michoacán, Mexico",MX
480,21.314693,63.47181,-23.1015578,30.3974041,"R524, 0985, South Africa",ZA
481,48.111057,13.917303,48.7479153,19.1363754,"E77, 974 01 Banská Bystrica, Slovaquie",SK
482,-20.207893,37.355583,-26.7521696,31.8888286,"MR8, Swaziland",SZ
483,44.44898,5.732059,45.0557497,39.1152164,"1-y Stanovoy proyezd, 4-6, Znamenskiy, Krasnodar Krai, Russia, 350000",RU
484,38.683746,37.81445,-27.2497673,31.433823,"MR11, Swaziland",SZ
485,45.461384,7.01732,52.0778564,16.6215398,"Juliana Niemcewicza 11, 64-000 Koscian, Poland",PL
486,60.99337,25.18136,58.007536,56.2473741,"ulitsa Pushkina, 25, Perm, Perm Krai, Russia, 614068",RU
487,42.62816,7.5422044,55.8607192,9.8707385,"Strandpromenaden 27, 8700 Horsens, Denmark",DK
488,52.8708,40.71937,56.4354412,26.7918852,"P58, Stabulnieku pagasts, LV-5333, Latvia",NO
489,19.223307,0.90243864,39.4687228,-3.2290645,"CM-3012, 7, Alcázar de San Juan, Ciudad Real, Spain",ES
490,57.804718,18.901495,52.1107378,-7.6774223,"R672, Co. Waterford, Ireland",IE
491,43.94849,39.06796,26.4856465,90.5526287,"Dhaka - Barisal Hwy, Bangladesh",BD
492,42.159958,63.69442,1.2889851,103.7703323,"33 Harbour Dr, Singapore 117606",SG
493,8.651572,17.237402,-28.7221862,24.3565061,"N8, South Africa",ZA
494,41.718777,20.25086,35.188082,128.9824182,"53 Nakdong-daero 1446(cheonsabaek, Sasang-gu, Busan, South Korea",KR
495,33.094,76.44828,23.4378161,120.3735501,"608, Taiwan, Chiayi County, Shuishang Township, 嘉40-1鄉道",TW
496,43.40137,42.873302,58.9706318,9.1685919,"Fylkesveg 256 540, 3760 Neslandsvatn, Norway",NO
497,57.505085,15.484222,58.0629122,25.0208749,"Mõisaküla-Jäärja, 86205 Pärnu County, Estonia",EE
498,60.043797,4.946863,65.8527098,20.3970404,"ÖHN 5, 942 95 Vidsel, Швеция",SE
499,47.756737,64.22509,24.151074,120.5986021,"Jīngkē North Road, Nantun District, Taichung City, Taiwan 408",TW
500,49.750446,41.919094,46.5265046,6.5698032,"Route de la Plaine 5, 1022 Chavannes-près-Renens, Switzerland",CH
501,42.15773,40.541126,27.3106661,91.0641247,"Bumthang - Ura Hwy, Bhutan",BT
502,59.07831,16.087944,46.4638853,13.9432373,"Dovje, 4281 Mojstrana, Słowenia",SI
503,58.78078,31.679995,70.0016971,29.2121019,"E6 110, 9840 Varangerbotn, Norway",IS
504,45.843018,26.36778,48.6368456,22.1607806,"552032, 072 53 Bežovce, Slovakia",SK
505,46.76663,19.417778,43.3468093,23.1062576,"815, 3527 Bistrilitsa, Bulgaria",BG
506,-6.3396974,95.0296,-34.9055796,117.7932139,"Hazzard Road, Green Valley WA 6330, Australia",AU
507,42.13577,15.649204,42.0880791,-7.7783654,"Rúa Principal, 43, 32693 Vilariño das Poldras, Ourense, Espanja",ES
508,49.501095,31.7549,35.0806828,128.8739751,"311-11 Sinho-dong, Gangseo-gu, Busan, South Korea",KR
509,38.21143,19.495905,42.062753,24.5535368,"8602, 4225 Perushtitsa, Βουλγαρία",BG
510,47.253216,36.54679,46.6101435,15.238725,"Spodnja Vižinga 39, 2360 Radlje ob Dravi, Słowenia",SI
511,3.5473974,91.46154,25.1057739,92.1756915,"Lala Khal Road, Bangladesh",BD
512,49.362385,15.638802,47.4680562,-0.7134867,"11 Rue Saint-Exupéry, 49170 Saint-Léger-des-Bois, France",FR
513,58.57124,5.220378,50.0040019,16.7493491,"Červená Voda 3, 561 69 Červená Voda, Czech Republic",CZ
514,38.398167,13.131268,47.1485565,27.6817516,"DJ249A, Iași, Romania",RO
515,53.12071,2.0762374,52.2141056,21.0329041,"Agrykola 1, Varsovia, Polonia",PL
516,39.04865,33.5501,42.5381722,1.4918619,"Ctra. de la Caubella, AD400 La Massana, Andorra",AD
517,46.873913,26.089252,22.4422477,114.0705052,"Chi Ho Rd, Kam Tin, Hong Kong",HK
518,18.55507,103.7296,23.0990817,89.7601313,"Dhaka - Khulna Hwy, Bangladesh",BD
519,36.42523,48.198925,46.9586367,20.2293298,"5430 Tiszaföldvár, Kurázsi Fő Way 32, Hungary",HU
520,60.36788,14.948826,58.0890227,27.4640547,"Räpina-Kahkva, Sillapää, 64420 Põlva County, Estonia",EE
521,-22.891924,11.331867,-23.7752106,24.7683412,"Kweneng West, Botswana",BW
522,48.92111,23.361649,41.8596,13.9200688,"Strada Statale 479, 67038 Scanno, L'Aquila, Italy",IT
523,53.263744,14.86307,53.718721,10.0849129,"Segeberger Chaussee, 22397 Hamburg, Tyskland",DE
524,60.894016,40.672855,50.8810774,4.6908401,"Brusselsestraat 204, 3000 Leuven, Belgium",BE
525,25.881315,43.10163,-25.0935137,-50.1899816,"Rua Visconde de Macaé, 295-381 - Nova Rússia, Ponta Grossa - Parana, 84053-190, Brazil",BR
526,49.689144,31.93029,53.4224466,19.5431051,"Droga Wojewódzka 538, Pologne",PL
527,27.935898,44.25392,32.0735909,34.8206606,"Hurgin 7-25, Ramat Gan, Israel",IL
528,0.8377962,87.259735,-21.1010195,-56.5118953,"MS-178, Mato Grosso do Sul, 79290-000, Brazil",BR
529,32.744255,13.678036,-19.9816151,23.4511249,"Koro, Maun, Botswana",BW
530,60.05006,3.6637378,62.066357,5.5715553,"Riksveg 61 50, 6144 Sylte, Norvège",NO
531,53.81975,20.789078,63.7164527,11.2538142,"Fylkesveg 122, 7600 Levanger, Norge",NO
532,24.478823,80.874115,22.4738949,89.5979362,"Khulna - Mongla Hwy, Mongla, Bangladesh",BD
533,58.633053,1.1921444,52.100526,-4.6140481,"A487, Cardigan, Ceredigion SA43 1RG, UK",GB
534,42.0521,76.38463,35.1563226,128.9919381,"38-4 Jugam-ro, Sasang-gu, Busan, South Korea",KR
535,-9.805494,36.523796,-18.983229,140.4358429,"Burke Developmental Road, Stokes QLD 4823, Australia",AU
536,50.580265,13.128145,44.7791533,-0.6094729,"77-81 Cours du Général de Gaulle, 33170 Gradignan, France",FR
537,58.6341,5.056618,37.0369783,-79.9056519,"Jamestown Road, Rocky Mount, VA 24151, USA",US
538,60.69333,22.899067,52.3824677,5.2173479,"Markerdreef, Markerkant, 1316 Almere, Nederländerna",NL
539,32.97764,12.123037,40.1309432,20.9691264,"Epar.Od. Samarinas - Fourkas, Grevena 510 32, Grækenland",GR
540,46.170616,3.5013433,-19.5714916,-44.0583355,"Rua Santa Juliana, 683 - Bom Jesus, Matozinhos - Minas Gerais, 35720-000, Brazil",BR
541,20.051672,78.58031,1.7583022,110.3192568,"1101, 93050 Kuching, Sarawak, Malaysia",MY
542,47.406174,53.867382,50.0288734,36.3039915,"Zhulyardi Descent, Kharkiv, Kharkiv Oblast, Ukraine",UA
543,50.524517,5.3414874,49.7980512,14.8664107,"113, 257 26 Divišov, Czech Republic",US
544,44.348114,40.397655,35.1493083,128.8705909,"34-15 Mieum-dong, Gangseo-gu, Busan, South Korea",KR
545,54.934483,11.825651,52.4044233,9.8046393,"Meersmannufer 11, 30655 Hanover, Germany",DE
546,53.36649,28.773493,56.7281893,37.6018089,"Р112, Moskovskaya oblast, Russie",RU
547,56.3644,11.47525,59.3060987,9.1164907,"Vrangfossvegen 868, 3825 Lunde, Norway",NO
548,52.982426,12.471996,54.591129,25.3522521,"Mechanizatorių gatvė, Rudamina 13246, Litauen",LT
549,52.4863,11.590941,59.3549549,13.7876572,"ARNÖN 210, 660 57 Väse, Sweden",KH
550,39.51076,42.32529,45.7161573,11.4648062,"Via Santa Rosa, 36010 Zané Vicenza, Italy",IT
551,44.34949,12.912645,36.7942211,21.840297,"Epar.Od. Koronis-Kamarias, Pilos Nestor 240 04, Greece",GR
552,50.977245,25.441154,43.2209618,13.3119029,"Strada Provinciale 53, 62029 Tolentino, Macerata, Italië",IT
553,41.221302,28.679798,2.9018825,101.8678174,"Jalan Semenyih, 43000 Beranang, Selangor, Malaysia",MY
554,11.640884,7.4596515,38.7404707,22.619195,"Epar.Od. Thivas - Thermopilon, Molos Agios Konstantinos 350 09, Grekland",GR
555,39.608532,20.897688,42.4929584,1.4994714,"CG-1, AD500 Andorra la Vella, Andorra",AD
556,46.580475,3.8450499,51.6583473,-9.3520954,"Unnamed Road, Co. Cork, Ireland",IE
557,28.500793,34.22238,50.3167032,14.7193757,"27220, 294 78 Dolní Slivno, Czech Republic",CZ
558,17.641027,58.3657,27.88351,128.9330603,"1610 Tete, Tokunoshima-chō, Ōshima-gun, Kagoshima-ken 891-7421, Japan",JP
559,53.30856,18.669981,42.9747781,25.3312194,"4041, 5374 Yantra, Bulgaria",BG
560,32.49278,23.591856,-5.0026364,-81.0678328,"Unnamed Road, Colán, Peru",PE
561,44.46897,3.6104064,61.202647,6.5254476,"Sognefjordvegen 21, 6899 Balestrand, Norway",NO
562,11.034413,27.952929,-26.5994848,31.1517241,"MR4, Swaziland",SZ
563,47.4806,50.646374,-2.8902352,-58.9841424,"AM-010, Itacoatiara - AM, 69100-000, Brasilien",HU
564,17.244593,24.638271,-25.7808011,25.1543644,"B101 Road, South Africa",ZA
565,39.042942,52.480175,35.0806828,128.8739751,"311-11 Sinho-dong, Gangseo-gu, Busan, South Korea",KR
566,59.83036,9.536951,54.817936,23.116096,"1912, Degutinė 71297, Lituanie",LT
567,39.240128,67.66302,-12.0622821,-77.0952454,"Avenida Venezuela, San Miguel District 15088, Peru",PE
568,55.970173,21.889812,52.5523972,13.1955134,"Askanierring 57, 13585 Berlin, Germany",DE
569,-0.9602361,3.921412,-19.9769498,26.1607635,"A33, Botswana",LT
570,30.084036,60.08541,5.1258552,-74.9003299,"43 - Palo Cabildo, Armero-Guayabal, Tolima, Colombia",CO
571,45.672184,38.324623,55.5868775,9.2109997,"Margretenborgvej 17, 6600 Vejen, Denmark",DK
572,51.414753,57.50033,-3.7498162,-38.5287303,"Avenida Treze de Maio, 447-591 - Fatima, Fortaleza - Ceará, 60040-530, Brazil",BR
573,41.618176,53.125607,56.4903789,-3.096128,"13 Kirk Road, Dundee, Angus DD2, UK",GB
574,60.53263,15.237028,66.6501518,19.8669336,"818, 962 99 Jokkmokk, Sweden",SE
575,57.547108,13.097902,59.9187773,10.5931882,"Bærumsveien 194, 1357 Bekkestua, Norway",NO
576,44.82802,26.977074,52.1398234,5.3573952,"Utrechtseweg 291, 3818 EH Amersfoort, The Netherlands",NL
577,53.25568,4.9889617,53.8825725,22.6956887,"Droga Wojewódzka 661, Poland",PL
578,20.708836,87.56856,12.283623,102.9732249,"Unnamed Road, Kambodja",KH
579,53.146824,33.048,49.4067206,22.1567012,"892, Polska",PL
580,52.039722,54.927345,15.1119659,103.4911581,"Unnamed Road, Tambon Ka Ko, Amphoe Mueang Surin, Chang Wat Surin 32000, Thailand",TH
581,27.091375,24.35873,-26.8954723,31.6766118,"MR14, Sithobela, Swaziland",SZ
582,61.194904,23.041885,54.7644682,37.9965604,"Р115, Bogoslovskoye, Tula Oblast, Russia",RU
583,19.671236,-19.359074,42.4045835,23.8699484,"803, 2050 Ihtiman, Bulgaria",BG
584,56.57638,39.50962,27.3143143,91.3384094,"Mongar - Trashigang - Trashiyangtse Rd, Yadi, Bhutan",BT
585,50.52496,29.954811,46.418209,15.8695808,"Jadranska ulica 15, 2250 Ptuj, Słowenia",SI
586,30.419352,55.187817,24.9883384,55.0212371,D53 - Dubai - United Arab Emirates,AE
587,45.147984,22.26943,-12.9536192,-38.4589731,"Rua Silveira Martins, 2387-2401 - Engomadeira, Salwador - Bahia, Brazylia",BR
588,60.312534,17.750317,57.79059,26.5079836,"Antsla-Haabsaare, 66422 Võru County, Estonia",EE
589,53.523388,-0.6787596,42.4566487,1.4787141,"Ctra. de Fontaneda, AD600 Sant Julià de Lòria, Andorra",AD
590,57.03113,7.126477,56.4554691,27.5229237,"Rēzeknes iela 2, Stoļerova, Stoļerovas pagasts, LV-4642, Latvia",LV
591,51.877075,17.544668,57.1516024,25.7002967,"P30, Taurene parish, LV-4119, Latvia",LV
592,42.14628,52.01532,11.016457,-74.8444981,"Carrera 51B # 1 a 99, Puerto Colombia, Atlántico, Kolumbia",CO
593,21.307373,119.17796,-6.050922,107.4076704,"Jl. Cemara Jaya, Pedes, Karawang, Jawa Barat 41353, Indonesia",ID
594,-11.449038,6.146501,-20.4723592,24.4991213,"Xhumaga, Botswana",BW
595,26.548368,0.846601,37.9646643,24.7506179,"Unnamed Road, Andros 845 01, Greece",GR
596,44.140797,74.26049,25.1265689,55.208014,757 Sheikh Zayed Rd - Dubai - United Arab Emirates,AE
597,59.01265,9.239703,48.6736669,-54.0967318,"NL-1, Glovertown, NL A0G 2L0, Canada",CA
598,50.95191,10.521032,51.3326356,3.2969982,"Kragendijk 124-134, 8300 Knokke-Heist, Belgium",BE
599,10.701179,50.162636,-26.9159344,31.3383031,"MR9, Nhlangano, Swaziland",SZ
600,24.071753,12.223742,45.5430242,20.8507707,"DN59B, Roemenië",RO
601,58.189648,34.39113,54.988374,-7.9134663,"Unnamed Road, Co. Donegal, Ireland",IE
602,48.901424,3.2442722,46.6532712,27.6740119,"DJ207E, Brodoc, Romania",RO
603,42.51916,21.884829,37.2518946,140.3015342,"Chigire-65-46 Hodowara, Sukagawa-shi, Fukushima-ken 962-0045, Japan",JP
604,16.718079,102.74816,23.5436787,89.5335446,"Mawa - Bhanga Hwy, Bangladesh",BD
605,11.609459,97.93408,6.5978062,-73.1587887,"Barichara, San Gil, Santander Department, Colombia",CO
606,49.972507,26.98595,40.6175328,23.7752242,"Epar.Od. Stavrou-Neas Chalkidikis, Aristotelis 630 74, Greece",GR
607,37.56087,52.573307,43.4425742,-8.1363108,"Carretera Fonfría, 15611 Cabanas, A Coruña, Spain",ES
608,34.176353,25.591873,-19.5904326,-40.1939023,"BR-101, Espirito Santo, Brazil",BR
609,17.79908,-4.9562173,-33.9423116,24.3094964,"R62, Kareedouw 6400, South Africa",ZA
610,-0.81879663,125.80619,22.4333652,89.043889,"Satkhira - Kalaroa Rd, Bangladesh",BD
611,29.31777,26.168316,-32.7448998,-71.4741487,"F-30-E, Puchuncaví, Valparaíso Region, Chile",CL
612,46.58771,48.323906,53.3384022,-8.9494577,"N17, Co. Galway, Ireland",IE
613,52.16178,9.015785,53.0353793,-1.2872484,"B600, Nottingham, Nottinghamshire NG16 3QX, UK",GB
614,43.34062,28.678228,-30.1526535,-51.2048711,"Avenida do Altos do Santa Rita, 509-589 - Hipica, Porto Alegre - Rio Grande do Sul, 91755-016, Brazylia",BR
615,56.350567,19.743982,51.8997232,5.7760665,"Valburgsestraat 22, 6677 PC Slijk-Ewijk, The Netherlands",NL
616,29.799755,19.834688,-36.7618528,145.575812,"48-50 Mansfield Road, Euroa VIC 3666, Australia",AU
617,58.266163,22.531834,57.3121937,25.6482569,"E77, Rauna parish, LV-4131, Lettonie",KH
618,58.512035,5.78098,56.4699519,23.3850821,"P95, Tērvetes pagasts, LV-3730, Latvia",LV
619,37.02977,63.117443,22.2885634,113.9417325,"33 Tat Tung Rd, Tung Chung, Hong Kong",HK
620,56.889275,46.482258,51.5750068,-9.3710405,"Unnamed Road, Co. Cork, Ireland",IE
621,55.150547,3.5692506,46.0884873,3.443733,"27 Rue de la Gare, 03270 Hauterive, Francja",AE
622,-0.57653713,106.95624,5.7036859,100.9167833,"Unnamed Road, 09100 Baling, Kedah, Malaysia",MY
623,55.09387,24.7773,55.8743369,26.5275568,"Stacijas iela 42, Daugavpils, LV-5401, Latvia",LV
624,62.105297,17.742691,43.9374584,-79.1024568,"3602-4000 Sideline 16, Pickering, Ontario L1Y 1A2, Kanada",CA
625,16.337648,68.527885,4.2597766,-74.5992037,"I-40 # 1 a 56, Melgar, Tolima, Colombia",CO
626,-10.018534,10.346745,-24.6131293,25.9529418,"Kgope, Gaborone, Botswana",BW
627,35.16349,41.478992,11.0934876,106.1424798,"Unnamed Road, Krong Bavet, Kambodscha",KH
628,13.706745,14.640724,-21.1330771,27.4307177,"A30, Botswana",BW
629,64.08679,5.8423295,56.1524746,9.7075752,"Linåvej 62, 8600 Silkeborg, Denmark",DK
630,46.897884,17.273413,48.2276102,19.6169321,"3138 Ipolytarnóc, 2205, Hongarije",HU
631,8.85493,9.038044,26.9433502,-104.6245114,"Carretera Federal 49de Cuota, Chihuahua, Mexico",MX
632,26.117601,25.08563,-26.4063211,31.0833706,"MR19, Swaziland",SZ
633,55.14922,6.2615495,47.8655216,18.7510283,"564, 943 65 Bajtava, Slovakia",SK
634,63.00886,24.007893,60.3047598,17.7553752,"735, 748 96 Tobo, Suède",SE
635,38.88251,67.66777,26.9004311,91.5020939,"Unnamed Road, Bhutan",BT
636,58.290302,4.5083814,42.6312706,1.5168846,"Av. de Tristaina, AD300 Ordino, Andorra",AD
637,46.05,13.689325,51.0720884,13.6653624,"E55, 01157 Dresde, Allemagne",DE
638,50.025948,25.798298,46.7993633,-76.1662251,"QC-117, Lac-Pythonga, QC J0W, Canada",CA
639,42.235233,15.34672,47.3675534,20.3909522,"5061 Tiszasüly, 3224, Hungary",HU
640,55.897617,0.445601,55.4568286,9.6044814,"Varmarkvej 24-26, 6092 Sønder Stenderup, Denmark",DK
641,42.372154,61.787807,53.2135756,50.1816754,"Moskovskoye shosse, 35, Samara, Samara Oblast, Russia, 445240",RU
642,30.08558,51.23853,24.9388946,55.0565658,Unnamed Road - Dubai - Förenade Arabemiraten,AE
643,56.60699,9.899503,45.694322,-62.2852864,"4264 Shore Rd, Merigomish, NS B0K 1G0, Canada",CA
644,46.36329,50.94823,13.9797971,107.0757142,"Unnamed Road, Cambodia",KH
645,50.981876,15.039831,58.1608305,7.9885753,"Egsveien, 4615 Kristiansand, Reino da Noruega",NO
646,58.13239,-3.0002751,-46.2888654,168.2507337,"292 Argyle-Otahuti Road, Waianiwa 9874, New Zealand",SI
647,40.783604,13.256504,49.7980512,14.8664107,"113, 257 26 Divišov, Czech Republic",US
648,57.80562,20.397007,57.9972839,22.1276452,"Mäebe-Kargi, 93246 Saaremaa, Estonia",EE
649,46.81042,-4.647866,63.7181056,-68.5143394,"Akilliq, Iqaluit, NU, Canada",CA
650,49.300243,9.985018,42.5452988,1.4829278,"CG-4, AD400 La Massana, Andorra",AD
651,42.333935,50.0825,31.2385333,34.77376,"Sderot Johana Jabotinsky 13, Beersheba, Israel",IL
652,51.301075,5.024128,49.0927351,-53.8075154,"NL-320, Indian Bay, NL A0G 2V0, Canada",CA
653,49.121204,-7.333284,53.4435091,-6.7770112,"Unnamed Road, Co. Meath, Ireland",IE
654,38.843052,78.08773,24.1197883,120.6172781,"Gāotiě 3rd Road & Section 3, Gāotiě Road, Taichung City, Taiwan",TW
655,59.726723,5.4376936,48.76376,44.5563384,"ulitsa Kuznetsova, 32, Volgogrado, Óblast de Volgogrado, Rusia, 400007",RU
656,54.389805,27.083786,-33.7790672,150.9291218,"38-40 Oldfield Road, Seven Hills NSW 2147, Australia",AU
657,44.683495,34.545586,48.2095858,19.1357274,"75, 991 41 Čelovce, Slovakia",SK
658,29.237936,78.694374,1.2971707,103.9031092,"910 ECP, Singapore 449889",SG
659,46.096165,-5.969892,45.6045819,14.2363,"Šembije 33, 6253 Knežak, Słowenia",SI
660,27.863768,48.106144,-5.98831,-79.746813,"Avenida Miguel Grau 1014, Olmos, Peru",PE
661,46.09141,37.45719,22.4191344,113.9833265,"Lam Tei Main St, Tuen Mun, Hong Kong",HK
662,12.679514,0.007312298,-37.2401264,-73.2303487,"Ruta 160, Biobío Region, Chile",CL
663,51.19479,24.23254,48.2095858,19.1357274,"75, 991 41 Čelovce, Slovakia",SK
664,60.214962,7.4626017,60.2487652,25.8965794,"Tirmontie 597-599, 07360 Porvoo, Finland",FI
665,50.87792,30.430721,50.0148468,36.2357966,"ulitsa Krymskaya, Kharkiv, Ukraine, 61000",UA
666,53.41602,13.07291,46.1809728,16.3327488,"Remetinec, 42220, Remetinec, Croatie",HR
667,57.093884,12.413264,46.0478138,14.2769646,"Setnik 29, 1355 Polhov Gradec, Slovenia",SI
668,51.195858,26.447086,49.3875815,1.0697446,"33 Avenue de la Mare aux Daims, 76800 Saint-Étienne-du-Rouvray, France",FR
669,48.7073,9.777636,43.6687167,26.1566198,"E70, 7081 Pisanets, Bulgaria",BG
670,64.15106,38.33845,62.1808088,24.7287531,"Isohiekantie 156, 42560 Keuruu, Finland",FI
671,35.80019,21.344366,-28.0037751,152.0037265,"112 Jonel Park Road, Allora QLD 4362, Australia",AU
672,42.784912,22.507793,-27.6230047,-65.659771,"Ruta Provincial 308, Tucumán, Argentina",AR
673,12.04628,33.848454,-22.4039807,27.2083271,"A1, Botswana",BW
674,9.970078,121.33085,1.3898742,103.6470293,"Bridge Eins, Singapore",SG
675,54.13486,45.373524,1.2333324,111.645491,"AH150, Spalau, 95700 Betong, Sarawak, Malaysia",MY
676,39.85225,64.83116,59.5757752,25.9585057,"Mere 46, Lahemaa rahvuspark, Võsu, 45501 Lääne-Viru County, Estonia",EE
677,59.191616,23.115032,50.761943,14.5493064,"Nádražní 256, 473 01 Nový Bor, Czech Republic",CZ
678,49.800053,15.340128,49.3628852,17.5653511,"Bořenovice 50, 769 01 Bořenovice, Czech Republic",CZ
679,-37.03393,110.67558,-31.9225127,149.0203924,"Mendooran Road, Mendooran NSW 2842, Australia",AU
680,38.986767,13.568424,47.4080837,21.7843795,"Monostorpályi, Bajcsy-Zsilinszky u. 64, 4275 Hungary",AU
681,50.429432,15.208275,52.9301505,36.0356742,"Avtovokzalnaya ulitsa, 48, Oryol, Oryol Oblast, Federação Russa, 302010",RU
682,41.290195,32.0711,-37.646978,-72.5916616,"Ruta 180, Negrete, Biobío Region, Chile",CL
683,47.356308,-20.692524,56.1983259,-3.4232111,"18 Queich Place, Kinross, Perth and Kinross KY13 8DF, UK",GB
684,43.87315,21.393959,-30.0146331,30.9265225,"737 Kingsway, Amanzimtoti 4126, Afrique du Sud",ZA
685,47.028217,34.493736,44.0743087,142.1412508,"Japan, Hokkaidō, Uryū-gun, Horokanai-chō 国道275号線",JP
686,53.496216,19.384485,45.667792,22.1608736,"DJ681, Roemenië",RO
687,55.401546,-8.167597,46.2604088,15.5255747,"Nova vas pri Šmarju 10, 3240 Šmarje pri Jelšah, Slovénie",SI
688,49.439762,7.073392,50.9201709,4.0185296,"Hoezestraat 65, 9320 Aalst, Belgium",BE
689,13.931253,14.170895,-15.7235843,-52.2549757,"BR-158, Mato Grosso, 78600-000, Brazil",BR
690,29.39459,18.082817,2.5009864,-60.8830441,"BR-174, Boa Vista - RR, Brazil",CH
691,30.474943,63.229366,18.8527584,-96.9183068,"Ex-vía FFCC, Las Flores, 94950 Amatlán de los Reyes, Veracruz de Ignacio de la Llave, Mexico",MX
692,33.785004,11.894339,39.1318428,21.2110001,"Unnamed Road, Georgios Karaiskakis 470 48, Greece",GR
693,50.83109,10.918965,53.8456993,20.5347916,"Romana Domagały, Pologne",PL
694,60.12945,22.068947,43.3193524,25.0877361,"301, 5913 Asenovtsi, Bulgarije",BG
695,-15.316603,-2.4017143,20.4718765,-100.5386006,"Morelos, Guanajuato, Mexico",MX
696,22.81165,40.894043,25.0402682,55.4370859,E66 - Dubai - Vereinigte Arabische Emirate,AE
697,54.741917,32.86545,43.6565424,144.0734618,"Japan, 〒092-0223 Hokkaidō, Abashiri-gun, Tsubetsu-chō, Mito 道道588号線",JP
698,20.060387,17.893906,-33.778865,25.3755945,"R334, Uitenhage 6229, South Africa",ZA
699,13.750383,104.34065,12.5505862,106.349887,"ប្រាសាទខ្វាន់ពីរ, Cambodia",KH
700,51.366344,13.914858,-26.4788363,31.2791613,"MR3, Swaziland",SZ
701,53.675426,11.97699,48.7533826,19.1635282,"Pod Hôrkou 10, 974 11 Banská Bystrica, Slovakia",SK
702,62.831226,-1.5497985,56.3468864,27.5105967,"P55, Rāzna National Park, Kaunatas pagasts, LV-4622, Latvia",LV
703,17.304976,79.51897,32.7129517,34.949245,"7110 פינת 2, Israel",IL
704,29.18944,26.158905,4.2644893,-74.568264,"Túnel Del Sumapaz, Melgar, Tolima, Kolumbia",CO
705,50.848392,32.339165,64.1830292,11.8922147,"E6 120, 7732 Steinkjer, Norway",NO
706,63.427414,44.15353,45.2995071,14.5570826,"E65, 51222, Bakar, Croatia",HR
707,55.448627,-2.8108983,41.5744425,-81.2186752,"364-374 Wilson Mills Road, Chardon, OH 44024, USA",US
708,52.420483,19.317965,64.1157089,-21.880143,"Viðigrund, Kópavogur, Islandia",IS
709,34.546585,46.85026,24.9630045,55.188531,D57 - Dubai - United Arab Emirates,AE
710,34.083225,5.307511,-27.1053278,31.0741307,"MR9, Swaziland",SZ
711,59.989677,9.1703415,59.1537822,26.0966258,"Betooni 3, Tamsalu, 46107 Lääne-Viru County, Estonia",EE
712,54.404285,13.229464,50.54688,3.8573669,"Rue de Bauffe 5-17, 7050 Jurbise, Belgium",BR
713,26.50732,44.512424,-37.5697215,-60.8032527,"Coronel Lavalle, Buenos Aires, Argentina",AR
714,29.52169,34.838,-24.6256773,25.8580041,"Molepolole Road, Gaborone, Botswana",BW
715,57.973366,-5.1954017,52.8969056,5.0696999,"Noorderdijkweg 24, 1771 MJ Wieringerwerf, The Netherlands",NL
716,30.310925,85.283516,34.5631087,134.3500543,"Japan, 〒761-4401 Kagawa-ken, Shōzu-gun, Shōdoshima-chō, Yoshida 県道26号線",JP
717,51.036366,22.280664,32.4777548,-114.7810996,"Avenida Francisco Eusebio Kino 295, Comercial, 83449 San Luis Río Colorado, Sonora, Mexique",MX
718,40.87011,43.61375,-30.1526535,-51.2048711,"Avenida do Altos do Santa Rita, 509-589 - Hipica, Porto Alegre - Rio Grande do Sul, 91755-016, Brazylia",BR
719,59.86961,-5.4139543,42.5688088,-83.3562708,"4741 Fairway Ridge South, West Bloomfield Township, MI 48323, USA",US
720,1.5745668,98.02783,11.0467216,105.2102658,"Unnamed Road, Cambodia",KH
721,47.95656,6.676507,-35.0563141,-63.1691975,"RN188, Buenos Aires, Argentina",AR
722,56.88679,26.067179,50.7196355,15.0665256,"Dlouhý Most 275, 463 12 Dlouhý Most, Czech Republic",CZ
723,55.918163,43.709835,56.5369498,9.0367902,"Sdr Boulevard 224, 7800 Skive, Denmark",DK
724,63.20472,22.946507,59.8110508,10.2709084,"Joseph Kellers vei 5, 3408 Tranby, Norway",NO
725,43.24525,12.158775,51.0904476,-115.2208674,"AB-1A, Bighorn No. 8, AB T0L, Canada",CA
726,46.831158,13.031178,44.115245,-80.1786301,"556300-556598 Mulmur Melancthon Townline, Shelburne, Ontario L0N 1S6, Kanada",CA
727,46.18171,5.1705265,-5.1694793,-80.630954,"Gardenias, Piura, Peru",PE
728,55.478832,28.979485,50.937246,4.0625128,"Bergekouter 34, 9300 Aalst, Belgium",BE
729,64.601746,6.556222,63.6368858,22.726819,"Skeppsbyggarevägen, 68600 Pedersöre, Finland",FI
730,44.291355,22.022942,56.2455768,22.7441503,"Dabikinės gatvė 46, Akmenė 85377, Lithuania",LT
731,64.926254,24.711853,50.6902843,15.407152,"29063, 512 11 Vysoké nad Jizerou, Czech Republic",CZ
732,38.59167,65.475464,25.1400055,121.7977093,"No. 345-363, Běiníng Road, Zhongzheng District, Keelung City, Taiwan 202",TW
733,46.01125,31.618778,57.1266485,24.6971964,"E77, Gauja, Inčukalna pagasts, LV-2140, Latvia",LV
734,40.69681,41.13649,35.2306454,129.0870851,"309-25 Jangjeon 3(sam)-dong, Geumjeong-gu, Busan, Zuid-Korea",KR
735,32.24473,46.25622,13.1309946,105.2461205,"Unnamed Road, Sandan, Cambodia",KH
736,55.205112,32.492104,45.6823973,-76.7395579,"489-773 Grants Settlement Rd, Foresters Falls, ON K0J 1V0, Canada",CA
737,48.276714,11.006311,48.2936744,19.6613047,"585, 985 32 Panické Dravce, Slovakia",SK
738,38.010765,45.986385,22.8437649,89.2899842,"Jessore-Satkhira Road, Bangladesh",BD
739,51.604794,53.423565,4.6490013,-74.0555208,"Carrera 4 # 66-2 a 66-100, Bogota, Cundinamarca, Kolumbia",CO
740,55.286755,13.795176,49.6383022,5.3496045,"N840, 6823 Florenville, Belgique",BE
741,34.775623,104.162125,1.3050433,103.8317368,"Paterson Rd, Singapore",SG
742,56.911865,-2.5441022,60.5740906,15.8587114,"E16, Sweden",SE
743,53.98382,9.916485,48.3767273,17.6812775,"Lovčická 26-28, 919 27 Brestovany-Horné Lovčice, Slovakia",SK
744,30.805357,23.199697,-33.0675393,-71.5848956,"Río Bueno 186-202, Valparaíso, Valparaíso Region, Chile",CL
745,20.932837,87.95285,-23.5918194,-50.1428113,"Rodovia Transbrasiliana, Paraná, Brésil",BR
746,25.577015,3.188497,38.2599876,23.0047624,"Epar.Od. Thivas-Paralia Sarantis 838, Thiva 320 10, Greece",GR
747,43.62738,39.089947,36.1592976,-75.8590247,"7695-7711 Caratoke Highway, Powells Point, Caroline du Nord 27966, États-Unis",US
748,32.418644,39.733295,-34.0712375,18.8290244,"Curlew Way, Cape Town 7130, South Africa",ZA
749,16.35274,97.355225,19.2306667,101.0671048,"Unnamed Road, Tambon Phu Kha, Amphoe Pua, Chang Wat Nan 55120, Thailand",TH
750,29.1812,27.962666,39.0939617,-95.5669481,"2380-2698 Barton Road, Grantville, KS 66429, USA",US
751,58.831944,29.428354,57.598382,34.5193641,"Yamskaya ulitsa, 88-90, Wysznij Wołoczok, Obwód twerski, Rosja",RU
752,10.371189,35.162838,11.092859,104.3828431,"Unnamed Road, Cambodia",KH
753,58.05094,24.943806,44.0723321,0.7760644,"Rue des Pyrénées, 82340 Dunes, France",FR
754,7.257761,85.425705,-32.7742434,115.8669766,"245-249 Coolup Valley Road, Coolup WA 6214, Australia",AU
755,19.694414,-9.565426,-32.4880103,24.7823793,"R63, South Africa",ZA
756,51.50455,21.585424,27.0309296,89.5883963,"Phuntsholing - Thimphu Hwy, Bhutan",BT
757,45.2852,26.213057,49.4700618,11.0973391,"Steigerwaldstraße 32, 90409 Nuremberg, Germany",DE
758,24.819006,44.215313,-24.4034355,-53.4982141,"Rua Piratininga, 605-629, Parana, 85935-000, Brazil",BR
759,42.727398,52.05702,48.5487713,19.4127923,"Milana Rastislava Štefánika 55, 962 12 Detva, Slovakia",SK
760,48.282364,30.662354,57.2127576,27.5659858,"P42, Susāju pagasts, LV-4582, Latvia",LV
761,49.684555,6.7638984,53.12082,18.0604221,"Iławska 22, Bydgoszcz, Polska",PL
762,45.90165,8.591755,51.0174128,7.0072736,"Knochenbergsweg 3, 51373 Leverkusen, Germany",DE
763,36.80652,73.96243,28.4587891,129.7189029,"2168 Kasarichō Ōaza Ushuku, Amami-shi, Kagoshima-ken 894-0501, Japan",JP
764,51.5453,18.031696,42.5607406,1.4956923,"CG-4, 82, AD400 Erts, Andorra",AD
765,48.12064,19.189552,45.8297884,15.4303263,"Dolšce 16, 8311 Kostanjevica na Krki, Slovénie",SI
766,25.224308,39.81281,-33.1270612,-71.5699715,"Cardenal Samoré, Valparaíso, Valparaíso Region, Chile",CL
767,37.662773,88.762276,1.3050433,103.8317368,"Paterson Rd, Singapore",SG
768,52.18913,7.59502,52.5625662,5.6433015,"Rozentuin 31, 8255 JG Swifterbant, The Netherlands",NL
769,52.889828,0.15927696,51.0972846,-3.9082676,"1 Thorn Park Cottages, Brayford, Barnstaple, Devon EX32 7PS, UK",GB
770,7.7914076,-13.770779,-40.2439772,-70.3398808,"RN237, Neuquén, Argentina",AR
771,62.084282,26.324875,52.6326329,-8.2749797,"Unnamed Road, Co. Limerick, Irlande",IE
772,18.347046,56.358334,4.959534,116.4619247,"Jln Nabawan-Kalabakan, Pandawan, Nabawan, Sabah, Malaysia",MY
773,61.90224,3.933144,27.5033661,90.7303241,"Bumthang - Ura Hwy, Bhutan",BT
774,9.134663,72.64963,-30.9813834,150.2920607,"7315 Oxley Highway, Gunnedah NSW 2380, Australia",AU
775,47.130764,71.23378,37.6599941,127.1162987,"342-3 Byeollae-dong, Namyangju-si, Gyeonggi-do, South Korea",KR
776,51.948273,43.95969,52.2137475,4.9313539,"Achterveld 10, 3645 HP Vinkeveen, The Netherlands",NL
777,56.51095,5.5144544,46.2678243,15.3704408,"Jarmovec 6, 3222 Dramlje, Slovenia",SI
778,39.247707,14.791393,43.4987176,11.8624836,"Sc Patrignone - Bivio Stroppiello, 52100 Arezzo, Italy",IT
779,50.261272,40.375736,37.5145356,126.8633412,"South Korea, Seoul, Sinjeong-dong, 1302 목동13단지아파트",KH
780,36.55043,30.54656,43.0025688,17.5514336,"D8, 20356, Podgradina, Croatia",HR
781,48.45854,3.4161239,40.8632462,16.7503775,"SP236, 70020 Santeramo in Colle, Bari, Italy",IT
782,31.762598,78.603065,15.6001944,101.522274,"Unnamed Road, Tambon Sap Yai, Amphoe Sap Yai, Chang Wat Chaiyaphum 36130, Thailand",TH
783,56.321247,-7.1529555,45.9994828,14.331601,"Drenov Grič 43, 1360 Vrhnika, Słowenia",SI
784,32.862976,22.251022,19.2392949,-98.248186,"Cristóbal Colón 2, San Juan Huactzinco, 90190 San Juan Huactzinco, Tlaxcala, Mexikó",MX
785,48.226643,50.884693,37.5402739,126.7615153,"248-4 Byeongbang-dong, Gyeyang-gu, Incheon, Coreea de Sud",KR
786,19.357525,37.11216,31.7522634,130.1948084,"5896 Hashima, Ichikikushikino-shi, Kagoshima-ken 896-0064, Japan",JP
787,53.972427,13.932137,58.4409894,25.6634248,"Taari-Auksi, 70202 Viljandi County, Estonia",EE
788,47.13229,42.80325,-7.3535445,112.6139871,"Jl. Sumput No.1, Driyorejo, Gresik, Jawa Timur 61177, Indonesia",ID
789,60.15028,-7.232569,48.1028114,19.5622149,"3170 Szécsény, Fő Way 41, Hungary",HU
790,34.558678,29.299397,-33.4382717,-70.5678766,"Príncipe de Gales 6174-6254, La Reina, Santiago Metropolitan Region, Chile",CL
791,19.236042,75.30095,14.6793719,98.365119,"Unnamed Road, Tambon Pilok, Amphoe Thong Pha Phum, Chang Wat Kanchanaburi 71180, Thailand",TH
792,39.86684,54.19356,25.1128676,55.1088845,Crescent Rd - Dubai - Vereinigte Arabische Emirate,AE
793,14.945606,11.443451,-24.6194593,25.8444358,"Molepolole Road, Gaborone, Botswana",BW
794,50.29236,24.058788,50.9167229,17.1362789,"55-216 Polwica, Poland",PL
795,57.62872,6.429475,56.5764667,9.1325234,"Hobrovej, 7840 Højslev, Denmark",DK
796,41.59888,-8.280132,42.628325,1.4959969,"Ctra. d'Arcalís, AD300 Ordino, Andorra",AD
797,62.572796,7.804708,53.4891127,19.7595255,"19 Stycznia, Lubawa, لهستان",PL
798,44.75108,19.665424,52.1396434,-8.4336073,"Unnamed Road, Co. Cork, Irlande",IE
799,59.88917,32.179256,-46.2329396,168.2400295,"178 Spar Bush-Bay Road, Northope 9874, New Zealand",NZ
800,65.27375,16.997162,62.8260359,30.1712038,"Karhusalontie 209, 81200 Joensuu, Finland",FI
801,62.254604,16.337086,56.4501525,27.4071885,"P55, Čornajas pagasts, LV-4617, Latvia",LV
802,51.411545,29.73225,56.0656954,-3.4144787,"2 Norway Gardens, Dunfermline, Fife KY11 8JW, UK",GB
803,22.72865,58.526093,9.7275971,-73.7194798,"US43 # 2 a 74, El Paso, Sesaro departamentas, Kolumbija",CO
804,54.33256,27.313105,55.5723719,11.8486653,"Lerbjergvej 2, 4330 Hvalso, Denmark",DK
805,24.734152,38.258213,24.8910439,55.0591307,Sheikh Mohammed Bin Zayed Rd - Dubai - Các tiểu Vương quốc Ả rập Thống nhất,AE
806,45.775227,52.223553,31.7771157,130.9987196,"Japan, 〒885-0113 Miyazaki Prefecture, Miyakonojo, Shonaicho 県道31号線",JP
807,-35.152695,19.415855,-31.5040108,137.1007904,"Stuart Highway, Mount Gunson Australia Południowa 5710, Australia",AU
808,52.025238,14.179855,46.5867032,15.6692798,"Pekel, Slovenia",SI
809,29.112349,83.19296,22.2753197,113.9443117,"Wong Lung Hang Rd, Lantau Island, Hong Kong",HK
810,23.870085,46.71243,19.9758157,-96.6080515,"Poza Rica - Veracruz, Los Pozos, 93980 Emilio Carranza, Veracruz, Mexico",MX
811,62.548187,0.11141491,55.434293,12.9842149,"585, 236 91 Höllviken, Sweden",SE
812,19.512627,11.664682,42.5120341,27.1656544,"539, 8108 Troyanovo, Bulgarije",BG
813,33.93895,43.6526,28.0294412,-81.7673696,"2879 Avenue G Northwest, Уинтер Хейвен, Флорида 33880, Соединенные Штаты Америки",US
814,56.501198,-5.184731,-38.1037657,175.7259255,"743 Old Taupo Road, Waotu 3481, New Zealand",NZ
815,49.726337,42.70727,45.4598855,14.1370093,"Unnamed Road, 52421, Vodice, Croatia",HR
816,54.388466,28.147354,56.6491071,25.1222015,"Birzes iela 1A, Skrīveri, Skrīveru novads, LV-5125, Latvia",LV
817,54.689873,23.55057,55.5309649,25.1072772,"Stoties gatvė 12, Anykščiai 29111, Lithuania",LT
818,55.96873,11.5315075,56.0195161,12.5631132,"Støberivej 1, 3000 Helsingor, Denmark",DK
819,29.133886,47.501793,-27.0306169,30.7556522,"R543, South Africa",ZA
820,38.30781,59.273697,26.6652714,142.1534287,"Japan, 〒100-2211 Tōkyō-to, Ogasawara-mura, Hahajima 都道241号線",JP
821,13.617943,43.712593,-19.5750656,-44.0313482,"Rua Nossa Senhora da Conceição, 1-151 - Lagoa Santo Antonio, Pedro Leopoldo - Minas Gerais, 33600-000, Brazylia",BR
822,-2.226067,56.85868,-24.6194593,25.8444358,"Molepolole Road, Gaborone, Botswana",BW
823,49.283665,11.764563,45.3163698,8.8402696,"Via Marsala, 13, 27029 Vigevano Pavia, Italië",IT
824,60.037403,10.211344,62.5267906,17.5883418,"Västansjövägen, 860 35 Söråker, Sweden",SE
825,34.165577,36.584885,10.4958935,-74.5182421,"Pivijay # 99, Pivijay, Magdalena, Kolumbia",CO
826,30.256086,7.1187572,44.4181204,27.769679,"Ialomița, Romania",RO
827,46.42777,10.2928505,51.3326356,3.2969982,"Kragendijk 124-134, 8300 Knokke-Heist, Belgium",BE
828,41.02753,-17.441628,63.7369886,-68.4938844,"2444 Paurngaq, Iqaluit, NU X0A, Canada",CA
829,47.50716,-0.89878416,45.8500852,12.6598204,"SP43, 33087 Villaraccolta-buset Pordenone, Italy",IT
830,58.647903,7.7711196,51.9640761,5.6308469,"Haarweg 26, 6709 PK Wageningen, The Netherlands",NL
831,33.669674,46.52708,32.692425,35.3197795,"HaGefen 16, Nazareth Illit, Israel",IL
832,13.4151745,132.4645,22.8228845,89.3349395,"Khulna - Satkhira Rd, Bangladesh",BD
833,58.56915,-2.6569614,54.9891999,23.9452805,"222, Voškoniai, Lithuania",LT
834,48.88134,22.971107,55.0767947,10.3214428,"Svendborgvej 288, 5600 Faaborg, Tanska",DK
835,60.094814,7.619581,50.3100949,-113.0641194,"Township Rd 160, Champion, AB T0L 0R0, Kanada",CA
836,60.715954,32.101032,43.474454,144.3017001,"Akan-Odan Rd, Okushunbetsu, Teshikaga-chō, Kawakami-gun, Hokkaidō 088-3228, Japan",JP
837,7.204194,38.69308,-30.7659714,-70.9429794,"D-55, Monte Patria, Coquimbo, Chili",CL
838,38.25446,55.01537,-20.5746946,-48.5560648,"Avenida Ibirapuera, 937-1039 - City Barretos, Barretos - São Paulo, Brazil",BR
839,31.85954,82.50818,26.6543822,142.1540844,"Japon, 〒100-2211 Tōkyō-to, Ogasawara-mura, Hahajima 都道241号線",JP
840,43.907005,32.044167,49.1612757,14.7372153,"00352, 391 81 Vlkov, Czech Republic",CZ
841,37.36793,27.23119,48.5398506,19.8637364,"531007, 980 53 Lehota nad Rimavicou, Slovakia",SK
842,55.69251,37.857113,50.0946933,-125.2015766,"Heriot Bay Road, Campbell River, BC V9W 5E3, Canada",CA
843,38.7554,46.051723,-33.4796254,-70.578798,"Vespucio Sur Express, Macul, Santiago Metropolitan Region, Chile",CL
844,28.000994,73.74673,27.0569804,89.9019135,"Daga Rd, Bhutan",BT
845,53.03182,-16.260431,43.777732,16.6082868,"D1, 21233, Satrić, Croatia",HR
846,16.236958,84.7702,18.7444121,99.0206952,"Soi Ban San Khue 4 Mu 8, Tambon Nong Phueng, Amphoe Saraphi, Chang Wat Chiang Mai 50140, Thailand",TH
847,46.648647,22.443195,43.5261808,27.1884045,"701, 9937 Harsovo, בולגריה",BG
848,65.47725,29.826046,70.4866558,24.1595946,"Riksveg 94 600, 9620 Kvalsund, Reino da Noruega",NO
849,34.840767,31.112852,45.6747481,16.0793767,"A11, 10410, Okuje, Croatia",HR
850,40.75961,7.9609075,42.576472,1.6248929,"CG-2, AD100 Canillo, Andorra",AD
851,-14.463949,109.13139,-33.4952965,150.4033424,"128 Mount Irvine Rd, Mount Wilson NSW 2786, Australien",FI
852,47.374874,25.255703,52.0606003,5.2141451,"Schoudermantel, 3981 Bunnik, The Netherlands",NL
853,38.980984,39.551533,25.0356043,55.5920968,Dubai-Hatta Rd - Dubai - United Arab Emirates,AE
854,38.376934,13.328957,44.0318904,24.1451349,"DJ604, Marotinu de Jos, Romania",RO
855,37.23884,16.7014,59.4271741,24.944586,"Nehatu-Loo-Lagedi, Loo, 74201 Harju County, Estonia",EE
856,7.497134,44.362896,-25.8752343,148.5526312,"8687 Carnarvon Highway, Injune Queensland 4454, Australie",AU
857,51.878407,0.22956228,49.8334176,23.9947928,"Mykoly Zerova street, 4, Lwów, Obwód lwowski, Ukraina",UA
858,34.17622,41.14918,43.5103603,16.4718429,"Ulica Matice hrvatske 51, 21000, Split, Croatie",HR
859,51.94532,25.083765,57.6012572,39.8765501,"Moskovskiy prospekt, 89, Yaroslavl, Yaroslavl Oblast, Russia, 150000",RU
860,31.162342,8.830583,-11.2164768,-77.5532676,"Panamericana Norte, Peru",PE
861,33.426422,38.61511,43.4994167,-8.2457915,"Camino Iglesia, 5, 15405 Ferrol, A Coruña, Spain",ES
862,59.97507,13.749514,45.3253342,14.8552191,"Poljička ulica 1, 51315, Mrkopalj, Croatie",HR
863,47.200977,44.76305,37.4555366,127.0204098,"359-1 Juam-dong, Gwacheon-si, Gyeonggi-do, South Korea",KR
864,36.311916,73.02089,1.3398301,103.9331085,"806 Bedok Reservoir Rd, Singapore 479243",SG
865,36.740967,50.39475,41.9794515,3.04472,"Barri Castell d'Empordà, 16C, 17115 Castell d'Empordà, Girona, Spain",ES
866,66.422615,19.10405,67.1363555,24.069122,"Lohinivantie 43, 95800 Kolari, Finland",CL
867,43.313393,12.575473,55.2736092,-3.4247549,"B7076, Moffat, Dumfries and Galloway DG10 9PW, UK",GB
868,46.786156,25.948608,56.7248939,22.0062916,"P116, Raņķi parish, LV-3326, Latvia",LV
869,54.804245,5.5438843,58.0629122,25.0208749,"Mõisaküla-Jäärja, 86205 Pärnu County, Estonia",EE
870,51.543266,16.878504,52.7621096,-112.229356,"Alberta 855, Daysland, AB T0B 1A0, Canada",CA
871,0.68551636,48.813404,-7.5080058,-46.0405847,"Rua Bela Vista, 1-67, Maranhão, 65800-000, Brazil",BR
872,58.143562,-5.064202,51.5750068,-9.3710405,"Unnamed Road, Co. Cork, Ireland",IE
873,41.889668,42.457287,47.4604181,8.4407857,"Alter Bahnhof 2, 8107 Buchs, Switzerland",CH
874,55.66508,59.43903,37.5468269,126.8707464,"508-2 Mok 2(i)-dong, Yangcheon-gu, Seoul, South Korea",KR
875,29.834381,62.644886,23.5433995,121.4159135,"Ānyèxi Industry Road, Ruisui Township, Hualian, Tajwan 978",TW
876,53.172207,18.84572,57.1165753,23.2312433,"Pļavas iela 1, Ķesterciems, Engure parish, LV-3113, Latvia",LV
877,14.263247,99.52695,22.9598778,120.3876129,"Nánpíng Road, Longqi District, Tainan City, Taiwan 719",TW
878,36.65863,21.256868,39.4212583,-9.1118586,"N360, 2500-303, Portugal",PT
879,56.694035,0.23295784,55.7858219,9.6427244,"Bredalvej 16, 8722 Hedensted, Denmark",DK
880,46.102398,2.5578675,49.2881896,13.3814079,"1718, 341 42 Kolinec, Czech Republic",CZ
881,56.123226,17.324902,53.4656915,21.4863972,"Droga Krajowa 59, Poland",PL
882,29.130243,47.906036,-7.6040886,109.5087552,"Gg. Nanas Gombong, Gombong, Kebumen, Jawa Tengah 54414، إندونيسيا",ID
883,38.32917,14.716684,38.3585153,-94.0305347,"1444-1498 Missouri 18, Urich, MO 64788, USA",US
884,66.97971,-1.5682998,65.6879019,-18.1147907,"Höfðahlíð, Akureyri, Iceland",IS
885,39.60351,27.250998,47.2851345,-71.3499335,"Unnamed Road, Sainte-Brigitte-de-Laval, QC G0A 3K0, Canada",CA
886,49.419914,23.693192,48.2878569,18.1344725,"Dolná 4-6, 949 07 Nitra-Janíkovce, Slovakia",SK
887,53.18583,10.671841,42.6113311,1.5390494,"Av. de la Font de Canyar, AD300 Ordino, Andorra",AD
888,47.454304,0.114490986,-45.6694488,170.6376373,"824 Coast Road, Seacliff 9471, New Zealand",NZ
889,50.59879,19.899525,34.8713222,-120.4426565,"4590,4592 Coachman Way, Orcutt, Californie 93455, États-Unis",US
890,55.799686,-3.599153,56.9129369,23.8825813,"Viestura iela 6, Dzilnuciems, Babīte parish, LV-2107, Latvia",LV
891,5.9930735,20.908733,22.2301139,114.2597563,"Unnamed Road, Hong Kong",HK
892,45.885216,1.4080005,46.4314885,9.8375788,"Senda Aguagliöls 12, 7513 Silvaplana, Zwitserland",CH
893,58.922993,-12.232813,57.5682894,-4.4200065,"B9163, Dingwall, Highland IV7, UK",GB
894,38.396545,40.069767,30.7887255,130.2660158,"Unnamed Road, Iōjima, Mishima-mura, Kagoshima-gun, Kagoshima-ken 890-0901, Japan",JP
895,32.932163,74.20889,25.1307587,55.1168372,Crescent Rd - Dubai - United Arab Emirates,AE
896,57.134155,0.12989092,55.7039448,9.9747882,"Fjordager 12, 7130 Juelsminde, Danmark",DK
897,54.76633,15.866596,57.1250973,23.0096192,"P128, Zentenes pagasts, LV-3113, Latvia",LV
898,51.02635,6.0536566,53.7339262,-7.0045559,"Unnamed Road, Co. Meath, Ireland",IE
899,6.445938,107.83059,23.0990817,89.7601313,"Dhaka - Khulna Hwy, Bangladesh",BD
900,57.509705,18.849018,59.804318,10.3833704,"Heggedalsveien 50, 1385 Asker, Norway",NO
901,54.324825,46.54825,60.0191429,30.2540523,"Dolgoozyornaya ulitsa, 20 корпус 1, Saint Petersburg, Russia, 190000",RU
902,16.73541,100.38688,4.0856729,114.8277504,"Marudi, Sarawak, Malaysia",MY
903,30.63878,34.622875,47.2902073,26.8209199,"DJ281C, Romania",EE
904,46.938774,49.283092,22.3044963,114.2265883,"15 Laguna St, Laguna City, Hong Kong",HK
905,-21.305794,52.67899,-24.5246365,25.8537906,"A1, Gaborone, Botswana",BW
906,49.260136,15.945335,40.6443814,15.4983037,"Strada Provinciale 51 di Balvano, Balvano, Potenza, Italy",IT
907,57.618675,28.394415,54.988374,-7.9134663,"Unnamed Road, Co. Donegal, Ireland",IE
908,-6.585686,37.766434,-22.5758686,27.6550858,"Serowe, Botswana",BW
909,10.278954,119.25535,13.8799059,103.4111683,"Unnamed Road, Cambodia",KH
910,47.290703,10.449455,47.5127001,18.8319071,"2071 Páty, Kossuth Street 15, Hungary",US
911,43.560223,72.092834,1.2942526,103.8644655,"Republic Blvd, Singapore",SG
912,49.034985,20.010126,48.4493691,19.5348751,"Hradná, 985 52 Divín, Slovakia",SK
913,37.723583,61.831207,25.2429346,55.2755186,149 Al Mina Rd - Dubai - United Arab Emirates,AE
914,55.7603,40.23496,43.2112054,26.8023411,"5102, 7740 Nadarevo, Bulgaria",BG
915,38.576733,21.13553,11.092859,104.3828431,"Unnamed Road, Cambodia",KH
916,55.742455,29.907503,58.3037991,24.7704695,"Paikuse-Tammuru, 86605 Pärnu County, Estonia",EE
917,54.251095,1.6730909,51.9689732,6.212787,"Keppelseweg 41, 7031 EB Wehl, The Netherlands",NL
918,27.876324,12.082136,38.2263153,25.8939545,"Unnamed Road, Chios 821 02, Greece",GR
919,34.76226,59.143803,4.239476,114.0619891,"AH150, 98000 Miri, Sarawak, Malaysia",MY
920,62.502247,14.00593,57.9972839,22.1276452,"Mäebe-Kargi, 93246 Saaremaa, Estonia",EE
921,34.28067,52.50264,-36.996069,174.9005447,"7-9 Sesame Grove, Goodwood Heights, Auckland 2105, New Zealand",BE
922,43.65456,23.014866,49.6383022,5.3496045,"N840, 6823 Florenville, Belgique",BE
923,47.176308,62.417038,37.5440655,126.9142033,"74-29 Hapjeong-dong, Mapo-gu, Seoul, South Korea",KR
924,58.081577,10.676333,45.3517365,25.5430032,"Strada Gheorghe Doja, Sinaia, Romania",RO
925,29.198496,30.552437,37.6240297,22.0572732,"Epar.Od. Dimitsanas - Karkalous, Gortynia 220 07, Greece",GR
926,39.90189,51.198368,4.7004078,-74.2235077,"I-50 # 2 a 100, Mosquera, Cundinamarca, Colombia",CO
927,33.21618,30.518776,-26.4830806,31.3067088,"MR3, Matsapha, Swaziland",SZ
928,9.192647,51.918186,25.0357984,55.5923318,Dubai-Hatta Rd - Dubai - United Arab Emirates,AE
929,39.711918,68.86702,1.3877415,103.646663,"Bridge Eins, Singapore",SG
930,24.592344,83.66528,25.0663507,55.3059778,Unnamed Road - Dubai - United Arab Emirates,AE
931,16.79915,-14.84705,-32.833047,-70.5340897,"E-765, Valparaíso Region, Chile",CL
932,26.926826,44.73927,42.6289593,24.9528462,"607, 4370 Kalofer, Bulgaria",IS
933,59.3156,7.878352,54.5416928,18.28992,"Wejherowska, Полша",PL
934,48.289257,41.375584,58.5429222,6.2193104,"E39 1097-1137, 4376 Helleland, Norway",NO
935,56.21017,32.93663,48.2158106,0.1154547,"Salverts, 72170 Beaumont-sur-Sarthe, France",FR
936,42.760662,25.469831,-4.6777063,-79.8858109,"Unnamed Road, Peru",PE
937,43.55415,7.8222594,45.707572,18.0748619,"D34, 31531, Viljevo, Croatia",HR
938,57.469997,14.661268,54.0282682,38.3087051,"Parkovaya ulitsa, 8, Novomoskovsk, Tula Oblast, Russia, 301650",RU
939,57.2806,31.271292,48.4882705,-0.5770139,"36-38 Le Bourg, 61330 Loré, France",FR
940,53.134876,18.65761,43.4090347,5.1990796,"Chemin des Macreuses, 13700 Marignane, France",FR
941,48.037228,22.898252,-43.4617362,172.0244982,"182 Deans Road, Darfield 7571, New Zealand",NZ
942,54.46789,32.149834,60.1992551,16.9505041,"56, 740 45 Tärnsjö, Sweden",SE
943,45.803455,41.636856,-26.2720794,31.0890015,"MR3, Swaziland",SZ
944,45.621468,20.759775,42.5309511,1.5079006,"Ctra. de Sispony, 6, AD400 La Massana, Andorra",AD
945,56.780476,26.696922,54.7203992,25.2266867,"Taikos gatvė 18, Wilno 05218, Litwa",MY
946,40.466286,76.08786,26.7673268,128.2580987,"Unnamed Road, Sate, Kunigami-son, Kunigami-gun, Okinawa-ken 905-1425, Japan",JP
947,49.48274,18.697424,49.3821881,17.4458719,"Říkovice 138, 751 18 Říkovice, Czech Republic",NZ
948,46.20348,52.044193,-29.7286067,31.0806513,"M4, Umhlanga 4320, South Africa",ZA
949,57.771008,4.0778027,59.0486876,24.0364095,"Risti-Kuijõe, 90902 Lääne County, Estonia",EE
950,41.212418,5.610763,46.771118,9.8369694,"Clavadeler Alp, 7272 Davos, Szwajcaria",CH
951,0.7818618,64.39225,16.1401375,99.5626358,"Unnamed Road, Tambon Pho Thong, Amphoe Pang Sila Thong, Chang Wat Kamphaeng Phet 62120, Thailand",TH
952,41.230186,25.002148,4.7930773,-74.3809489,"Zipacón - Facatativá # 1 a 5, Zipacon, Cundinamarca, Colombia",CO
953,35.10828,27.319042,32.7341258,35.0381527,"721, Israel",IL
954,40.45353,53.078297,-30.2137804,30.7635223,"65 Dahlia Road, Craigieburn 4170, South Africa",ZA
955,52.689,11.890404,43.6847226,26.4070887,"2003, 7038 Senovo, Bulgaria",BG
956,48.28435,13.706568,43.203431,25.2274496,"403, 5234 Dimcha, Bulgaria",BG
957,25.032019,63.07015,27.6627839,90.7482937,"Unnamed Road, Bhutan",LT
958,55.565807,12.322315,55.7292049,36.2969713,"A108, Moskovskaya oblast, Russia",RU
959,57.52606,12.215288,46.7356577,16.2926399,"Selo 63, 9207 Prosenjakovci, Slovénie",SI
960,51.148205,3.8591862,35.1688071,129.1657896,"1363-9 Jwa 3(sam)-dong, Haeundae-gu, Busan, South Korea",KR
961,57.232075,-21.40346,65.6352121,-18.027274,"Eyjafjarðarbraut eystri, Iceland",IS
962,43.955784,16.51816,40.7106775,9.7017342,"Via Torquato Tasso, 104, 08020 Budoni, Olbia-Tempio, Italy",IT
963,55.551243,16.00007,52.2885188,4.7081901,"Rijnlanderweg 878, 2132 ML Hoofddorp, Pays-Bas",NL
964,12.110824,110.16138,32.435872,34.9153692,"Ahad Ha'Am 5-7, Hadera, Israel",IL
965,47.97998,26.855358,47.947141,21.7862051,"4551 Nyíregyháza, Derüs Street 15-17, Hungary",HU
966,47.07683,43.473454,55.4946168,10.1528454,"Brolundvej 20, 5471 Sonderso, Denmark",DK
967,53.946236,29.129429,50.4056456,4.3426145,"N54, 6140 Fontaine-l'Evêque, Belgique",BE
968,38.296417,-1.0220137,40.3873609,22.3785553,"Epar.Od. Mandraki, Katerini 601 00, Greece",GR
969,30.258062,31.324545,-32.7392114,-70.7664538,"Ruta 60, Valparaíso Region, Chile",CL
970,52.54144,-0.89577055,50.8023156,3.3604827,"Paridaanstraat 13, 8550 Zwevegem, Belgium",BE
971,55.922222,4.927606,60.7003118,17.1478053,"Nybyggarvägen 3, 806 42 Gävle, Sweden",SE
972,30.443567,74.13923,23.7537651,88.6656739,"Chuadanga - Meherpur Hwy, Bangladesh",BD
973,26.35118,31.192848,-28.6939292,-56.2424633,"Ruta Nacional 14, Corrientes, Argentina",AR
974,59.976265,-24.501022,65.1102117,-14.3305924,"92, Iceland",IS
975,54.496292,11.204485,52.4069233,9.6603344,"Hogrefestraße 8, 30419 Hanower, Niemcy",SG
976,65.44086,8.1819515,63.3795985,29.926706,"Yläviekintie 59, 81700 Lieksa, Finland",FI
977,35.005844,81.67949,15.216302,103.1610748,"Unnamed Road, Tambon Don Mon, Amphoe Satuek, Chang Wat Buri Ram 31000, Thailand",TH
978,24.816364,36.324467,32.518132,35.0017454,"Ha-Dekel Giv'at Ada 1, Binyamina-Giv'at Ada, Israel",IL
979,47.852787,65.64896,12.7093601,102.4420745,"3299, Tambon Nong Bon, Amphoe Bo Rai, Chang Wat Trat 23140, Thailand",MY
980,36.506428,58.990185,35.2577493,128.5139814,"산1 Jung-ri, Naeseo-eup, Masanhoewon-gu, Gyeongsangnam-do, Южная Корея",KR
981,50.915783,22.930838,14.8470135,103.3156426,"Unnamed Road, Tambon Ban Prue, Amphoe Krasang, Chang Wat Buri Ram 31160, Thailand",TH
982,57.681973,11.5218315,57.2000463,26.6876361,"P27, Ozolkalns, Beļavas pagasts, LV-4409, Latvia",LV
983,24.209257,54.926876,25.1403695,55.1322195,Crescent Rd - Dubai - United Arab Emirates,AE
984,30.714493,38.429882,14.6765087,104.3198717,"24, Tambon Samrong Phlan, Amphoe Phrai Bueng, Chang Wat Si Sa Ket 33180, Thajsko",TH
985,52.13579,11.438236,46.3609116,20.7289665,"6917 Nagyér, 4426, Hungary",HU
986,31.957928,-32.674534,65.6459407,-16.3548439,"Route 1, Iceland",IS
987,32.127144,54.55295,23.9829637,120.984404,"Dànǎn Road, Puli, Contea di Nantou, Taiwan 545",TW
988,71.60967,-6.0138364,59.4660284,10.8376751,"Riksveg 115 40, 1591 Sperrebotn, Norway",NO
989,51.901035,8.788401,42.4990107,1.53065,"Urb. Comella Parc, AD500 Andorra la Vella, Andorra",AD
990,62.559658,6.9859524,53.1084128,5.6537088,"It Sân 2, 8735 HK Itens, The Netherlands",NL
991,58.943615,10.1611805,56.6294927,21.2946957,"P112, Tadaiķi parish, LV-3452, Latvia",KH
992,51.76449,15.880318,56.7477841,24.8338276,"Atpūtu iela 15, Lielvārde, Lielvārdes pilsēta, LV-5070, Lettonie",LV
993,49.55998,30.392494,48.5398506,19.8637364,"531007, 980 53 Lehota nad Rimavicou, Slovakia",SK
994,47.082485,3.5576596,39.3470631,-9.075247,"R. do Bairro Novo 3, 2510, Portugal",PT
995,52.926765,-6.67337,52.0707827,-8.2933078,"R614, Co. Cork, Ireland",IE
996,50.548393,33.282635,2.6443224,101.6611644,"5, Kampung Bukit Bangkong, 43950 Sungai Pelek, Selangor, Malaysia",MY
997,51.734688,5.823645,45.4557621,18.4677996,"Slavonika, 31403, Beketinci, Croatia",HR
998,63.53661,9.23789,58.6658476,12.5300548,"2171, 464 93 Mellerud, Szwecja",SE
999,16.262281,119.69821,4.0697235,101.7805466,"C5, 27650 Sungai Koyan, Pahang, Malaysia",MY
0,50.389706,51.50115,53.201038,50.1000423,"Volzhskiy prospekt, 1, Samara, Samara Oblast, Russia, 443010",RU
1,52.769897,19.89755,60.6809954,13.7728966,"Östra Bangatan, 782 34 Malung, Sweden",SE
2,20.637083,52.61185,25.3157388,55.5147822,E 88 - Sharjah - United Arab Emirates,AE
3,50.76064,9.412161,48.7293351,-0.2522923,"D909, 61210 La Fresnaye-au-Sauvage, France",FR
4,24.23251,13.418724,41.1131713,15.265177,"Contrada Olmo, 9, 83030 Zungoli, Avellino, Italy",IT
5,48.7503,-4.514487,44.5584999,2.7732675,"Vieillescazes, 12190 Espalion, France",FR
6,29.487612,60.138344,37.5405019,126.8489244,"56-23 Hwagokbon-dong, Gangseo-gu, Seoul, Corea del Sur",KR
7,47.502632,35.995598,60.1021065,5.2232975,"Riksveg 546 670, 5392 Storebø, Norway",NO
8,48.22954,49.026543,23.8322969,120.6435121,"No. 10, Section 2, Míngsōng Road, Mingjian Township, Nantou County, Taiwan 551",TW
9,53.59899,6.22902,-38.0574869,175.9493031,"Leslie Road, Ngatira 3485, New Zealand",NZ
10,40.543427,49.48293,40.8268402,21.4350292,"EO Ptolemaidas Florinas Florinas Nikis, Florina 531 00, Greece",GR
11,15.568909,39.815853,42.5134553,1.5294781,"Roc del Pouets, AD500 Andorra la Vella, Andorra",AD
12,-33.16035,26.92161,-22.1563973,28.0364745,"A15, Botswana",BW
13,45.814106,21.40041,57.8120507,39.5074377,"Р151, Yaroslavl Oblast, Russia",HK
14,63.229958,29.381506,53.7845451,-1.5407378,"2 Leathley Road, Leeds, West Yorkshire LS10 1BG, UK",GB
15,55.321636,27.58248,55.38533,25.660429,"2813, 28348, Lithuania",LT
16,54.508175,9.780355,45.4534126,14.8903115,"D3, 51311, Skrad, Croatia",BE
17,40.4099,45.807472,27.065196,142.2123071,"Japan, 〒100-2101 Tōkyō-to, Ogasawara-mura, Chichijima 都道240号線",JP
18,62.65127,6.9147224,56.4037607,22.3547494,"Parka iela 4, Ezere, Ezere parish, LV-3891, Latvia",LV
19,34.92184,27.96096,-32.9280271,-71.2887048,"Ruta 60, Quillota, Valparaíso Region, Chile",CL
20,47.53807,12.565151,46.3873687,14.1007911,"Sebenje 25, 4260 Bled, Slovenia",SI
21,50.05991,43.775723,43.8845198,39.3943528,"Magistralnaya ulitsa, Lazarevskiy, Krasnodar Krai, Russia",RU
22,46.961914,36.184467,2.7013674,101.7987103,"1266, 71350 Kota, Negeri Sembilan, Malaysia",MY
23,-8.597326,112.275085,15.9225293,105.0006501,"Unnamed Road, Tambon Non Sawang, Amphoe Kut Khaopun, Chang Wat Ubon Ratchathani 34270, Thailand",TH
24,51.55876,15.861029,-23.1767403,-46.9021086,"Avenida Prefeito Luís Latorre, 1623-1707 - Retiro, Jundiaí - São Paulo, Brazil",BR
25,41.543613,28.227459,47.013334,26.9452087,"Strada Mare, Adjudeni, Romania",RO
26,61.981274,9.566563,46.124685,18.1714378,"7677 Orfű, 6604, Hungary",HU
27,21.848616,56.705486,47.3500102,8.4715119,"Uetlibergtunnel, 8143 Stallikon, Suisse",CH
28,13.041585,104.58852,1.4158156,103.7174365,"Neo Tiew Lane 1, Singapore",SG
29,40.91866,23.295616,-33.0675393,-71.5848956,"Río Bueno 186-202, Valparaíso, Valparaíso Region, Chile",CL
30,24.004202,78.41069,17.4610982,100.7881176,"1237, Tambon Bo Phak, Amphoe Chat Trakan, Chang Wat Phitsanulok 65170, Thailand",TH
31,63.284695,20.746828,46.7709221,17.2928336,"8315 Gyenesdiás, Kossuth Lajos Street 54-56, Hungary",HU
32,31.45527,49.530407,47.8046631,23.2825145,"DJ109I, Nagyhegy, Romania",RO
33,18.344706,51.940174,-21.1835874,-50.4616806,"Rua Vereador Aldo Campos, 2927-2987 - Paraíso, Araçatuba - État de São Paulo, 16050-145, Brésil",BR
34,54.521618,9.704156,52.9866983,5.5395018,"De Band 12, 8614 JE Oudega Gem Wymbritserad, The Netherlands",EE
35,53.534763,-1.0207229,53.6294404,10.1308204,"Pferdekoppel 4-9, 22159 Hamburg, Germany",DE
36,46.063164,29.888794,49.510062,8.5530327,"Magdeburger Straße, 68309 Mannheim, Germany",DE
37,34.509384,17.767246,-26.6698404,26.3637693,"R503, South Africa",ZA
38,49.129894,34.69169,58.2267178,26.6088028,"Tatra-Otepää-Sangaste, 62009 Tartu County, Estonia",EE
39,59.64884,22.519958,52.0866959,8.4596773,"Schröttinghausener Straße 59, 33824 Werther, Germany",DE
40,45.78024,54.321415,22.4120705,114.2114582,"Hyatt Regency Hong Kong Shatin Podium, Tate's Cairn Hwy, Ma Liu Shui, Hong Kong",HK
41,54.472137,-4.1196904,42.9747781,25.3312194,"4041, 5374 Yantra, Bulgaria",BG
42,65.187454,13.738613,65.3038331,13.511759,"Fylkesveg 273 26, 8680 Trofors, Norway",NO
43,56.42201,19.209482,37.3219283,139.3295524,"Unnamed Road, Tadami-machi, Minamiaizu-gun, Fukushima-ken, Japan",JP
44,53.033894,28.643677,56.115715,10.1111204,"Genvejen, 8361 Hasselager, Dania",DK
45,63.369877,42.018993,60.0956032,22.4207743,"Verkviksvägen 161, 25870 Kimitoön, Finland",BR
46,34.494324,9.996737,42.8278674,12.5088667,"Località Viepri, 8-11, 06056 Viepri, Perugia, Italy",IT
47,23.581404,15.369543,-26.0860172,28.2661655,"23-25 Witstinkhout Avenue, Kempton Park 1619, South Africa",ZA
48,11.810688,76.9722,-12.0802808,-76.50981,"Unnamed Road, Antioquía, Peru",PE
49,46.745785,33.436462,-32.9280271,-71.2887048,"Ruta 60, Quillota, Valparaíso Region, Chile",CL
50,28.275946,71.93371,-6.7975071,110.9509389,"Jl. Raya Pati-Kudus, Jekulo, Kudus, Jawa Tengah 59382, Indonesia",ID
51,51.63116,18.112013,49.9228433,21.3857087,"39-231 Siedliska-Bogusz, Polonia",PL
52,43.915295,32.46995,56.2803965,-3.3972957,"M90, Perth, Perth and Kinross PH2, UK",GB
53,49.05912,11.67046,45.9798556,27.7642651,"DJ251A, Drăgușeni, Rumunia",CL
54,7.165352,113.13255,23.472494,120.2342346,"No. 83, Section 3, Sìwéi Road, Puzi City, Chiayi County, Taiwan 613",TW
55,26.09691,73.34591,12.1785857,104.3875607,"Unnamed Road, ឃុំ ក្រាំងស្គារ, Kambodsja",KH
56,62.338177,-1.3120112,48.8133892,14.3537405,"157, 382 32 Mirkovice, Czech Republic",CZ
57,43.45473,47.961063,26.8579288,91.4685124,"Jigme Namgal Lam Road, Deothang, Bhutan",BT
58,47.044395,26.461441,44.4795371,26.1482064,"Strada Escalei, Bucharest, Romania",RO
59,55.64636,43.979572,41.6282032,-4.7345681,"Calle Daniel del Olmo González, 8, 47008 Valladolid, Spain",ES
60,52.47269,27.699005,59.8896675,29.6851561,"Koltsevaya Avtomobilnaya Doroga, Óblast de Leningrado, Rusia",RU
61,33.7045,12.385467,-26.3728241,30.9299223,"MR19, Swaziland",SZ
62,61.747776,32.638786,57.6019684,18.353198,"FOLLINGBO SVAJDE 125, 621 91 Visby, Sweden",SE
63,-0.8597398,20.40978,-23.7572014,24.7583528,"Kweneng West, Botswana",BW
64,41.722675,69.71625,37.7911219,-77.1508819,"186-222 Vessels Ln, Aylett, VA 23009, USA",RU
65,38.77237,78.74373,-8.5713384,115.3334352,"Jl. Lg Gambir No.32, Blahbatuh, Gianyar, Bali 80581, Indonesia",ID
66,50.42607,11.680744,48.5439191,4.3627818,"D48, 10240 Dampierre, Francija",FR
67,38.34891,31.73663,60.2131837,25.0687764,"Ratasmyllynkuja 3, 00900 Helsinki, Finland",FI
68,38.64331,4.8743224,47.1485565,27.6817516,"DJ249A, Iași, Romania",RO
69,58.10091,19.698875,57.8120507,39.5074377,"Р151, Yaroslavl Oblast, Russia",US
70,57.678318,7.3285356,44.6563738,0.0705773,"5 Le Grand Champ, 33580 Le Puy, France",FR
71,-1.4774384,-19.253384,-31.8080917,25.7669784,"R390, South Africa",ZA
72,26.202883,66.745705,27.0100824,90.5583611,"Sarpang - Gelephu - Trongsa Hwy, Bhutan",BT
73,57.62483,10.012505,53.2960903,14.8644266,"1355Z, Poland",PL
74,48.520275,50.790436,23.8976083,120.4171424,"No. 232, Section 2, Dòuyuàn Road, Erlin Township, Changhua County, Taiwan 526",TW
75,33.50283,82.111755,11.3003026,105.054889,"Unnamed Road, Cambodia",KH
76,60.679882,-14.757698,52.038468,-8.9868187,"Unnamed Road, Co. Cork, Ireland",IE
77,32.060402,62.450245,17.5865494,103.4239791,"2091, Tambon Khok Si, Amphoe Sawang Daen Din, Chang Wat Sakon Nakhon 47110, Thailand",TH
78,52.90066,1.053535,45.2578914,10.3791298,"Via Parmesane, 62, 25010 Remedello di Sotto Brescia, Italie",IT
79,57.55494,6.2378774,55.528436,8.4333969,"Ravnsbjergvej 1, 6710 Esbjerg, Denmark",DK
80,7.4516177,-3.477879,-23.9818736,-70.2861279,"Panamericana Norte, 安托法加斯塔安托法加斯塔大区智利",CL
81,51.86833,1.1026673,47.4604181,8.4407857,"Alter Bahnhof 2, 8107 Buchs, Switzerland",CH
82,49.697163,13.052519,47.7853296,22.7876348,"DJ194B, Vetiş, Romania",RO
83,8.79658,6.7268763,-24.4747551,23.8469094,"A2, Botswana",BW
84,17.024408,7.63566,-26.2709402,31.0743089,"MR3, Swaziland",RU
85,52.499783,-2.528563,50.8737202,4.4710842,"Grote Daalstraat 91-105, 1930 Zaventem, Belgium",BE
86,41.51384,34.630753,56.9564789,23.6736205,"Dzelzceļa iela 36, Jūrmala, LV-2008, Latvia",LV
87,27.119282,69.61583,5.5798591,115.5881394,"Unnamed Road, Kuala Penyu, Sabah, Malaisie",MY
88,59.377308,8.538794,47.3931951,8.4788968,"Hermetschloostrasse 37, 8048 Zurich, Suisse",CH
89,47.27454,18.419945,51.81804,21.9538033,"Unnamed Road, Polska",KH
90,57.793877,33.6052,51.5081417,5.3949653,"De Leeuwerikstraat 17, 5683 BN Best, The Netherlands",NL
91,46.49908,31.293446,46.8637712,7.2686295,"Schneidersmatt, 3184 Flamatt, Switzerland",CH
92,48.50025,25.483059,47.747413,24.1995383,"DJ186, Rozavlea, Romania",RO
93,39.45678,49.551,30.2359556,130.4583304,"259 Yudomari, Yakushima-chō, Kumage-gun, Kagoshima-ken 891-4407, Japan",JP
94,49.54002,17.537159,52.4131424,-8.9555881,"L1337, Co. Limerick, Ireland",IE
95,47.280205,43.838734,1.2777316,103.6213185,"Tuas South Ave 5, Singapore",SG
96,55.757767,4.157755,42.9404815,23.2655811,"8102, Svidnya, Bulgaria",BG
97,52.03629,30.49825,50.937246,4.0625128,"Bergekouter 34, 9300 Aalst, Belgium",BE
98,18.688017,101.99354,14.986851,99.631609,"Unnamed Road, Tambon Wang Khan, Amphoe Dan Chang, Chang Wat Suphan Buri 72180, Thailand",TH
99,55.6299,38.417732,48.1832735,11.4453949,"Stromeyerstraße 2-6, 80999 Munich, Germany",DE
100,59.06583,29.837934,49.4067206,22.1567012,"892, Polska",PL
101,49.05492,72.913956,40.4190483,-3.542011,"Avenida de Madrid, 32, 28822 Coslada, Madrid, Spain",ES
102,35.557304,57.44101,22.5995312,88.470726,"Kulaura - Barlekha Hwy, Банґладеш",BD
103,39.629932,48.5628,41.4020073,-75.7038429,"7 Stauffer Industrial Park, Taylor, Pennsylvanie 18517, États-Unis",US
104,55.335285,1.4424036,54.7577604,24.7858827,"221, Vievininkai 21368, Lithuania",LT
105,-2.2154288,-19.857595,-15.7985617,-70.1422239,"122, Peru",PE
106,21.332588,63.440178,9.2970747,-75.4091398,"Calle 24A # 9-2 a 9-100, Sincelejo, Sucre, Colombia",CO
107,60.466457,11.228678,63.6368858,22.726819,"Skeppsbyggarevägen, 68600 Pedersöre, Finland",FI
108,20.549019,68.46193,12.1278645,105.8009199,"Unnamed Road, Cambodgia",KH
109,35.349125,5.605462,45.9477931,13.7190478,"Šmihel 18b, 5261 Šempas, Slovenia",SI
110,35.78455,61.815346,36.0362239,136.2614025,"4 Goshimacho, Fukui, Fukui Prefecture, Japan",JP
111,37.790375,57.318268,43.3830141,0.3270477,"D567, 32170 Sarraguzan, France",PT
112,62.503513,22.954695,37.925306,139.2811963,"Unnamed Road, Shibata-shi, Niigata-ken, Japan",JP
113,-25.76768,15.873932,-23.9132377,26.3784849,"A1, Botswana",BW
114,39.677353,32.521786,-40.5694353,175.2665597,"12 Paeroa Road, Levin 5572, New Zealand",NZ
115,53.50691,0.46030188,49.4437126,8.5780317,"Trautenfeldstraße 6, 68229 Mannheim, Germany",DE
116,39.39105,73.52726,1.2799181,103.8556055,"18 Marina Blvd, Singapore",SG
117,46.792015,50.687557,42.5227556,1.5217967,"CG-3, AD400 La Massana, Andorra",AD
118,23.10055,26.444386,-12.0558158,-77.1180819,"Av Villegas, Callao 07001, Peru",PE
119,54.785,24.342453,51.4444226,6.9619777,"Brandenburger Straße 21, 45145 Essen, Germany",DE
120,19.393723,34.626743,-35.0124374,139.001913,"LOT 1 Burnbrae Road, Harrogate SA 5244, Australia",AU
121,53.58121,0.5122018,43.523396,0.8119587,"D149, 32130 Polastron, France",FR
122,55.50687,44.034386,35.0845006,128.8826475,"19-198 Sinho-dong, Gangseo-gu, Pusan, Corée du Sud",KR
123,58.425964,-13.379362,55.7847656,11.5581805,"Gislingevej, 4571 Grevinge, Denmark",DK
124,56.919052,26.798977,35.1699764,129.0959727,"48 Geumnyeon-ro, Yeonje-gu, Busan, South Korea",KR
125,34.920692,37.047623,-9.0252529,-76.064434,"5N, Peru",PE
126,53.323025,10.466038,-27.9905552,26.7201698,"10-12 Mount Currie Street, Welkom 9459, Republika Południowej Afryki",ZA
127,45.311195,25.634901,4.6422294,-74.1721909,"Carrera 92A # 40AS-2 a 40AS-100, Bogota, Cundinamarca, Kolumbia",CO
128,47.100033,18.355902,51.312865,10.5690178,"Holzthalebener Str. 15, 99996 Menteroda, Germany",AU
129,60.284767,6.949815,-41.3298877,-72.9733497,"Colón 807-838, Puerto Varas, Los Lagos, Chili",CL
130,56.128574,29.030268,46.239302,6.0857701,"Avenue Auguste-François-Dubois 30-40, 1217 Meyrin, Switzerland",CH
131,25.716005,16.16828,-28.6050167,-58.7215775,"RN12, Corrientes, Argentina",AR
132,44.143158,55.777866,8.3463071,-75.5538771,"I-25 # 30 a 38, Planeta Rica, Cordoba, Colombia",CO
133,16.063457,103.73575,22.3534918,114.1527704,"Maclehose Trail Sec. 6, Kam Shan, Hong Kong",HK
134,27.282614,92.38343,22.254943,113.913803,"Ngong Ping Fun Walk, Lantau Island, Hong Kong",HK
135,46.008045,2.508616,27.4680713,89.7045582,"Unnamed Road, Yusipang, Bhutan",BT
136,42.1931,17.416058,43.3951111,-5.2106298,"AS-260, 33548 Parrés (Santa María Magdalena), Asturias, Spain",ES
137,54.78581,27.799744,46.064868,14.5757935,"Jarše, Slovenia",LT
138,42.799244,28.228481,24.2501304,121.1660252,"Zhongbu Cross-island Hwy, Heping District, Taichung City, Taiwan 424",TW
139,56.480503,3.0288074,56.9129369,23.8825813,"Viestura iela 6, Dzilnuciems, Babīte parish, LV-2107, Latvia",LV
140,41.08803,55.37228,27.0811782,89.8735781,"Daga Rd, Daga, Bhutan",BT
141,55.769558,26.488945,45.6883736,14.8527049,"Unnamed Road, 1332 Stara Cerkev, Slovenia",SI
142,15.332611,42.65391,-25.9561855,31.247268,"MR1, Piggs Peak, Swaziland",SZ
143,64.60906,31.632246,53.4161675,-122.6233525,"Unnamed Road, Fraser-Fort George E, BC V0J, Canada",CA
144,57.266037,18.25739,46.4881775,17.8069634,"7452 Somogyaszaló, Kossuth Lajos Street, Hungary",HU
145,52.865986,7.492321,40.725292,22.8553931,"Unnamed Road, Oreokastro 545 00, Greece",GR
146,52.49687,-2.3815122,55.2558571,10.1654316,"Langstedvej 12, 5620 Glamsbjerg, Denmark",DK
147,-3.8319945,33.34035,24.9829673,55.6359002,Dubai-Hatta Rd - Sharjah - United Arab Emirates,AE
148,58.529053,16.578604,43.2678371,23.4521238,"E79, 3040 Vratsa, Bulgaria",BG
149,22.134216,41.6328,32.0559166,34.8141923,"Golani 9, Ramat Gan, Israel",IL
150,45.024097,28.82104,47.9604244,21.7408445,"4400 Nyíregyháza, Lobogó Street 1, Hungary",HU
151,24.34233,59.420895,25.271139,55.307485,130 Al Khaleej Rd - Dubai - United Arab Emirates,AE
152,37.705822,42.341564,27.224057,90.6197323,"Unnamed Road, Bhutan",BT
153,50.306927,32.796158,-24.1855489,-53.0247436,"Avenida Dezenove de Agosto, 545, Parana, 87360-000, Brazylia",BR
154,36.27215,17.570139,-37.8175978,175.3014808,"2 Cromwell Drive, Fitzroy, Hamilton 3206, New Zealand",NZ
155,-31.979177,61.805267,10.9622098,103.2494186,"Unnamed Road, ឃុំ តានួន, Cambodia",KH
156,34.819893,64.85679,22.4189227,89.0454931,"Satkhira - Kalaroa Rd, Bangladesh",BD
157,45.780315,34.937435,46.2299865,7.3750801,"Cours Roger-Bonvin, 1950 Sion, Switzerland",CH
158,44.74339,5.632522,50.9594546,5.7753615,"Merodestraat 36, 6171 XN Stein, Nederland",NL
159,58.997368,27.779072,62.6332575,24.0496324,"68 844-884, 63700 Ähtäri, Finland",FI
160,37.559128,-4.756289,48.2129407,2.2984683,"D2152, 45300 Marsainvilliers, France",FR
161,22.666164,95.142845,-7.3763105,108.5422744,"Jl. St. Banjar, Pataruman, Kota Banjar, Jawa Barat 46322, Indonesia",ID
162,51.42024,22.621834,52.0518142,-9.7686503,"Unnamed Road, Co. Kerry, Ireland",IE
163,48.355522,12.067568,46.1897701,14.3028345,"Pevno 20, 4220 Škofja Loka, Słowenia",SI
164,61.11758,-4.8108306,52.7979791,-9.4609333,"Unnamed Road, Co. Clare, Ireland",IE
165,46.73699,52.148983,-37.1735638,174.990929,"421 Hillview Road, Bombay 2675, New Zealand",NZ
166,59.306545,15.719387,52.2958647,4.8913875,"Amsteldijk Zuid 50, 1184 VD Amstelveen, The Netherlands",NL
167,34.272602,77.695175,11.3175345,105.3875454,"Unnamed Road, Cambodia",AU
168,42.725273,50.48258,-30.8522644,30.3492652,"Louis Botha Avenue, Margate 4275, South Africa",ZA
169,64.98473,4.6986837,55.9984308,38.564233,"Severnyy proyezd, Chernogolovka, Maskvos sritis, Rusija",RU
170,34.056847,65.27073,23.5731934,120.395785,"623, Taiwan, Chiayi County, Xikou Township, 嘉77鄉道",TW
171,36.043114,11.162075,43.6433768,22.6561225,"1401, 3916 Dabravka, Bulgaria",BG
172,11.2221775,56.480305,18.6549304,-88.2217949,"Unnamed Road, Quintana Roo, Mexico",MX
173,47.56986,9.137402,50.9013552,4.5467928,"Stroeykensstraat 22, 3071 Kortenberg, Belgium",BE
174,17.292917,44.60091,-22.2154994,-54.7937081,"Rua José de Alencar, 1214-1328 - Vila Esperança, Dourados - Mato Grosso do Sul, 79831-160, Brazil",BR
175,23.569033,74.79674,23.4893971,91.0007747,"N1, Chandina, Bangladesh",BD
176,44.408993,32.860985,22.4871627,88.1870787,"Jhenaidah Bypass Road, Jhenaidah, Bangladesh",BD
177,10.714774,27.93902,-33.0682278,-71.3689595,"Nva Toltén, Villa Alemana, 발파라이소 칠레",CL
178,6.873341,72.14507,-9.0888126,-75.7282498,"PE 5N, Peru",PE
179,24.053867,-28.803944,-15.8727927,-73.4399026,"104, Perú",PE
180,52.37001,12.569178,41.5744425,-81.2186752,"364-374 Wilson Mills Road, Chardon, OH 44024, USA",US
181,30.053942,8.59223,-28.878411,27.8778491,"De Villiers Street, Ficksburg 9730, Republika Południowej Afryki",ZA
182,47.856686,-25.067213,65.7186411,-23.1711447,"Vestfjarðavegur, Iceland",IS
183,33.793743,45.253597,48.9909342,14.6170272,"1468, 373 72 Hvozdec, Czech Republic",CZ
184,39.20795,-6.8739085,52.450468,1.4714902,"Rectory Lane, Bungay, Suffolk NR35, UK",GB
185,46.342533,45.330868,49.2269311,-65.9438263,"130 Rue Principale O, Ruisseau-à-Rebours, QC G0E 2C0, Canada",CA
186,60.12003,29.8824,47.4808691,8.0972356,"E60, 5078 Effingen, Suisse",CH
187,20.731848,65.812645,8.8867186,99.2203309,"44, Tambon Chapthawi, Amphoe Ban Na Doem, Chang Wat Surat Thani 84240, Thailand",TH
188,46.261387,21.025469,44.4765072,6.0494597,"Basse Rue, 05000 Châteauvieux, France",FR
189,52.183308,37.304348,46.3766927,16.5309722,"Glavna ulica 34-36, 40321, Mala Subotica, Croatia",HR
190,48.721584,32.740166,1.2813033,103.6251755,"Tuas South Ave 12, Singapore",SG
191,61.35961,8.620752,56.6022813,22.8856853,"Upes iela 11, Zebrene, Zebrene Parish, LV-3731, Latvia",LV
192,-9.833677,25.916801,-27.2314749,31.7084142,"MR11, Swaziland",SZ
193,32.038643,12.166552,-19.9816151,23.4511249,"Koro, Maun, Botswana",BW
194,52.64026,23.425926,45.7244084,16.3618363,"Lepšić 3, 10310, Lepšić, Croatia",HR
195,56.11551,27.835863,52.2447552,6.4374312,"Brummelaarsweg 14, 7475 RJ Markelo, The Netherlands",NL
196,33.061275,35.5509,28.3448861,129.5697962,"534 Naze Ōaza Sakibaru, Amami-shi, Kagoshima-ken 894-0776, Japan",JP
197,47.809635,7.633958,52.4205075,16.7818013,"Ogrodowa 134, 62-081 Przeźmierowo, Poland",PL
198,44.009636,-2.2723918,47.6275229,19.1488388,"2120 Dunakeszi, Fóti Way 41, Hungary",HU
199,65.19643,31.869646,23.6955164,120.2580727,"No. 120, Chāngnán Road, Dongshi Township, Yunlin, Tajwan 635",TW
200,57.754654,20.313974,52.0417588,4.3918582,"Molenweg 15, 2631 AA Nootdorp, The Netherlands",NL
201,65.30857,10.446533,52.0522158,21.4563581,"6A, 05-340 Człekówka, Poland",PL
202,27.184874,90.45045,23.2266177,90.0198932,"Dhaka - Barisal Hwy, Takerhat, Bangladesh",BD
203,35.619118,1.8953872,40.8133167,-4.8625112,"A-50, 05350 Riocabado, Ávila, Spain",ES
204,55.19003,26.693539,49.2223135,21.3727092,"545018, 086 21 Nižná Voľa, Slovakia",GR
205,17.414711,88.543365,2.7828737,101.8007595,"362, 71900 Labu, Negeri Sembilan, Malaysia",KH
206,45.030666,20.930573,60.1732607,24.1233199,"11131 2-20, 02590 Siuntio, Finland",FI
207,50.596333,46.90089,49.0591551,19.8849551,"Východná 728, 032 32 Východná, Slovakia",SK
208,46.967525,39.83497,1.2513621,103.8247028,"15 Artillery Ave, Singapore 099949",SG
209,54.53361,-5.822348,-39.925979,175.0171491,"31-33 Stafford Street, Springvale, Whanganui 4501, New Zealand",NZ
210,46.67837,29.140074,49.3875815,1.0697446,"33 Avenue de la Mare aux Daims, 76800 Saint-Étienne-du-Rouvray, France",FR
211,41.987926,66.1405,35.1300032,129.0618541,"1642 Beomil 5(o)-dong, Dong-gu, Busan, South Korea",KR
212,29.243742,45.238583,-13.7238493,-75.895771,"Libertadores 220, Peru",PE
213,64.98997,2.5918946,-46.2315704,168.0303659,"104 Omutu Road, Gropers Bush 9883, New Zealand",NZ
214,56.525967,24.09754,61.5508753,23.5747853,"Kolmenkulmantie 2-4, 33470 Ylojarvi, Finland",FI
215,35.08089,22.90114,32.7762021,35.0463771,"75, Nesher, Israel",IL
216,47.99232,6.5015907,4.7520584,-74.0617542,"Calle 168 # 62-2 a 62-100, Bogotá, Cundinamarca, Colombia",AE
217,46.940796,63.741962,27.0294432,89.907739,"Daga Rd, Bhutan",BT
218,48.71796,16.91924,-40.0139031,175.4011146,"5931-5933 Jeffersons Line, Marton 4788, New Zealand",NZ
219,-7.4555783,100.495094,13.9307215,106.1468686,"Unnamed Road, Kambodža",KH
220,48.68706,12.324146,35.1741142,129.0358504,"601-29 Buam 3(sam)-dong, Busanjin-gu, Busan, South Korea",KR
221,62.19383,7.945526,65.6168663,21.4291505,"Älvsbyvägen, 975 91 Luleå, Sweden",SE
222,18.662565,99.36514,1.326555,103.7662719,"103 Sunset Way, Singapore 597136",SG
223,54.840725,27.883764,-37.5725526,175.5371903,"104-120 Manhire Road, Te Puninga 3374, New Zealand",NZ
224,60.03532,13.030449,49.6199766,0.2030775,"5 Hameau d'Ecultot, 76280 Gonneville-la-Mallet, France",FR
225,-6.6695104,-8.733389,-22.2568073,28.1132175,"Selebi-Phikwe, Botswana",BW
226,38.111042,22.214645,51.5719386,5.4736084,"Sluitappel 34, 5491 TS Sint-Oedenrode, The Netherlands",NL
227,54.23209,-13.056614,70.8967003,27.7327175,"Riksveg 888, 9740, Norway",NO
228,40.89394,-16.346212,-33.9846381,19.2983073,"R43, South Africa",ZA
229,20.826511,-2.090579,20.6523352,-103.0426902,"Mexico 80, Jalisco, Mexique",MX
230,5.870901,41.335793,-25.3066673,27.192732,"Unnamed Road, Mabele-a-Podi, 0354, South Africa",NL
231,21.66091,3.5826511,-26.8542489,27.9044767,"R57, Pietų Afrika",ZA
232,46.4863,37.602966,35.2641523,129.1060469,"744-3 Seon-dong, Geumjeong-gu, Busan, South Korea",KR
233,-28.485575,56.073315,-30.7733931,117.4171465,"LOT 1 Koorda North West Road, Newcarlbeon WA 6475, Australia",AU
234,61.72282,0.92611504,49.4805472,15.7874967,"34822, 588 13 Polná, Czech Republic",BT
235,64.59741,16.271708,51.2033009,3.3536507,"Gentse Steenweg 53, 8340 Damme, Belçika",BE
236,-7.363438,55.443974,11.0185206,103.7871266,"National Hwy 4, Камбоджа",KH
237,48.079487,31.001656,4.5107504,-75.7041417,"Armenia - La Tebaida # 2, Armenia, Quindío, Kolumbia",CO
238,54.64391,-10.694923,54.930222,-7.7310742,"Ballyboe, Co. Donegal, Ireland",IE
239,54.212917,38.06743,58.816358,24.1968702,"Silla-Jädivere, 78103 Rapla County, Estonia",EE
240,57.000355,57.894794,35.2164876,129.2245784,"289-4 Yeonhwa-ri, Gijang-eup, Gijang-gun, Busan, South Korea",KR
241,23.769632,103.082214,16.7400885,100.6693588,"Unnamed Road, Tambon Chomphu, Amphoe Noen Maprang, Chang Wat Phitsanulok 65190, Thailand",TH
242,2.8922205,17.96162,2.5009864,-60.8830441,"BR-174, Boa Vista - RR, Brazil",CH
243,38.558865,38.45944,31.9598273,34.8614429,"Eitan Street, Nir Cvi, Izrael",US
244,9.662573,30.43589,24.9635828,55.4071812,E 77 - Dubai - United Arab Emirates,AE
245,44.392677,42.04689,54.0125205,23.9826442,"Druskininkų gatvė 15-17, Druskininkai 66166, Lithuania",LT
246,12.469333,94.7423,-38.1662411,145.1189366,"19 Marcus Road, Frankston South VIC 3199, Australia",AU
247,43.903282,33.24172,42.7689239,24.0509882,"E871, 2087 Chelopech, Bulgaristan",BG
248,43.24133,10.495716,52.8969056,5.0696999,"Noorderdijkweg 24, 1771 MJ Wieringerwerf, The Netherlands",NL
249,30.719183,30.222271,18.1364387,-94.4862353,"Topacio, 24 de Octubre, 96536 Coatzacoalcos, Veracruz, Mexico",MX
250,12.6846695,82.092575,-41.482807,147.1501805,"Midland Highway, Kings Meadows TAS 7249, Australia",AU
251,45.419037,35.205868,43.5576321,-5.9277576,"Calle Alcalde Francisco Orejas, 2, 33401 Aviles, Asturias, Spain",ES
252,42.038788,18.522507,42.1079569,-5.659995,"A-66, 49692 Adanero, Ávila, Spain",ES
253,42.637775,19.41643,52.8696399,-9.3179626,"Unnamed Road, Co. Clare, Ireland",IE
254,50.758762,14.037706,47.7284681,19.9118764,"3212 Gyöngyöshalász, M3, Ungarn",HU
255,53.821796,-2.6960301,48.3574264,-1.9775148,"Le Plessix, 22630 Évran, France",FR
256,54.19137,-0.47917032,53.8825725,22.6956887,"Droga Wojewódzka 661, Poland",PL
257,52.65739,49.151264,37.5452994,127.0746693,"500-22 Hwayang-dong, Gwangjin-gu, Seoul, South Korea",KR
258,45.64655,30.130474,-41.3351557,173.0976642,"238-272 Golden Hills Road, Brightwater 7091, New Zealand",CL
259,25.62689,62.082348,23.0052185,89.4222906,"Jessore - Khulna Hwy, Noapara Paurasava, Bangladesh",BD
260,56.254475,14.480961,63.0373841,7.7334803,"Møstveien 87, 6523 Frei, Norway",NO
261,37.837994,6.4894843,-33.9846381,19.2983073,"R43, South Africa",ZA
262,39.49161,12.695522,52.9604724,5.9045662,"Karturf 86, 8447 DR Heerenveen, The Netherlands",NL
263,54.63838,21.565847,54.6614707,23.0307221,"S. Nėries gatvė 71, Vilkaviškis 70171, Lithuania",LT
264,52.134907,12.070756,52.5388878,13.2804175,"Goebelplatz 5, 13627 Berlin, Germany",DE
265,45.13676,6.711326,55.8177072,21.6445756,"3213 42, Kuliai 90370, Litva",CL
266,-18.908466,-9.882572,-27.2186432,-66.8029492,"RN40, Catamarca, Argentina",AR
267,63.66684,7.904646,68.4790774,28.4504781,"91 4496-4506, 99800 Inari, Finland",BW
268,50.972492,27.600346,50.1039857,16.2627358,"Jiráskova 263, 517 42 Doudleby nad Orlicí, Czech Republic",CZ
269,52.55256,10.552881,46.0688725,5.2043069,"161 Chemin du Mas Vernon, 01240 Dompierre-sur-Veyle, France",FR
270,54.61544,-1.4126663,-43.4617362,172.0244982,"182 Deans Road, Darfield 7571, New Zealand",NZ
271,18.552547,110.45678,23.8818458,90.0305198,"108, Road-1, Belayet Hossain Khan Road Dhaka - Aricha Hwy, Manikganj 1800, Bangladesh",BD
272,48.89938,22.151016,56.267591,15.2358069,"27, Ronneby NV, Sweden",SE
273,49.33267,40.692497,-43.3919464,172.6514019,"9 Isaac Wilson Road, Kaiapoi 7630, New Zealand",NZ
274,-26.602907,29.093594,-28.0174372,114.5452115,"Binnu Road West, West Binnu Australia Zachodnia 6532, Australia",AU
275,20.99496,31.318798,32.9043742,35.2890731,"Duchifat 10-24, Karmiel, Israel",IL
276,38.714893,23.718908,44.5346602,15.3445655,"D25, 53000, Kaniža Gospićka, Croatia",HR
277,57.596806,-2.582663,62.6725745,-116.1967801,"Yellowknife Hwy, Fort Smith, Unorganized, NT X0E, Canada",CA
278,29.025442,-0.36331224,32.8150964,35.1491122,"70, Schefar'am, Israel",IL
279,-15.128916,52.341305,-24.6194593,25.8444358,"Molepolole Road, Gaborone, Botswana",BW
280,45.484295,34.690018,62.5072935,6.0983427,"Riksveg 658, 6050 Valderøya, Norway",NO
281,30.809122,13.008072,-16.3055726,-48.9451858,"Rua Colômbia, 308-374 - Vila Santa Isabel, Anápolis - Goiás, 75083-260, Brazil",BR
282,18.045607,20.63537,-13.7238493,-75.895771,"Libertadores 220, Peru",PE
283,29.7716,78.86492,23.6980134,89.7215527,"Dhaka - Faridpur Hwy, Bangladesh",BD
284,49.939877,13.437519,46.945793,9.5456058,"A13, 7205 Zizers, Switzerland",CH
285,47.4977,52.414825,25.2792022,55.303216,D85 - Dubai - United Arab Emirates,AE
286,20.174892,95.71506,23.2672523,89.1610194,"Jessore - Jenaidah Hwy, Bangladesh",BD
287,27.788683,-29.851337,-15.8727927,-73.4399026,"104, Perú",PE
288,56.11679,25.189388,58.1576228,7.1669166,"Fylkesveg 554 130, 4580 Lyngdal, Norway",NO
289,47.965473,18.881166,50.9201709,4.0185296,"Hoezestraat 65, 9320 Aalst, Belgium",BE
290,48.882626,35.76286,50.0059267,36.2357461,"Pravdy avenue, 12, Kharkiv, Kharkiv Oblast, Ukraine",UA
291,28.951365,29.355843,12.1278645,105.8009199,"Unnamed Road, Cambodgia",KH
292,21.680325,78.94106,27.2285719,90.6692169,"Unnamed Road, Bhutan",AE
293,58.510906,38.173485,64.3482287,25.2110476,"18546 327-423, 86470 Vihanti, Finlande",FI
294,49.373745,10.1794405,63.6836052,11.1170002,"Fylkesveg 115, 7620, Norway",NO
295,17.256521,98.78166,23.0813629,89.8626732,"Tekerhat - Gopalganj Rd, بنگلادش",HK
296,61.133667,16.635393,58.8797785,25.5307081,"Pärnu 122, Paide, 72720 Järva County, Estonia",EE
297,9.892017,59.010166,-37.4135393,144.9652236,"25 King William Court, Wallan VIC 3756, Australia",AU
298,42.94755,14.6961155,52.9604724,5.9045662,"Karturf 86, 8447 DR Heerenveen, The Netherlands",NL
299,56.807186,29.028986,45.8813023,22.9111404,"Deva, Romania",RO
300,49.40083,16.918413,64.2544915,-15.207395,"Víkurbraut, 780 Höfn, Islandija",IS
301,56.115135,34.135326,59.9121561,30.3477634,"Kurskaya ulitsa, 15, Saint Petersburg, Russia, 190000",RU
302,12.981533,94.256454,23.0052185,89.4222906,"Jessore - Khulna Hwy, Noapara Paurasava, Bangladesh",BD
303,44.082474,24.654411,33.2946573,-83.3861579,"Gray Road Southwest, Eatonton, Georgia 31024, Statele Unite ale Americii",US
304,-3.0313249,97.41832,25.139532,55.253798,11 11 B St - Dubai - United Arab Emirates,AE
305,52.258823,-7.2827096,50.8879232,3.9765526,"Boekentstraat 41, 9451 Haaltert, Belgique",BE
306,50.685303,16.59213,51.6278767,-8.9436156,"R599, Co. Cork, Ireland",IE
307,63.78539,15.643257,62.9823882,17.3884023,"MAJAÅN 101, 873 91 Bollstabruk, Sweden",SE
308,59.49696,9.718311,50.8961555,3.3083888,"Oostrozebeeksestraat 13-19, 8531 Harelbeke, Belgium",BE
309,34.24314,38.95709,-27.1922694,31.3473493,"MR11, Swaziland",SZ
310,48.87116,55.673786,34.654184,134.9853212,"5-72 Saenbacho, Akashi, Hyogo Prefecture, Japan",JP
311,55.513546,34.198864,63.5517868,10.9071996,"E6 30, 7510 Skatval, Norway",NO
312,39.208504,13.733576,25.0863219,55.2291673,Unnamed Road - Dubai - United Arab Emirates,AE
313,22.381353,88.30823,22.2825237,114.2281781,"8 Oi Yin St, Aldrich Bay, Hong Kong",HK
314,43.00497,39.453793,45.1741164,37.2741405,"M25, Belyy, Krasnodar Krai, Russia",RU
315,51.87791,18.277283,56.6698549,23.7354294,"Loka maģistrāle 39-41, Jelgava, LV-3004, Latvia",LV
316,41.562347,28.062836,35.2976864,129.228075,"298-3 Cheonggwang-ri, Ilgwang-myeon, Gijang-gun, Busan, South Korea",KR
317,40.683796,-3.1431527,54.1583019,-2.2510689,"Pennine Way, North Yorkshire, Storbritannien",HK
318,35.701088,47.109478,26.6543822,142.1540844,"Japon, 〒100-2211 Tōkyō-to, Ogasawara-mura, Hahajima 都道241号線",JP
319,43.348274,34.654087,1.4610461,103.8359397,"Sembawang Terminal Ave 3, Singapore",SG
320,39.210766,23.124636,36.6607154,-6.1482004,"Проспект Рейно Унидо, 11408 Херес, Кадис, Испания",ES
321,54.233265,18.180017,52.3720301,9.6624379,"In der Steinbreite 95-99, 30455 Hanover, Germany",DE
322,58.16532,15.36492,53.8825725,22.6956887,"Droga Wojewódzka 661, Poland",PL
323,-15.3628025,38.24046,-32.7364002,134.7767414,"Streaky Bay Highway, Poochera SA 5680, Australia",AU
324,54.486313,29.409178,51.1440193,3.0407871,"Bekegemstraat 2-6, 8480 Ichtegem, Belgium",BW
325,27.892855,11.661207,44.5823382,41.0106565,"ulitsa Garagina, Krasnodar Krai, Russia",RU
326,-5.640057,11.035685,20.4718765,-100.5386006,"Morelos, Guanajuato, Mexico",MX
327,41.441814,7.3922896,41.753626,-6.5694148,"R. Central, 5300, Portugal",PT
328,65.49054,16.005146,58.4745921,25.634628,"Taari-Auksi, 70202 Viljandi County, Estonia",EE
329,48.6079,64.491,37.4555366,127.0204098,"359-1 Juam-dong, Gwacheon-si, Gyeonggi-do, South Korea",KR
330,49.324696,9.195921,41.6549721,13.7020128,"Piazza Tita Rocca, 16, 03034 Purgatorio Frosinone, Italy",IT
331,49.40418,35.643852,48.6582514,17.5497186,"Baranecká 55, 906 13 Brezová pod Bradlom, Slovakia",SK
332,59.54999,13.647289,55.7566648,24.11259,"E272, 38389, Lithuania",LT
333,29.106438,23.888603,39.1484089,-81.364644,"West Virginia 47, Walker, Virginie-Occidentale 26180, États-Unis",US
334,25.435555,67.95078,12.61861,104.016222,"Unnamed Road, Cambodia",KH
335,29.552227,10.1752,-34.6933613,173.0222616,"5824-6092 Far North Road, Ngataki 0484, New Zealand",NZ
336,41.835518,37.22933,46.362023,25.7921714,"Brassói Way, Miercurea Ciuc, Romania",RO
337,32.950855,72.745926,31.1032444,130.8779323,"Japan, Kagoshima-ken, Kimotsuki-gun, Minamiōsumi-chō 県道74号線",JP
338,42.074265,62.441998,22.4970235,114.1309933,"S Kwun Po Rd, Fanling, Hongkong",HK
339,56.97125,24.332481,56.13974,40.3912041,"Oktyabrskiy prospekt, 40, Vladimir, Oblast' di Vladimir, Russia, 600000",RU
340,19.431763,66.62523,23.4839857,89.9025838,"Mawa - Bhanga Hwy, Bangladesh",BD
341,54.37701,45.962193,35.9898676,139.0785663,"Japan, 〒368-0035 Saitama-ken, Chichibu-shi, Kamimachi, 2 Chome−7 県道73号線",HK
342,50.51669,22.757603,48.6665479,21.9920491,"555, 072 13 Palín, Slovakia",SK
343,10.81715,24.970978,-22.3815092,26.7566804,"A14, Serowe, Botswana",BW
344,48.462902,24.753624,47.1093432,17.9184398,"8200 Veszprém, Haszkovó Street 31, Hungary",HU
345,31.67325,56.867546,32.2760723,34.8458011,"Zalman Shazar 12-16, Netanya, Israel",IL
346,66.529236,8.571043,67.0781774,19.7736487,"827, 982 99 Gällivare, Sweden",SE
347,48.443707,33.318813,54.9680946,73.3956531,"ulitsa Dekabristov, 141, Omsk, Omsk Oblast, Russia, 644046",RU
348,35.035984,30.274551,53.7232717,-7.4478223,"Unnamed Road, Co. Westmeath, Ireland",GR
349,36.292755,59.337017,12.8453889,105.9932538,"Unnamed Road, Cambodia",KH
350,44.81129,23.847181,42.6228849,1.5531845,"Ctra. de Sorteny, AD300 Ordino, Andorra",AD
351,48.396275,50.930603,37.5110696,127.1961968,"10 Daeseong-ro, Hanam-si, Gyeonggi-do, South Korea",KR
352,47.0891,19.808018,-37.7492346,175.2167228,"Waikato Expressway, Burbush, Horotiu 3288, New Zealand",NZ
353,53.724422,15.355089,59.624689,18.0007048,"858, 195 96 Rosersberg, Sweden",SE
354,55.856083,39.627354,48.3092991,18.0893943,"Wilsonovo nábrežie 66, 949 01 Nitra, Slovaquie",SK
355,40.67686,44.89722,4.9771511,-73.7459905,"Unnamed Road, Sesquilé, Cundinamarca, Colombia",NO
356,30.506933,51.243046,8.4328197,99.7824957,"Unnamed Road, Tambon Kam Lon, Amphoe Lan Saka, Chang Wat Nakhon Si Thammarat 80230, Thailand",TH
357,42.130013,29.673588,-6.3531513,107.1194481,"Jl. Raya Serang-Cibarusah No.19, Cikarang Sel., Bekasi, Jawa Barat 17530, Indonesia",ID
358,38.744453,32.635845,38.3569132,23.6412979,"Unnamed Road, Chalkida 341 00, Greece",GR
359,59.497692,4.6874113,49.9982359,15.7399254,"32226, 530 02 Třebosice, Czech Republic",CL
360,35.42837,22.810686,-31.9805969,116.0014539,"90 Bougainvillea Avenue, Forrestfield Australie-Occidentale 6058, Australie",AU
361,32.334324,30.163124,-19.9816151,23.4511249,"Koro, Maun, Botswana",BW
362,41.20108,41.527813,4.2009246,114.0589141,"AH150, 98150 Bekenu, Sarawak, Malaysia",MY
363,55.275208,4.9832253,63.7579001,-68.5444608,"1516-1520 Ungalliqpaat, Iqaluit, NU X0A, Canada",CA
364,-30.147856,68.92756,-6.9009907,-48.0262318,"BR-153, Tocantins, 77860-000, Brazil",BR
365,63.13117,-5.1045547,53.9911276,-1.531255,"16 Queen Parade, Harrogate, North Yorkshire HG1, UK",GB
366,49.103146,34.885998,33.9441487,-86.4221143,"51380-51530 Alabama 53, Oneonta, Alabama 35121, Verenigde Staten",US
367,14.751776,108.1886,23.0564588,89.7703334,"Dhaka - Khulna Hwy, Bangladesh",BD
368,69.370094,1.2463803,45.4662467,-69.554097,"Unnamed Road, Magong City, Penghu County, Taiwan 880",TW
369,50.533726,26.750605,52.0376974,8.4885073,"Morgenbreede 41, Bielefeld University, 33615 Bielefeld, Germany",DE
370,40.098797,-12.239397,-11.0839133,-76.1468108,"Unnamed Road, Перу",PE
371,54.892506,20.816881,49.3451958,21.5451767,"557018, 089 01 Vyšná Jedľová, Slovakia",SK
372,40.554344,30.300556,47.5279843,8.7138218,"Aubodenstrasse 69, 8472 Seuzach, Switzerland",CH
373,55.15101,16.50552,47.3952675,8.4493369,"Bühlackerstrasse 5, 8952 Schlieren, Switzerland",CH
374,56.07368,7.286989,46.0443953,14.4878945,"Jadranska ulica 2, 1000 Ljubljana, Słowenia",SI
375,55.336292,14.783276,55.2479313,24.8118215,"Vienkiemio gatvė 13, Ukmergė 20148, Lithuania",LT
376,37.977814,-15.114187,37.9604418,-6.1434396,"Carretera Hoya de Santa María, Monesterio, Badajoz, Spain",ES
377,37.826687,25.534073,46.0138594,4.0083933,"377-661 Chemin des Sources, 42155 Ouches, France",AE
378,2.4228988,37.359962,24.9266758,55.6418178,Dubai-Hatta Rd - Sharjah - Các tiểu Vương quốc Ả rập Thống nhất,AE
379,35.645374,79.88113,27.715644,129.0164361,"Japón, 〒891-7101 Kagoshima-ken, Ōshima-gun, Tokunoshima-chō, Kametsu 県道80号線",JP
380,-5.836681,32.210552,-24.5525749,28.7465582,"R519, South Africa",ZA
381,25.941456,97.98007,-7.178367,107.872573,"Jl. Raya Cipanas, Tarogong Kaler, Garut, Jawa Barat 44151, Indonesia",ID
382,51.297527,18.900991,45.7669185,14.6260219,"1317 Jelovec, Słowenia",SI
383,31.13584,-12.164404,41.1639078,-7.0711383,"Rua da Romanzeira, 5160, Portogallo",PT
384,57.73727,24.923073,43.1255162,-0.8417212,"Doronde, 64470 Tardets-Sorholus, France",FR
385,69.18161,4.6453934,59.4660284,10.8376751,"Riksveg 115 40, 1591 Sperrebotn, Norway",NO
386,51.25044,32.10638,61.2691734,27.8462885,"Kuivasensaarentie 575, 54950 Savitaipale, Finland",FI
387,49.96908,4.9416814,54.9238988,25.170779,"5230, 14271, Lithuania",LT
388,27.007925,82.69144,9.0780556,99.8936111,"4232, Tambon Khanom, Amphoe Khanom, Chang Wat Nakhon Si Thammarat 80210, Thailand",TH
389,44.648617,41.10535,46.8724615,7.2835462,"Felsenegg, 3184 Flamatt, Switzerland",CH
390,49.66391,5.203798,58.0575486,26.6567201,"Sirvaste-Kitse, 63405 Comté de Põlva, Estonie",EE
391,54.706547,13.1751995,47.5833231,5.0559742,"D120, 21120 Marey-sur-Tille, France",CH
392,37.483208,118.43147,1.3075997,103.6952759,"2 Jln Samulun, Singapore 629120",SG
393,56.9251,4.8864217,54.650288,23.1121544,"5110 40, Gudeliai 70199, Lithuania",LT
394,45.733128,70.95717,37.607062,126.8170144,"441-225 Haengjuoe-dong, Deokyang-gu, Goyang-si, Gyeonggi-do, South Korea",KR
395,23.230051,-3.24398,40.0978711,-2.2226587,"Calle Olmo, 5, 16190 Chillarón de Cuenca, Cuenca, Spain",GB
396,48.01418,-4.442805,32.9854803,35.5090427,"Zamir 387-388, Safed, Israel",IL
397,20.997795,-7.533466,-30.9518418,24.3036323,"N10, Zuid-Afrika",ZA
398,27.785608,39.51197,37.8509902,-4.8936336,"Calle la Revoltosa, 14710 Córdoba, Spain",ES
399,40.887615,69.383675,50.0059267,36.2357461,"Pravdy avenue, 12, Kharkiv, Kharkiv Oblast, Ukraine",UA
400,58.29521,24.920094,55.4392969,25.8202168,"4902, 28311, Lithuania",LT
401,53.91215,10.507223,50.4586964,4.3826184,"Rue Nestor Falise 15, 6180 Courcelles, Belgium",BE
402,55.020462,11.440678,50.4680681,13.7923479,"257, 440 01 Kozly, Czech Republic",CZ
403,52.82893,1.4594893,39.3358979,22.4258632,"Epar.Od. Farsalon-Asprogion, Farsala 403 00, Greece",GR
404,37.246975,3.8886895,36.928753,24.7388756,"Unnamed Road, Sifnos 840 03, Grækenland",GR
405,40.113853,70.97728,1.2889851,103.7703323,"33 Harbour Dr, Singapore 117606",SG
406,-5.862139,106.25249,-33.836289,150.005703,"Kanangra Road, Jenolan NSW 2790, Australia",AU
407,30.967932,38.45738,21.0082174,-89.5743053,"Calle 25ᶜ, La Florida, 97138 Merida, Yucatan, Mexico",CZ
408,-2.9322171,13.753954,37.2865992,23.1740685,"Posidonos, Kosta 213 00, Greece",GR
409,1.9446664,18.854103,-22.3815092,26.7566804,"A14, Serowe, Botswana",BW
410,53.1144,-6.1916585,46.765252,16.0170994,"Pertoča 89, 9262 Rogašovci, Slovenia",SI
411,63.97057,14.29632,57.0778009,21.4229735,"P111, Užava parish, LV-3627, Latvia",LV
412,40.889732,38.95292,-36.3280346,174.7366644,"55 Quintal Road, Big Omaha 0985, New Zealand",NZ
413,38.77871,-16.529766,-28.2012784,29.1325397,"R722, Afrique du Sud",ZA
414,62.497295,10.475427,51.9400583,6.1542295,"Prinses Beatrixstraat 77, 6942 Didam, The Netherlands",NL
415,45.764523,28.54755,46.9906902,6.9036802,"Chemin du Soleil 15, 2000 Neuchatel, Switzerland",CH
416,40.817127,41.531536,39.3834561,140.0316885,"405 Mizubayashi, Yurihonjo, Akita Prefecture, Japan",JP
417,62.765633,-8.098757,45.9982655,14.5166134,"Ižanska cesta 442b, 1000 Ljubljana, Slovenië",SI
418,46.182423,44.532085,27.5480806,90.1393181,"Wangdue Phodrang - Nobding Hwy, Bhutan",BT
419,5.4421244,19.400007,-26.3791816,31.955276,"MR7, Swaziland",DK
420,56.72087,21.039465,52.412372,13.1403109,"Schäferstraße 10-14, 14109 Berlijn, Duitsland",DE
421,-12.141981,-8.177738,-23.7088498,22.8262872,"A2, Botswana",BW
422,35.35577,43.389812,-13.3313867,-76.2377395,"Panamericana Sur, Peru",PE
423,50.36475,18.553238,46.7641679,17.6671638,"8630 Balatonboglár, Zrínyi Street & E71, Hungary",HU
424,54.440983,14.770027,43.203431,25.2274496,"403, 5234 Dimcha, Bulgaria",BG
425,39.34956,6.9999123,-30.4373008,-59.9466052,"RP1, Santa Fe, Argentina",AR
426,56.81309,36.57247,55.3279198,12.102232,"Østerskovvej 39, 4682 Tureby, Denmark",HK
427,22.318546,43.64928,25.2005107,55.5191446,Amardhi St - Dubai - United Arab Emirates,AE
428,34.225548,60.76774,1.3239613,103.6384373,"3 Tuas Ave 18A, シンガポール",SG
429,52.675335,25.856789,45.8252787,4.2413312,"La Frenee, 42510 Bussières, France",FR
430,61.313923,29.141163,54.7972009,18.045615,"Droga Wojewódzka 213, Pologne",PL
431,22.043146,31.163918,-31.4395063,-61.9669019,"RN19, Santa Fe, Argentina",AR
432,44.49374,22.514984,55.6757297,13.7812034,"Brösarpsvägen 353-25, 275 67 Vollsjö, Sverige",SE
433,25.614187,-28.138432,-11.2309871,-76.2269739,"Unnamed Road, Perù",PE
434,46.174515,27.349056,48.0577095,19.4222444,"2673 Csitár, Ságvári Way 3-5, Hungary",HU
435,33.549248,9.286614,42.2258177,0.6363144,"A-2613, 22587, Huesca, Spain",ES
436,40.519794,62.237595,42.5433869,1.7338409,"Carrer de les Abelletes, 13, AD200 Pas de la Casa, Andorra",AD
437,59.295918,17.106064,56.6226337,26.6397047,"P84, Murmastienes pagasts, LV-4836, Latvia",LV
438,60.669132,14.382189,59.0128902,24.8374903,"Ülejõe-Ridaküla, Ridaküla, 79528 Rapla County, Estonia",EE
439,39.102497,35.49743,37.9367396,21.1458227,"Riga Fereou, Killíni 270 68, Greece",GR
440,31.38329,45.607403,-26.2227225,31.0290662,"MR3, Ngwenya, Swaziland",SZ
441,43.73624,-1.6413693,64.5299269,-21.580446,"Dragavegur, Islandia",IS
442,42.234966,23.710922,27.3638979,89.4632188,"Paro - Thimphu Hwy, Paro, Bhutan",BT
443,34.98332,42.79955,-34.7500848,19.6872348,"R317, Agulhas National Park, South Africa",ZA
444,46.955303,11.357288,46.5710655,3.3499353,"38-42 D779, 03400 Yzeure, France",FR
445,16.033834,61.064148,1.2432465,103.8275199,"120 Tanjong Beach Walk, Singapore 098942",SG
446,66.67005,30.80206,63.1355389,28.1266791,"Juankoskentie 696-698, 73320 Nilsiä, Finland",FI
447,56.988194,21.396236,55.192591,24.596169,"E262, 20309, Lithuania",LT
448,53.51784,20.957481,41.7880057,23.6396797,"19, 2776 Obidim, Bulgarie",BG
449,53.132717,66.38194,37.5567363,126.9069719,"486-25 Mangwon-dong, Mapo-gu, Seoul, South Korea",KR
450,54.250385,5.3526816,51.1656436,-120.1248812,"Southern Yellowhead Highway, Barrière, Kolumbia Brytyjska V0E 1E1, Kanada",CA
451,40.87087,13.616072,43.5093055,23.0468837,"1, 3482 Vinište, Bulgaria",BG
452,50.31871,44.90054,43.2592602,-5.1191395,"N-625, 33558, Asturias, Spain",ES
453,53.897694,3.0300217,48.3715247,17.9747146,"513012, 951 42 Zbehy-Andač, Slovakia",SK
454,55.120705,-3.3427434,53.8945905,-8.3970175,"Unnamed Road, Co. Роскоммон, Ирландия",IE
455,35.053654,9.608456,24.8632597,55.1780379,Emirates Rd - Dubai - Emiratele Arabe Unite,KH
456,58.143887,-8.48428,51.6583473,-9.3520954,"Unnamed Road, Co. Cork, Ireland",IE
457,46.86259,20.735388,46.3579699,-66.8391257,"NB-107, Douglas, NB E6B, Canada",CA
458,57.332195,13.563927,65.3618226,13.5865653,"Fylkesveg 273 922, 8680 Trofors, Norway",NO
459,39.299618,35.69712,37.8395327,21.9455014,"Unnamed Road, Kalavrita 250 04, Greece",GR
460,35.009705,38.469315,4.9374125,-73.8369476,"Carrera 12 # 8-1 a 8-99, Guatavita, Cundinamarca, Colombia",CO
461,39.795746,75.0109,1.4476892,103.8124889,"Sembawang Way, Singapore",SG
462,-26.383402,28.51063,-30.7733931,117.4171465,"LOT 1 Koorda North West Road, Newcarlbeon WA 6475, Australia",AU
463,53.963932,-0.8502989,53.9684328,-6.5750786,"L1143, Co. Louth, Ireland",IE
464,38.864044,8.9066725,4.3190905,-74.806638,"Calle 40 # 99, Girardot, Cundinamarca, Colombia",CO
465,25.04551,53.360332,56.7261772,-120.9897706,"19245-19301 Prespatou Rd, Buick, BC V0C 2R0, Canada",CA
466,51.082573,47.8026,27.2797744,89.3050244,"Chhudzom - Haa Rd, Bhutan",AU
467,52.47633,22.880917,59.4396539,10.6355366,"Per Sivles vei 19, 1511 Moss, Norway",CZ
468,39.820972,79.80966,4.812449,-75.6877289,"Ferrocarril, Pereira, Risaralda, Colombia",CO
469,53.333614,25.833685,59.0631177,11.434664,"Riksveg 22, 1765 Halden, Norway",NO
470,32.791313,26.720846,44.5306825,24.4271405,"DJ657, Săltăneşti, Румыния",RO
471,66.2032,25.63364,65.9623627,24.1744528,"Kourilehdontie 337-339, 95500 Tornio, Finland",FI
472,52.76482,0.76960087,39.2670127,-8.6387819,"Unnamed Road, 2000 Santarém, Portugal",PT
473,40.58401,42.214912,52.631067,-8.3542035,"Unnamed Road, Co. Limerick, Ireland",AU
474,61.475605,18.307676,50.4929322,30.4730587,"Kurenivska Street, 21, Kiev, Kyiv city, Oekraïne",UA
475,54.220207,15.897665,53.877555,-123.7453583,"Sob Lake Road, Vanderhoof, BC V0J 3A1, Canada",CA
476,54.64426,28.126175,54.3755305,23.3008071,"2642, 69228, Lithuania",LT
477,33.774277,78.327835,1.4300653,103.9767555,"428 Pulau Ubin, Singapore 508367",SG
478,58.737095,-4.037335,50.7510236,15.3187792,"Ve Sladké Díře, 468 61 Desná, Czech Republic",AU
479,52.282764,47.320442,42.5065439,1.5343995,"Ctra. de l'Obac, 19, AD500 Andorra la Vella, Andorra",AD
480,24.024206,105.55744,1.6946566,110.0549643,"Jalan Lundu - Sampadi, 94500 Lundu, Sarawak, Malaysia",MY
481,49.052807,49.82714,47.9551055,37.6628759,"Zaborovs'koho street, 3, Donieck, Obwód doniecki, Ukraina",UA
482,47.231915,29.340294,43.6140864,26.8181184,"2005, 7449 Bogdantsi, Bulgaria",BG
483,56.21784,15.163586,40.7583249,14.4051744,"Viale Europa, 13, 80059 Torre del Greco Naples, Italy",IT
484,38.165146,62.25916,-23.5133421,-46.5558115,"Avenida Condessa Elisabete de Robiano, 9994-11246 - Vila Santo Henrique, Sao Paulo - São Paulo, Brazil",BR
485,46.58964,31.788935,-5.1959156,-80.6264553,"Ica, Piura, Pérou",PE
486,43.980335,27.769901,-37.7201129,175.2062205,"284 Onion Road, Horotiu 3288, New Zealand",NZ
487,44.691883,27.613617,44.692626,23.2762815,"DJ674B, Borăscu, Romania",RO
488,-7.453337,108.926834,-29.7959583,30.8140697,"23 Lynton Road, Kloof 3640, Republika Południowej Afryki",ZA
489,51.886105,16.4194,57.1523297,24.8626024,"Pūpolu iela 3-5, Sigulda, Siguldas pilsēta, LV-2150, Latvia",LV
490,43.636364,5.792893,41.2728351,-6.5538654,"R. da Forja, 5200, Portugal",PT
491,16.81494,54.796318,-26.2249067,31.907929,"MR3, Hlane National Park, Swaziland",SZ
492,55.407925,55.18606,52.9918356,5.1517935,"Afsluitdijk, 1779 Den Oever, The Netherlands",NL
493,11.734016,105.03894,27.0569804,89.9019135,"Daga Rd, Bhutan",BT
494,62.745754,3.563231,47.5185106,18.8313352,"2071 Páty, Munkás tér 6, Maďarsko",HU
495,50.806263,16.313423,54.7201796,11.4320048,"Sydmotorvejen, 4970 Rodby, Denmark",DK
496,17.382668,-16.049728,-11.1510823,-76.6244133,"1NC, Pérou",BT
497,35.892963,25.411804,27.224057,90.6197323,"Unnamed Road, Bhutan",BT
498,35.05339,54.980297,46.8789441,27.8898519,"DJ244F, Dolheşti, Romania",RO
499,-5.074446,33.07407,-26.6726136,31.4166329,"MR9, Swaziland",SZ
500,49.916447,31.596502,47.3952675,8.4493369,"Bühlackerstrasse 5, 8952 Schlieren, Switzerland",CH
501,58.732708,10.043321,55.2039972,38.5896069,"Novoryazanskoye shosse, Moskovskaya oblast, Russia",RU
502,59.42535,3.6859307,47.5018506,18.6116517,"2060 Bicske, 1, Węgry",KR
503,45.76404,10.900063,-38.1037657,175.7259255,"743 Old Taupo Road, Waotu 3481, New Zealand",NZ
504,30.853334,22.669378,-24.855926,25.8710126,"Lesetlhana Road, Ramotswa, Botswana",BW
505,56.255943,24.671055,49.1061827,18.9177622,"Francúzskych partizánov, 036 01 Martin, Slovakia",SK
506,43.77299,35.27215,39.9831363,141.7131478,"Japan, 〒027-0611 Iwate-ken, Shimohei-gun, Iwaizumi-chō, Akka 県道202号線",JP
507,32.116486,52.26045,25.2034438,55.238767,1 23 A St - Dubai - United Arab Emirates,AE
508,50.790695,-4.686457,39.7546849,19.9045275,"Unnamed Road, Meggoulas 491 00, Greece",GR
509,43.333775,23.289219,44.6062444,26.2154708,"Strada Crizantemelor, Dascălu, Romania",RO
510,30.533691,67.00104,22.4194024,113.9706629,"88 Hong Po Rd, Tuen Mun, Hongkong",HK
511,46.178722,27.411427,44.6750892,23.7225284,"Unnamed Road, Văluța, Romania",US
512,48.718952,41.73068,34.8336853,132.0485111,"395 Tabasechō, Hamada-shi, Shimane-ken 697-1332, Japan",JP
513,39.35822,44.591988,32.6935618,35.3133176,"Harod Street 1, Nazareth Iliit, İsrail",RU
514,23.730759,88.82797,1.3477058,103.81155,"Unnamed Road, Singapore",SG
515,31.208004,44.659424,25.0151696,55.4577543,E66 - Dubai - Förenade Arabemiraten,AE
516,23.7256,32.00013,23.9966646,120.5474213,"515, Taiwan, Changhua County, Dacun Township, 彰73鄉道",TW
517,32.278313,25.138876,-13.3228558,-76.2436288,"Carretera Panamericana Sur, Distrito de San Vicente de Cañete, Peru",PE
518,62.82445,11.675257,48.4882705,-0.5770139,"36-38 Le Bourg, 61330 Loré, France",FR
519,39.760204,34.93345,49.2577984,4.0367381,"30 Rue Jean-Jacques Rousseau, 51100 Reims, France",FR
520,40.849255,35.64846,48.7293351,-0.2522923,"D909, 61210 La Fresnaye-au-Sauvage, France",FR
521,49.25303,56.732616,24.4117832,123.8071448,"Japan, 〒907-1541 Okinawa-ken, Yaeyama-gun, Taketomi-chō, Uehara 県道215号線",JP
522,43.443424,3.5530992,38.1301611,24.3106097,"Unnamed Road, Rizovouni 340 13, Greece",GR
523,35.69041,76.1552,1.4800581,103.6839432,"Jalan Persisiran Sutera, Taman Sutera, 81200 Johor Bahru, Johor, Malaysia",MY
524,24.591026,47.83527,-33.7401958,24.7789793,"R331, Afrique du Sud",ZA
525,43.208366,12.718267,44.965667,25.99374,"Extensia Hortensiei, Blejoi, Roumanie",RO
526,22.094875,16.904108,-26.2931384,27.9594701,"Vesting Link, Johannesburg South 2095, South Africa",ZA
527,39.860237,16.69783,49.810477,23.9416466,"Aviatsiina Street, 3, Lviv, Lviv Oblast, Ukraine",UA
528,19.852716,37.432602,38.6753388,20.9156549,"Epar.Od. Vonitsas - Kandilas, Xiromero 300 19, Greece",GR
529,47.603897,6.4584246,51.6989965,5.5382819,"Loosbroekseweg 54-56, 5388 VP Nistelrode, The Netherlands",NL
530,27.726295,50.19956,29.9226698,-90.3691093,"278 Angus Drive, Luling, LA 70070, USA",US
531,53.961517,32.606586,46.3909218,6.1601473,"Route de la Scie 58, 1278 La Rippe, Switzerland",CH
532,55.529514,26.77152,52.5967752,39.5748591,"ulitsa Michurina, 32, Lipeck, Lipecki terület, Oroszország, 398059",RU
533,10.148586,85.718704,-28.5283104,32.1520083,"N2, Africa de Sud",ZA
534,47.425465,18.730494,48.2936744,19.6613047,"585, 985 32 Panické Dravce, Slovakia",SK
535,50.23989,16.3097,51.490837,6.643706,"Verbandsstraße, 47199 Duisburg, Germany",DE
536,40.18771,12.055487,42.4860108,1.7011178,"Carretera de Grau Roig, AD200 Encamp, Andorra",AD
537,48.960556,0.29547977,54.1464593,-6.9217403,"R162, Co. Monaghan, Ireland",IE
538,-20.091265,18.374043,-26.1238641,27.0467619,"R30, Afrique du Sud",ZA
539,63.113564,7.336113,63.0338146,23.9698275,"16 885-945, 62900 Alajärvi, Finland",FI
540,34.989246,48.761032,-32.9674134,-71.5253204,"Martín de Salvatierra 470, Viña del Mar, Valparaíso Region, Chile",CL
541,34.280666,79.35649,23.2405057,91.3127845,"Dhaka - Chittagong Hwy, Chauddagram, Bangladesh",BD
542,43.582066,40.152515,37.92242,24.031455,"Arfara, Chamolia 190 03, Greece",GR
543,61.222797,39.76232,50.154454,16.6657932,"Lipowa, 57-530 Międzylesie, Pologne",PL
544,43.410152,29.224567,-23.3217046,-45.738244,"Rodovia dos Tamoios, 3684-4736, São Paulo, 12270-000, Brazil",BR
545,50.38501,4.6319857,46.0793826,7.1298642,"E27, 1933 Vollèges, Switzerland",CH
546,50.519405,20.718973,32.6014398,35.012436,"70, Israel",IL
547,63.27341,9.443254,63.9162714,25.8409922,"18451 172-226, 86710 Kärsämäki, Finlandia",FI
548,54.53212,6.178978,52.0751396,6.3000202,"De Horst 3, 7251 PR Vorden, Pays-Bas",RU
549,54.195213,8.989496,52.0236392,4.3140888,"Wiepkje Barendrechtlaan 11, 2286 ME Rijswijk, Нидерланды",NL
550,28.341742,28.442581,32.2708084,34.844308,"Menachem Savidor 4-56, Netanya, Israel",IL
551,2.9767518,112.85849,6.9645253,-75.3702482,"Unnamed Road, Yarumal, Antioquia, Colombia",NO
552,60.31185,-6.841471,49.9637539,36.2891412,"Teplovozna street, 3, Kharkiv, Kharkiv Oblast, Ukraine",UA
553,45.21872,0.056800365,55.4607929,8.6767949,"Darumvej 70, 6740 Bramming, Danemark",HK
554,57.498417,25.749493,55.971152,10.2342181,"Dyngbyvej 24, 8300 Odder, Denmark",DK
555,30.0458,14.775734,37.9646643,24.7506179,"Unnamed Road, Andros 845 01, Greece",GR
556,-17.941828,35.782955,-23.7572014,24.7583528,"Kweneng West, Botswana",BW
557,51.99326,30.725632,48.1247845,17.0761523,"E65, 851 01 Petržalka, Slovakia",RU
558,40.784668,32.380066,51.6136192,-4.2174493,"2 Council Houses, Landimore, Swansea SA3 1HE, UK",GB
559,45.327,6.68217,63.9887613,-22.5761843,"41, Iceland",IS
560,28.44821,82.95146,43.6376499,-79.3916218,"437 Queens Quay West, Toronto, ON M5V 2Y2, Canada",CA
561,60.75285,-19.395779,52.7923193,-9.2658526,"Carncreagh, Co. Clare, Ireland",IE
562,46.764088,12.628014,48.6036808,-2.2570451,"27 Rue ville Pichet, 22380 Saint-Cast-le-Guildo, Francja",NL
563,-15.266924,-20.30664,-47.2796229,-71.4751713,"RP41, Santa Cruz, Argentina",FI
564,49.765835,25.006264,66.9874663,14.7658081,"Fylkesveg 495 20, 8110 Moldjord, Norway",NO
565,33.4732,10.723839,16.8210806,-96.7843173,"Venustiano Carranza 14, La Soledad ( San Inocente - El Calvario ), 71270 San Pablo Huixtepec, État d'Oaxaca, Mexique",MX
566,55.51185,-3.3892503,42.553477,1.6636886,"Camí Pont de Capigol, AD100 Canillo, Андорра",AD
567,45.85789,38.778122,37.5694988,127.156997,"365-10 Godeok-dong, Gangdong-gu, סיאול, קוריאה הדרומית",KR
568,47.120213,54.7086,32.0781812,34.768641,"Ben Yehuda 41-57, Tel Aviv, Israel",IL
569,43.58495,23.612705,45.9410928,11.2708586,"SS 349, 38046 Gionghi-cappella Trentino, Italy",IT
570,55.915524,8.332871,53.4891127,19.7595255,"19 Stycznia, Lubawa, لهستان",PL
571,55.93416,18.617018,55.9981271,92.1045091,"M54, Krasnoyarsk Krai, Russia",RU
572,66.24665,-4.295035,47.3906561,5.3047511,"D70, 21310 Mirebeau-sur-Bèze, France",FR
573,40.848286,55.679718,24.9561402,121.0848475,"Taiwan, Taoyuan County, 桃100鄉道",TW
574,43.694458,48.857964,42.5065439,1.5343995,"Ctra. de l'Obac, 19, AD500 Andorra la Vella, Andorra",AD
575,38.24138,45.03037,21.2326667,92.0460051,"Cox's Bazar - Teknaf Marine Dr, Bangladesh",BD
576,34.04781,19.306969,24.8999808,55.0468301,Unnamed Road - Dubai - United Arab Emirates,UA
577,31.475286,60.50628,24.9883384,55.0212371,D53 - Dubai - United Arab Emirates,AE
578,30.84303,22.651144,45.3029669,39.2683135,"Leningradskaya ulitsa, Plastunovskaya, Krasnodar Krai, Russia",RU
579,50.318066,-17.012403,52.038468,-8.9868187,"Unnamed Road, Co. Cork, Ireland",IE
580,22.176176,97.37125,28.2321266,129.2572667,"Japan, 〒894-1851 Kagoshima-ken, Ōshima-gun, Setouchi-chō, Kuji 県道79号線",JP
581,63.027473,4.9504857,56.7943979,27.718934,"E262, Malnavas pagasts, LV-5717, Latvia",LV
582,36.859104,50.73998,28.3448861,129.5697962,"534 Naze Ōaza Sakibaru, Amami-shi, Kagoshima-ken 894-0776, Japan",JP
583,42.243755,43.378613,55.6790747,12.5968067,"Trangravsvej 11, 1436 Copenhagen, Denmark",DK
584,25.127037,88.94131,1.3140515,103.9894632,"50 Tanah Merah Ferry Rd, Singapore 498833",SG
585,42.330776,19.4221,50.1941635,15.7744558,"Kubcova 9, 500 04 Hradec Kralove, Czech Republic",CZ
586,50.532307,30.364098,27.5480806,90.1393181,"Wangdue Phodrang - Nobding Hwy, Bhutan",BT
587,10.945545,111.965996,23.3913976,89.13701,"Jessore - Jhenaidah Hwy, Kaliganj, Bangladesh",BD
588,39.952682,1.495729,43.82369,-0.1541895,"D32, 32240 Toujouse, France",FR
589,60.21725,24.670784,46.2678243,15.3704408,"Jarmovec 6, 3222 Dramlje, Slovenia",SI
590,11.436482,110.473694,-9.0914423,-75.7390525,"PE 5N, Peru",PE
591,49.982414,15.897232,63.7460068,9.7233125,"Riksveg 710 1540, 7160 Bjugn, Norway",NO
592,63.04871,7.1792846,52.6612744,41.0698403,"Р119, Tambov Oblast, Russia",RU
593,51.321304,59.620235,37.5882032,127.0234995,"347-6 Anamdong 1(il)-ga, Seongbuk-gu, Seul, Južna Koreja",KR
594,41.501583,45.81173,24.3235372,120.7178669,"Jiǔjiǎ Road, Houli District, Тайчжун, Тайвань 421",TW
595,47.679386,39.077747,35.1686717,129.0951874,"1816-94 Yeonsan 3(sam)-dong, Yeonje-gu, Busan, South Korea",KR
596,59.739323,2.7745674,61.7684471,11.4593621,"Rv217 1230, 2485 Rendalen, Norway",IS
597,50.715736,17.574183,50.5585099,15.1031551,"Všeň 171, 512 65 Všeň, Czech Republic",CZ
598,46.426014,26.94929,51.9802925,6.5461426,"Varsseveldseweg 65D, 7131 JA Lichtenvoorde, Nyderlandai",NL
599,56.550304,21.171944,34.1359387,-84.2123191,"5201 Breckinridge Lane, Cumming, Geórgia 30040, EUA",US
600,-34.907925,53.097218,-33.0695721,27.2032588,"N2, South Africa",ZA
601,42.787457,11.928877,32.7849542,35.0146548,"Ruth HaCohen 14-16, Haïfa, Israël",IL
602,54.730526,13.650677,47.8283237,20.4611166,"3398 Nagytálya, 2502, Hungary",HU
603,50.166187,-10.138353,50.8023156,3.3604827,"Paridaanstraat 13, 8550 Zwevegem, Belgium",BE
604,34.72285,23.543945,-26.3728241,30.9299223,"MR19, Swaziland",SZ
605,23.25262,39.270054,25.3144722,55.399128,First Industrial St - Sharjah - Vereinigte Arabische Emirate,AE
606,13.879409,88.03279,-18.5467791,146.1913939,"LOT 2 Bruce Highway, Bemerside QLD 4850, Australia",AU
607,48.843388,26.987917,54.2706261,23.9123028,"2512, Noragėliai 67225, Lithuania",LT
608,46.910007,34.04514,46.7314114,17.9691235,"8671 Kapoly, Kossuth Street 44, Hungary",HU
609,62.491932,-6.4208837,46.9657757,6.8540334,"Chemin des Sources 16, 2013 Colombier, Switzerland",CH
610,52.056835,14.352671,43.9077463,25.9849633,"Strada Unirii, Giurgiu, Romania",RO
611,10.251268,112.892044,13.5329843,107.2132409,"Unnamed Road, Keng San, Cambodia",KH
612,50.000103,24.522858,-37.108699,175.0908948,"353-355 Gelling Road, Hunua 2583, Nowa Zelandia",IS
613,43.89068,30.2391,55.2672974,22.3081685,"J. Kruopo gatvė 5, Tauragė 72190, Lithuania",LT
614,32.518627,45.960064,26.9945948,89.5889918,"Phuntsholing - Thimphu Hwy, Bhutan",BT
615,13.056943,53.046635,4.6266467,-74.0619428,"Entrada A La TV2 # 1, Bogota, Cundinamarca, Kolumbia",CO
616,18.766798,49.858223,-30.9772474,151.581948,"189 North Street, Walcha Noua Ţară a Galilor din Sud 2354, Australia",AU
617,32.918537,28.975134,-22.55289,27.1373283,"Mokgosi Road, Palapye, Botswana",BW
618,45.763027,6.9298034,51.0541274,4.567498,"Berkenhoekstraat 14, 2861 Sint-Katelijne-Waver, Belgium",BE
619,42.679295,12.696449,40.3557017,-8.2439889,"R. Vale Erveja 17, 3450, Portugal",PT
620,41.889336,48.0618,37.5377453,127.12172,"74-2 Pungnap 1(il)-dong, Songpa-gu, Seoul, South Korea",KR
621,49.20622,9.392241,52.3363545,-0.1045422,"1 Sawtry Way, Houghton, Huntingdon, Cambridgeshire PE28 2BY, UK",GB
622,54.984806,17.224808,58.4284516,15.9235841,"769, 585 63 Linghem, Sweden",SE
623,55.653244,15.23872,51.2033009,3.3536507,"Gentse Steenweg 53, 8340 Damme, Belçika",BE
624,4.4251633,36.612164,-28.2887808,-61.4558519,"RN95, Santa Fe, Argentína",AR
625,16.316706,126.13895,1.5209918,110.9367979,"Jalan Sebuyau, Sebuyau, Sarawak, Малайзия",MY
626,32.3551,38.919476,24.9711317,55.1542628,D57 - Dubai - United Arab Emirates,AE
627,42.604454,25.604641,1.7463064,102.9892687,"Jalan Lapangan Terbang, Kemajuan Tanah Sungai Kelicap, 83200 Senggarang, Johor, Malaysia",MY
628,20.062864,93.69606,1.4023889,103.7961932,"Unnamed Road, Singapour",SG
629,38.708523,-17.922098,69.1188133,-105.0186984,"Natik St, Cambridge Bay, NU, Canada",CA
630,34.13309,36.132217,24.2962254,120.7172239,"No. 170-188, Náncūn Road, Houli District, Taichung City, Taiwan 421",TW
631,52.279827,15.742018,50.702795,23.2444124,"Źródlana 4, Замошк, Полша",PL
632,31.423494,3.433514,-27.4146931,-70.2800936,"Copayapu, Copiapó, Région d'Atacama, Chili",CL
